Data ID,Siliceous-Sinter bkr1jb329c
Sample ID,bkr1jb329c
Mineral Name,Siliceous-Sinter bkr1jb329c
Sample Description,
Date Added,
Viewing Geometry,
Other Information,
Grain Size,
Database of Origin,MICA Files (USGS/RELAB)
Wavelength,Response
300,0.32642000913619995
305,0.32940998673439026
310,0.3324599862098694
315,0.33719000220298767
320,0.34046000242233276
325,0.34415000677108765
330,0.34766000509262085
335,0.3511199951171875
340,0.3541499972343445
345,0.3572700023651123
350,0.36000001430511475
355,0.3638499975204468
360,0.3672400116920471
365,0.3702400028705597
370,0.3731499910354614
375,0.37707000970840454
380,0.38159000873565674
385,0.3853299915790558
390,0.38967999815940857
395,0.3939000070095062
400,0.39733999967575073
405,0.4005599915981293
410,0.40375998616218567
415,0.40704
420,0.4101699888706207
425,0.4142400026321411
430,0.41804999113082886
435,0.42177000641822815
440,0.42537999153137207
445,0.4293600022792816
450,0.43283000588417053
455,0.4361700117588043
460,0.43942001461982727
465,0.44207000732421875
470,0.44433000683784485
475,0.44707998633384705
480,0.4498499929904938
485,0.45254001021385193
490,0.4556500017642975
495,0.4586299955844879
500,0.4611699879169464
505,0.4651699960231781
510,0.4682300090789795
515,0.4713200032711029
520,0.47499001026153564
525,0.47826001048088074
530,0.4817099869251251
535,0.4849900007247925
540,0.48886001110076904
545,0.4928100109100342
550,0.4966900050640106
555,0.5004600286483765
560,0.5048699975013733
565,0.508679986
570,0.512179971
575,0.5152000188827515
580,0.5182300209999084
585,0.5206800103187561
590,0.5233500003814697
595,0.525629997
600,0.527209997
605,0.5291299819946289
610,0.5308499932289124
615,0.5327100157737732
620,0.5339099764823914
625,0.5357499718666077
630,0.5370799899101257
635,0.5381699800491333
640,0.5395500063896179
645,0.5402399897575378
650,0.5417500138282776
655,0.5429700016975403
660,0.544160008
665,0.5453500151634216
670,0.5468199849128723
675,0.548039973
680,0.5491700172424316
685,0.5501800179481506
690,0.5511900186538696
695,0.5521699786186218
700,0.5531200170516968
705,0.5544000267982483
710,0.5549200177192688
715,0.5557500123977661
720,0.5570399761199951
725,0.5566099882125854
730,0.5568100214004517
735,0.5572500228881836
740,0.5571600198745728
745,0.5581200122833252
750,0.5583900213241577
755,0.5591099858283997
760,0.5593299865722656
765,0.5603600144386292
770,0.5607799887657166
775,0.5618299841880798
780,0.5622299909591675
785,0.5620599985122681
790,0.5626400113105774
795,0.5636299848556519
800,0.5642799735069275
805,0.5648099780082703
810,0.5661399960517883
815,0.565850019
820,0.5662199854850769
825,0.5669299960136414
830,0.5669500231742859
835,0.5674099922180176
840,0.5672900080680847
845,0.5670400261878967
850,0.5673800110816956
855,0.5677400231361389
860,0.5675899982452393
865,0.5689399838447571
870,0.5688999891281128
875,0.5688999891281128
880,0.5693100094795227
885,0.5698000192642212
890,0.5694800019264221
895,0.5701299905776978
900,0.5702300071716309
905,0.5702800154685974
910,0.5702700018882751
915,0.5702199935913086
920,0.5708699822425842
925,0.5702900290489197
930,0.5683599710464478
935,0.5689299702644348
940,0.5666999816894531
945,0.5652099847793579
950,0.5660899877548218
955,0.5659999847412109
960,0.5648199915885925
965,0.5642799735069275
970,0.5640999674797058
975,0.5645099878311157
980,0.5645599961280823
985,0.5654100179672241
990,0.5649849772453308
995,0.5644299983978271
1000,0.5648499727249146
1004.9999999999999,0.5655199885368347
1010,0.5649499893188477
1014.9999999999999,0.5640599727630615
1020,0.5649399757385254
1025,0.5646499991416931
1030,0.5637500286102295
1035,0.5636033415794373
1040,0.5645549893379211
1045,0.5636699795722961
1050,0.5636100172996521
1055,0.5636099576950073
1060,0.5625499486923218
1065,0.5623748302459717
1070,0.5625699758529663
1075,0.5618800520896912
1080,0.5618100166320801
1085,0.5618399977684021
1090,0.5613099932670593
1095,0.5607733130455017
1100,0.5604366660118103
1105,0.5599250197410583
1110,0.5593066811561584
1115,0.5591766834259033
1120,0.5586150288581848
1125,0.5577600002288818
1130,0.556909978
1135,0.5558000206947327
1140,0.5541800260543823
1145,0.5515350103378296
1150,0.5488733053207397
1155,0.5483933091163635
1160,0.5487599968910217
1165,0.5493966937065125
1170,0.5495233535766602
1175,0.5496900081634521
1180,0.5499899983406067
1185,0.5496933460235596
1190,0.5491899251937866
1195,0.5489500164985657
1200,0.5491600036621094
1205,0.5488799810409546
1210,0.5489966869354248
1215,0.5485499501228333
1220,0.5486500263214111
1225,0.5480133295059204
1230,0.5476899743080139
1235,0.5472566485404968
1240,0.5468299984931946
1245,0.5462866425514221
1250,0.5459200143814087
1255,0.5459466576576233
1260,0.5459766387939453
1265,0.5457800030708313
1270,0.5458466410636902
1275,0.5451899766921997
1280,0.5447099804878235
1285,0.5442900061607361
1290,0.5438700318336487
1295,0.5430499911308289
1300,0.5423700213432312
1305,0.5414900183677673
1310,0.5403500199317932
1315,0.5387200117111206
1320,0.5367924571037292
1325,0.5346633195877075
1330,0.5319299697875977
1335,0.529200017
1340,0.5261600017547607
1345,0.5232200026512146
1350,0.5207200050354004
1355,0.5185366868972778
1360,0.5156933069229126
1365,0.5090866684913635
1370,0.49733251333236694
1375,0.4898799955844879
1380,0.4798800051212311
1385,0.46759751439094543
1390,0.45311665534973145
1395,0.4357599914073944
1400,0.41697001457214355
1405,0.40196511149406433
1410,0.3958800137042999
1415,0.3959999680519104
1420,0.3992549777030945
1425,0.4029424488544464
1430,0.40639999508857727
1435,0.4097733199596405
1440,0.41272252798080444
1445,0.41489002108573914
1450,0.41607001423835754
1455,0.41629499197006226
1460,0.4160749912261963
1465,0.4179460406303406
1470,0.4221000075340271
1475,0.42691999673843384
1480,0.43107500672340393
1485,0.43549254536628723
1490,0.4394400119781494
1495,0.4430760145187378
1500,0.4465999901294708
1505,0.44970250129699707
1510,0.4525499939918518
1515,0.4552220106124878
1520,0.4577299654483795
1525,0.4598679840564728
1530,0.46189001202583313
1535,0.4636799991130829
1540,0.4652999937534332
1545,0.46707600355148315
1550,0.46841999888420105
1555,0.4695320129394531
1560,0.47061797976493835
1565,0.4717380106449127
1570,0.4724059998989105
1575,0.47293001413345337
1580,0.4736739993095398
1585,0.47408199310302734
1590,0.47451600432395935
1595,0.47475001215934753
1600,0.47504398226737976
1605,0.4750880002975464
1610,0.4751479923725128
1615,0.4751119911670685
1620,0.4749319851398468
1625,0.47500166296958923
1630,0.4747900068759918
1635,0.47460800409317017
1640,0.47426000237464905
1645,0.4738333225250244
1650,0.47350600361824036
1655,0.4730699956417084
1660,0.47242599725723267
1665,0.4719640016555786
1670,0.4714699983596802
1675,0.47077998518943787
1680,0.4700179994106293
1685,0.4692433476448059
1690,0.4685099720954895
1695,0.4675249755382538
1700,0.46670663356781006
1705,0.4657079875469208
1710,0.46469664573669434
1715,0.46340498328208923
1720,0.46195665
1725,0.46048998832702637
1730,0.45886000990867615
1735,0.4574633240699768
1740,0.4556399881839752
1745,0.4540350139141083
1750,0.4521400034427643
1755,0.4501749873161316
1760,0.44820499420166016
1765,0.44635164737701416
1770,0.44468000531196594
1775,0.4430866837501526
1780,0.44159001111984253
1785,0.4403171241283417
1790,0.43951666355133057
1795,0.43841999769210815
1800,0.4377100169658661
1805,0.4369933605194092
1810,0.436475009
1815,0.43578284978866577
1820,0.4350599944591522
1825,0.43413856625556946
1830,0.43320000171661377
1835,0.4319371283054352
1840,0.43043142557144165
1845,0.4280613958835602
1850,0.4251599907875061
1855,0.4206828773021698
1860,0.41466662287712097
1865,0.405470073
1870,0.3923885226249695
1875,0.3734000027179718
1880,0.34681010246276855
1885,0.31305986642837524
1890,0.27316197752952576
1895,0.2368016242980957
1900,0.21814146637916565
1905,0.2139900028705597
1910,0.2163342982530594
1915,0.2213956117630005
1920,0.22678989171981812
1925,0.23202134668827057
1930,0.23676563799381256
1935,0.24135419726371765
1940,0.2454114407300949
1945,0.2494100034236908
1950,0.25372007489204407
1955,0.25825151801109314
1960,0.26304006576538086
1965,0.26787859201431274
1970,0.27323997020721436
1975,0.27891722321510315
1980,0.28443145751953125
1985,0.29030996561050415
1990,0.29604288935661316
1995,0.30172622203826904
2000,0.30726128816604614
2005,0.31242766976356506
2009.9999999999998,0.3172850012779236
2015.0000000000002,0.3218788504600525
2020,0.32587000727653503
2025,0.32975009083747864
2029.9999999999998,0.3329937756061554
2035.0000000000002,0.3361000418663025
2040,0.33862119913101196
2045,0.34085631370544434
2050,0.342782199
2055,0.3445200026035309
2060,0.3460199534893036
2065,0.3474733531475067
2070,0.3486599922180176
2075,0.34999001026153564
2080,0.3509199917316437
2085,0.3520900011062622
2090,0.3529300093650818
2095,0.3536822497844696
2100,0.3541555404663086
2105,0.3547833561897278
2110,0.35509997606277466
2115,0.3556300103664398
2120,0.35568109154701233
2125,0.35581374168395996
2130,0.3554922044277191
2135,0.35497498512268066
2140,0.3540177643299103
2145,0.3526289165019989
2150,0.3506455421447754
2155,0.3482166826725006
2160,0.34477657079696655
2165,0.3407823443412781
2170,0.33579882979393005
2175,0.32970115542411804
2180,0.32224786281585693
2185,0.3151535093784332
2190,0.30888551473617554
2195,0.30291351675987244
2200,0.2967900037765503
2205,0.29073676466941833
2210,0.2862299382686615
2215,0.2844499945640564
2220,0.28411221504211426
2225,0.28477999567985535
2230,0.2854059934616089
2235,0.2856789827346802
2240,0.285521001
2245,0.28528890013694763
2250,0.28488001227378845
2255,0.28463998436927795
2260,0.2847900092601776
2265,0.2851400077342987
2270,0.28586000204086304
2275,0.2866770029067993
2280,0.28766000270843506
2285,0.28845900297164917
2290,0.28938597440719604
2295,0.29020801186561584
2300,0.2909950017929077
2305,0.29151400923728943
2310,0.2922019958496094
2315,0.29299500584602356
2320,0.293614
2325,0.29378700256347656
2330,0.293720007
2335,0.29333728551864624
2340,0.2924500107765198
2345,0.2912217974662781
2350,0.290157288
2355,0.288722962
2360,0.28703364729881287
2365,0.2848900258541107
2370,0.28242552280426025
2375,0.27967455983161926
2380,0.276580811
2385,0.273213655
2390,0.2696581482887268
2395,0.26577645540237427
2400,0.2615562081336975
2405,0.2570292055606842
2410,0.2526617646217346
2415,0.24779093265533447
2420,0.24287894368171692
2425,0.23809008300304413
2430,0.2330615371465683
2435,0.22808462381362915
2440,0.2231454700231552
2445,0.21842361986637115
2450,0.21379490196704865
2455,0.20953091979026794
2460,0.20542657375335693
2465,0.20156189799308777
2470,0.19786730408668518
2475,0.19470372796058655
2480,0.19163993000984192
2485,0.18897008895874023
2490,0.18630999326705933
2495,0.1841333657503128
2500,0.18185333907604218
2505,0.1798900067806244
2510,0.17802421748638153
2515,0.1761266589164734
2520,0.17453767359256744
2525,0.17304997146129608
2530,0.1713683307170868
2531.32,0.17104361951351166
2532.55,0.17057494819164276
2533.7900000000004,0.17007362842559814
2535.0299999999997,0.1696949601173401
2536.27,0.1693732887506485
2537.51,0.1690322756767273
2538.75,0.16859504580497742
2540,0.1682000309228897
2541.2400000000002,0.16800615191459656
2542.49,0.16781200468540192
2543.7400000000002,0.16746847331523895
2544.99,0.16706788539886475
2546.2400000000002,0.16674228012561798
2547.49,0.16639338433742523
2548.74,0.16603249311447144
2549.9900000000002,0.1657716929912567
2551.25,0.16542500257492065
2552.5,0.164900005
2553.76,0.16450323164463043
2555.02,0.16436615586280823
2556.28,0.16417087614536285
2557.54,0.1637832373380661
2558.8,0.16342000663280487
2560.07,0.1631617695093155
2561.33,0.16281765699386597
2562.6000000000004,0.16228505969047546
2563.86,0.16190339624881744
2565.13,0.16174669563770294
2566.3999999999996,0.1614869087934494
2567.67,0.160950705
2568.9500000000003,0.1603950411081314
2570.22,0.15999354422092438
2571.5,0.15978500247001648
2572.77,0.15960504114627838
2574.05,0.15911506116390228
2575.33,0.15854740142822266
2576.61,0.1581122875213623
2577.89,0.1577574461698532
2579.17,0.15752238035202026
2580.46,0.15727750957012177
2581.74,0.1568148285150528
2583.0299999999997,0.15619955956935883
2584.31,0.1555890440940857
2585.6,0.15519538521766663
2586.89,0.1549970805644989
2588.19,0.15465767681598663
2589.48,0.15421372652053833
2590.77,0.1536192148923874
2592.07,0.15310989320278168
2593.36,0.1528434008359909
2594.6600000000003,0.1523338407278061
2595.96,0.15155929327011108
2597.2599999999998,0.1511240005493164
2598.56,0.15095336735248566
2599.8700000000003,0.15061810612678528
2601.17,0.15015776455402374
2602.48,0.14965803921222687
2603.78,0.14898627996444702
2605.09,0.14825500547885895
2606.3999999999996,0.14755381643772125
2607.71,0.14683100581169128
2609.03,0.14624708890914917
2610.3399999999997,0.14572441577911377
2611.6600000000003,0.14518122375011444
2612.97,0.1446358561515808
2614.29,0.14405810832977295
2615.61,0.14366310834884644
2616.93,0.14305509626865387
2618.25,0.1421450674533844
2619.57,0.14148744940757751
2620.8999999999996,0.14077499508857727
2622.22,0.1399136483669281
2623.5499999999997,0.13914506137371063
2624.88,0.138423353
2626.21,0.13764384388923645
2627.5400000000004,0.1366734504699707
2628.87,0.13576467335224152
2630.21,0.1349683552980423
2631.5400000000004,0.13404715061187744
2632.88,0.13324573636054993
2634.21,0.132508785
2635.5499999999997,0.13162000477313995
2636.8900000000003,0.13059815764427185
2638.2400000000002,0.12953253090381622
2639.58,0.12853828072547913
2640.92,0.12762197852134705
2642.27,0.12665419280529022
2643.62,0.12558911740779877
2644.97,0.12450376898050308
2646.3199999999997,0.1232905462384224
2647.67,0.12191873788833618
2649.02,0.1207202672958374
2650.38,0.1197492852807045
2651.73,0.11847523599863052
2653.09,0.11691144108772278
2654.4500000000003,0.11559509485960007
2655.81,0.11438506096601486
2657.1699999999996,0.11299904435873032
2658.5299999999997,0.11154217272996902
2659.89,0.10981445014476776
2661.2599999999998,0.10796766728162766
2662.63,0.10651817917823792
2664,0.10519500076770782
2665.36,0.10340382158756256
2666.74,0.10104847699403763
2668.11,0.098455288
2669.48,0.095641442
2670.8599999999997,0.092337497
2672.23,0.089126915
2673.61,0.086548477
2674.9900000000002,0.084429234
2676.37,0.082404837
2677.76,0.080445923
2679.14,0.078632645
2680.52,0.076833963
2681.91,0.075087838
2683.3,0.073289998
2684.6899999999996,0.071339376
2686.08,0.069256328
2687.47,0.066944778
2688.87,0.064724706
2690.2599999999998,0.062729083
2691.6600000000003,0.060702801
2693.06,0.058765921741724014
2694.46,0.05691592
2695.86,0.054957371205091476
2697.26,0.052983355
2698.66,0.051160198
2700.07,0.049523365
2701.48,0.047804262
2702.89,0.045975212
2704.2999999999997,0.044330001
2705.71,0.042920846
2707.1200000000003,0.041539113968610764
2708.53,0.040073887
2709.9500000000003,0.038683508
2711.37,0.037474244832992554
2712.79,0.036357868
2714.21,0.035333421
2715.63,0.034520194
2717.05,0.033745315
2718.48,0.032943912
2719.9,0.032230001
2721.33,0.031508908
2722.76,0.030802592635154724
2724.19,0.030141363
2725.6200000000003,0.029568277299404144
2727.06,0.029133692383766174
2728.49,0.028791429474949837
2729.93,0.028499231
2731.37,0.028195487335324287
2732.8100000000004,0.027867712080478668
2734.25,0.027634993195533752
2735.69,0.027459376
2737.1400000000003,0.027217275
2738.58,0.026975594460964203
2740.0299999999997,0.026849141344428062
2741.48,0.026647962629795074
2742.93,0.026406995952129364
2744.38,0.026418004
2745.8300000000004,0.026474356651306152
2747.29,0.026365207508206367
2748.75,0.026188921183347702
2750.2,0.026126001
2751.6600000000003,0.026190675795078278
2753.13,0.026245214
2754.5899999999997,0.026213131844997406
2756.05,0.026029987260699272
2757.52,0.025796135887503624
2758.99,0.025731068
2760.46,0.025847693905234337
2761.93,0.025985332
2763.3999999999996,0.025928659364581108
2764.8700000000003,0.025778407230973244
2766.35,0.025693212
2767.82,0.025664534
2769.2999999999997,0.025628002360463142
2770.7799999999997,0.025527196004986763
2772.26,0.025419472
2773.75,0.025471080094575882
2775.23,0.025693865
2776.7200000000003,0.025799065828323364
2778.21,0.025698203593492508
2779.7000000000003,0.025598665699362755
2781.19,0.025564201176166534
2782.68,0.025565600022673607
2784.1800000000003,0.025559202
2785.67,0.025534866377711296
2787.17,0.025524867698550224
2788.67,0.025458397
2790.1699999999996,0.025338408
2791.67,0.025351880118250847
2793.18,0.0254356
2794.68,0.025408390909433365
2796.19,0.025296262
2797.7,0.025118006393313408
2799.21,0.025019999593496323
2800.7200000000003,0.024970801547169685
2802.24,0.024846011772751808
2803.75,0.024717664
2805.27,0.024724374
2806.79,0.024896427989006042
2808.31,0.024928992614150047
2809.83,0.024788066744804382
2811.35,0.024756567552685738
2812.8799999999997,0.024769598618149757
2814.41,0.024716801941394806
2815.93,0.024646805599331856
2817.46,0.024609251
2819,0.024557335302233696
2820.53,0.024459133
2822.07,0.024388249963521957
2823.6,0.024263324216008186
2825.1400000000003,0.024138502776622772
2826.6800000000003,0.024099601432681084
2828.22,0.024100931361317635
2829.77,0.024169819429516792
2831.3100000000004,0.024171395
2832.86,0.024054753
2834.4100000000003,0.023952201008796692
2835.96,0.023844752460718155
2837.5099999999998,0.023688191547989845
2839.07,0.02361
2840.62,0.023659205064177513
2842.18,0.023722000420093536
2843.74,0.023728799
2845.2999999999997,0.023759376257658005
2846.86,0.023784624
2848.43,0.023691480979323387
2849.9900000000002,0.023492077365517616
2851.56,0.023357743
2853.13,0.023396408185362816
2854.7,0.023382498
2856.27,0.023319125175476074
2857.85,0.023347191512584686
2859.42,0.023292524740099907
2861,0.023220001
2862.58,0.023291498
2864.16,0.023274753242731094
2865.75,0.023124992847442627
2867.33,0.023024058
2868.92,0.023010934
2870.5099999999998,0.023037063
2872.1,0.023038750514388084
2873.69,0.023107866
2875.28,0.023208499
2876.88,0.023152001202106476
2878.48,0.023008501157164574
2880.0699999999997,0.022911937907338142
2881.68,0.022874501
2883.28,0.022886499762535095
2884.88,0.023004498332738876
2886.49,0.023128937929868698
2888.1,0.023098131641745567
2889.71,0.022964684292674065
2891.3199999999997,0.022911500185728073
2892.93,0.022903586
2894.55,0.022884685546159744
2896.16,0.022939123213291168
2897.78,0.023022999987006187
2899.4,0.023123126477003098
2901.03,0.023185471072793007
2902.65,0.023163432255387306
2904.2799999999997,0.023172998800873756
2905.91,0.023131748661398888
2907.54,0.022997047752141953
2909.17,0.022929999977350235
2910.8,0.022924374788999557
2912.44,0.022892348
2914.07,0.022875437512993813
2915.7099999999996,0.022948252
2917.35,0.023072647
2918.99,0.023224551
2920.6400000000003,0.023294471204280853
2922.29,0.023189874
2923.93,0.023055302
2925.58,0.023032
2927.24,0.023110816
2928.89,0.023215625435113907
2930.55,0.023220876
2932.2,0.023184376
2933.86,0.023163058
2935.52,0.023236574605107307
2937.19,0.023426812142133713
2938.85,0.023553526028990746
2940.52,0.023509640246629715
2942.19,0.023388812318444252
2943.86,0.023436002
2945.53,0.023504531010985374
2947.21,0.02344881
2948.88,0.023381177335977554
2950.56,0.023382591
2952.2400000000002,0.023466352373361588
2953.92,0.023633629083633423
2955.61,0.023701561614871025
2957.29,0.023604298010468483
2958.98,0.023601884
2960.67,0.023628588765859604
2962.3599999999997,0.023586120456457138
2964.06,0.023616479709744453
2965.75,0.023727059364318848
2967.45,0.023874991
2969.15,0.023944411426782608
2970.85,0.023889705538749695
2972.55,0.023928227
2974.26,0.024091663
2975.97,0.024124352261424065
2977.68,0.024043884128332138
2979.39,0.023957589641213417
2981.1,0.023947780951857567
2982.8199999999997,0.024062009528279305
2984.5299999999997,0.024156412109732628
2986.25,0.024276165291666985
2987.97,0.024325758
2989.7,0.024199992418289185
2991.42,0.024192336946725845
2993.15,0.024379706010222435
2994.88,0.024536114186048508
2996.61,0.024536335840821266
2998.3399999999997,0.024537643417716026
3000.08,0.024600360542535782
3001.8199999999997,0.024612996727228165
3003.55,0.024672647938132286
3005.3,0.024713333696126938
3007.04,0.024644706398248672
3008.7799999999997,0.024749873
3010.53,0.024922940880060196
3012.28,0.024918120354413986
3014.03,0.024845669
3015.79,0.024808352813124657
3017.54,0.024805777
3019.2999999999997,0.024809999391436577
3021.06,0.024798706
3022.8199999999997,0.024823997169733047
3024.58,0.024815414
3026.35,0.024836665019392967
3028.12,0.024932336062192917
3029.89,0.025009119883179665
3031.66,0.025035889819264412
3033.4300000000003,0.025045722723007202
3035.21,0.025005115196108818
3036.99,0.025039879605174065
3038.77,0.025309940800070763
3040.55,0.025483332574367523
3042.3300000000004,0.025465669110417366
3044.12,0.025422999635338783
3045.9100000000003,0.025370726361870766
3047.7,0.025328889
3049.4900000000002,0.025319999
3051.29,0.025325501337647438
3053.08,0.025312705
3054.8799999999997,0.025347997
3056.6800000000003,0.025380000472068787
3058.49,0.025402948260307312
3060.29,0.025397997349500656
3062.1,0.025368889793753624
3063.91,0.025399278849363327
3065.72,0.025498010218143463
3067.54,0.025636661797761917
3069.35,0.025688333436846733
3071.17,0.025727560743689537
3072.99,0.025823101
3074.81,0.025881223380565643
3076.64,0.02586689
3078.47,0.025885666
3080.2900000000004,0.025967372581362724
3082.1299999999997,0.026009999215602875
3083.96,0.025951111689209938
3085.79,0.025841169
3087.6299999999997,0.025841504335403442
3089.47,0.025981053709983826
3091.31,0.026108426973223686
3093.1600000000003,0.026197109
3095.0099999999998,0.026276741176843643
3096.85,0.026327500119805336
3098.71,0.026304943
3100.5600000000004,0.026332998648285866
3102.41,0.026405055075883865
3104.27,0.026463791728019714
3106.1299999999997,0.026598716154694557
3107.9900000000002,0.026731635
3109.8599999999997,0.026811222
3111.73,0.026893531903624535
3113.5899999999997,0.026895577
3115.4700000000003,0.026792723685503006
3117.34,0.026794007048010826
3119.21,0.026911797001957893
3121.09,0.026992947
3122.97,0.027015632018446922
3124.86,0.027002334594726562
3126.74,0.027091991156339645
3128.6299999999997,0.027267043
3130.52,0.027334105223417282
3132.4100000000003,0.027347527
3134.3,0.027406319975852966
3136.2000000000003,0.027463157
3138.1,0.027601562440395355
3140,0.027713159
3141.9,0.027712630107998848
3143.8100000000004,0.027811009
3145.7099999999996,0.027919208630919456
3147.62,0.027922317385673523
3149.54,0.027951997
3151.4500000000003,0.028028417378664017
3153.37,0.028146207332611084
3155.29,0.028223798
3157.21,0.028228314593434334
3159.13,0.028261635452508926
3161.06,0.028423409909009933
3162.9900000000002,0.028583109378814697
3164.92,0.028629999607801437
3166.8500000000004,0.028684481978416443
3168.79,0.028803309425711632
3170.7200000000003,0.028948429971933365
3172.67,0.029022316
3174.61,0.029036049
3176.55,0.029094470664858818
3178.5,0.029159998521208763
3180.45,0.029119478538632393
3182.4,0.029116001
3184.3599999999997,0.029231581836938858
3186.3199999999997,0.029399806633591652
3188.27,0.029464149847626686
3190.2400000000002,0.029418003
3192.2000000000003,0.029437996447086334
3194.17,0.029587000608444214
3196.1400000000003,0.029760010540485382
3198.1099999999997,0.029844204
3200.08,0.029936691746115685
3202.06,0.030088599771261215
3204.04,0.030202005058526993
3206.02,0.030205596
3208,0.030219998210668564
3209.99,0.030287601053714752
3211.98,0.030367204919457436
3213.9700000000003,0.030411699786782265
3215.96,0.030419999733567238
3217.96,0.030425800010561943
3219.96,0.030534399673342705
3221.96,0.030726009979844093
3223.96,0.030810000374913216
3225.97,0.030880199745297432
3227.98,0.030971296
3229.99,0.03098215
3232,0.030994003638625145
3234.02,0.031150292605161667
3236.04,0.031289604
3238.06,0.031319998
3240.08,0.031396709
3242.1099999999997,0.03145605
3244.14,0.031441401690244675
3246.17,0.031520717
3248.2000000000003,0.031753987073898315
3250.24,0.031934954
3252.2799999999997,0.031968199
3254.3199999999997,0.032039296
3256.37,0.032114192843437195
3258.41,0.032196544110774994
3260.46,0.032311991
3262.5099999999998,0.032474957406520844
3264.57,0.03260443
3266.63,0.032676898
3268.69,0.03266314
3270.75,0.032598331570625305
3272.8100000000004,0.032606296
3274.88,0.03270923
3276.95,0.032861173152923584
3279.02,0.032984905
3281.1,0.033032383769750595
3283.1800000000003,0.033143624663352966
3285.26,0.033276003
3287.34,0.033337716
3289.43,0.033411495
3291.51,0.033524863
3293.61,0.03361991
3295.7000000000003,0.033674765
3297.8,0.033758100122213364
3299.9,0.033911436796188354
3302,0.034010954201221466
3304.1,0.034060955
3306.21,0.034142386
3308.32,0.034224004
3310.4300000000003,0.034286276
3312.5499999999997,0.03439929
3314.66,0.034526001662015915
3316.79,0.034613002091646194
3318.91,0.034696139
3321.0299999999997,0.034832772
3323.1600000000003,0.034990005
3325.29,0.035031572
3327.4300000000003,0.035068362951278687
3329.5699999999997,0.035166528075933456
3331.71,0.03525367
3333.85,0.035365898
3335.99,0.035499848425388336
3338.1400000000003,0.035641361
3340.29,0.035736859
3342.45,0.035772271
3344.6,0.035841897
3346.76,0.035892363637685776
3348.92,0.035972002893686295
3351.09,0.036069136
3353.26,0.036081455647945404
3355.4300000000003,0.036124401
3357.6000000000004,0.036271415650844574
3359.78,0.036415275
3361.96,0.036460001
3364.14,0.036441725
3366.32,0.036501996
3368.51,0.036669094
3370.7,0.036842849
3372.89,0.036944229155778885
3375.09,0.036932092159986496
3377.29,0.036891043186187744
3379.4900000000002,0.036943179
3381.69,0.037106369
3383.9,0.037440892308950424
3386.11,0.037698962
3388.32,0.037741479
3390.54,0.037730001
3392.76,0.037736181169748306
3394.98,0.037777632
3397.21,0.037898079
3399.4300000000003,0.038014412
3401.6600000000003,0.03805
3403.9,0.038094543
3406.13,0.03821326
3408.3700000000003,0.038357183
3410.61,0.038514215499162674
3412.8599999999997,0.038691259920597076
3415.1099999999997,0.038784523
3417.36,0.03882473
3419.61,0.038925827
3421.8700000000003,0.039060958
3424.13,0.039103783667087555
3426.39,0.039154392
3428.66,0.039257992058992386
3430.93,0.039436776
3433.2,0.039659999310970306
3435.48,0.039793912
3437.7599999999998,0.039877132
3440.0400000000004,0.039953828
3442.32,0.04010348
3444.61,0.040339406579732895
3446.8999999999996,0.040494780987501144
3449.19,0.040572304
3451.4900000000002,0.040660433
3453.79,0.040788449347019196
3456.09,0.040904782712459564
3458.4,0.040946248918771744
3460.7000000000003,0.040998694
3463.0200000000004,0.041097912937402725
3465.33,0.041227031499147415
3467.65,0.041374564
3469.97,0.041455567
3472.29,0.041469999
3474.62,0.04155026
3476.95,0.041707169
3479.2900000000004,0.04182183
3481.62,0.041888002306222916
3483.96,0.041986164
3486.3,0.042136244
3488.6499999999996,0.042319786
3491,0.042458747
3493.35,0.04261348
3495.71,0.042774371802806854
3498.0699999999997,0.04283639
3500.4300000000003,0.042922881
3502.79,0.04303829
3505.16,0.043137133
3507.53,0.0432465
3509.9100000000003,0.043409556
3512.29,0.043610375
3514.67,0.043766689
3517.0499999999997,0.043939166
3519.44,0.044099834
3521.83,0.044181876
3524.23,0.044263750314712524
3526.62,0.044407665729522705
3529.02,0.044622004
3531.43,0.04479925
3533.83,0.044894625
3536.24,0.045029088854789734
3538.6600000000003,0.045096502
3541.08,0.045040749
3543.5,0.045118797570466995
3545.92,0.045350994914770126
3548.35,0.045579173
3550.78,0.045725837
3553.21,0.045801457
3555.65,0.045871668
3558.09,0.045995399
3560.5299999999997,0.046151999
3562.98,0.046317435801029205
3565.4300000000003,0.046456501
3567.88,0.046601117
3570.3399999999997,0.046775501
3572.8,0.046878401190042496
3575.27,0.046919625252485275
3577.73,0.047001719
3580.2000000000003,0.047167998
3582.68,0.047391675
3585.1600000000003,0.047551502
3587.64,0.047576878
3590.1200000000003,0.0476024
3592.61,0.047735915
3595.1,0.047927998
3597.6,0.048083201
3600.0899999999997,0.048187240958213806
3602.6,0.048296805
3605.1000000000004,0.048410401
3607.61,0.0485144
3610.1200000000003,0.04868608
3612.64,0.048819031566381454
3615.16,0.04892661
3617.68,0.049052168
3620.21,0.049209479
3622.74,0.049348723
3625.27,0.049409267
3627.8100000000004,0.049458641558885574
3630.35,0.049587894
3632.8900000000003,0.049751759
3635.44,0.049862482
3637.99,0.049967997
3640.54,0.050141186
3643.1,0.050347305834293365
3645.66,0.050515763
3648.23,0.050680842250585556
3650.7999999999997,0.050792306661605835
3653.37,0.050826423
3655.95,0.050861735
3658.5299999999997,0.050958242267370224
3661.1099999999997,0.051157843
3663.7,0.051311932504177094
3666.29,0.051382501
3668.8900000000003,0.051516995
3671.48,0.051689840853214264
3674.09,0.051795498
3676.6899999999996,0.051865503
3679.3,0.052001156
3681.91,0.052184958
3684.53,0.052356463
3687.15,0.052468329668045044
3689.7799999999997,0.052577536553144455
3692.4,0.052685384
3695.04,0.052860539
3697.67,0.053047996
3700.31,0.053162616
3702.95,0.053267773
3705.6,0.053381919860839844
3708.25,0.053439446
3710.9100000000003,0.053509194403886795
3713.5600000000004,0.053670377
3716.23,0.05380654
3718.89,0.053979222
3721.5600000000004,0.054134738
3724.23,0.054167184978723526
3726.9100000000003,0.054238934
3729.59,0.05444574
3732.2799999999997,0.054595925
3734.9700000000003,0.054675892
3737.66,0.054778218269348145
3740.36,0.054898221
3743.06,0.055057339
3745.76,0.055224292
3748.4700000000003,0.055339005
3751.1800000000003,0.055435926
3753.8999999999996,0.055556666
3756.62,0.055729989
3759.3399999999997,0.055890225
3762.07,0.056038331
3764.8,0.056170002
3767.54,0.056315135
3770.28,0.056482065469026566
3773.02,0.056605004
3775.77,0.056738332
3778.52,0.056946009397506714
3781.28,0.057076149
3784.04,0.057185422629117966
3786.7999999999997,0.057349995
3789.5699999999997,0.057470113039016724
3792.3399999999997,0.057559147
3795.12,0.057629
3797.8999999999996,0.057716668
3800.69,0.057830997
3803.47,0.057936783879995346
3806.27,0.058050140738487244
3809.06,0.058202937
3811.8599999999997,0.058339722
3814.67,0.058433432
3817.48,0.058560725301504135
3820.29,0.058751766
3823.1099999999997,0.058945145
3825.93,0.059114579
3828.7599999999998,0.059156715869903564
3831.5899999999997,0.059163499623537064
3834.42,0.059375230222940445
3837.26,0.059619493782520294
3840.1,0.059709657
3842.9500000000003,0.059753038
3845.8,0.059828963
3848.65,0.059978920966386795
3851.51,0.060145382
3854.38,0.060253713
3857.24,0.060340203
3860.1200000000003,0.060456071
3862.99,0.060567498207092285
3865.8700000000003,0.060674723237752914
3868.7599999999998,0.060811386
3871.6499999999996,0.060947411
3874.54,0.061030138
3877.44,0.061110205948352814
3880.3399999999997,0.061166759580373764
3883.25,0.06130103
3886.16,0.061454616487026215
3889.0699999999997,0.061479621
3891.99,0.061552342027425766
3894.92,0.061697740107774734
3897.85,0.061844144
3900.78,0.061985586
3903.72,0.062083863
3906.66,0.062123518
3909.6000000000004,0.062170003
3912.55,0.062263961881399155
3915.5099999999998,0.062340196
3918.4700000000003,0.062407549
3921.43,0.062517971
3924.4,0.062580004
3927.3799999999997,0.0626164
3930.35,0.062724143
3933.3300000000004,0.062824138
3936.3199999999997,0.0628298
3939.31,0.062779799
3942.31,0.062806904
3945.31,0.062876903
3948.3100000000004,0.062920101
3951.32,0.062896334
3954.34,0.062859602
3957.35,0.062877335
3960.3799999999997,0.062963806
3963.4100000000003,0.063113891
3966.44,0.063197196
3969.48,0.06320329
3972.52,0.063186534
3975.5600000000004,0.063159399
3978.61,0.06319765
3981.6699999999996,0.063213103
3984.73,0.063244358
3987.8,0.063239679
3990.8700000000003,0.063143194
3993.9399999999996,0.063127205
3997.02,0.063194714
4000.1,0.063206449
4003.19,0.063173033
4006.29,0.063193709
4009.39,0.063236967
4012.49,0.063243262
4015.6,0.063260324
4018.7099999999996,0.063195124
4021.8299999999995,0.063022576
4024.9499999999994,0.062966935
4028.08,0.063010879
4031.2099999999996,0.062968738
4034.35,0.063002422
4037.4900000000002,0.063071065
4040.64,0.062965758
4043.7900000000004,0.062821031
4046.94,0.06267646
4050.11,0.062554032
4053.2700000000004,0.062499657
4056.44,0.062455487
4059.62,0.062426124
4062.8,0.062364999
4065.9900000000002,0.062230498
4069.1800000000003,0.062064186
4072.38,0.061887372
4075.5800000000004,0.061714183539152145
4078.78,0.061550997
4082,0.061410639
4085.21,0.061328571289777756
4088.43,0.061177596
4091.66,0.061065212
4094.8900000000003,0.06107422
4098.13,0.061020307
4101.37,0.060804277658462524
4104.62,0.060595118
4107.87,0.060457449
4111.13,0.060301524
4114.39,0.060166727751493454
4117.66,0.060034118592739105
4120.93,0.059854846
4124.21,0.059638064
4127.5,0.059521209448575974
4130.79,0.059388965368270874
4134.08,0.059188004583120346
4137.38,0.058967992663383484
4140.679999999999,0.058782548
4143.99,0.058646724
4147.31,0.058477018028497696
4150.629999999999,0.058257605880498886
4153.95,0.058051757514476776
4157.29,0.057920608669519424
4160.62,0.057840783
4163.96,0.057611767
4167.3099999999995,0.057253983
4170.66,0.057105295
4174.0199999999995,0.057047825306653976
4177.39,0.056861293
4180.75,0.056603386998176575
4184.13,0.056355525
4187.509999999999,0.056147001683712006
4190.889999999999,0.055935353
4194.28,0.055778995
4197.68,0.055613998
4201.08,0.055441
4204.49,0.055291582
4207.900000000001,0.055073526
4211.32,0.054792576
4214.74,0.054500416
4218.17,0.05427755
4221.61,0.054078232
4225.05,0.053803001
4228.5,0.05359
4231.950000000001,0.053442001
4235.400000000001,0.053297124803066254
4238.870000000001,0.053082697093486786
4242.34,0.052849658
4245.8099999999995,0.052683603
4249.29,0.052457235753536224
4252.78,0.052266628
4256.2699999999995,0.052128255
4259.7699999999995,0.051850054413080215
4263.27,0.051467712968587875
4266.78,0.051109082996845245
4270.29,0.050768107175827026
4273.81,0.050384142
4277.34,0.050239086
4280.87,0.050427600741386414
4284.41,0.050496057
4287.950000000001,0.050321999937295914
4291.5,0.050159722566604614
4295.06,0.050105944
4298.62,0.050085999
4302.1900000000005,0.049976252019405365
4305.76,0.049733199179172516
4309.34,0.049501833
4312.92,0.049355999
4316.5199999999995,0.049242988
4320.11,0.049140278
4323.719999999999,0.049026001
4327.320000000001,0.048927001655101776
4330.94,0.048794173
4334.5599999999995,0.048621997237205505
4338.19,0.048478998243808746
4341.820000000001,0.048384003
4345.46,0.048281777650117874
4349.11,0.048158295
4352.76,0.047928005
4356.42,0.047672972083091736
4360.08,0.047514013946056366
4363.75,0.047394055873155594
4367.429999999999,0.047288917
4371.11,0.047245894
4374.799999999999,0.047155663
4378.49,0.047015
4382.19,0.046927996
4385.900000000001,0.046839729
4389.610000000001,0.046725355088710785
4393.33,0.046597592532634735
4397.0599999999995,0.046480920165777206
4400.79,0.046357959508895874
4404.530000000001,0.046199162
4408.280000000001,0.046072423458099365
4412.03,0.045947582
4415.79,0.045853369
4419.55,0.045808513
4423.320000000001,0.045785684
4427.1,0.045744468
4430.88,0.045624208
4434.68,0.04552358
4438.469999999999,0.045478921
4442.280000000001,0.045336004346609116
4446.08,0.045230623334646225
4449.900000000001,0.045188684
4453.719999999999,0.045129895
4457.55,0.045052107
4461.389999999999,0.045001384
4465.2300000000005,0.044896606
4469.08,0.044753078
4472.9400000000005,0.044673949
4476.8,0.044659998
4480.67,0.044588975608348846
4484.549999999999,0.044487633
4488.43,0.044467255
4492.320000000001,0.044426616
4496.21,0.044316332787275314
4500.12,0.044243846
4504.030000000001,0.044208229
4507.94,0.044170871
4511.87,0.044124126
4515.799999999999,0.044016667
4519.7300000000005,0.04387841
4523.679999999999,0.043818399
4527.63,0.043809999
4531.589999999999,0.043716076761484146
4535.55,0.043594490736722946
4539.52,0.043487694
4543.5,0.043394751846790314
4547.49,0.043427799
4551.48,0.043450002
4555.4800000000005,0.0433852
4559.490000000001,0.043323871
4563.5,0.043259252
4567.52,0.043108601
4571.55,0.042923301458358765
4575.580000000001,0.042833998799324036
4579.63,0.042841438204050064
4583.67,0.042792596
4587.73,0.042677100747823715
4591.79,0.042618323
4595.86,0.042573903
4599.9400000000005,0.042481128
4604.03,0.042392824
4608.120000000001,0.042284537106752396
4612.219999999999,0.042249999940395355
4616.33,0.042249999940395355
4620.4400000000005,0.042192634
4624.5599999999995,0.042061712592840195
4628.69,0.041917905
4632.83,0.04188
4636.97,0.041836537420749664
4641.12,0.04171934
4645.28,0.041658197
4649.45,0.041562863
4653.62,0.04144372
4657.8,0.04136714
4661.990000000001,0.041291650384664536
4666.1900000000005,0.041211143136024475
4670.39,0.041160572320222855
4674.599999999999,0.041106742
4678.82,0.041068427
4683.049999999999,0.041001897
4687.280000000001,0.040921326726675034
4691.5199999999995,0.040776636
4695.77,0.040656906
4700.03,0.040622722
4704.3,0.040533494
4708.57,0.040470764
4712.85,0.040496625
4717.139999999999,0.040393155
4721.429999999999,0.040262654423713684
4725.74,0.040171582251787186
4730.05,0.040047444
4734.37,0.039980508387088776
4738.7,0.039926365
4743.03,0.039808098
4747.38,0.039755210280418396
4751.7300000000005,0.039683934301137924
4756.09,0.039558492600917816
4760.45,0.039476048201322556
4764.83,0.039364561438560486
4769.21,0.039198685
4773.6,0.03901181
4778,0.038901821
4782.41,0.038821634
4786.83,0.038689889
4791.25,0.038546581
4795.68,0.038364212960004807
4800.13,0.038177866488695145
4804.57,0.03797739
4809.03,0.037787866
4813.5,0.03761534
4817.97,0.037428803741931915
4822.45,0.037268321961164474
4826.94,0.037022181
4831.44,0.036734767
4835.950000000001,0.036496229469776154
4840.46,0.036313071846961975
4844.99,0.036144726
4849.52,0.035893403
4854.0599999999995,0.035644684
4858.61,0.035351958
4863.17,0.035042875
4867.73,0.034737982
4872.3099999999995,0.034474655985832214
4876.89,0.034218375
4881.48,0.034025076776742935
4886.08,0.033818356692790985
4890.6900000000005,0.033472605
4895.31,0.033110555
4899.94,0.032870442
4904.57,0.032679718
4909.22,0.032399502
4913.87,0.032113288
4918.53,0.031779032200574875
4923.21,0.031428602
4927.88,0.031117884442210197
4932.57,0.030884966254234314
4937.2699999999995,0.030815232545137405
4941.9800000000005,0.030706346035003662
4946.6900000000005,0.030439795926213264
4951.42,0.030240174382925034
4956.15,0.030096452683210373
4960.9,0.029955748468637466
4965.650000000001,0.029779473319649696
4970.41,0.02959558
4975.18,0.029482871294021606
4979.96,0.029415501281619072
4984.75,0.029266886
4989.54,0.029116746
4994.349999999999,0.029013441875576973
4999.17,0.028878447
5003.99,0.028742764
5008.83,0.028581440448760986
5013.67,0.028442639857530594
5018.5199999999995,0.028410001
5023.39,0.028365127742290497
5028.26,0.028320121
5033.14,0.028287712
5038.03,0.028191097
5042.93,0.028019238263368607
5047.84,0.027880853042006493
5052.76,0.027879878878593445
5057.69,0.027920125052332878
5062.63,0.027944921
5067.580000000001,0.027874892577528954
5072.54,0.027782684192061424
5077.51,0.027745161205530167
5082.49,0.027777651324868202
5087.469999999999,0.027729677
5092.469999999999,0.027611972764134407
5097.48,0.027519524097442627
5102.5,0.027545597404241562
5107.52,0.027589961886405945
5112.56,0.027547363191843033
5117.61,0.027492646127939224
5122.66,0.027510082349181175
5127.73,0.027542528
5132.81,0.027550000697374344
5137.889999999999,0.027466624975204468
5142.99,0.027350228279829025
5148.1,0.027260396629571915
5153.22,0.027187567204236984
5158.34,0.027139881625771523
5163.48,0.027114784345030785
5168.63,0.027004187926650047
5173.79,0.026878474
5178.96,0.026690088212490082
5184.13,0.026556862518191338
5189.320000000001,0.026514923200011253
5194.5199999999995,0.026442152
5199.73,0.026276411
5204.96,0.026077703
5210.19,0.025917084887623787
5215.429999999999,0.025743973
5220.679999999999,0.025519768
5225.94,0.025240259245038033
5231.22,0.024934886023402214
5236.5,0.024754347279667854
5241.79,0.024629667401313782
5247.099999999999,0.024464162066578865
5252.42,0.024237959
5257.74,0.023951309
5263.080000000001,0.023728882893919945
5268.43,0.023558334
5273.79,0.023353383
5279.16,0.023127073422074318
5284.54,0.022978524
5289.93,0.022865875
5295.34,0.022732664
5300.75,0.022607783
5306.18,0.022443197667598724
5311.61,0.022255382
5317.0599999999995,0.022134363651275635
5322.5199999999995,0.022079482674598694
5327.99,0.02207
5333.47,0.02203209
5338.96,0.021967051550745964
5344.47,0.021934835240244865
5349.9800000000005,0.021937599405646324
5355.51,0.021917035803198814
5361.049999999999,0.021902410313487053
5366.6,0.021846544
5372.16,0.021822393
5377.73,0.021866142749786377
5383.320000000001,0.021941710263490677
5388.91,0.021959999576210976
5394.52,0.021952286
5400.14,0.021965226158499718
5405.77,0.022076740860939026
5411.41,0.022202350199222565
5417.07,0.022252999246120453
5422.74,0.022282843
5428.410000000001,0.022274605929851532
5434.1,0.022316318
5439.8099999999995,0.022438308224081993
5445.52,0.022523345425724983
5451.25,0.022524737
5456.98,0.022504631
5462.73,0.022469447925686836
5468.5,0.022490878
5474.2699999999995,0.022538535
5480.0599999999995,0.022588448598980904
5485.86,0.022600000724196434
5491.67,0.022592293098568916
5497.49,0.022590000182390213
5503.33,0.022597678005695343
5509.179999999999,0.022600000724196434
5515.04,0.022569220513105392
5520.91,0.022529423236846924
5526.799999999999,0.022520000115036964
5532.69,0.022535559
5538.610000000001,0.022570732980966568
5544.53,0.022510897368192673
5550.469999999999,0.022358320653438568
5556.41,0.022212432697415352
5562.38,0.022110139951109886
5568.349999999999,0.022105500102043152
5574.34,0.022156400606036186
5580.339999999999,0.022100398316979408
5586.35,0.022048999
5592.38,0.022055599838495255
5598.42,0.022005836
5604.47,0.02187326
5610.54,0.021715672686696053
5616.61,0.021610507741570473
5622.71,0.021535949781537056
5628.8099999999995,0.021512279
5634.929999999999,0.021440211683511734
5641.06,0.021310754120349884
5647.21,0.021217934787273407
5653.360000000001,0.021176589652895927
5659.54,0.021146580576896667
5665.72,0.021015612
5671.92,0.020941128954291344
5678.13,0.020898837596178055
5684.36,0.020772418
5690.599999999999,0.020631110295653343
5696.85,0.020529601722955704
5703.12,0.020416286
5709.4,0.020304445177316666
5715.6900000000005,0.02019462
5722,0.020092222839593887
5728.33,0.019897839054465294
5734.66,0.019826380535960197
5741.01,0.019851312041282654
5747.38,0.019758847
5753.76,0.019604029
5760.150000000001,0.019435856491327286
5766.56,0.019259877502918243
5772.98,0.019064374268054962
5779.410000000001,0.018847784027457237
5785.86,0.018691014498472214
5792.33,0.018565695732831955
5798.8099999999995,0.018422078
5805.3,0.018272307
5811.81,0.018098494
5818.33,0.017878476530313492
5824.87,0.017673332
5831.419999999999,0.0174252
5837.99,0.017197001725435257
5844.57,0.017079499
5851.17,0.016895501
5857.78,0.016669485718011856
5864.410000000001,0.016517378389835358
5871.05,0.016309777
5877.7,0.016047272831201553
5884.38,0.015816627
5891.06,0.015565882436931133
5897.76,0.015266628935933113
5904.4800000000005,0.015105432830750942
5911.21,0.014969044364988804
5917.96,0.014774470590054989
5924.7300000000005,0.014557563699781895
5931.5,0.014422984793782234
5938.3,0.014177645556628704
5945.11,0.013889281079173088
5951.93,0.013719826936721802
5958.78,0.013563414104282856
5965.63,0.013372609
5972.51,0.013165352866053581
5979.39,0.012898057699203491
5986.3,0.012682860717177391
5993.22,0.012498612515628338
6000.16,0.012341295
6007.11,0.012278513982892036
6014.08,0.012198522686958313
6021.06,0.012108515
6028.06,0.011994686909019947
6035.08,0.011858400888741016
6042.12,0.011774592101573944
6049.17,0.011656558141112328
6056.2300000000005,0.011487268842756748
6063.32,0.011347093619406223
6070.42,0.011232931166887283
6077.530000000001,0.011217929422855377
6084.67,0.011267915
6091.820000000001,0.011216445825994015
6098.9800000000005,0.011223666369915009
6106.17,0.011253957636654377
6113.37,0.011195889674127102
6120.58,0.011203755
6127.82,0.011249721981585026
6135.07,0.011316096410155296
6142.34,0.011402004398405552
6149.63,0.011475903913378716
6156.93,0.011617778800427914
6164.25,0.011810272000730038
6171.59,0.012033062987029552
6178.950000000001,0.012200203724205494
6186.320000000001,0.012285999022424221
6193.71,0.012323958799242973
6201.120000000001,0.012377998791635036
6208.54,0.012494349852204323
6215.99,0.012575906
6223.45,0.012629668228328228
6230.93,0.012688081
6238.43,0.012756279669702053
6245.95,0.012841647490859032
6253.48,0.012844054028391838
6261.03,0.012872161343693733
6268.6,0.012976315
6276.19,0.012991987
6283.8,0.012973946519196033
6291.43,0.013018394820392132
6299.070000000001,0.013062050566077232
6306.73,0.01307
6314.42,0.01307
6322.12,0.013045764528214931
6329.84,0.012935995124280453
6337.570000000001,0.012926027178764343
6345.33,0.012961950153112411
6353.11,0.012913546524941921
6360.9,0.012900000438094139
6368.719999999999,0.012891999445855618
6376.55,0.012777815572917461
6384.400000000001,0.012685385532677174
6392.2699999999995,0.012589363381266594
6400.17,0.012432926334440708
6408.08,0.012367695
6416.01,0.012351988
6423.96,0.012301694601774216
6431.93,0.012249810621142387
6439.92,0.012240000069141388
6447.93,0.012223925441503525
6455.96,0.012187700718641281
6464.01,0.012059449218213558
6472.08,0.011900394223630428
6480.17,0.011821334
6488.28,0.011777507
6496.41,0.011721636168658733
6504.5599999999995,0.011523733846843243
6512.7300000000005,0.011431486
6520.92,0.011420000344514847
6529.14,0.011322831735014915
6537.37,0.011145445518195629
6545.63,0.011045134
6553.9,0.011005784384906292
6562.2,0.010911202058196068
6570.509999999999,0.010728318244218826
6578.85,0.010600545443594456
6587.21,0.010612430050969124
6595.589999999999,0.010579582303762436
6603.99,0.010416412726044655
6612.42,0.010274448432028294
6620.860000000001,0.010177362710237503
6629.330000000001,0.010038031
6637.82,0.009912309
6646.33,0.009767709
6654.860000000001,0.009626696
6663.41,0.009551222
6671.99,0.009474979
6680.589999999999,0.00932995
6689.21,0.009202189
6697.849999999999,0.009131378
6706.509999999999,0.009054789
6715.200000000001,0.008942071
6723.91,0.008781075
6732.64,0.008644528
6741.4,0.008530233
6750.18,0.008363143
6758.9800000000005,0.008256571
6767.8,0.008272726
6776.65,0.008198539
6785.52,0.00792565
6794.41,0.007664656
6803.33,0.007644434
6812.2699999999995,0.007609156
6821.23,0.007518555
6830.219999999999,0.007386131
6839.23,0.007237832
6848.26,0.007038264
6857.32,0.006836929
6866.4,0.006701337
6875.51,0.006622858
6884.64,0.006503712
6893.799999999999,0.006390331
6902.9800000000005,0.006254928
6912.18,0.006131129
6921.41,0.006028171
6930.66,0.005993566
6939.94,0.005874988
6949.24,0.005661049
6958.57,0.005545773
6967.92,0.005488938
6977.299999999999,0.005357127
6986.7,0.00522351
6996.13,0.005167106
7005.59,0.0051026
7015.07,0.004983673
7024.57,0.004845494
7034.099999999999,0.004721473
7043.66,0.00460175
7053.25,0.004489109
7062.85,0.004436875
7072.49,0.004314679
7082.150000000001,0.00419165
7091.84,0.004070754
7101.549999999999,0.003893929
7111.3,0.003744535
7121.0599999999995,0.003670653
7130.860000000001,0.003561306
7140.679999999999,0.003531755
7150.53,0.003438748
7160.41,0.003212676
7170.3099999999995,0.003095363
7180.240000000001,0.00307176
7190.2,0.003061717
7200.1900000000005,0.002985389
7210.200000000001,0.002779108
7220.240000000001,0.002583109
7230.31,0.00248352
7240.41,0.002461673
7250.54,0.002335882
7260.6900000000005,0.002143859
7270.88,0.002076745
7281.09,0.002103293
7291.33,0.001977496
7301.599999999999,0.001774998
7311.9,0.001673203
7322.219999999999,0.001635135
7332.58,0.00160501
7342.97,0.001591663
7353.379999999999,0.00152323
7363.83,0.001543257
7374.3,0.001500286
7384.8099999999995,0.001415343
7395.34,0.001308438
7405.910000000001,0.001265066
7416.5,0.001334717
7427.13,0.00135
7437.78,0.001208917
7448.47,0.001255312
7459.1900000000005,0.001378212
7469.9400000000005,0.001441776
7480.71,0.001575138
7491.52,0.001808795
7502.37,0.001891991
7513.24,0.001967082
7524.14,0.002156092
7535.08,0.002507125
7546.05,0.002844497
7557.05,0.00316619
7568.08,0.003553816
7579.150000000001,0.003978346
7590.24,0.004444801
7601.37,0.005113984
7612.53,0.005954765
7623.7300000000005,0.006906921
7634.96,0.00792231
7646.219999999999,0.009107743
7657.51,0.010419314727187157
7668.84,0.011868512257933617
7680.2,0.013547603972256184
7691.59,0.015401490032672882
7703.02,0.017674250528216362
7714.49,0.020306069403886795
7725.98,0.022977419197559357
7737.5199999999995,0.025846837
7749.08,0.029081009328365326
7760.679999999999,0.032559413462877274
7772.32,0.036265783
7783.99,0.040355552
7795.69,0.044719297
7807.43,0.049228869
7819.21,0.054098707
7831.0199999999995,0.059429571
7842.87,0.065097734
7854.75,0.071047395
7866.67,0.07735347
7878.62,0.083769634
7890.62,0.090287142
7902.64,0.096489787
7914.71,0.10240992158651352
7926.8099999999995,0.1079370528459549
7938.95,0.11258500814437866
7951.13,0.11608953773975372
7963.339999999999,0.11862558871507645
7975.59,0.12006281316280365
7987.879999999999,0.1206735223531723
8000.209999999999,0.12058073282241821
8012.570000000001,0.1200518012046814
8024.98,0.11914869397878647
8037.419999999999,0.11802433431148529
8049.899999999999,0.11689173430204391
8062.419999999999,0.11575143039226532
8074.9800000000005,0.11457978934049606
8087.57,0.1134939044713974
8100.210000000001,0.1124885156750679
8112.89,0.11163484305143356
8125.6,0.11082117259502411
8138.360000000001,0.11006365716457367
8151.160000000001,0.10942395776510239
8163.99,0.10893864929676056
8176.869999999999,0.10858085006475449
8189.79,0.10830850154161453
8202.75,0.10805750638246536
8215.75,0.10794350504875183
8228.79,0.10785321891307831
8241.87,0.10766946524381638
8254.99,0.10758066177368164
8268.16,0.10768075287342072
8281.37,0.10799882560968399
8294.62,0.108458512
8307.91,0.10891266167163849
8321.24,0.10945748537778854
8334.619999999999,0.1100257858633995
8348.039999999999,0.11069049686193466
8361.51,0.1114124208688736
8375.019999999999,0.11227094382047653
8388.57,0.11313703656196594
8402.16,0.11408556252717972
8415.800000000001,0.11515972018241882
8429.49,0.1163439154624939
8443.22,0.11763212829828262
8456.99,0.11908449232578278
8470.81,0.120480977
8484.67,0.12184987962245941
8498.58,0.12328074127435684
8512.539999999999,0.12493313103914261
8526.54,0.12655462324619293
8540.58,0.12822790443897247
8554.68,0.13008925318717957
8568.82,0.13213075697422028
8583,0.13452495634555817
8597.24,0.13700132071971893
8611.52,0.139442578
8625.85,0.14208698272705078
8640.230000000001,0.14496177434921265
8654.65,0.14819298684597015
8669.119999999999,0.15176071226596832
8683.640000000001,0.15578870475292206
8698.21,0.16019997000694275
8712.83,0.16485631465911865
8727.5,0.1700853854417801
8742.22,0.17567455768585205
8756.99,0.18141674995422363
8771.800000000001,0.18753477931022644
8786.67,0.19413907825946808
8801.589999999998,0.20105654001235962
8816.560000000001,0.2081679105758667
8831.58,0.2154495120048523
8846.65,0.22293797135353088
8861.77,0.23041695356369019
8876.939999999999,0.23760099709033966
8892.17,0.24444036185741425
8907.45,0.25065848231315613
8922.779999999999,0.2561107575893402
8938.16,0.2606988251209259
8953.6,0.26429954171180725
8969.09,0.266333669
8984.640000000001,0.2667350769042969
9000.23,0.2657029628753662
9015.890000000001,0.2633499503135681
9031.59,0.2595907151699066
9047.359999999999,0.2550398111343384
9063.17,0.24972054362297058
9079.050000000001,0.24401737749576569
9094.97,0.23814785480499268
9110.960000000001,0.23240508139133453
9127,0.22678369283676147
9143.1,0.22131957113742828
9159.25,0.21598723530769348
9175.46,0.2109144628047943
9191.73,0.20601116120815277
9208.06,0.20139868557453156
9224.439999999999,0.19698823988437653
9240.880000000001,0.19268326461315155
9257.38,0.18846966326236725
9273.94,0.18438959121704102
9290.56,0.18038439750671387
9307.24,0.1766311675310135
9323.980000000001,0.17308630049228668
9340.78,0.16973872482776642
9357.64,0.16636329889297485
9374.57,0.16307152807712555
9391.550000000001,0.15986347198486328
9408.59,0.15652543306350708
9425.7,0.15327556431293488
9442.869999999999,0.15028372406959534
9460.1,0.14723140001296997
9477.4,0.14427390694618225
9494.75,0.141435906
9512.17,0.13862881064414978
9529.66,0.1357673704624176
9547.21,0.13269679248332977
9564.83,0.12964241206645966
9582.5,0.12676486372947693
9600.25,0.12388525903224945
9618.06,0.12114231288433075
9635.94,0.11850209534168243
9653.88,0.11579611152410507
9671.89,0.11328776180744171
9689.970000000001,0.11080596596002579
9708.119999999999,0.10813813656568527
9726.33,0.10571681708097458
9744.619999999999,0.10344148427248001
9762.97,0.10122805088758469
9781.39,0.099200949
9799.88,0.097270802
9818.44,0.095388375
9837.070000000002,0.093619272
9855.77,0.091841772
9874.539999999999,0.090169348
9893.39,0.088591941
9912.3,0.087091342
9931.29,0.085574858
9950.36,0.084091276
9969.49,0.082732044
9988.699999999999,0.081504963
10007.98,0.080304213
10027.34,0.079079643
10046.77,0.077900514
10066.28,0.076685108
10085.869999999999,0.075456209
10105.53,0.074368723
10125.26,0.073103189
10145.08,0.071784683
10164.970000000001,0.070570491
10184.939999999999,0.069398031
10204.99,0.068362288
10225.12,0.067358427
10245.33,0.066507377
10265.61,0.065563023
10285.98,0.064639114
10306.43,0.063831776
10326.96,0.063078851
10347.57,0.062134419
10368.27,0.061313912
10389.05,0.060946528
10409.91,0.060671024
10430.859999999999,0.060056701
10451.88,0.059484519
10473,0.059207302
10494.199999999999,0.058888740837574005
10515.49,0.058282781
10536.86,0.057758137583732605
10558.32,0.057231124490499496
10579.869999999999,0.056753117591142654
10601.5,0.056319549679756165
10623.23,0.055933255702257156
10645.039999999999,0.055517405
10666.94,0.055097185
10688.94,0.054650310426950455
10711.02,0.054227121
10733.2,0.054117881
10755.470000000001,0.053835172206163406
10777.83,0.053462092
10800.28,0.053206887
10822.83,0.052754588425159454
10845.470000000001,0.052220433950424194
10868.21,0.051778849214315414
10891.04,0.051419307
10913.970000000001,0.051024194806814194
10936.99,0.050534569
10960.119999999999,0.050240021
10983.34,0.049951997
11006.66,0.049465589225292206
11030.07,0.049001466
11053.59,0.048754435032606125
11077.21,0.048516333
11100.93,0.048115544
11124.75,0.047714356
11148.68,0.047287151
11172.710000000001,0.046802863478660583
11196.84,0.046349458396434784
11221.07,0.046023682
11245.41,0.045730911
11269.859999999999,0.045530471950769424
11294.41,0.045305151492357254
11319.07,0.044779874
11343.84,0.044229008
11368.72,0.043777354061603546
11393.7,0.043533765
11418.8,0.043135177344083786
11444.01,0.042527258
11469.33,0.041887548
11494.76,0.041273419
11520.300000000001,0.040798515
11545.96,0.040285438
11571.730000000001,0.039629616
11597.619999999999,0.039308973
11623.62,0.039046798
11649.74,0.038456365
11675.98,0.037834384
11702.34,0.037170045
11728.81,0.036518421
11755.41,0.035572771
11782.130000000001,0.034528911113739014
11808.960000000001,0.033827476
11835.92,0.033150014
11863.009999999998,0.032335438
11890.22,0.031747237
11917.550000000001,0.031195392832159996
11945.01,0.030582889914512634
11972.6,0.030286377295851707
12000.310000000001,0.030080147087574005
12028.16,0.029799521
12056.13,0.029716149
12084.23,0.029817745089530945
12112.460000000001,0.029973886907100677
12140.83,0.030097873881459236
12169.33,0.030451726
12197.960000000001,0.03096737
12226.73,0.03121808
12255.64,0.031573385
12284.68,0.031951878
12313.86,0.032547574
12343.18,0.033321265
12372.640000000001,0.033905521
12402.240000000002,0.034482192
12431.98,0.035252325
12461.86,0.036114447
12491.89,0.03692241
12522.07,0.037605003
12552.38,0.038212176
12582.85,0.038793906569480896
12613.47,0.039573405
12644.23,0.040228292
12675.15,0.040561363101005554
12706.210000000001,0.040852122
12737.43,0.041269056499004364
12768.81,0.041735246777534485
12800.33,0.041834343
12832.02,0.041849058121442795
12863.86,0.041985705494880676
12895.86,0.041665155440568924
12928.02,0.040951747447252274
12960.34,0.040499795228242874
12992.82,0.040161278
13025.460000000001,0.039513397961854935
13058.27,0.038805581629276276
13091.25,0.03785057
13124.39,0.037053067
13157.7,0.036327034
13191.179999999998,0.03588818
13224.83,0.035786584
13258.660000000002,0.035780001
13292.65,0.03568019
13326.83,0.035252638161182404
13361.17,0.034592051059007645
13395.699999999999,0.034021783620119095
13430.400000000001,0.033833835273981094
13465.289999999999,0.033774599
13500.349999999999,0.033533401787281036
13535.6,0.033437252044677734
13571.03,0.03326612
13606.65,0.032959133
13642.46,0.032829959
13678.46,0.032647099
13714.64,0.032165937
13751.02,0.032092702
13787.59,0.032062639
13824.36,0.031257469207048416
13861.32,0.030897485092282295
13898.49,0.030751567
13935.85,0.030457012355327606
13973.41,0.030375249683856964
14011.17,0.030415596440434456
14049.15,0.030091730877757072
14087.32,0.030069115
14125.71,0.030362509191036224
14164.300000000001,0.029887016862630844
14203.11,0.029100595
14242.13,0.028710239
14281.359999999999,0.028689147904515266
14320.81,0.028598581
14360.49,0.028178656473755836
14400.380000000001,0.027984571
14440.49,0.027905954
14480.82,0.027708088979125023
14521.39,0.027268733829259872
14562.18,0.026845214888453484
14603.199999999999,0.026453211903572083
14644.45,0.026099303737282753
14685.93,0.026042507961392403
14727.66,0.026122378185391426
14769.619999999999,0.026304219
14811.81,0.0257788
14854.25,0.025024309754371643
14896.94,0.025179991498589516
14939.87,0.025475312024354935
14983.050000000001,0.025325611233711243
15026.48,0.024905687
15070.16,0.024300225
15114.1,0.023276707157492638
15158.289999999999,0.023079799488186836
15202.74,0.023520711809396744
15247.460000000001,0.023091427981853485
15292.43,0.02278365
15337.68,0.022916384041309357
15383.19,0.022699832916259766
15428.97,0.022624755278229713
15475.03,0.022307066
15521.359999999999,0.021588951349258423
15567.970000000001,0.021106738597154617
15614.869999999999,0.020996362
15662.039999999999,0.020833544433116913
15709.5,0.020137753
15757.25,0.019766673
15805.289999999999,0.019850725308060646
15853.619999999999,0.019740153
15902.26,0.019600775092840195
15951.19,0.019193435087800026
16000.419999999998,0.018763039261102676
16049.949999999999,0.018517857417464256
16099.799999999997,0.018721689
16149.95,0.018813865
16200.420000000002,0.018081456422805786
16251.208999999999,0.017502893
16302.311,0.017016532
16353.741,0.016600778326392174
16405.491,0.017272634
16457.569,0.01731151
16509.979000000003,0.016153546050190926
16562.731,0.016087744385004044
16615.82,0.015988245606422424
16669.240999999998,0.015591143630445004
16723.021,0.015698906034231186
16777.14,0.015672927722334862
16831.61,0.015280749648809433
16886.431,0.015555544756352901
16941.62,0.015857827
16997.16,0.016352877020835876
17053.08,0.01613014
17109.36,0.015432381071150303
17166.01,0.015686199069023132
17223.04,0.0156451
17280.451,0.015027700923383236
17338.239999999998,0.015351212
17396.429,0.015992697328329086
17455,0.016207098960876465
17513.969,0.016117887571454048
17573.339,0.016528431326150894
17633.109999999997,0.017899094
17693.290999999997,0.018251119181513786
17753.889,0.018167645
17814.899,0.018429587
17876.328999999998,0.017407899722456932
17938.181,0.016669530421495438
18000.468999999997,0.017866835
18063.19,0.018788838759064674
18126.35,0.019287658855319023
18189.951,0.018621282652020454
18254,0.018309220671653748
18318.501,0.018690666183829308
18383.459,0.019148575142025948
18448.879,0.019674171
18514.771,0.019318226724863052
18581.129,0.019000873
18647.97,0.018755913
18715.29,0.019393151625990868
18783.100000000002,0.019897481
18851.4,0.019397549331188202
18920.2,0.019360000267624855
18989.51,0.019098550081253052
19059.32,0.019995702
19129.65,0.022086665
19200.5,0.023155697
19271.878999999997,0.024351682513952255
19343.789999999997,0.027181493118405342
19416.240999999998,0.030074257403612137
19489.229000000003,0.033826205879449844
19562.771,0.039123081
19636.880999999998,0.044881924986839294
19711.54,0.051335908472537994
19786.779,0.059603952
19862.590999999997,0.069602512
19938.98,0.080630645
20015.961,0.092828907
20093.55,0.10570306330919266
20171.73,0.11922562122344971
20250.530000000002,0.13383346796035767
20329.941000000003,0.14750757813453674
20409.981,0.15963120758533478
20490.649999999998,0.17048883438110352
20571.96,0.18054237961769104
20653.918999999998,0.18861716985702515
20736.54,0.19637513160705566
20819.82,0.20251889526844025
20903.77,0.20700713992118835
20988.399999999998,0.21016792953014374
21073.720999999998,0.21039701998233795
21159.731,0.20812265574932098
21246.46,0.2049412876367569
21333.891,0.20203837752342224
21422.041,0.19744493067264557
21510.929,0.19143421947956085
21600.559,0.18665462732315063
21690.941,0.1826503574848175
21782.08,0.17765937745571136
21873.989,0.1712922900915146
21966.668999999998,0.165041983
22060.15,0.1599140763282776
22154.421,0.1565336287021637
22249.510000000002,0.15255366265773773
22345.409,0.14795996248722076
22442.141,0.14564082026481628
22539.721,0.14243021607398987
22638.14,0.13827338814735413
22737.431,0.13560213148593903
22837.601,0.13185909390449524
22938.649999999998,0.1301472932100296
23040.600000000002,0.1257220059633255
23143.459,0.12096656113862991
23247.24,0.12039767950773239
23351.959000000003,0.11862009763717651
23457.63,0.11551059782505035
23564.251,0.11280203610658646
23671.85,0.11213887482881546
23780.439000000002,0.11253654211759567
23890.02,0.11358310282230377
24000.629,0.11013302206993103
24112.261,0.10384608805179596
24224.93,0.10174689441919327
24338.659,0.10099544376134872
24453.47,0.10372930020093918
24569.361,0.10530313104391098
24686.359,0.10371886938810349
24804.469999999998,0.1041523814201355
24923.731,0.1097942516207695
25044.129999999997,0.10728627443313599
25165.71,0.099144213
25288.46,0.096999526
25412.43,0.10555495321750641
25537.609,0.10687524825334549
25664.04,0.10912701487541199
25791.719,0.10794581472873688
25920.679,0.11301955580711365