Data ID,Alunite F1CC08B
Sample ID,F1CC08B
Mineral Name,alunite
Sample Description,
Date Added,
Viewing Geometry,
Other Information,
Grain Size,
Database of Origin,MICA Files (USGS/RELAB)
Wavelength,Response
300.0,0.24176999926567078
305.0,0.25750499963760376
310.0,0.27812498807907104
315.0,0.2977989912033081
320.0,0.3208949863910675
325.0,0.34337401390075684
330.0,0.3653329908847809
335.0,0.3884589970111847
340.0,0.40965598821640015
345.0,0.4300270080566406
350.0,0.4510219991207123
355.0,0.46958398818969727
360.0,0.4878250062465668
365.0,0.5048400163650513
370.0,0.5192340016365051
375.0,0.5331220030784607
380.0,0.546986997127533
385.0,0.5582029819488525
390.0,0.5703110098838806
395.0,0.5810959935188293
400.0,0.5872529745101929
405.0,0.5957189798355103
410.0,0.5995270013809204
415.0,0.6049240231513977
420.0,0.6099269986152649
425.0,0.616927981376648
430.0,0.6210669875144958
435.0,0.6253010034561157
440.0,0.6302220225334167
445.0,0.6355739831924438
450.0,0.6385499835014343
455.0,0.6426929831504822
460.0,0.6464539766311646
465.0,0.6492990255355835
470.0,0.652459979057312
475.0,0.6560540199279785
480.0,0.6601369976997375
485.0,0.6640210151672363
490.0,0.6689649820327759
495.0,0.6736720204353333
500.0,0.679157018661499
505.0,0.6843730211257935
510.0,0.6890310049057007
515.0,0.6946179866790771
520.0,0.7002789974212646
525.0,0.7070260047912598
530.0,0.717024028301239
535.0,0.7217429876327515
540.0,0.7282149791717529
545.0,0.7344729900360107
550.0,0.7407900094985962
555.0,0.7484869956970215
560.0,0.754593014717102
565.0,0.7593669891357422
570.0,0.7651379704475403
575.0,0.7709370255470276
580.0,0.7766759991645813
585.0,0.7825180292129517
590.0,0.7886670231819153
595.0,0.7926170229911804
600.0,0.7975180149078369
605.0,0.802200973033905
610.0,0.8058819770812988
615.0,0.8094059824943542
620.0,0.8128399848937988
625.0,0.816307008266449
630.0,0.8190249800682068
635.0,0.8221489787101746
640.0,0.825203001499176
645.0,0.8275189995765686
650.0,0.8305270075798035
655.0,0.8318989872932434
660.0,0.8349030017852783
665.0,0.8375729918479919
670.0,0.839057981967926
675.0,0.841717004776001
680.0,0.8447980284690857
685.0,0.8467109799385071
690.0,0.8482670187950134
695.0,0.8506760001182556
700.0,0.8524150252342224
705.0,0.8488500118255615
710.0,0.8518660068511963
715.0,0.8524389863014221
720.0,0.8550130128860474
725.0,0.8566759824752808
730.0,0.8568189740180969
735.0,0.8583850264549255
740.0,0.8591799736022949
745.0,0.8604819774627686
750.0,0.8597049713134766
755.0,0.8603469729423523
760.0,0.8646330237388611
765.0,0.8646270036697388
770.0,0.8641960024833679
775.0,0.8646020293235779
780.0,0.8656200170516968
785.0,0.865755021572113
790.0,0.8672829866409302
795.0,0.8664289712905884
800.0,0.8674319982528687
805.0,0.8685430288314819
810.0,0.8694679737091064
815.0,0.871882975101471
820.0,0.8707169890403748
825.0,0.8723199963569641
830.0,0.8700180053710938
835.0,0.8717809915542603
840.0,0.8713939785957336
845.0,0.8716059923171997
850.0,0.8714749813079834
855.0,0.8725910186767578
860.0,0.8715630173683167
865.0,0.8702419996261597
870.0,0.8700799942016602
875.0,0.8712739944458008
880.0,0.8710870146751404
885.0,0.8695549964904785
890.0,0.8705930113792419
895.0,0.8700770139694214
900.0,0.8697370290756226
905.0,0.8696439862251282
910.0,0.8693680167198181
915.0,0.8697749972343445
920.0,0.8724579811096191
925.0,0.8726209998130798
930.0,0.8729130029678345
935.0,0.8741539716720581
940.0,0.8751749992370605
945.0,0.8729709982872009
950.0,0.8731439709663391
955.0,0.873645007610321
960.0,0.8734800219535828
965.0,0.871973991394043
970.0,0.870265007019043
975.0,0.8680790066719055
980.0,0.865106999874115
985.0,0.8606320023536682
990.0,0.8562219738960266
995.0,0.8527920246124268
1000.0,0.8512129783630371
1004.9999999999999,0.8532480001449585
1010.0,0.8553879857063293
1014.9999999999999,0.8613569736480713
1020.0,0.8655750155448914
1025.0,0.8748109936714172
1030.0,0.8789849877357483
1035.0,0.8812360167503357
1040.0,0.8827239871025085
1045.0,0.8842899799346924
1050.0,0.8849809765815735
1055.0,0.8856819868087769
1060.0,0.885345995426178
1065.0,0.8867310285568237
1070.0,0.8872929811477661
1075.0,0.8878650069236755
1080.0,0.8882560133934021
1085.0,0.8884029984474182
1090.0,0.8877099752426147
1095.0,0.8880699872970581
1100.0,0.8887159824371338
1105.0,0.8879690170288086
1110.0,0.8887850046157837
1115.0,0.8884119987487793
1120.0,0.8897039890289307
1125.0,0.8906509876251221
1130.0,0.8920549750328064
1135.0,0.8932710289955139
1140.0,0.8934289813041687
1145.0,0.893742024898529
1150.0,0.8929460048675537
1155.0,0.8921110033988953
1160.0,0.8924850225448608
1165.0,0.8916069865226746
1170.0,0.8917790055274963
1175.0,0.890986979007721
1180.0,0.8907520174980164
1185.0,0.8907639980316162
1190.0,0.88994300365448
1195.0,0.888221025466919
1200.0,0.8882060050964355
1205.0,0.8853399753570557
1210.0,0.8835049867630005
1215.0,0.8809249997138977
1220.0,0.8767279982566833
1225.0,0.8703629970550537
1230.0,0.865522027015686
1235.0,0.8621230125427246
1240.0,0.8591319918632507
1245.0,0.8559349775314331
1250.0,0.8523899912834167
1255.0,0.8457319736480713
1260.0,0.8316010236740112
1265.0,0.8158529996871948
1270.0,0.8157979846000671
1275.0,0.8271329998970032
1280.0,0.8411039710044861
1285.0,0.8555139899253845
1290.0,0.8676760196685791
1295.0,0.8719769716262817
1300.0,0.872573971748352
1305.0,0.8727139830589294
1310.0,0.8712409734725952
1315.0,0.865638017654419
1320.0,0.8547469973564148
1325.0,0.8537009954452515
1330.0,0.8502910137176514
1335.0,0.8342739939689636
1340.0,0.8298760056495667
1345.0,0.8340200185775757
1350.0,0.8335899710655212
1355.0,0.8325009942054749
1360.0,0.8342199921607971
1365.0,0.8401110172271729
1370.0,0.846809983253479
1375.0,0.8422849774360657
1380.0,0.8421599864959717
1385.0,0.8340129852294922
1390.0,0.8301910161972046
1395.0,0.8216530084609985
1400.0,0.8114929795265198
1405.0,0.7943549752235413
1410.0,0.772225022315979
1415.0,0.7467420101165771
1420.0,0.6815320253372192
1425.0,0.538673996925354
1430.0,0.5687569975852966
1435.0,0.6261929869651794
1440.0,0.6807510256767273
1445.0,0.6769779920578003
1450.0,0.6570190191268921
1455.0,0.6292909979820251
1460.0,0.6151379942893982
1465.0,0.6142749786376953
1470.0,0.5827900171279907
1475.0,0.4775730073451996
1480.0,0.4506460130214691
1485.0,0.5995810031890869
1490.0,0.6639260053634644
1495.0,0.6818900108337402
1500.0,0.6928730010986328
1505.0,0.7111899852752686
1510.0,0.7368249893188477
1515.0,0.7499449849128723
1520.0,0.7587350010871887
1525.0,0.7652519941329956
1530.0,0.7665489912033081
1535.0,0.7693259716033936
1540.0,0.7746809720993042
1545.0,0.7753009796142578
1550.0,0.7770799994468689
1555.0,0.7772639989852905
1560.0,0.7790129780769348
1565.0,0.7779639959335327
1570.0,0.77777498960495
1575.0,0.7773209810256958
1580.0,0.7766780257225037
1585.0,0.774819016456604
1590.0,0.7741829752922058
1595.0,0.7744699716567993
1600.0,0.7748569846153259
1605.0,0.7689740061759949
1610.0,0.7698609828948975
1615.0,0.7710409760475159
1620.0,0.7699810266494751
1625.0,0.7697479724884033
1630.0,0.7683659791946411
1635.0,0.7676529884338379
1640.0,0.7674490213394165
1645.0,0.767316997051239
1650.0,0.764864981174469
1655.0,0.7633299827575684
1660.0,0.7624800205230713
1665.0,0.7597150206565857
1670.0,0.7564870119094849
1675.0,0.7528690099716187
1680.0,0.749576985836029
1685.0,0.7461169958114624
1690.0,0.7427840232849121
1695.0,0.7391639947891235
1700.0,0.738211989402771
1705.0,0.7327060103416443
1710.0,0.7285060286521912
1715.0,0.7220240235328674
1720.0,0.7126179933547974
1725.0,0.7002559900283813
1730.0,0.6834740042686462
1735.0,0.6668429970741272
1740.0,0.6497499942779541
1745.0,0.6289029717445374
1750.0,0.6111249923706055
1755.0,0.5991399884223938
1760.0,0.5884919762611389
1765.0,0.5806009769439697
1770.0,0.5802779793739319
1775.0,0.5942819714546204
1780.0,0.6112849712371826
1785.0,0.6338800191879272
1790.0,0.6638209819793701
1795.0,0.6921319961547852
1800.0,0.7099260091781616
1805.0,0.718887984752655
1810.0,0.7237740159034729
1815.0,0.7257689833641052
1820.0,0.7268499732017517
1825.0,0.7261340022087097
1830.0,0.7254850268363953
1835.0,0.724835991859436
1840.0,0.7226939797401428
1845.0,0.719452977180481
1850.0,0.7167410254478455
1855.0,0.7138410210609436
1860.0,0.7098640203475952
1865.0,0.70660799741745
1870.0,0.7040519714355469
1875.0,0.6952109932899475
1880.0,0.6843770146369934
1885.0,0.6765850186347961
1890.0,0.6684020161628723
1895.0,0.6593000292778015
1900.0,0.6521779894828796
1905.0,0.6410319805145264
1910.0,0.6302599906921387
1915.0,0.6208009719848633
1920.0,0.6120659708976746
1925.0,0.6053130030632019
1930.0,0.6012409925460815
1935.0,0.597694993019104
1940.0,0.5951499938964844
1945.0,0.5910999774932861
1950.0,0.5865060091018677
1955.0,0.5810449719429016
1960.0,0.5770350098609924
1965.0,0.5741649866104126
1970.0,0.5761010050773621
1975.0,0.5786200165748596
1980.0,0.5790519714355469
1985.0,0.5760350227355957
1990.0,0.5692920088768005
1995.0,0.5593180060386658
2000.0,0.5480340123176575
2005.0,0.5383399724960327
2009.9999999999998,0.5331060290336609
2015.0000000000002,0.5313829779624939
2020.0,0.533407986164093
2025.0,0.5336470007896423
2029.9999999999998,0.5312399864196777
2035.0000000000002,0.5267900228500366
2040.0,0.5221589803695679
2045.0,0.5178419947624207
2050.0,0.5124679803848267
2055.0,0.5069230198860168
2060.0,0.5025299787521362
2065.0,0.5008599758148193
2070.0,0.5011360049247742
2075.0,0.501899003982544
2080.0,0.5029339790344238
2085.0,0.5012530088424683
2090.0,0.4964759945869446
2095.0,0.4881100058555603
2100.0,0.4772360026836395
2105.0,0.46358245611190796
2110.0,0.4462401866912842
2115.0,0.42214834690093994
2120.0,0.3957729935646057
2125.0,0.3663139045238495
2130.0,0.3476831614971161
2135.0,0.33648407459259033
2140.0,0.32503703236579895
2145.0,0.31562963128089905
2150.0,0.3044171929359436
2155.0,0.28196078538894653
2160.0,0.2735289931297302
2165.0,0.2751197814941406
2170.0,0.2701599895954132
2175.0,0.2799129784107208
2180.0,0.2716025710105896
2185.0,0.27741438150405884
2190.0,0.30466294288635254
2195.0,0.32837972044944763
2200.0,0.36628222465515137
2205.0,0.34146320819854736
2210.0,0.31784242391586304
2215.0,0.3485618233680725
2220.0,0.41496679186820984
2225.0,0.4711076021194458
2230.0,0.499389111995697
2235.0,0.5149862766265869
2240.0,0.5221265554428101
2245.0,0.5278351902961731
2250.0,0.5317492485046387
2255.0,0.530722439289093
2260.0,0.529245138168335
2265.0,0.5281857848167419
2270.0,0.5267589688301086
2275.0,0.526106059551239
2280.0,0.521461009979248
2285.0,0.5198574066162109
2290.0,0.5140615701675415
2295.0,0.5050083994865417
2300.0,0.49397754669189453
2305.0,0.4741910994052887
2310.0,0.440618097782135
2315.0,0.4009840786457062
2320.0,0.3755388557910919
2325.0,0.3756120204925537
2330.0,0.39344826340675354
2335.0,0.415835976600647
2340.0,0.4387739598751068
2345.0,0.4551243484020233
2350.0,0.4639616906642914
2355.0,0.46598875522613525
2360.0,0.4656359851360321
2365.0,0.45873305201530457
2370.0,0.4474561810493469
2375.0,0.4280966520309448
2380.0,0.400263249874115
2385.0,0.3666370213031769
2390.0,0.33522483706474304
2395.0,0.31502461433410645
2400.0,0.3079379200935364
2405.0,0.3060668110847473
2410.0,0.3017975986003876
2415.0,0.2918626666069031
2420.0,0.27566027641296387
2425.0,0.26047348976135254
2430.0,0.24635852873325348
2435.0,0.2426847666501999
2440.0,0.2546757757663727
2445.0,0.26806795597076416
2450.0,0.2718624174594879
2455.0,0.26984137296676636
2460.0,0.25810304284095764
2465.0,0.24327430129051208
2470.0,0.2382449209690094
2475.0,0.24752724170684814
2480.0,0.26191309094429016
2485.0,0.2689717710018158
2490.0,0.25726816058158875
2495.0,0.23543889820575714
2500.0,0.2183544933795929
2505.0,0.19414344429969788
2510.0,0.17028725147247314
2515.0,0.16417096555233002
2520.0,0.1753462255001068
2525.0,0.19965361058712006
2530.0,0.2234937697649002
2531.32,0.2273149937391281
2532.55,0.23063400387763977
2533.7900000000004,0.23302200436592102
2535.0299999999997,0.2348410040140152
2536.27,0.23666399717330933
2537.51,0.23864500224590302
2538.75,0.23993399739265442
2540.0,0.24254700541496277
2541.2400000000002,0.24539999663829803
2542.49,0.24863700568675995
2543.7400000000002,0.251803994178772
2544.99,0.2532700002193451
2546.2400000000002,0.254597008228302
2547.49,0.2567960023880005
2548.74,0.25944799184799194
2549.9900000000002,0.2608959972858429
2551.25,0.2615340054035187
2552.5,0.26155099272727966
2553.76,0.26157599687576294
2555.02,0.2601329982280731
2556.28,0.25793299078941345
2557.54,0.25672298669815063
2558.8,0.25557300448417664
2560.07,0.2547540068626404
2561.33,0.2542720139026642
2562.6000000000004,0.2531610131263733
2563.86,0.25081101059913635
2565.13,0.250654011964798
2566.3999999999996,0.2500140070915222
2567.67,0.250016987323761
2568.9500000000003,0.25193101167678833
2570.22,0.2538529932498932
2571.5,0.2530899941921234
2572.77,0.2520419955253601
2574.05,0.2544879913330078
2575.33,0.25398799777030945
2576.61,0.2529360055923462
2577.89,0.25439199805259705
2579.17,0.25249600410461426
2580.46,0.2511889934539795
2581.74,0.25165000557899475
2583.0299999999997,0.25138598680496216
2584.31,0.25323501229286194
2585.6,0.25382399559020996
2586.89,0.25299501419067383
2588.19,0.25575101375579834
2589.48,0.257515013217926
2590.77,0.2605060040950775
2592.07,0.26384299993515015
2593.36,0.2689580023288727
2594.6600000000003,0.2765820026397705
2595.96,0.28268399834632874
2597.2599999999998,0.2802579998970032
2598.56,0.28191301226615906
2599.8700000000003,0.2856769859790802
2601.17,0.28904199600219727
2602.48,0.2912540137767792
2603.78,0.2919760048389435
2605.09,0.29257500171661377
2606.3999999999996,0.2929080128669739
2607.71,0.28960999846458435
2609.03,0.28850799798965454
2610.3399999999997,0.29029199481010437
2611.6600000000003,0.292620986700058
2612.97,0.2956950068473816
2614.29,0.300603985786438
2615.61,0.3034229874610901
2616.93,0.30838900804519653
2618.25,0.3110570013523102
2619.57,0.30862900614738464
2620.8999999999996,0.31108999252319336
2622.22,0.31186598539352417
2623.5499999999997,0.3098450005054474
2624.88,0.3119269907474518
2626.21,0.31490200757980347
2627.5400000000004,0.3183229863643646
2628.87,0.3171429932117462
2630.21,0.32022199034690857
2631.5400000000004,0.3253290057182312
2632.88,0.3245120048522949
2634.21,0.3259139955043793
2635.5499999999997,0.3291040062904358
2636.8900000000003,0.3298810124397278
2638.2400000000002,0.3322010040283203
2639.58,0.33360201120376587
2640.92,0.3358280062675476
2642.27,0.33723700046539307
2643.62,0.3382749855518341
2644.97,0.33772599697113037
2646.3199999999997,0.3376680016517639
2647.67,0.3337930142879486
2649.02,0.3285920023918152
2650.38,0.3234829902648926
2651.73,0.3192490041255951
2653.09,0.3143010139465332
2654.4500000000003,0.30670198798179626
2655.81,0.2994599938392639
2657.1699999999996,0.2943260073661804
2658.5299999999997,0.2892029881477356
2659.89,0.2879129946231842
2661.2599999999998,0.28458499908447266
2662.63,0.28121599555015564
2664.0,0.27934300899505615
2665.36,0.2809720039367676
2666.74,0.2800939977169037
2668.11,0.2753880023956299
2669.48,0.2708300054073334
2670.8599999999997,0.27278101444244385
2672.23,0.2687849998474121
2673.61,0.26084500551223755
2674.9900000000002,0.25989699363708496
2676.37,0.2595809996128082
2677.76,0.25826799869537354
2679.14,0.2545270025730133
2680.52,0.2533070147037506
2681.91,0.25255200266838074
2683.3,0.2532230019569397
2684.6899999999996,0.2554140090942383
2686.08,0.25657498836517334
2687.47,0.2579840123653412
2688.87,0.25891798734664917
2690.2599999999998,0.2601670026779175
2691.6600000000003,0.2616569995880127
2693.06,0.2644520103931427
2694.46,0.2664949893951416
2695.86,0.2639949917793274
2697.26,0.26031601428985596
2698.66,0.2574009895324707
2700.07,0.25481000542640686
2701.48,0.25273099541664124
2702.89,0.24833300709724426
2704.2999999999997,0.2420250028371811
2705.71,0.23770099878311157
2707.1200000000003,0.23383599519729614
2708.53,0.22924000024795532
2709.9500000000003,0.22547000646591187
2711.37,0.22168800234794617
2712.79,0.21524399518966675
2714.21,0.2071409970521927
2715.63,0.20250900089740753
2717.05,0.19770799577236176
2718.48,0.19289100170135498
2719.9,0.18813300132751465
2721.33,0.1852159947156906
2722.76,0.1774750053882599
2724.19,0.17212800681591034
2725.6200000000003,0.1691170036792755
2727.06,0.1626189947128296
2728.49,0.1583160012960434
2729.93,0.15568800270557404
2731.37,0.1514810025691986
2732.8100000000004,0.14690400660037994
2734.25,0.14305800199508667
2735.69,0.1392109990119934
2737.1400000000003,0.13215799629688263
2738.58,0.12634900212287903
2740.0299999999997,0.1224989965558052
2741.48,0.11569900065660477
2742.93,0.10720899701118469
2744.38,0.10173899680376053
2745.8300000000004,0.09849099814891815
2747.29,0.09556999802589417
2748.75,0.09290099889039993
2750.2,0.09094700217247009
2751.6600000000003,0.08890700340270996
2753.13,0.08723700046539307
2754.5899999999997,0.085098996758461
2756.05,0.08307799696922302
2757.52,0.07789699733257294
2758.99,0.07296700030565262
2760.46,0.06962999701499939
2761.93,0.06665000319480896
2763.3999999999996,0.06363300234079361
2764.8700000000003,0.059358999133110046
2766.35,0.055385999381542206
2767.82,0.052285999059677124
2769.2999999999997,0.049345001578330994
2770.7799999999997,0.04687599837779999
2772.26,0.044537000358104706
2773.75,0.04249599948525429
2775.23,0.040883999317884445
2776.7200000000003,0.03943699970841408
2778.21,0.03794800117611885
2779.7000000000003,0.03700299933552742
2781.19,0.03691700100898743
2782.68,0.03650499880313873
2784.1800000000003,0.0356220006942749
2785.67,0.034619998186826706
2787.17,0.03330399841070175
2788.67,0.03276500105857849
2790.1699999999996,0.031971998512744904
2791.67,0.03099299967288971
2793.18,0.030334999784827232
2794.68,0.03007899969816208
2796.19,0.029155999422073364
2797.7,0.028317999094724655
2799.21,0.027874000370502472
2800.7200000000003,0.02743699960410595
2802.24,0.026983000338077545
2803.75,0.02610900066792965
2805.27,0.02469800040125847
2806.79,0.023661000654101372
2808.31,0.023420000448822975
2809.83,0.023333000019192696
2811.35,0.022756999358534813
2812.8799999999997,0.021692000329494476
2814.41,0.021018000319600105
2815.93,0.021263999864459038
2817.46,0.02070399932563305
2819.0,0.019595999270677567
2820.53,0.01901400089263916
2822.07,0.01822499930858612
2823.6,0.017573000863194466
2825.1400000000003,0.016824999824166298
2826.6800000000003,0.015754999592900276
2828.22,0.014891999773681164
2829.77,0.014325999654829502
2831.3100000000004,0.014390000142157078
2832.86,0.015211000107228756
2834.4100000000003,0.01755799911916256
2835.96,0.02128699980676174
2837.5099999999998,0.026440000161528587
2839.07,0.03192399814724922
2840.62,0.036393001675605774
2842.18,0.038940999656915665
2843.74,0.03939000144600868
2845.2999999999997,0.039069999009370804
2846.86,0.03803100064396858
2848.43,0.03569300100207329
2849.9900000000002,0.03348400071263313
2851.56,0.03159400075674057
2853.13,0.0302910003811121
2854.7,0.031227000057697296
2856.27,0.03632799908518791
2857.85,0.04656999930739403
2859.42,0.061556000262498856
2861.0,0.07964400202035904
2862.58,0.09699399769306183
2864.16,0.10975900292396545
2865.75,0.11601399630308151
2867.33,0.11628200113773346
2868.92,0.11113300174474716
2870.5099999999998,0.10185100138187408
2872.1,0.09118299931287766
2873.69,0.08148699998855591
2875.28,0.07371699810028076
2876.88,0.06805100291967392
2878.48,0.06384400278329849
2880.0699999999997,0.06020300090312958
2881.68,0.05704699829220772
2883.28,0.05427800118923187
2884.88,0.05226200073957443
2886.49,0.05038800090551376
2888.1,0.048399001359939575
2889.71,0.046776000410318375
2891.3199999999997,0.045951999723911285
2892.93,0.04535200074315071
2894.55,0.044877998530864716
2896.16,0.04413300007581711
2897.78,0.04284700006246567
2899.4,0.04207099974155426
2901.03,0.04181300103664398
2902.65,0.04132099822163582
2904.2799999999997,0.04059299826622009
2905.91,0.0399399995803833
2907.54,0.03971799835562706
2909.17,0.03952199965715408
2910.8,0.039753999561071396
2912.44,0.03991200029850006
2914.07,0.03964199870824814
2915.7099999999996,0.03899399936199188
2917.35,0.03838000074028969
2918.99,0.038460999727249146
2920.6400000000003,0.038867998868227005
2922.29,0.03865699842572212
2923.93,0.03818900138139725
2925.58,0.03797199949622154
2927.24,0.03786899894475937
2928.89,0.03781900182366371
2930.55,0.037870001047849655
2932.2,0.03773999959230423
2933.86,0.03752899914979935
2935.52,0.03755500167608261
2937.19,0.036981001496315
2938.85,0.03686099871993065
2940.52,0.03688500076532364
2942.19,0.03689900040626526
2943.86,0.03696700185537338
2945.53,0.03684600070118904
2947.21,0.03685799986124039
2948.88,0.03681400045752525
2950.56,0.03696899861097336
2952.2400000000002,0.037282999604940414
2953.92,0.03711099922657013
2955.61,0.03701600059866905
2957.29,0.0371129997074604
2958.98,0.037324000149965286
2960.67,0.03739500045776367
2962.3599999999997,0.03761399909853935
2964.06,0.03778199851512909
2965.75,0.03763499855995178
2967.45,0.03754099830985069
2969.15,0.037393998354673386
2970.85,0.037411998957395554
2972.55,0.03793400153517723
2974.26,0.03783800080418587
2975.97,0.03784799948334694
2977.68,0.03780699893832207
2979.39,0.03789599984884262
2981.1,0.03833800181746483
2982.8199999999997,0.03888000175356865
2984.5299999999997,0.03916100040078163
2986.25,0.039041001349687576
2987.97,0.03895999863743782
2989.7,0.039096999913454056
2991.42,0.03924600034952164
2993.15,0.03937600180506706
2994.88,0.03990599885582924
2996.61,0.040470998734235764
2998.3399999999997,0.04049399867653847
3000.08,0.04030099883675575
3001.8199999999997,0.040654998272657394
3003.55,0.04088300094008446
3005.3,0.04061499983072281
3007.04,0.040307000279426575
3008.7799999999997,0.0404059998691082
3010.53,0.040261998772621155
3012.28,0.04004399850964546
3014.03,0.040213000029325485
3015.79,0.0405380018055439
3017.54,0.040814001113176346
3019.2999999999997,0.04098299890756607
3021.06,0.041204001754522324
3022.8199999999997,0.04155400022864342
3024.58,0.04174799844622612
3026.35,0.041958998888731
3028.12,0.04219900071620941
3029.89,0.042118001729249954
3031.66,0.042323000729084015
3033.4300000000003,0.042830001562833786
3035.21,0.0427200011909008
3036.99,0.04279699921607971
3038.77,0.04280899837613106
3040.55,0.04284600168466568
3042.3300000000004,0.04273499920964241
3044.12,0.04284600168466568
3045.9100000000003,0.04305800050497055
3047.7,0.04305100068449974
3049.4900000000002,0.0429529994726181
3051.29,0.04285600036382675
3053.08,0.04275599867105484
3054.8799999999997,0.0426350012421608
3056.6800000000003,0.04238300025463104
3058.49,0.04207700118422508
3060.29,0.04226100072264671
3062.1,0.04240500181913376
3063.91,0.042621999979019165
3065.72,0.04280500113964081
3067.54,0.04291500151157379
3069.35,0.04282600060105324
3071.17,0.042897000908851624
3072.99,0.04259699955582619
3074.81,0.04233799874782562
3076.64,0.04265100136399269
3078.47,0.04291800037026405
3080.2900000000004,0.04280000180006027
3082.1299999999997,0.04264400154352188
3083.96,0.04272900149226189
3085.79,0.04292500019073486
3087.6299999999997,0.04303999990224838
3089.47,0.04333699867129326
3091.31,0.04359700158238411
3093.1600000000003,0.043758001178503036
3095.0099999999998,0.043919000774621964
3096.85,0.04446699842810631
3098.71,0.04499400034546852
3100.5600000000004,0.04533199965953827
3102.41,0.04571299999952316
3104.27,0.04618600010871887
3106.1299999999997,0.04672899842262268
3107.9900000000002,0.0471000000834465
3109.8599999999997,0.047439999878406525
3111.73,0.04777799919247627
3113.5899999999997,0.047853000462055206
3115.4700000000003,0.04783099889755249
3117.34,0.04761900007724762
3119.21,0.04736800119280815
3121.09,0.04741499945521355
3122.97,0.04738200083374977
3124.86,0.04741999879479408
3126.74,0.04758400097489357
3128.6299999999997,0.047644998878240585
3130.52,0.04774300009012222
3132.4100000000003,0.04802300035953522
3134.3,0.048319000750780106
3136.2000000000003,0.04875300079584122
3138.1,0.04916999861598015
3140.0,0.04956499859690666
3141.9,0.049998000264167786
3143.8100000000004,0.0505170002579689
3145.7099999999996,0.050641998648643494
3147.62,0.050687000155448914
3149.54,0.050689999014139175
3151.4500000000003,0.0507580004632473
3153.37,0.050981998443603516
3155.29,0.05110900104045868
3157.21,0.05108800157904625
3159.13,0.05136299878358841
3161.06,0.05164400115609169
3162.9900000000002,0.0519150011241436
3164.92,0.05216699838638306
3166.8500000000004,0.052420999854803085
3168.79,0.05252400040626526
3170.7200000000003,0.05262099951505661
3172.67,0.05279700085520744
3174.61,0.05305099859833717
3176.55,0.05354899913072586
3178.5,0.054062001407146454
3180.45,0.05392400175333023
3182.4,0.05407699942588806
3184.3599999999997,0.05455600097775459
3186.3199999999997,0.05473000183701515
3188.27,0.05479799956083298
3190.2400000000002,0.0548739992082119
3192.2000000000003,0.05507899820804596
3194.17,0.05548600107431412
3196.1400000000003,0.05568699911236763
3198.1099999999997,0.05572199821472168
3200.08,0.055966999381780624
3202.06,0.056345999240875244
3204.04,0.056651998311281204
3206.02,0.05640000104904175
3208.0,0.05626700073480606
3209.99,0.056609999388456345
3211.98,0.056582000106573105
3213.9700000000003,0.05677200108766556
3215.96,0.05716399848461151
3217.96,0.057218998670578
3219.96,0.05719900131225586
3221.96,0.05750500038266182
3223.96,0.057858001440763474
3225.97,0.057930998504161835
3227.98,0.057902999222278595
3229.99,0.058136001229286194
3232.0,0.05845300108194351
3234.02,0.0586169995367527
3236.04,0.05890699848532677
3238.06,0.059043001383543015
3240.08,0.05925299972295761
3242.1099999999997,0.059686001390218735
3244.14,0.05992500111460686
3246.17,0.05996000021696091
3248.2000000000003,0.06002400070428848
3250.24,0.06035200133919716
3252.2799999999997,0.060763999819755554
3254.3199999999997,0.061069000512361526
3256.37,0.06098400056362152
3258.41,0.06102599948644638
3260.46,0.06129299849271774
3262.5099999999998,0.06128700077533722
3264.57,0.061409998685121536
3266.63,0.06185099855065346
3268.69,0.06222299858927727
3270.75,0.06238999962806702
3272.8100000000004,0.06249599903821945
3274.88,0.0626399964094162
3276.95,0.06277699768543243
3279.02,0.06309100240468979
3281.1,0.0634159967303276
3283.1800000000003,0.06366299837827682
3285.26,0.06397199630737305
3287.34,0.0641390010714531
3289.43,0.06436300277709961
3291.51,0.06451699882745743
3293.61,0.0644180029630661
3295.7000000000003,0.0644880011677742
3297.8,0.06469900161027908
3299.9,0.0647289976477623
3302.0,0.06481099873781204
3304.1,0.06527300179004669
3306.21,0.0656220018863678
3308.32,0.06592400372028351
3310.4300000000003,0.06619299948215485
3312.5499999999997,0.06620799750089645
3314.66,0.06656599789857864
3316.79,0.06715100258588791
3318.91,0.06739799678325653
3321.0299999999997,0.06763800233602524
3323.1600000000003,0.06790699809789658
3325.29,0.06805700063705444
3327.4300000000003,0.06819500029087067
3329.5699999999997,0.06849399954080582
3331.71,0.06863900274038315
3333.85,0.06884299963712692
3335.99,0.06928800046443939
3338.1400000000003,0.06957700103521347
3340.29,0.07001399993896484
3342.45,0.07045599818229675
3344.6,0.07071200013160706
3346.76,0.07096900045871735
3348.92,0.07131800055503845
3351.09,0.07191599905490875
3353.26,0.07232499867677689
3355.4300000000003,0.07263799756765366
3357.6000000000004,0.07315099984407425
3359.78,0.07375899702310562
3361.96,0.07426799833774567
3364.14,0.07467599958181381
3366.32,0.07514599710702896
3368.51,0.07580599933862686
3370.7,0.07606899738311768
3372.89,0.07646799832582474
3375.09,0.07700099796056747
3377.29,0.07751700282096863
3379.4900000000002,0.0778919979929924
3381.69,0.07823999971151352
3383.9,0.0785449966788292
3386.11,0.0789019986987114
3388.32,0.07916299998760223
3390.54,0.07951699942350388
3392.76,0.0799579992890358
3394.98,0.08028600364923477
3397.21,0.08056599646806717
3399.4300000000003,0.08105599880218506
3401.6600000000003,0.08130999654531479
3403.9,0.08132799714803696
3406.13,0.08172599971294403
3408.3700000000003,0.08232499659061432
3410.61,0.08252900093793869
3412.8599999999997,0.08274099975824356
3415.1099999999997,0.0831419974565506
3417.36,0.0834759995341301
3419.61,0.08410300314426422
3421.8700000000003,0.08482000231742859
3424.13,0.08528400212526321
3426.39,0.08581600338220596
3428.66,0.0863649994134903
3430.93,0.08694799989461899
3433.2,0.08750499784946442
3435.48,0.0880730003118515
3437.7599999999998,0.08886100351810455
3440.0400000000004,0.08949899673461914
3442.32,0.08990299701690674
3444.61,0.09045799821615219
3446.8999999999996,0.09115199744701385
3449.19,0.09168200194835663
3451.4900000000002,0.09224200248718262
3453.79,0.09310799837112427
3456.09,0.09374699741601944
3458.4,0.09425099939107895
3460.7000000000003,0.09479399770498276
3463.0200000000004,0.09508100152015686
3465.33,0.09571299701929092
3467.65,0.09649299830198288
3469.97,0.0969960018992424
3472.29,0.09749999642372131
3474.62,0.09801600128412247
3476.95,0.0984639972448349
3479.2900000000004,0.09895599633455276
3481.62,0.09945700317621231
3483.96,0.1001489982008934
3486.3,0.10074099898338318
3488.6499999999996,0.10143999755382538
3491.0,0.10187999904155731
3493.35,0.1023159995675087
3495.71,0.10287100076675415
3498.0699999999997,0.10339400172233582
3500.4300000000003,0.10417400300502777
3502.79,0.10489500313997269
3505.16,0.10524299740791321
3507.53,0.10571199655532837
3509.9100000000003,0.10642699897289276
3512.29,0.1068900004029274
3514.67,0.10751999914646149
3517.0499999999997,0.10845199972391129
3519.44,0.10911700129508972
3521.83,0.10957100242376328
3524.23,0.10999900102615356
3526.62,0.11065500229597092
3529.02,0.11153999716043472
3531.43,0.11240900307893753
3533.83,0.11315599828958511
3536.24,0.11379200220108032
3538.6600000000003,0.11447799950838089
3541.08,0.11514600366353989
3543.5,0.11571399867534637
3545.92,0.11654700338840485
3548.35,0.11754599958658218
3550.78,0.11816100031137466
3553.21,0.11879400163888931
3555.65,0.119657002389431
3558.09,0.12054800242185593
3560.5299999999997,0.12116000056266785
3562.98,0.12189599871635437
3565.4300000000003,0.12266899645328522
3567.88,0.12331599742174149
3570.3399999999997,0.12399400025606155
3572.8,0.12485700100660324
3575.27,0.1257230043411255
3577.73,0.126691997051239
3580.2000000000003,0.127469003200531
3582.68,0.12817800045013428
3585.1600000000003,0.1290850043296814
3587.64,0.13000500202178955
3590.1200000000003,0.13082300126552582
3592.61,0.13160499930381775
3595.1,0.13230000436306
3597.6,0.1333709955215454
3600.0899999999997,0.13455499708652496
3602.6,0.13552699983119965
3605.1000000000004,0.1362220048904419
3607.61,0.13701699674129486
3610.1200000000003,0.1378840059041977
3612.64,0.13878600299358368
3615.16,0.13979700207710266
3617.68,0.14063499867916107
3620.21,0.141402006149292
3622.74,0.14252400398254395
3625.27,0.14341700077056885
3627.8100000000004,0.1440649926662445
3630.35,0.14493200182914734
3632.8900000000003,0.14593400061130524
3635.44,0.146915003657341
3637.99,0.1478389948606491
3640.54,0.14861799776554108
3643.1,0.1494230031967163
3645.66,0.1502940058708191
3648.23,0.15113399922847748
3650.7999999999997,0.15196099877357483
3653.37,0.1527950018644333
3655.95,0.15360499918460846
3658.5299999999997,0.15439599752426147
3661.1099999999997,0.15519499778747559
3663.7,0.15593600273132324
3666.29,0.15656700730323792
3668.8900000000003,0.15734800696372986
3671.48,0.15803100168704987
3674.09,0.1587669998407364
3676.6899999999996,0.15956099331378937
3679.3,0.16051800549030304
3681.91,0.16126799583435059
3684.53,0.16200600564479828
3687.15,0.16287100315093994
3689.7799999999997,0.1636890023946762
3692.4,0.16438299417495728
3695.04,0.16519899666309357
3697.67,0.16603399813175201
3700.31,0.16718299686908722
3702.95,0.16820000112056732
3705.6,0.1689939945936203
3708.25,0.17000199854373932
3710.9100000000003,0.17103900015354156
3713.5600000000004,0.17184199392795563
3716.23,0.17257699370384216
3718.89,0.17356500029563904
3721.5600000000004,0.17460499703884125
3724.23,0.17541800439357758
3726.9100000000003,0.17608100175857544
3729.59,0.1769530028104782
3732.2799999999997,0.17791099846363068
3734.9700000000003,0.1786240041255951
3737.66,0.17950500547885895
3740.36,0.1802700012922287
3743.06,0.1810380071401596
3745.76,0.18172000348567963
3748.4700000000003,0.18251200020313263
3751.1800000000003,0.18339599668979645
3753.8999999999996,0.18427500128746033
3756.62,0.1849839985370636
3759.3399999999997,0.1857520043849945
3762.07,0.18652799725532532
3764.8,0.18724599480628967
3767.54,0.18788500130176544
3770.28,0.18855300545692444
3773.02,0.18908800184726715
3775.77,0.1897590011358261
3778.52,0.19059500098228455
3781.28,0.19117200374603271
3784.04,0.1917629987001419
3786.7999999999997,0.19247500598430634
3789.5699999999997,0.19297899305820465
3792.3399999999997,0.19368000328540802
3795.12,0.19432899355888367
3797.8999999999996,0.19472800195217133
3800.69,0.19510699808597565
3803.47,0.1956309974193573
3806.27,0.19619299471378326
3809.06,0.19678199291229248
3811.8599999999997,0.19700799882411957
3814.67,0.19737400114536285
3817.48,0.1978980004787445
3820.29,0.1982329934835434
3823.1099999999997,0.19840799272060394
3825.93,0.1987909972667694
3828.7599999999998,0.19927799701690674
3831.5899999999997,0.1996060013771057
3834.42,0.1998240053653717
3837.26,0.20021000504493713
3840.1,0.20029400289058685
3842.9500000000003,0.2003439962863922
3845.8,0.20046399533748627
3848.65,0.20060299336910248
3851.51,0.20058099925518036
3854.38,0.20029200613498688
3857.24,0.19981800019741058
3860.1200000000003,0.19905200600624084
3862.99,0.19771599769592285
3865.8700000000003,0.1953520029783249
3868.7599999999998,0.19162799417972565
3871.6499999999996,0.18814000487327576
3874.54,0.1876700073480606
3877.44,0.19085299968719482
3880.3399999999997,0.19488400220870972
3883.25,0.19770699739456177
3886.16,0.19955100119113922
3889.0699999999997,0.20088399946689606
3891.99,0.2015720009803772
3894.92,0.20207899808883667
3897.85,0.20235100388526917
3900.78,0.20243600010871887
3903.72,0.20264700055122375
3906.66,0.20288099348545074
3909.6000000000004,0.20273199677467346
3912.55,0.20264500379562378
3915.5099999999998,0.20268000662326813
3918.4700000000003,0.20254500210285187
3921.43,0.2024250030517578
3924.4,0.20230400562286377
3927.3799999999997,0.20216700434684753
3930.35,0.20223799347877502
3933.3300000000004,0.2020149976015091
3936.3199999999997,0.20181599259376526
3939.31,0.201665997505188
3942.31,0.20156900584697723
3945.31,0.2015250027179718
3948.3100000000004,0.20141899585723877
3951.32,0.20115600526332855
3954.34,0.2009589970111847
3957.35,0.2009509950876236
3960.3799999999997,0.20077599585056305
3963.4100000000003,0.2003909945487976
3966.44,0.20018599927425385
3969.48,0.19998699426651
3972.52,0.19977299869060516
3975.5600000000004,0.19951799511909485
3978.61,0.1991029977798462
3981.6699999999996,0.19867199659347534
3984.73,0.19851000607013702
3987.8,0.19833800196647644
3990.8700000000003,0.19793100655078888
3993.9399999999996,0.19766999781131744
3997.02,0.19735600054264069
4000.1,0.19686900079250336
4003.19,0.19643400609493256
4006.29,0.1960259974002838
4009.39,0.1955769956111908
4012.49,0.19501900672912598
4015.6,0.19450899958610535
4018.7099999999996,0.19399599730968475
4021.8299999999995,0.1935189962387085
4024.9499999999994,0.1929820030927658
4028.08,0.19242599606513977
4031.2099999999996,0.19166399538516998
4034.35,0.19099600613117218
4037.4900000000002,0.1902640014886856
4040.64,0.1894949972629547
4043.7900000000004,0.18864700198173523
4046.94,0.18789300322532654
4050.11,0.18712599575519562
4053.2700000000004,0.1861560046672821
4056.44,0.1853410005569458
4059.62,0.1846179962158203
4062.8,0.18366800248622894
4065.9900000000002,0.1826229989528656
4069.1800000000003,0.1817609965801239
4072.38,0.18099600076675415
4075.5800000000004,0.17988699674606323
4078.78,0.17891700565814972
4082.0,0.17824499309062958
4085.21,0.1777469962835312
4088.43,0.1770150065422058
4091.66,0.17637300491333008
4094.8900000000003,0.17575900256633759
4098.13,0.17516599595546722
4101.37,0.17469200491905212
4104.62,0.17420800030231476
4107.87,0.17364899814128876
4111.13,0.1731249988079071
4114.39,0.17238600552082062
4117.66,0.17172500491142273
4120.93,0.17129600048065186
4124.21,0.17079900205135345
4127.5,0.1701360046863556
4130.79,0.16964100301265717
4134.08,0.16910900175571442
4137.38,0.16869300603866577
4140.679999999999,0.16832199692726135
4143.99,0.16804100573062897
4147.31,0.16785700619220734
4150.629999999999,0.16785399615764618
4153.95,0.16784200072288513
4157.29,0.1679619997739792
4160.62,0.16820299625396729
4163.96,0.16856099665164948
4167.3099999999995,0.16893300414085388
4170.66,0.16931599378585815
4174.0199999999995,0.16958500444889069
4177.39,0.16964200139045715
4180.75,0.16943900287151337
4184.13,0.16936300694942474
4187.509999999999,0.16911299526691437
4190.889999999999,0.1686680018901825
4194.28,0.16808000206947327
4197.68,0.16761399805545807
4201.08,0.1669819951057434
4204.49,0.16637200117111206
4207.900000000001,0.16581200063228607
4211.32,0.16508199274539948
4214.74,0.16423900425434113
4218.17,0.16321299970149994
4221.61,0.16189299523830414
4225.05,0.1602810025215149
4228.5,0.15841099619865417
4231.950000000001,0.15660500526428223
4235.400000000001,0.15458199381828308
4238.870000000001,0.15243199467658997
4242.34,0.15028199553489685
4245.8099999999995,0.1482049971818924
4249.29,0.14619000256061554
4252.78,0.14444300532341003
4256.2699999999995,0.1428000032901764
4259.7699999999995,0.1413850039243698
4263.27,0.1399720013141632
4266.78,0.13841299712657928
4270.29,0.1368750035762787
4273.81,0.13534300029277802
4277.34,0.13390499353408813
4280.87,0.1326099932193756
4284.41,0.13144999742507935
4287.950000000001,0.13036899268627167
4291.5,0.1291089951992035
4295.06,0.1278430074453354
4298.62,0.1266469955444336
4302.1900000000005,0.1255369931459427
4305.76,0.12407200038433075
4309.34,0.12217199802398682
4312.92,0.11969800293445587
4316.5199999999995,0.1170319989323616
4320.11,0.11380399763584137
4323.719999999999,0.11016900092363358
4327.320000000001,0.10629799962043762
4330.94,0.1023550033569336
4334.5599999999995,0.0984560027718544
4338.19,0.09514699876308441
4341.820000000001,0.09220699965953827
4345.46,0.08980199694633484
4349.11,0.08776800334453583
4352.76,0.08615600317716599
4356.42,0.08471900224685669
4360.08,0.08358500152826309
4363.75,0.08268699795007706
4367.429999999999,0.08197300136089325
4371.11,0.08145099878311157
4374.799999999999,0.0810990035533905
4378.49,0.08085399866104126
4382.19,0.08109699934720993
4385.900000000001,0.08168800175189972
4389.610000000001,0.08247099816799164
4393.33,0.08321300148963928
4397.0599999999995,0.08406200259923935
4400.79,0.08479999750852585
4404.530000000001,0.08553499728441238
4408.280000000001,0.08610700070858002
4412.03,0.08633899688720703
4415.79,0.08620300143957138
4419.55,0.08591999858617783
4423.320000000001,0.0853630006313324
4427.1,0.08466300368309021
4430.88,0.08367600291967392
4434.68,0.08256100118160248
4438.469999999999,0.08155199885368347
4442.280000000001,0.08051399886608124
4446.08,0.07961399853229523
4449.900000000001,0.0789790004491806
4453.719999999999,0.07827799767255783
4457.55,0.07765699923038483
4461.389999999999,0.07706300169229507
4465.2300000000005,0.0764089971780777
4469.08,0.07585799694061279
4472.9400000000005,0.07535099983215332
4476.8,0.07461900264024734
4480.67,0.07353799790143967
4484.549999999999,0.07237599790096283
4488.43,0.07134199887514114
4492.320000000001,0.07022199779748917
4496.21,0.06908900290727615
4500.12,0.0682850033044815
4504.030000000001,0.06802699714899063
4507.94,0.06813099980354309
4511.87,0.06838800013065338
4515.799999999999,0.06863199919462204
4519.7300000000005,0.06896299868822098
4523.679999999999,0.06913799792528152
4527.63,0.06929600238800049
4531.589999999999,0.06943599879741669
4535.55,0.06937500089406967
4539.52,0.0689689964056015
4543.5,0.06843700259923935
4547.49,0.06787499785423279
4551.48,0.06728000193834305
4555.4800000000005,0.06669499725103378
4559.490000000001,0.06631000339984894
4563.5,0.06571900099515915
4567.52,0.06520300358533859
4571.55,0.06467899680137634
4575.580000000001,0.06374099850654602
4579.63,0.062488000839948654
4583.67,0.06106099858880043
4587.73,0.059393998235464096
4591.79,0.05802299827337265
4595.86,0.05710899829864502
4599.9400000000005,0.05663200095295906
4604.03,0.056768998503685
4608.120000000001,0.05757499858736992
4612.219999999999,0.05860000103712082
4616.33,0.059811998158693314
4620.4400000000005,0.06125500053167343
4624.5599999999995,0.0627719983458519
4628.69,0.06432799994945526
4632.83,0.06580399721860886
4636.97,0.0672990009188652
4641.12,0.06937199831008911
4645.28,0.07174800336360931
4649.45,0.07414499670267105
4653.62,0.07676699757575989
4657.8,0.07958900183439255
4661.990000000001,0.08199100196361542
4666.1900000000005,0.083467997610569
4670.39,0.08366599678993225
4674.599999999999,0.08300399780273438
4678.82,0.08189599961042404
4683.049999999999,0.0809980034828186
4687.280000000001,0.08036399632692337
4691.5199999999995,0.0799579992890358
4695.77,0.07956799864768982
4700.03,0.07895500212907791
4704.3,0.07819399982690811
4708.57,0.07751400023698807
4712.85,0.07670799642801285
4717.139999999999,0.07562199980020523
4721.429999999999,0.07426699995994568
4725.74,0.07294400036334991
4730.05,0.0716949999332428
4734.37,0.07100699841976166
4738.7,0.07134100049734116
4743.03,0.07314799726009369
4747.38,0.07640600204467773
4751.7300000000005,0.08091200143098831
4756.09,0.08652299642562866
4760.45,0.09314599633216858
4764.83,0.10069700330495834
4769.21,0.10941299796104431
4773.6,0.1195560023188591
4778.0,0.1315319985151291
4782.41,0.14500899612903595
4786.83,0.15925799310207367
4791.25,0.17276500165462494
4795.68,0.18498200178146362
4800.13,0.195592999458313
4804.57,0.20466899871826172
4809.03,0.21222800016403198
4813.5,0.21851499378681183
4817.97,0.22362400591373444
4822.45,0.2280060052871704
4826.94,0.23099499940872192
4831.44,0.23240700364112854
4835.950000000001,0.23195800185203552
4840.46,0.22957199811935425
4844.99,0.22539900243282318
4849.52,0.22103999555110931
4854.0599999999995,0.2185939997434616
4858.61,0.22008800506591797
4863.17,0.22569499909877777
4867.73,0.23449000716209412
4872.3099999999995,0.24368299543857574
4876.89,0.2513650059700012
4881.48,0.2564460039138794
4886.08,0.2594980001449585
4890.6900000000005,0.2627680003643036
4895.31,0.26834800839424133
4899.94,0.2753539979457855
4904.57,0.282368004322052
4909.22,0.28828299045562744
4913.87,0.2934739887714386
4918.53,0.2980149984359741
4923.21,0.3021259903907776
4927.88,0.3055639863014221
4932.57,0.30876100063323975
4937.2699999999995,0.3114530146121979
4941.9800000000005,0.3139230012893677
4946.6900000000005,0.3162060081958771
4951.42,0.3184640109539032
4956.15,0.3203510046005249
4960.9,0.3220230042934418
4965.650000000001,0.32333698868751526
4970.41,0.3246229887008667
4975.18,0.3255710005760193
4979.96,0.3264620006084442
4984.75,0.32725098729133606
4989.54,0.3282549977302551
4994.349999999999,0.3291279971599579
4999.17,0.33013400435447693
5003.99,0.330953985452652
5008.83,0.3317730128765106
5013.67,0.33229801058769226
5018.5199999999995,0.33306801319122314
5023.39,0.33373698592185974
5028.26,0.33405300974845886
5033.14,0.3343380093574524
5038.03,0.33479100465774536
5042.93,0.3349210023880005
5047.84,0.3352069854736328
5052.76,0.3352870047092438
5057.69,0.3355030119419098
5062.63,0.3354859948158264
5067.580000000001,0.33540600538253784
5072.54,0.3351840078830719
5077.51,0.33513501286506653
5082.49,0.33487001061439514
5087.469999999999,0.33470699191093445
5092.469999999999,0.3342759907245636
5097.48,0.3340969979763031
5102.5,0.33368098735809326
5107.52,0.3333120048046112
5112.56,0.33265799283981323
5117.61,0.3323589861392975
5122.66,0.3319610059261322
5127.73,0.33164700865745544
5132.81,0.3311850130558014
5137.889999999999,0.3308570086956024
5142.99,0.33028799295425415
5148.1,0.32997798919677734
5153.22,0.329475998878479
5158.34,0.3286150097846985
5163.48,0.32803601026535034
5168.63,0.3275989890098572
5173.79,0.32709801197052
5178.96,0.326898992061615
5184.13,0.32649099826812744
5189.320000000001,0.32635000348091125
5194.5199999999995,0.3261129856109619
5199.73,0.3260990083217621
5204.96,0.3259209990501404
5210.19,0.32569700479507446
5215.429999999999,0.3261289894580841
5220.679999999999,0.3258320093154907
5225.94,0.32505398988723755
5231.22,0.3249410092830658
5236.5,0.3246369957923889
5241.79,0.32436200976371765
5247.099999999999,0.32346901297569275
5252.42,0.32279399037361145
5257.74,0.32207998633384705
5263.080000000001,0.321262001991272
5268.43,0.32022398710250854
5273.79,0.31940099596977234
5279.16,0.31845301389694214
5284.54,0.3173980116844177
5289.93,0.31632000207901
5295.34,0.31584200263023376
5300.75,0.3145259916782379
5306.18,0.3135949969291687
5311.61,0.3127889931201935
5317.0599999999995,0.3122609853744507
5322.5199999999995,0.3115389943122864
5327.99,0.31095001101493835
5333.47,0.3104659914970398
5338.96,0.31022199988365173
5344.47,0.3097679913043976
5349.9800000000005,0.3101089894771576
5355.51,0.3100470006465912
5361.049999999999,0.3090969920158386
5366.6,0.30844199657440186
5372.16,0.3081049919128418
5377.73,0.3076539933681488
5383.320000000001,0.30707401037216187
5388.91,0.30636999011039734
5394.52,0.305743008852005
5400.14,0.30483001470565796
5405.77,0.30372199416160583
5411.41,0.3025529980659485
5417.07,0.3012470006942749
5422.74,0.3003140091896057
5428.410000000001,0.29833999276161194
5434.1,0.2947689890861511
5439.8099999999995,0.2926410138607025
5445.52,0.2900870144367218
5451.25,0.2872689962387085
5456.98,0.2840549945831299
5462.73,0.2812049984931946
5468.5,0.27802199125289917
5474.2699999999995,0.27348700165748596
5480.0599999999995,0.26978498697280884
5485.86,0.26607000827789307
5491.67,0.2616859972476959
5497.49,0.25845998525619507
5503.33,0.2551789879798889
5509.179999999999,0.2521759867668152
5515.04,0.24932999908924103
5520.91,0.24744200706481934
5526.799999999999,0.2455260008573532
5532.69,0.24365200102329254
5538.610000000001,0.2418610006570816
5544.53,0.24069499969482422
5550.469999999999,0.2395939975976944
5556.41,0.23882600665092468
5562.38,0.23759500682353973
5568.349999999999,0.2367430031299591
5574.34,0.23608599603176117
5580.339999999999,0.23624299466609955
5586.35,0.23510800302028656
5592.38,0.2335119992494583
5598.42,0.23283499479293823
5604.47,0.23262399435043335
5610.54,0.23169000446796417
5616.61,0.23115700483322144
5622.71,0.23036600649356842
5628.8099999999995,0.22929300367832184
5634.929999999999,0.2283789962530136
5641.06,0.22799000144004822
5647.21,0.22703200578689575
5653.360000000001,0.2242099940776825
5659.54,0.22223900258541107
5665.72,0.21997399628162384
5671.92,0.21820099651813507
5678.13,0.2173900008201599
5684.36,0.21514199674129486
5690.599999999999,0.21341300010681152
5696.85,0.21235699951648712
5703.12,0.21047799289226532
5709.4,0.20951999723911285
5715.6900000000005,0.208515003323555
5722.0,0.20620299875736237
5728.33,0.20430000126361847
5734.66,0.20215000212192535
5741.01,0.2003220021724701
5747.38,0.1982019990682602
5753.76,0.19630099833011627
5760.150000000001,0.19318099319934845
5766.56,0.1925169974565506
5772.98,0.19018499553203583
5779.410000000001,0.18582400679588318
5785.86,0.18347899615764618
5792.33,0.18081000447273254
5798.8099999999995,0.17782700061798096
5805.3,0.17507900297641754
5811.81,0.1718589961528778
5818.33,0.1696069985628128
5824.87,0.16753700375556946
5831.419999999999,0.16348299384117126
5837.99,0.15911699831485748
5844.57,0.1553419977426529
5851.17,0.15185999870300293
5857.78,0.1484690010547638
5864.410000000001,0.1448729932308197
5871.05,0.1405699998140335
5877.7,0.13650000095367432
5884.38,0.13406899571418762
5891.06,0.12713800370693207
5897.76,0.12257000058889389
5904.4800000000005,0.11729399859905243
5911.21,0.11191199719905853
5917.96,0.1096080020070076
5924.7300000000005,0.10756000131368637
5931.5,0.10584799945354462
5938.3,0.10542500019073486
5945.11,0.10390699654817581
5951.93,0.10219399631023407
5958.78,0.1019819974899292
5965.63,0.10171999782323837
5972.51,0.10193599760532379
5979.39,0.10100799798965454
5986.3,0.10057900100946426
5993.22,0.10061399638652802
6000.16,0.09958700090646744
6007.11,0.09843499958515167
6014.08,0.09792499989271164
6021.06,0.0970500037074089
6028.06,0.09579499810934067
6035.08,0.09486299753189087
6042.12,0.09414499998092651
6049.17,0.09451700001955032
6056.2300000000005,0.09348899871110916
6063.32,0.09073500335216522
6070.42,0.09075000137090683
6077.530000000001,0.09073299914598465
6084.67,0.08966899663209915
6091.820000000001,0.08914399892091751
6098.9800000000005,0.08937899768352509
6106.17,0.08954399824142456
6113.37,0.09037599712610245
6120.58,0.09077700227499008
6127.82,0.09015599638223648
6135.07,0.09053000062704086
6142.34,0.09152399748563766
6149.63,0.09241099655628204
6156.93,0.0931989997625351
6164.25,0.09428899735212326
6171.59,0.09507100284099579
6178.950000000001,0.09615500271320343
6186.320000000001,0.09810999780893326
6193.71,0.09942200034856796
6201.120000000001,0.1002039983868599
6208.54,0.10174299776554108
6215.99,0.10327500104904175
6223.45,0.10466600209474564
6230.93,0.10597600042819977
6238.43,0.10729700326919556
6245.95,0.10843899846076965
6253.48,0.10940899699926376
6261.03,0.11025699973106384
6268.6,0.1109820008277893
6276.19,0.11158400028944016
6283.8,0.111845001578331
6291.43,0.1120079979300499
6299.070000000001,0.11221999675035477
6306.73,0.11245600134134293
6314.42,0.11274000257253647
6322.12,0.11301100254058838
6329.84,0.11344899982213974
6337.570000000001,0.11408799886703491
6345.33,0.11520499736070633
6353.11,0.11554200202226639
6360.9,0.11513199657201767
6368.719999999999,0.11621800065040588
6376.55,0.11744800209999084
6384.400000000001,0.11774999648332596
6392.2699999999995,0.11866199970245361
6400.17,0.1200449988245964
6408.08,0.12168200314044952
6416.01,0.12463600188493729
6423.96,0.12512099742889404
6431.93,0.12434899806976318
6439.92,0.1250690072774887
6447.93,0.12506000697612762
6455.96,0.12529699504375458
6464.01,0.12479899823665619
6472.08,0.1242540031671524
6480.17,0.12375599890947342
6488.28,0.1232369989156723
6496.41,0.12302300333976746
6504.5599999999995,0.12069399654865265
6512.7300000000005,0.11816299706697464
6520.92,0.11757499724626541
6529.14,0.11594200134277344
6537.37,0.11313100159168243
6545.63,0.11136399954557419
6553.9,0.1095149964094162
6562.2,0.10728800296783447
6570.509999999999,0.10533200204372406
6578.85,0.10352399945259094
6587.21,0.10055600106716156
6595.589999999999,0.09890100359916687
6603.99,0.09712199866771698
6612.42,0.09542299807071686
6620.860000000001,0.09434200078248978
6629.330000000001,0.09348999708890915
6637.82,0.09353599697351456
6646.33,0.09219799935817719
6654.860000000001,0.0894870012998581
6663.41,0.08826000243425369
6671.99,0.08754599839448929
6680.589999999999,0.08651900291442871
6689.21,0.08499100059270859
6697.849999999999,0.08294200152158737
6706.509999999999,0.08186999708414078
6715.200000000001,0.081045001745224
6723.91,0.07973399758338928
6732.64,0.07840699702501297
6741.4,0.07728800177574158
6750.18,0.0766260027885437
6758.9800000000005,0.07617200165987015
6767.8,0.07573900371789932
6776.65,0.07574799656867981
6785.52,0.07590600103139877
6794.41,0.07629600167274475
6803.33,0.07599899917840958
6812.2699999999995,0.07591400295495987
6821.23,0.07652399688959122
6830.219999999999,0.0772709995508194
6839.23,0.07753799855709076
6848.26,0.07787500321865082
6857.32,0.07872100174427032
6866.4,0.0796319991350174
6875.51,0.07916700094938278
6884.64,0.07853999733924866
6893.799999999999,0.07855100184679031
6902.9800000000005,0.07812599837779999
6912.18,0.07751999795436859
6921.41,0.0765179991722107
6930.66,0.07575099915266037
6939.94,0.07492999732494354
6949.24,0.07413800060749054
6958.57,0.07363999634981155
6967.92,0.07283300161361694
6977.299999999999,0.07120999693870544
6986.7,0.07035599648952484
6996.13,0.06956300139427185
7005.59,0.0687519982457161
7015.07,0.06820899993181229
7024.57,0.0679669976234436
7034.099999999999,0.06773699820041656
7043.66,0.06794500350952148
7053.25,0.06843800097703934
7062.85,0.06838800013065338
7072.49,0.06862200051546097
7082.150000000001,0.06912600249052048
7091.84,0.06984099745750427
7101.549999999999,0.07042399793863297
7111.3,0.07113900035619736
7121.0599999999995,0.07173100113868713
7130.860000000001,0.07214699685573578
7140.679999999999,0.072564996778965
7150.53,0.07290299981832504
7160.41,0.07268600165843964
7170.3099999999995,0.07258599996566772
7180.240000000001,0.0723629966378212
7190.2,0.07180699706077576
7200.1900000000005,0.07159599661827087
7210.200000000001,0.07127899676561356
7220.240000000001,0.07046599686145782
7230.31,0.06958899646997452
7240.41,0.06896600127220154
7250.54,0.06813900172710419
7260.6900000000005,0.06711400300264359
7270.88,0.06612099707126617
7281.09,0.0652410015463829
7291.33,0.06390900164842606
7301.599999999999,0.06269600242376328
7311.9,0.06174299865961075
7322.219999999999,0.06072000041604042
7332.58,0.05992100015282631
7342.97,0.05910399928689003
7353.379999999999,0.05797199904918671
7363.83,0.05694200098514557
7374.3,0.05580199882388115
7384.8099999999995,0.054255999624729156
7395.34,0.052411999553442
7405.910000000001,0.05048099905252457
7416.5,0.0484980009496212
7427.13,0.04633599892258644
7437.78,0.04417699947953224
7448.47,0.04200899973511696
7459.1900000000005,0.04002000018954277
7469.9400000000005,0.03816299885511398
7480.71,0.036219000816345215
7491.52,0.034474000334739685
7502.37,0.033048998564481735
7513.24,0.03179299831390381
7524.14,0.030951999127864838
7535.08,0.03024899959564209
7546.05,0.029771000146865845
7557.05,0.02928300015628338
7568.08,0.02879600040614605
7579.150000000001,0.028473999351263046
7590.24,0.02855299971997738
7601.37,0.028860000893473625
7612.53,0.029666999354958534
7623.7300000000005,0.030983999371528625
7634.96,0.03285599872469902
7646.219999999999,0.03551299870014191
7657.51,0.03903000056743622
7668.84,0.04312799870967865
7680.2,0.04780999943614006
7691.59,0.053116001188755035
7703.02,0.0592069998383522
7714.49,0.06594700366258621
7725.98,0.07307600229978561
7737.5199999999995,0.08043699711561203
7749.08,0.08803699910640717
7760.679999999999,0.09564799815416336
7772.32,0.10287100076675415
7783.99,0.10931500047445297
7795.69,0.11474999785423279
7807.43,0.11904799938201904
7819.21,0.12187500298023224
7831.0199999999995,0.12317900359630585
7842.87,0.12319300323724747
7854.75,0.12202099710702896
7866.67,0.12008299678564072
7878.62,0.11804699897766113
7890.62,0.11572100222110748
7902.64,0.11320000141859055
7914.71,0.11058200150728226
7926.8099999999995,0.10786899924278259
7938.95,0.10505100339651108
7951.13,0.1019589975476265
7963.339999999999,0.09872999787330627
7975.59,0.09536799788475037
7987.879999999999,0.09186600148677826
8000.209999999999,0.08842399716377258
8012.570000000001,0.08513499796390533
8024.98,0.08182299882173538
8037.419999999999,0.07886700332164764
8049.899999999999,0.07634499669075012
8062.419999999999,0.07405900210142136
8074.9800000000005,0.07186499983072281
8087.57,0.06990599632263184
8100.210000000001,0.06825900077819824
8112.89,0.06707499921321869
8125.6,0.06633699685335159
8138.360000000001,0.06591500341892242
8151.160000000001,0.06547799706459045
8163.99,0.0652410015463829
8176.869999999999,0.06543400138616562
8189.79,0.0658859983086586
8202.75,0.06665399670600891
8215.75,0.0678040012717247
8228.79,0.0692249983549118
8241.87,0.07097099721431732
8254.99,0.07312600314617157
8268.16,0.07587599754333496
8281.37,0.07918299734592438
8294.62,0.08284900337457657
8307.91,0.08691199868917465
8321.24,0.09148799628019333
8334.619999999999,0.09648600220680237
8348.039999999999,0.10188300162553787
8361.51,0.10784199833869934
8375.019999999999,0.11465299874544144
8388.57,0.12202200293540955
8402.16,0.129721000790596
8415.800000000001,0.1380009949207306
8429.49,0.14686299860477448
8443.22,0.1562809944152832
8456.99,0.16652999818325043
8470.81,0.17818400263786316
8484.67,0.1913509964942932
8498.58,0.20649699866771698
8512.539999999999,0.22380900382995605
8526.54,0.24335500597953796
8540.58,0.26420900225639343
8554.68,0.28531500697135925
8568.82,0.30421900749206543
8583.0,0.3180049955844879
8597.24,0.32285499572753906
8611.52,0.3151969909667969
8625.85,0.2913840115070343
8640.230000000001,0.25697198510169983
8654.65,0.2310589998960495
8669.119999999999,0.22910499572753906
8683.640000000001,0.24558499455451965
8698.21,0.26744699478149414
8712.83,0.2872070074081421
8727.5,0.30341801047325134
8742.22,0.3165459930896759
8756.99,0.3276509940624237
8771.800000000001,0.3366349935531616
8786.67,0.34421300888061523
8801.589999999998,0.3505510091781616
8816.560000000001,0.35593199729919434
8831.58,0.36030399799346924
8846.65,0.3645769953727722
8861.77,0.3685159981250763
8876.939999999999,0.3723439872264862
8892.17,0.3755689859390259
8907.45,0.3786979913711548
8922.779999999999,0.3814789950847626
8938.16,0.38391101360321045
8953.6,0.38565999269485474
8969.09,0.3873380124568939
8984.640000000001,0.3882730007171631
9000.23,0.3885509967803955
9015.890000000001,0.38811999559402466
9031.59,0.387347012758255
9047.359999999999,0.3860200047492981
9063.17,0.38491299748420715
9079.050000000001,0.38345998525619507
9094.97,0.38206198811531067
9110.960000000001,0.38051000237464905
9127.0,0.3788749873638153
9143.1,0.37706100940704346
9159.25,0.3753319978713989
9175.46,0.3730570077896118
9191.73,0.3706679940223694
9208.06,0.3676390051841736
9224.439999999999,0.3640030026435852
9240.880000000001,0.3591890037059784
9257.38,0.35374701023101807
9273.94,0.3468729853630066
9290.56,0.33789700269699097
9307.24,0.325747013092041
9323.980000000001,0.3094959855079651
9340.78,0.287104994058609
9357.64,0.25986701250076294
9374.57,0.2326360046863556
9391.550000000001,0.20966599881649017
9408.59,0.19111500680446625
9425.7,0.17637300491333008
9442.869999999999,0.16472500562667847
9460.1,0.15522199869155884
9477.4,0.1472170054912567
9494.75,0.14024999737739563
9512.17,0.1340859979391098
9529.66,0.12846200168132782
9547.21,0.12330199778079987
9564.83,0.11866699904203415
9582.5,0.11450699716806412
9600.25,0.11053700000047684
9618.06,0.1066960021853447
9635.94,0.1030149981379509
9653.88,0.09934400022029877
9671.89,0.09595400094985962
9689.970000000001,0.09440000355243683
9708.119999999999,0.09942200034856796
9726.33,0.11431699991226196
9744.619999999999,0.12959299981594086
9762.97,0.13202600181102753
9781.39,0.12283100187778473
9799.88,0.11202199757099152
9818.44,0.10482800006866455
9837.070000000002,0.10015100240707397
9855.77,0.09702900052070618
9874.539999999999,0.09474100172519684
9893.39,0.09302700310945511
9912.3,0.0917849987745285
9931.29,0.09052799642086029
9950.36,0.08932700008153915
9969.49,0.08851800113916397
9988.699999999999,0.08806099742650986
10007.98,0.08774399757385254
10027.34,0.08731699734926224
10046.77,0.0866980031132698
10066.28,0.08616799861192703
10085.869999999999,0.08581899851560593
10105.53,0.08544199913740158
10125.26,0.08501899987459183
10145.08,0.08466599881649017
10164.970000000001,0.08428200334310532
10184.939999999999,0.08381500095129013
10204.99,0.08355800062417984
10225.12,0.08352299779653549
10245.33,0.08383599668741226
10265.61,0.08427499979734421
10285.98,0.08454199880361557
10306.43,0.0848350003361702
10326.96,0.08531499654054642
10347.57,0.08532699942588806
10368.27,0.08508799970149994
10389.05,0.08506300300359726
10409.91,0.08501400053501129
10430.859999999999,0.08475899696350098
10451.88,0.08439300209283829
10473.0,0.08383399993181229
10494.199999999999,0.08327700197696686
10515.49,0.082676000893116
10536.86,0.08224000036716461
10558.32,0.08186499774456024
10579.869999999999,0.08133800327777863
10601.5,0.08106999844312668
10623.23,0.08097100257873535
10645.039999999999,0.08082199841737747
10666.94,0.08055300265550613
10688.94,0.08036399632692337
10711.02,0.08023600280284882
10733.2,0.07985500246286392
10755.470000000001,0.07940299808979034
10777.83,0.07886199653148651
10800.28,0.0781330019235611
10822.83,0.07745199650526047
10845.470000000001,0.07680299878120422
10868.21,0.07599899917840958
10891.04,0.0749880000948906
10913.970000000001,0.07421600073575974
10936.99,0.07360900193452835
10960.119999999999,0.0727740004658699
10983.34,0.07184699922800064
11006.66,0.07098700106143951
11030.07,0.07003100216388702
11053.59,0.06916400045156479
11077.21,0.06849899888038635
11100.93,0.06806900352239609
11124.75,0.06763999909162521
11148.68,0.06693799793720245
11172.710000000001,0.06650499999523163
11196.84,0.06622199714183807
11221.07,0.06579899787902832
11245.41,0.06547000259160995
11269.859999999999,0.06517700105905533
11294.41,0.06486699730157852
11319.07,0.06473200023174286
11343.84,0.06486000120639801
11368.72,0.06522099673748016
11393.7,0.0658160001039505
11418.8,0.06623800098896027
11444.01,0.0661970004439354
11469.33,0.06605599820613861
11494.76,0.06572200357913971
11520.300000000001,0.06530799716711044
11545.96,0.06473100185394287
11571.730000000001,0.06404300034046173
11597.619999999999,0.06341899931430817
11623.62,0.06281600147485733
11649.74,0.062313999980688095
11675.98,0.061733998358249664
11702.34,0.06109900027513504
11728.81,0.06045199930667877
11755.41,0.0599219985306263
11782.130000000001,0.05915699899196625
11808.960000000001,0.05826300010085106
11835.92,0.05729600042104721
11863.009999999998,0.05604799836874008
11890.22,0.05481500178575516
11917.550000000001,0.05373299866914749
11945.01,0.05277600139379501
11972.6,0.0517209991812706
12000.310000000001,0.05046699941158295
12028.16,0.04910700023174286
12056.13,0.04802599921822548
12084.23,0.046939998865127563
12112.460000000001,0.04567600041627884
12140.83,0.044537998735904694
12169.33,0.04315200075507164
12197.960000000001,0.04170500114560127
12226.73,0.04022800177335739
12255.64,0.03888599947094917
12284.68,0.03770799934864044
12313.86,0.03634599968791008
12343.18,0.0350399985909462
12372.640000000001,0.0338670015335083
12402.240000000002,0.03241100162267685
12431.98,0.03123600035905838
12461.86,0.030578000470995903
12491.89,0.029918000102043152
12522.07,0.029102999716997147
12552.38,0.027972999960184097
12582.85,0.026934999972581863
12613.47,0.02622400037944317
12644.23,0.025400999933481216
12675.15,0.02472900040447712
12706.210000000001,0.02387700043618679
12737.43,0.022878000512719154
12768.81,0.022091999650001526
12800.33,0.02153100073337555
12832.02,0.020510999485850334
12863.86,0.019619999453425407
12895.86,0.01882600039243698
12928.02,0.01839599944651127
12960.34,0.017841000109910965
12992.82,0.017417000606656075
13025.460000000001,0.017235999926924706
13058.27,0.017410999163985252
13091.25,0.017900999635457993
13124.39,0.0186769999563694
13157.7,0.01943800039589405
13191.179999999998,0.02063100039958954
13224.83,0.022417999804019928
13258.660000000002,0.02495799958705902
13292.65,0.028015999123454094
13326.83,0.031661998480558395
13361.17,0.035982001572847366
13395.699999999999,0.040908001363277435
13430.400000000001,0.04681599885225296
13465.289999999999,0.053240999579429626
13500.349999999999,0.06027600169181824
13535.6,0.06805700063705444
13571.03,0.07649800181388855
13606.65,0.08552099764347076
13642.46,0.09503000229597092
13678.46,0.10504800081253052
13714.64,0.11564899981021881
13751.02,0.12641699612140656
13787.59,0.13742899894714355
13824.36,0.14865300059318542
13861.32,0.16049399971961975
13898.49,0.17311599850654602
13935.85,0.18618200719356537
13973.41,0.1994750052690506
14011.17,0.2124509960412979
14049.15,0.22407199442386627
14087.32,0.23395200073719025
14125.71,0.2418459951877594
14164.300000000001,0.24841199815273285
14203.11,0.25355100631713867
14242.13,0.2577750086784363
14281.359999999999,0.2612819969654083
14320.81,0.2643209993839264
14360.49,0.26674601435661316
14400.380000000001,0.26854801177978516
14440.49,0.2694540023803711
14480.82,0.2696959972381592
14521.39,0.2686159908771515
14562.18,0.26657599210739136
14603.199999999999,0.26303398609161377
14644.45,0.2580310106277466
14685.93,0.25124499201774597
14727.66,0.2430029958486557
14769.619999999999,0.23302599787712097
14811.81,0.22138600051403046
14854.25,0.20844799280166626
14896.94,0.19582399725914001
14939.87,0.18317599594593048
14983.050000000001,0.17015400528907776
15026.48,0.1571580022573471
15070.16,0.14429299533367157
15114.1,0.13109900057315826
15158.289999999999,0.11811999976634979
15202.74,0.10551899671554565
15247.460000000001,0.09342200309038162
15292.43,0.08373299986124039
15337.68,0.07876399904489517
15383.19,0.07932999730110168
15428.97,0.08481399714946747
15475.03,0.0974389985203743
15521.359999999999,0.12236800044775009
15567.970000000001,0.1576090008020401
15614.869999999999,0.1920740008354187
15662.039999999999,0.2183389961719513
15709.5,0.23635700345039368
15757.25,0.24876399338245392
15805.289999999999,0.2572399973869324
15853.619999999999,0.26267901062965393
15902.26,0.2661629915237427
15951.19,0.2675960063934326
16000.419999999998,0.2667520046234131
16049.949999999999,0.2618879973888397
16099.799999999997,0.25091901421546936
16149.95,0.2328999936580658
16200.420000000002,0.2096260040998459
16251.208999999999,0.1850450038909912
16302.311,0.16372999548912048
16353.741,0.1521099954843521
16405.491,0.15761399269104004
16457.569,0.18237699568271637
16509.979000000003,0.21980400383472443
16562.731,0.2581390142440796
16615.82,0.2891179919242859
16669.240999999998,0.30969199538230896
16723.021,0.3199560046195984
16777.14,0.3202050030231476
16831.61,0.3122609853744507
16886.431,0.2962859869003296
16941.62,0.27410298585891724
16997.16,0.2498590052127838
17053.08,0.22802099585533142
17109.36,0.20927999913692474
17166.01,0.19401000440120697
17223.04,0.18146200478076935
17280.451,0.17119699716567993
17338.239999999998,0.1617870032787323
17396.429,0.1535540074110031
17455.0,0.14668099582195282
17513.969,0.14076000452041626
17573.339,0.13604700565338135
17633.109999999997,0.13213300704956055
17693.290999999997,0.12797799706459045
17753.889,0.12379799783229828
17814.899,0.12010300159454346
17876.328999999998,0.11685699969530106
17938.181,0.11407700181007385
18000.468999999997,0.11140699684619904
18063.19,0.10863099992275238
18126.35,0.10573899745941162
18189.951,0.10269200056791306
18254.0,0.09985599666833878
18318.501,0.09757699817419052
18383.459,0.09501799941062927
18448.879,0.09219499677419662
18514.771,0.08999499678611755
18581.129,0.08816400170326233
18647.97,0.0879020020365715
18715.29,0.0898049995303154
18783.100000000002,0.09408999979496002
18851.4,0.10065799951553345
18920.2,0.10683099925518036
18989.51,0.1118760034441948
19059.32,0.11505600064992905
19129.65,0.11586900055408478
19200.5,0.11552999913692474
19271.878999999997,0.11410599946975708
19343.789999999997,0.11167199909687042
19416.240999999998,0.10787200182676315
19489.229000000003,0.10456600040197372
19562.771,0.10140299797058105
19636.880999999998,0.09764400124549866
19711.54,0.09467999637126923
19786.779,0.09231500327587128
19862.590999999997,0.09004800021648407
19938.98,0.08831299841403961
20015.961,0.0868690013885498
20093.55,0.08477599918842316
20171.73,0.08280300348997116
20250.530000000002,0.08096799999475479
20329.941000000003,0.0785050019621849
20409.981,0.07621400058269501
20490.649999999998,0.07597800344228745
20571.96,0.0791810005903244
20653.918999999998,0.08255799859762192
20736.54,0.08360499888658524
20819.82,0.0840499997138977
20903.77,0.08433199673891068
20988.399999999998,0.08437199890613556
21073.720999999998,0.08268100023269653
21159.731,0.0807270035147667
21246.46,0.08045200258493423
21333.891,0.07969900220632553
21422.041,0.07835999876260757
21510.929,0.07626499980688095
21600.559,0.07408100366592407
21690.941,0.07398299872875214
21782.08,0.07210899889469147
21873.989,0.06869799643754959
21966.668999999998,0.0671520009636879
22060.15,0.06509800255298615
22154.421,0.06260199844837189
22249.510000000002,0.0628499984741211
22345.409,0.0651329979300499
22442.141,0.06936900317668915
22539.721,0.07788900285959244
22638.14,0.08916900306940079
22737.431,0.10165199637413025
22837.601,0.11371999979019165
22938.649999999998,0.1208060011267662
23040.600000000002,0.12374799698591232
23143.459,0.12677299976348877
23247.24,0.13060800731182098
23351.959000000003,0.13152499496936798
23457.63,0.1310330033302307
23564.251,0.12906000018119812
23671.85,0.12481100112199783
23780.439000000002,0.1217460036277771
23890.02,0.11985599994659424
24000.629,0.11569300293922424
24112.261,0.1113549992442131
24224.93,0.10884799808263779
24338.659,0.10368499904870987
24453.47,0.09873100370168686
24569.361,0.09456100314855576
24686.359,0.0882830023765564
24804.469999999998,0.08573099970817566
24923.731,0.08439300209283829
25044.129999999997,0.07782500237226486
25165.71,0.0725340023636818
25288.46,0.0738850012421608
25412.43,0.06442499905824661
25537.609,0.05958399921655655
25664.04,0.057096999138593674
25791.719,0.04948899894952774
25920.679,0.04638800024986267
