Data ID,Forsterite LASC02
Sample ID,LASC02
Mineral Name,forsterite
Sample Description,
Date Added,
Viewing Geometry,
Other Information,
Grain Size,
Database of Origin,MICA Files (USGS/RELAB)
Wavelength,Response
300.0,0.082596
305.0,0.085956
310.0,0.093252
315.0,0.10322
320.0,0.115948
325.0,0.134811
330.0,0.15844
335.0,0.186999
340.0,0.220481
345.0,0.255715
350.0,0.290083
355.0,0.323275
360.0,0.355183
365.0,0.379748
370.0,0.399141
375.0,0.414417
380.0,0.423525
385.0,0.433141
390.0,0.444346
395.0,0.452396
400.0,0.461042
405.0,0.475301
410.0,0.498574
415.0,0.508469
420.0,0.513013
425.0,0.514906
430.0,0.51634
435.0,0.519868
440.0,0.525477
445.0,0.525642
450.0,0.520752
455.0,0.525233
460.0,0.535055
465.0,0.545593
470.0,0.549994
475.0,0.56111
480.0,0.575463
485.0,0.57557
490.0,0.576338
495.0,0.576646
500.0,0.597158
505.0,0.614433
510.0,0.624894
515.0,0.629792
520.0,0.635653
525.0,0.640507
530.0,0.645725
535.0,0.652686
540.0,0.66357
545.0,0.670373
550.0,0.675991
555.0,0.678417
560.0,0.680163
565.0,0.679892
570.0,0.67816
575.0,0.675389
580.0,0.672403
585.0,0.669943
590.0,0.664426
595.0,0.659832
600.0,0.655595
605.0,0.651456
610.0,0.644732
615.0,0.637249
620.0,0.630214
625.0,0.622437
630.0,0.618579
635.0,0.614995
640.0,0.615857
645.0,0.61547
650.0,0.619148
655.0,0.61963
660.0,0.622113
665.0,0.623467
670.0,0.622329
675.0,0.622511
680.0,0.619781
685.0,0.614818
690.0,0.609316
695.0,0.604382
700.0,0.597884
705.0,0.591337
710.0,0.583489
715.0,0.576514
720.0,0.568955
725.0,0.559755
730.0,0.551783
735.0,0.542592
740.0,0.532116
745.0,0.523586
750.0,0.512516
755.0,0.501563
760.0,0.491395
765.0,0.481398
770.0,0.471872
775.0,0.463235
780.0,0.453619
785.0,0.444518
790.0,0.435364
795.0,0.427746
800.0,0.420704
805.0,0.412561
810.0,0.405423
815.0,0.399507
820.0,0.393619
825.0,0.388761
830.0,0.38352
835.0,0.378785
840.0,0.375541
845.0,0.370925
850.0,0.367008
855.0,0.364056
860.0,0.360812
865.0,0.357787
870.0,0.354477
875.0,0.351217
880.0,0.347934
885.0,0.345366
890.0,0.34164
895.0,0.337529
900.0,0.333339
905.0,0.329071
910.0,0.325561
915.0,0.319875
920.0,0.313842
925.0,0.309555
930.0,0.302876
935.0,0.29643
940.0,0.289842
945.0,0.283192
950.0,0.277106
955.0,0.270834
960.0,0.263994
965.0,0.257745
970.0,0.250637
975.0,0.24442
980.0,0.239455
985.0,0.232676
990.0,0.227354
995.0,0.22164
1000.0,0.217109
1004.9999999999999,0.212747
1010.0,0.208467
1014.9999999999999,0.205597
1020.0,0.202286
1025.0,0.198723
1030.0,0.19641
1035.0,0.19463
1040.0,0.194028
1045.0,0.192351
1050.0,0.191737
1055.0,0.191963
1060.0,0.191016
1065.0,0.192934
1070.0,0.194032
1075.0,0.1945
1080.0,0.196778
1085.0,0.199199
1090.0,0.201858
1095.0,0.205102
1100.0,0.208309
1105.0,0.211939
1110.0,0.214851
1115.0,0.218212
1120.0,0.2222
1125.0,0.226234
1130.0,0.229441
1135.0,0.23185
1140.0,0.235818
1145.0,0.239052
1150.0,0.24179
1155.0,0.245126
1160.0,0.248418
1165.0,0.250859
1170.0,0.252506
1175.0,0.255213
1180.0,0.256812
1185.0,0.259776
1190.0,0.260751
1195.0,0.262767
1200.0,0.264843
1205.0,0.266992
1210.0,0.268225
1215.0,0.269909
1220.0,0.271866
1225.0,0.273487
1230.0,0.275861
1235.0,0.277713
1240.0,0.279887
1245.0,0.281602
1250.0,0.283724
1255.0,0.28613
1260.0,0.289085
1265.0,0.291189
1270.0,0.293745
1275.0,0.296565
1280.0,0.299514
1285.0,0.302617
1290.0,0.3051
1295.0,0.309293
1300.0,0.31338
1305.0,0.316894
1310.0,0.320012
1315.0,0.324417
1320.0,0.328664
1325.0,0.332396
1330.0,0.335867
1335.0,0.342859
1340.0,0.346404
1345.0,0.352488
1350.0,0.356277
1355.0,0.361072
1360.0,0.36544
1365.0,0.372246
1370.0,0.377583
1375.0,0.383858
1380.0,0.389494
1385.0,0.395211
1390.0,0.40142
1395.0,0.405519
1400.0,0.411843
1405.0,0.419135
1410.0,0.426459
1415.0,0.432711
1420.0,0.438974
1425.0,0.445659
1430.0,0.452153
1435.0,0.45974
1440.0,0.466804
1445.0,0.473131
1450.0,0.479245
1455.0,0.486321
1460.0,0.492014
1465.0,0.499601
1470.0,0.506092
1475.0,0.514044
1480.0,0.520683
1485.0,0.527436
1490.0,0.535063
1495.0,0.541679
1500.0,0.547714
1505.0,0.55433
1510.0,0.559609
1515.0,0.566872
1520.0,0.573036
1525.0,0.578128
1530.0,0.585501
1535.0,0.59111
1540.0,0.597387
1545.0,0.602549
1550.0,0.608613
1555.0,0.61371
1560.0,0.620102
1565.0,0.624518
1570.0,0.629802
1575.0,0.63504
1580.0,0.63994
1585.0,0.645399
1590.0,0.649036
1595.0,0.653737
1600.0,0.656822
1605.0,0.662843
1610.0,0.666444
1615.0,0.670436
1620.0,0.673943
1625.0,0.676579
1630.0,0.680364
1635.0,0.684376
1640.0,0.68719
1645.0,0.68973
1650.0,0.694242
1655.0,0.69625
1660.0,0.697489
1665.0,0.702085
1670.0,0.705016
1675.0,0.70751
1680.0,0.709501
1685.0,0.711298
1690.0,0.713432
1695.0,0.71594
1700.0,0.717441
1705.0,0.719346
1710.0,0.721234
1715.0,0.723527
1720.0,0.724691
1725.0,0.725855
1730.0,0.726599
1735.0,0.727017
1740.0,0.72897
1745.0,0.730022
1750.0,0.731509
1755.0,0.731783
1760.0,0.73294
1765.0,0.733945
1770.0,0.734052
1775.0,0.73539
1780.0,0.734748
1785.0,0.736118
1790.0,0.736934
1795.0,0.737913
1800.0,0.738548
1805.0,0.7387
1810.0,0.739735
1815.0,0.74098
1820.0,0.739486
1825.0,0.742176
1830.0,0.73971
1835.0,0.741841
1840.0,0.742105
1845.0,0.74299
1850.0,0.743916
1855.0,0.744299
1860.0,0.743466
1865.0,0.744889
1870.0,0.746105
1875.0,0.7459
1880.0,0.746067
1885.0,0.747293
1890.0,0.746112
1895.0,0.745576
1900.0,0.746491
1905.0,0.747199
1910.0,0.749276
1915.0,0.746666
1920.0,0.747078
1925.0,0.749288
1930.0,0.748348
1935.0,0.747487
1940.0,0.747475
1945.0,0.748871
1950.0,0.748353
1955.0,0.748313
1960.0,0.74842
1965.0,0.749277
1970.0,0.748918
1975.0,0.74931
1980.0,0.74999
1985.0,0.751509
1990.0,0.751507
1995.0,0.75166
2000.0,0.750591
2005.0,0.751247
2009.9999999999998,0.751873
2015.0000000000002,0.752792
2020.0,0.752655
2025.0,0.752803
2029.9999999999998,0.752135
2035.0000000000002,0.753615
2040.0,0.753806
2045.0,0.753974
2050.0,0.753622
2055.0,0.753716
2060.0,0.753767
2065.0,0.75426
2070.0,0.755072
2075.0,0.7552
2080.0,0.754491
2085.0,0.755117
2090.0,0.75615
2095.0,0.756158
2100.0,0.756351
2105.0,0.756585
2110.0,0.75729
2115.0,0.757585
2120.0,0.75768
2125.0,0.757019
2130.0,0.757901
2135.0,0.758073
2140.0,0.758279
2145.0,0.757952
2150.0,0.757396
2155.0,0.758184
2160.0,0.758045
2165.0,0.757098
2170.0,0.755972
2175.0,0.755896
2180.0,0.755842
2185.0,0.756824
2190.0,0.757031
2195.0,0.756902
2200.0,0.757058
2205.0,0.756485
2210.0,0.757941
2215.0,0.757304
2220.0,0.757271
2225.0,0.757635
2230.0,0.758791
2235.0,0.757778
2240.0,0.758028
2245.0,0.757013
2250.0,0.758465
2255.0,0.758176
2260.0,0.758482
2265.0,0.759075
2270.0,0.759535
2275.0,0.759766
2280.0,0.759866
2285.0,0.760086
2290.0,0.759742
2295.0,0.759984
2300.0,0.761612
2305.0,0.761766
2310.0,0.762455
2315.0,0.761242
2320.0,0.761624
2325.0,0.761922
2330.0,0.761608
2335.0,0.762879
2340.0,0.761752
2345.0,0.762364
2350.0,0.761767
2355.0,0.76165
2360.0,0.762186
2365.0,0.761666
2370.0,0.762115
2375.0,0.76186
2380.0,0.762312
2385.0,0.762511
2390.0,0.761509
2395.0,0.762155
2400.0,0.763963
2405.0,0.761721
2410.0,0.762711
2415.0,0.762352
2420.0,0.761839
2425.0,0.763946
2430.0,0.764152
2435.0,0.762957
2440.0,0.762688
2445.0,0.761609
2450.0,0.761221
2455.0,0.762484
2460.0,0.762029
2465.0,0.760401
2470.0,0.760022
2475.0,0.759719
2480.0,0.761921
2485.0,0.760329
2490.0,0.760035
2495.0,0.758931
2500.0,0.759391
2505.0,0.757965
2510.0,0.757758
2515.0,0.757184
2520.0,0.756804
2525.0,0.758029
2530.0,0.756742
2531.32,0.755944
2532.55,0.755412
2533.7900000000004,0.755994
2535.0299999999997,0.756195
2536.27,0.755888
2537.51,0.756387
2538.75,0.756406
2540.0,0.756152
2541.2400000000002,0.756193
2542.49,0.756097
2543.7400000000002,0.756007
2544.99,0.756468
2546.2400000000002,0.756231
2547.49,0.756266
2548.74,0.756657
2549.9900000000002,0.756909
2551.25,0.756619
2552.5,0.756483
2553.76,0.756404
2555.02,0.757104
2556.28,0.757522
2557.54,0.757511
2558.8,0.757515
2560.07,0.757519
2561.33,0.756952
2562.6000000000004,0.757471
2563.86,0.757871
2565.13,0.758011
2566.3999999999996,0.758461
2567.67,0.758885
2568.9500000000003,0.758311
2570.22,0.758745
2571.5,0.760004
2572.77,0.75931
2574.05,0.758429
2575.33,0.760449
2576.61,0.760233
2577.89,0.760075
2579.17,0.761109
2580.46,0.760923
2581.74,0.760448
2583.0299999999997,0.761221
2584.31,0.760833
2585.6,0.762491
2586.89,0.762928
2588.19,0.762545
2589.48,0.763091
2590.77,0.76346
2592.07,0.76376
2593.36,0.763328
2594.6600000000003,0.761398
2595.96,0.763492
2597.2599999999998,0.767727
2598.56,0.7683
2599.8700000000003,0.767513
2601.17,0.767044
2602.48,0.767153
2603.78,0.767964
2605.09,0.767113
2606.3999999999996,0.767555
2607.71,0.769556
2609.03,0.770237
2610.3399999999997,0.77015
2611.6600000000003,0.770584
2612.97,0.771093
2614.29,0.771745
2615.61,0.772089
2616.93,0.771267
2618.25,0.772974
2619.57,0.773666
2620.8999999999996,0.772553
2622.22,0.774677
2623.5499999999997,0.775228
2624.88,0.77541
2626.21,0.775069
2627.5400000000004,0.775225
2628.87,0.776773
2630.21,0.776211
2631.5400000000004,0.777019
2632.88,0.778987
2634.21,0.777958
2635.5499999999997,0.777838
2636.8900000000003,0.778113
2638.2400000000002,0.778711
2639.58,0.779142
2640.92,0.779571
2642.27,0.779536
2643.62,0.779945
2644.97,0.780433
2646.3199999999997,0.780799
2647.67,0.781703
2649.02,0.782252
2650.38,0.782225
2651.73,0.781812
2653.09,0.781774
2654.4500000000003,0.782445
2655.81,0.782754
2657.1699999999996,0.783668
2658.5299999999997,0.783275
2659.89,0.782713
2661.2599999999998,0.783955
2662.63,0.785145
2664.0,0.784888
2665.36,0.783953
2666.74,0.784531
2668.11,0.786041
2669.48,0.786052
2670.8599999999997,0.78413
2672.23,0.787125
2673.61,0.788344
2674.9900000000002,0.787121
2676.37,0.785907
2677.76,0.78654
2679.14,0.787185
2680.52,0.787746
2681.91,0.788217
2683.3,0.787488
2684.6899999999996,0.787261
2686.08,0.787379
2687.47,0.787585
2688.87,0.787742
2690.2599999999998,0.787624
2691.6600000000003,0.78717
2693.06,0.786365
2694.46,0.785555
2695.86,0.786532
2697.26,0.787004
2698.66,0.786456
2700.07,0.785513
2701.48,0.784367
2702.89,0.784259
2704.2999999999997,0.784843
2705.71,0.783885
2707.1200000000003,0.783027
2708.53,0.782102
2709.9500000000003,0.781785
2711.37,0.781539
2712.79,0.782775
2714.21,0.782713
2715.63,0.782109
2717.05,0.781907
2718.48,0.781499
2719.9,0.780029
2721.33,0.77955
2722.76,0.781747
2724.19,0.780179
2725.6200000000003,0.779501
2727.06,0.781239
2728.49,0.781015
2729.93,0.779928
2731.37,0.779478
2732.8100000000004,0.778799
2734.25,0.777261
2735.69,0.776435
2737.1400000000003,0.77689
2738.58,0.77584
2740.0299999999997,0.774388
2741.48,0.775168
2742.93,0.77611
2744.38,0.775809
2745.8300000000004,0.774417
2747.29,0.77336
2748.75,0.77258
2750.2,0.772009
2751.6600000000003,0.771264
2753.13,0.770783
2754.5899999999997,0.769309
2756.05,0.767633
2757.52,0.769315
2758.99,0.769612
2760.46,0.768475
2761.93,0.767371
2763.3999999999996,0.766429
2764.8700000000003,0.766331
2766.35,0.765856
2767.82,0.764974
2769.2999999999997,0.764713
2770.7799999999997,0.764331
2772.26,0.763894
2773.75,0.763746
2775.23,0.762816
2776.7200000000003,0.761713
2778.21,0.760651
2779.7000000000003,0.759887
2781.19,0.758885
2782.68,0.758865
2784.1800000000003,0.759136
2785.67,0.75868
2787.17,0.757514
2788.67,0.757318
2790.1699999999996,0.757574
2791.67,0.757093
2793.18,0.756177
2794.68,0.755986
2796.19,0.755532
2797.7,0.754583
2799.21,0.753559
2800.7200000000003,0.753338
2802.24,0.752377
2803.75,0.751688
2805.27,0.752458
2806.79,0.752451
2808.31,0.751836
2809.83,0.7517
2811.35,0.751492
2812.8799999999997,0.751381
2814.41,0.750845
2815.93,0.750674
2817.46,0.750455
2819.0,0.750256
2820.53,0.750103
2822.07,0.749751
2823.6,0.749246
2825.1400000000003,0.749194
2826.6800000000003,0.748905
2828.22,0.748863
2829.77,0.748659
2831.3100000000004,0.748295
2832.86,0.747483
2834.4100000000003,0.747138
2835.96,0.747048
2837.5099999999998,0.7469
2839.07,0.746781
2840.62,0.746628
2842.18,0.746131
2843.74,0.745929
2845.2999999999997,0.745858
2846.86,0.745768
2848.43,0.74552
2849.9900000000002,0.745096
2851.56,0.744507
2853.13,0.744274
2854.7,0.744455
2856.27,0.744946
2857.85,0.744861
2859.42,0.744386
2861.0,0.743982
2862.58,0.743657
2864.16,0.743418
2865.75,0.743391
2867.33,0.743003
2868.92,0.74318
2870.5099999999998,0.742929
2872.1,0.742533
2873.69,0.742467
2875.28,0.742632
2876.88,0.742372
2878.48,0.742419
2880.0699999999997,0.742563
2881.68,0.742156
2883.28,0.741858
2884.88,0.741777
2886.49,0.741936
2888.1,0.741734
2889.71,0.741477
2891.3199999999997,0.74158
2892.93,0.741354
2894.55,0.74089
2896.16,0.740687
2897.78,0.740837
2899.4,0.740844
2901.03,0.740567
2902.65,0.740759
2904.2799999999997,0.740977
2905.91,0.740426
2907.54,0.74001
2909.17,0.739866
2910.8,0.740051
2912.44,0.739672
2914.07,0.739432
2915.7099999999996,0.739546
2917.35,0.739326
2918.99,0.739031
2920.6400000000003,0.739209
2922.29,0.73878
2923.93,0.738259
2925.58,0.738338
2927.24,0.738741
2928.89,0.738414
2930.55,0.738059
2932.2,0.737871
2933.86,0.737874
2935.52,0.737647
2937.19,0.737639
2938.85,0.73727
2940.52,0.736828
2942.19,0.736571
2943.86,0.736453
2945.53,0.736386
2947.21,0.736333
2948.88,0.736097
2950.56,0.735783
2952.2400000000002,0.73548
2953.92,0.735269
2955.61,0.734895
2957.29,0.734674
2958.98,0.735024
2960.67,0.734778
2962.3599999999997,0.73424
2964.06,0.733672
2965.75,0.732952
2967.45,0.732757
2969.15,0.732818
2970.85,0.732815
2972.55,0.732681
2974.26,0.732307
2975.97,0.731876
2977.68,0.731669
2979.39,0.731046
2981.1,0.730902
2982.8199999999997,0.730767
2984.5299999999997,0.730749
2986.25,0.730359
2987.97,0.729903
2989.7,0.729348
2991.42,0.729266
2993.15,0.729501
2994.88,0.729256
2996.61,0.72871
2998.3399999999997,0.728483
3000.08,0.728365
3001.8199999999997,0.728065
3003.55,0.727692
3005.3,0.728048
3007.04,0.72771
3008.7799999999997,0.727374
3010.53,0.727255
3012.28,0.726967
3014.03,0.726695
3015.79,0.72714
3017.54,0.727246
3019.2999999999997,0.727151
3021.06,0.726706
3022.8199999999997,0.726383
3024.58,0.726291
3026.35,0.72614
3028.12,0.726061
3029.89,0.726032
3031.66,0.726039
3033.4300000000003,0.725908
3035.21,0.725556
3036.99,0.72563
3038.77,0.725723
3040.55,0.725715
3042.3300000000004,0.725354
3044.12,0.725362
3045.9100000000003,0.725455
3047.7,0.725737
3049.4900000000002,0.725475
3051.29,0.724928
3053.08,0.724738
3054.8799999999997,0.725221
3056.6800000000003,0.725138
3058.49,0.724554
3060.29,0.72442
3062.1,0.724601
3063.91,0.724552
3065.72,0.724399
3067.54,0.724158
3069.35,0.724443
3071.17,0.724412
3072.99,0.724057
3074.81,0.723891
3076.64,0.723815
3078.47,0.723697
3080.2900000000004,0.723722
3082.1299999999997,0.723619
3083.96,0.723558
3085.79,0.723487
3087.6299999999997,0.7237
3089.47,0.723862
3091.31,0.723829
3093.1600000000003,0.723528
3095.0099999999998,0.723392
3096.85,0.723092
3098.71,0.723151
3100.5600000000004,0.723061
3102.41,0.723056
3104.27,0.723178
3106.1299999999997,0.723275
3107.9900000000002,0.723233
3109.8599999999997,0.723028
3111.73,0.723155
3113.5899999999997,0.723256
3115.4700000000003,0.723001
3117.34,0.722971
3119.21,0.72298
3121.09,0.722772
3122.97,0.722699
3124.86,0.722925
3126.74,0.722916
3128.6299999999997,0.722911
3130.52,0.722841
3132.4100000000003,0.72283
3134.3,0.722887
3136.2000000000003,0.722961
3138.1,0.722687
3140.0,0.722595
3141.9,0.722662
3143.8100000000004,0.72296
3145.7099999999996,0.7232
3147.62,0.723203
3149.54,0.722916
3151.4500000000003,0.723152
3153.37,0.72334
3155.29,0.723283
3157.21,0.723406
3159.13,0.723608
3161.06,0.723455
3162.9900000000002,0.723653
3164.92,0.72384
3166.8500000000004,0.723875
3168.79,0.724154
3170.7200000000003,0.724369
3172.67,0.724241
3174.61,0.724371
3176.55,0.724438
3178.5,0.724191
3180.45,0.724098
3182.4,0.724331
3184.3599999999997,0.724429
3186.3199999999997,0.724579
3188.27,0.724645
3190.2400000000002,0.724704
3192.2000000000003,0.724853
3194.17,0.72518
3196.1400000000003,0.725218
3198.1099999999997,0.725216
3200.08,0.725239
3202.06,0.725138
3204.04,0.725295
3206.02,0.725758
3208.0,0.725881
3209.99,0.72578
3211.98,0.725518
3213.9700000000003,0.725816
3215.96,0.726042
3217.96,0.72608
3219.96,0.726337
3221.96,0.726548
3223.96,0.72657
3225.97,0.726681
3227.98,0.726809
3229.99,0.726929
3232.0,0.726965
3234.02,0.727113
3236.04,0.727244
3238.06,0.727478
3240.08,0.727465
3242.1099999999997,0.727456
3244.14,0.727778
3246.17,0.727745
3248.2000000000003,0.727734
3250.24,0.728153
3252.2799999999997,0.728147
3254.3199999999997,0.727973
3256.37,0.728044
3258.41,0.728461
3260.46,0.728603
3262.5099999999998,0.728698
3264.57,0.728818
3266.63,0.728914
3268.69,0.729043
3270.75,0.729343
3272.8100000000004,0.729294
3274.88,0.729248
3276.95,0.729386
3279.02,0.729671
3281.1,0.729523
3283.1800000000003,0.729463
3285.26,0.729477
3287.34,0.729746
3289.43,0.729862
3291.51,0.729859
3293.61,0.730039
3295.7000000000003,0.730273
3297.8,0.730134
3299.9,0.730085
3302.0,0.730164
3304.1,0.73012
3306.21,0.730082
3308.32,0.730083
3310.4300000000003,0.730009
3312.5499999999997,0.729965
3314.66,0.7297
3316.79,0.729982
3318.91,0.729897
3321.0299999999997,0.729395
3323.1600000000003,0.729141
3325.29,0.729072
3327.4300000000003,0.729073
3329.5699999999997,0.729094
3331.71,0.729018
3333.85,0.728819
3335.99,0.728568
3338.1400000000003,0.728232
3340.29,0.727776
3342.45,0.727437
3344.6,0.727006
3346.76,0.726861
3348.92,0.726649
3351.09,0.726408
3353.26,0.725939
3355.4300000000003,0.725433
3357.6000000000004,0.724958
3359.78,0.724705
3361.96,0.724287
3364.14,0.723738
3366.32,0.723086
3368.51,0.722605
3370.7,0.721819
3372.89,0.721194
3375.09,0.720731
3377.29,0.720605
3379.4900000000002,0.720848
3381.69,0.721224
3383.9,0.721893
3386.11,0.722415
3388.32,0.722953
3390.54,0.723634
3392.76,0.723844
3394.98,0.723684
3397.21,0.72317
3399.4300000000003,0.722685
3401.6600000000003,0.722213
3403.9,0.721677
3406.13,0.720743
3408.3700000000003,0.719674
3410.61,0.718795
3412.8599999999997,0.718415
3415.1099999999997,0.718019
3417.36,0.717821
3419.61,0.717894
3421.8700000000003,0.718498
3424.13,0.719444
3426.39,0.72035
3428.66,0.721489
3430.93,0.722991
3433.2,0.724375
3435.48,0.725617
3437.7599999999998,0.726608
3440.0400000000004,0.727727
3442.32,0.728631
3444.61,0.729367
3446.8999999999996,0.729777
3449.19,0.730124
3451.4900000000002,0.730522
3453.79,0.731117
3456.09,0.731545
3458.4,0.731713
3460.7000000000003,0.732121
3463.0200000000004,0.732804
3465.33,0.732963
3467.65,0.732984
3469.97,0.732959
3472.29,0.732925
3474.62,0.732829
3476.95,0.7327
3479.2900000000004,0.732723
3481.62,0.732869
3483.96,0.732766
3486.3,0.732753
3488.6499999999996,0.732746
3491.0,0.732686
3493.35,0.732133
3495.71,0.731399
3498.0699999999997,0.730773
3500.4300000000003,0.730317
3502.79,0.729776
3505.16,0.729782
3507.53,0.730061
3509.9100000000003,0.730566
3512.29,0.731594
3514.67,0.73287
3517.0499999999997,0.734257
3519.44,0.735512
3521.83,0.736399
3524.23,0.737412
3526.62,0.738151
3529.02,0.738387
3531.43,0.738558
3533.83,0.738873
3536.24,0.739203
3538.6600000000003,0.73955
3541.08,0.739691
3543.5,0.739827
3545.92,0.739916
3548.35,0.740002
3550.78,0.740145
3553.21,0.740316
3555.65,0.74033
3558.09,0.740294
3560.5299999999997,0.740273
3562.98,0.740339
3565.4300000000003,0.740185
3567.88,0.740245
3570.3399999999997,0.74038
3572.8,0.740388
3575.27,0.739975
3577.73,0.739899
3580.2000000000003,0.739937
3582.68,0.740014
3585.1600000000003,0.739967
3587.64,0.739677
3590.1200000000003,0.739541
3592.61,0.739514
3595.1,0.739255
3597.6,0.739055
3600.0899999999997,0.738845
3602.6,0.738709
3605.1000000000004,0.738441
3607.61,0.738203
3610.1200000000003,0.737827
3612.64,0.737704
3615.16,0.737407
3617.68,0.737049
3620.21,0.736724
3622.74,0.736527
3625.27,0.735837
3627.8100000000004,0.735473
3630.35,0.73539
3632.8900000000003,0.735165
3635.44,0.734791
3637.99,0.734327
3640.54,0.733677
3643.1,0.73335
3645.66,0.73302
3648.23,0.732862
3650.7999999999997,0.732406
3653.37,0.731952
3655.95,0.731502
3658.5299999999997,0.73113
3661.1099999999997,0.730828
3663.7,0.730579
3666.29,0.730238
3668.8900000000003,0.72994
3671.48,0.729515
3674.09,0.729174
3676.6899999999996,0.728742
3679.3,0.72819
3681.91,0.727522
3684.53,0.727189
3687.15,0.726779
3689.7799999999997,0.726299
3692.4,0.725639
3695.04,0.72486
3697.67,0.724132
3700.31,0.723586
3702.95,0.722928
3705.6,0.72248
3708.25,0.721746
3710.9100000000003,0.721031
3713.5600000000004,0.720337
3716.23,0.719873
3718.89,0.719127
3721.5600000000004,0.718368
3724.23,0.717812
3726.9100000000003,0.717346
3729.59,0.716567
3732.2799999999997,0.7158
3734.9700000000003,0.715074
3737.66,0.714597
3740.36,0.713928
3743.06,0.713179
3745.76,0.712413
3748.4700000000003,0.711506
3751.1800000000003,0.710722
3753.8999999999996,0.710229
3756.62,0.709476
3759.3399999999997,0.708694
3762.07,0.707917
3764.8,0.707212
3767.54,0.706486
3770.28,0.705875
3773.02,0.70513
3775.77,0.704318
3778.52,0.70357
3781.28,0.702901
3784.04,0.702031
3786.7999999999997,0.70121
3789.5699999999997,0.700459
3792.3399999999997,0.699594
3795.12,0.698772
3797.8999999999996,0.698452
3800.69,0.697843
3803.47,0.697002
3806.27,0.696201
3809.06,0.69543
3811.8599999999997,0.694502
3814.67,0.693864
3817.48,0.693388
3820.29,0.692799
3823.1099999999997,0.692012
3825.93,0.69141
3828.7599999999998,0.690781
3831.5899999999997,0.690254
3834.42,0.689741
3837.26,0.689094
3840.1,0.688486
3842.9500000000003,0.688175
3845.8,0.687808
3848.65,0.687344
3851.51,0.686895
3854.38,0.686341
3857.24,0.685732
3860.1200000000003,0.6855
3862.99,0.685084
3865.8700000000003,0.684653
3868.7599999999998,0.684129
3871.6499999999996,0.68366
3874.54,0.683102
3877.44,0.682578
3880.3399999999997,0.682199
3883.25,0.681724
3886.16,0.681121
3889.0699999999997,0.680599
3891.99,0.680013
3894.92,0.67966
3897.85,0.679272
3900.78,0.678868
3903.72,0.678099
3906.66,0.677398
3909.6000000000004,0.676865
3912.55,0.676508
3915.5099999999998,0.675696
3918.4700000000003,0.67479
3921.43,0.674198
3924.4,0.673491
3927.3799999999997,0.672634
3930.35,0.671886
3933.3300000000004,0.671056
3936.3199999999997,0.670286
3939.31,0.669528
3942.31,0.668773
3945.31,0.668047
3948.3100000000004,0.667168
3951.32,0.666005
3954.34,0.665149
3957.35,0.664272
3960.3799999999997,0.663323
3963.4100000000003,0.662062
3966.44,0.660855
3969.48,0.659713
3972.52,0.658498
3975.5600000000004,0.65717
3978.61,0.655816
3981.6699999999996,0.654415
3984.73,0.653176
3987.8,0.651735
3990.8700000000003,0.650358
3993.9399999999996,0.648873
3997.02,0.64731
4000.1,0.645956
4003.19,0.644744
4006.29,0.643256
4009.39,0.641826
4012.49,0.640703
4015.6,0.639964
4018.7099999999996,0.639249
4021.8299999999995,0.638725
4024.9499999999994,0.638266
4028.08,0.638107
4031.2099999999996,0.63803
4034.35,0.638045
4037.4900000000002,0.63796
4040.64,0.637902
4043.7900000000004,0.637763
4046.94,0.637643
4050.11,0.637431
4053.2700000000004,0.637288
4056.44,0.637037
4059.62,0.636748
4062.8,0.636344
4065.9900000000002,0.635997
4069.1800000000003,0.635664
4072.38,0.635039
4075.5800000000004,0.63427
4078.78,0.633444
4082.0,0.63253
4085.21,0.631698
4088.43,0.631051
4091.66,0.630235
4094.8900000000003,0.629342
4098.13,0.62863
4101.37,0.627818
4104.62,0.626906
4107.87,0.625875
4111.13,0.624938
4114.39,0.624049
4117.66,0.623277
4120.93,0.622455
4124.21,0.62156
4127.5,0.620509
4130.79,0.619495
4134.08,0.618385
4137.38,0.617517
4140.679999999999,0.616662
4143.99,0.615748
4147.31,0.614658
4150.629999999999,0.613787
4153.95,0.61299
4157.29,0.611994
4160.62,0.610956
4163.96,0.610075
4167.3099999999995,0.609089
4170.66,0.608106
4174.0199999999995,0.607066
4177.39,0.606081
4180.75,0.605134
4184.13,0.60428
4187.509999999999,0.603275
4190.889999999999,0.60215
4194.28,0.601307
4197.68,0.600341
4201.08,0.599251
4204.49,0.598244
4207.900000000001,0.597012
4211.32,0.595662
4214.74,0.594147
4218.17,0.592757
4221.61,0.591297
4225.05,0.590008
4228.5,0.588963
4231.950000000001,0.588007
4235.400000000001,0.586918
4238.870000000001,0.585845
4242.34,0.584964
4245.8099999999995,0.584292
4249.29,0.58359
4252.78,0.583151
4256.2699999999995,0.582798
4259.7699999999995,0.582023
4263.27,0.580538
4266.78,0.579105
4270.29,0.577939
4273.81,0.577036
4277.34,0.576034
4280.87,0.575212
4284.41,0.574574
4287.950000000001,0.57391
4291.5,0.573092
4295.06,0.572507
4298.62,0.571902
4302.1900000000005,0.571206
4305.76,0.570544
4309.34,0.570023
4312.92,0.569521
4316.5199999999995,0.56897
4320.11,0.568323
4323.719999999999,0.567774
4327.320000000001,0.56704
4330.94,0.566357
4334.5599999999995,0.565524
4338.19,0.565017
4341.820000000001,0.564473
4345.46,0.563718
4349.11,0.562915
4352.76,0.562085
4356.42,0.561121
4360.08,0.560248
4363.75,0.559547
4367.429999999999,0.558785
4371.11,0.558037
4374.799999999999,0.557278
4378.49,0.556399
4382.19,0.555594
4385.900000000001,0.554988
4389.610000000001,0.554305
4393.33,0.553631
4397.0599999999995,0.552894
4400.79,0.552039
4404.530000000001,0.551343
4408.280000000001,0.550551
4412.03,0.54979
4415.79,0.549167
4419.55,0.548505
4423.320000000001,0.547798
4427.1,0.547203
4430.88,0.54646
4434.68,0.545696
4438.469999999999,0.545089
4442.280000000001,0.544546
4446.08,0.543624
4449.900000000001,0.542919
4453.719999999999,0.542236
4457.55,0.541581
4461.389999999999,0.540907
4465.2300000000005,0.540328
4469.08,0.539613
4472.9400000000005,0.538917
4476.8,0.538357
4480.67,0.537777
4484.549999999999,0.537044
4488.43,0.536259
4492.320000000001,0.535546
4496.21,0.535017
4500.12,0.53423
4504.030000000001,0.533487
4507.94,0.532756
4511.87,0.531976
4515.799999999999,0.531318
4519.7300000000005,0.53067
4523.679999999999,0.529808
4527.63,0.529085
4531.589999999999,0.528482
4535.55,0.527712
4539.52,0.52693
4543.5,0.526309
4547.49,0.525623
4551.48,0.524978
4555.4800000000005,0.52401
4559.490000000001,0.523216
4563.5,0.522554
4567.52,0.521872
4571.55,0.521171
4575.580000000001,0.520554
4579.63,0.51958
4583.67,0.518809
4587.73,0.518135
4591.79,0.517504
4595.86,0.516915
4599.9400000000005,0.516334
4604.03,0.515708
4608.120000000001,0.515226
4612.219999999999,0.514673
4616.33,0.514101
4620.4400000000005,0.513456
4624.5599999999995,0.51278
4628.69,0.512198
4632.83,0.511762
4636.97,0.511177
4641.12,0.51076
4645.28,0.5103
4649.45,0.509875
4653.62,0.509381
4657.8,0.508933
4661.990000000001,0.508482
4666.1900000000005,0.508106
4670.39,0.507629
4674.599999999999,0.507023
4678.82,0.506402
4683.049999999999,0.506058
4687.280000000001,0.505644
4691.5199999999995,0.505125
4695.77,0.504705
4700.03,0.504173
4704.3,0.503504
4708.57,0.502906
4712.85,0.502357
4717.139999999999,0.501811
4721.429999999999,0.501178
4725.74,0.500537
4730.05,0.499838
4734.37,0.499231
4738.7,0.498465
4743.03,0.497798
4747.38,0.497088
4751.7300000000005,0.496319
4756.09,0.49547
4760.45,0.494665
4764.83,0.493835
4769.21,0.492836
4773.6,0.491714
4778.0,0.490659
4782.41,0.489541
4786.83,0.488414
4791.25,0.486999
4795.68,0.485408
4800.13,0.483705
4804.57,0.482149
4809.03,0.480396
4813.5,0.478488
4817.97,0.476435
4822.45,0.474186
4826.94,0.471676
4831.44,0.46922
4835.950000000001,0.466474
4840.46,0.46313
4844.99,0.459305
4849.52,0.455105
4854.0599999999995,0.450166
4858.61,0.444359
4863.17,0.437723
4867.73,0.430287
4872.3099999999995,0.421939
4876.89,0.413008
4881.48,0.403672
4886.08,0.393951
4890.6900000000005,0.384132
4895.31,0.374886
4899.94,0.366451
4904.57,0.358753
4909.22,0.351721
4913.87,0.345347
4918.53,0.339502
4923.21,0.333882
4927.88,0.328485
4932.57,0.323427
4937.2699999999995,0.31895
4941.9800000000005,0.315357
4946.6900000000005,0.312997
4951.42,0.312128
4956.15,0.312464
4960.9,0.313805
4965.650000000001,0.315895
4970.41,0.318346
4975.18,0.320891
4979.96,0.323564
4984.75,0.326146
4989.54,0.32849
4994.349999999999,0.330691
4999.17,0.332954
5003.99,0.335151
5008.83,0.337105
5013.67,0.338814
5018.5199999999995,0.340278
5023.39,0.341624
5028.26,0.342822
5033.14,0.343791
5038.03,0.344743
5042.93,0.345437
5047.84,0.345885
5052.76,0.346166
5057.69,0.34621
5062.63,0.346002
5067.580000000001,0.345656
5072.54,0.344949
5077.51,0.343928
5082.49,0.342798
5087.469999999999,0.341504
5092.469999999999,0.340109
5097.48,0.338665
5102.5,0.336794
5107.52,0.334635
5112.56,0.332444
5117.61,0.330317
5122.66,0.328187
5127.73,0.325731
5132.81,0.323222
5137.889999999999,0.320697
5142.99,0.318014
5148.1,0.315142
5153.22,0.31227
5158.34,0.309483
5163.48,0.30686
5168.63,0.304143
5173.79,0.301493
5178.96,0.29882
5184.13,0.296033
5189.320000000001,0.293145
5194.5199999999995,0.290147
5199.73,0.287063
5204.96,0.284134
5210.19,0.281519
5215.429999999999,0.279427
5220.679999999999,0.27785
5225.94,0.276796
5231.22,0.276207
5236.5,0.276084
5241.79,0.276262
5247.099999999999,0.276543
5252.42,0.276902
5257.74,0.27722
5263.080000000001,0.277725
5268.43,0.278134
5273.79,0.278387
5279.16,0.278721
5284.54,0.278869
5289.93,0.278672
5295.34,0.278265
5300.75,0.277627
5306.18,0.277034
5311.61,0.276507
5317.0599999999995,0.275953
5322.5199999999995,0.275346
5327.99,0.27464
5333.47,0.273876
5338.96,0.272691
5344.47,0.271066
5349.9800000000005,0.269133
5355.51,0.266709
5361.049999999999,0.263967
5366.6,0.261447
5372.16,0.259099
5377.73,0.256804
5383.320000000001,0.254617
5388.91,0.252632
5394.52,0.250473
5400.14,0.247896
5405.77,0.245145
5411.41,0.242433
5417.07,0.239751
5422.74,0.237391
5428.410000000001,0.235023
5434.1,0.23289
5439.8099999999995,0.231097
5445.52,0.229659
5451.25,0.228683
5456.98,0.227968
5462.73,0.2276
5468.5,0.227622
5474.2699999999995,0.227813
5480.0599999999995,0.228264
5485.86,0.228654
5491.67,0.229058
5497.49,0.229532
5503.33,0.229827
5509.179999999999,0.22991
5515.04,0.229641
5520.91,0.229274
5526.799999999999,0.228716
5532.69,0.227853
5538.610000000001,0.226636
5544.53,0.225042
5550.469999999999,0.222957
5556.41,0.220265
5562.38,0.216634
5568.349999999999,0.212201
5574.34,0.207205
5580.339999999999,0.201798
5586.35,0.195648
5592.38,0.189898
5598.42,0.185201
5604.47,0.181016
5610.54,0.177835
5616.61,0.175947
5622.71,0.175191
5628.8099999999995,0.175078
5634.929999999999,0.175677
5641.06,0.176788
5647.21,0.178344
5653.360000000001,0.180238
5659.54,0.182937
5665.72,0.185971
5671.92,0.189573
5678.13,0.193532
5684.36,0.197619
5690.599999999999,0.201692
5696.85,0.20598
5703.12,0.210029
5709.4,0.214098
5715.6900000000005,0.218083
5722.0,0.221861
5728.33,0.225678
5734.66,0.229412
5741.01,0.232675
5747.38,0.235502
5753.76,0.237672
5760.150000000001,0.239035
5766.56,0.239906
5772.98,0.239535
5779.410000000001,0.238644
5785.86,0.237861
5792.33,0.236523
5798.8099999999995,0.235035
5805.3,0.233752
5811.81,0.232434
5818.33,0.231367
5824.87,0.230395
5831.419999999999,0.228968
5837.99,0.227845
5844.57,0.226939
5851.17,0.226016
5857.78,0.225034
5864.410000000001,0.224223
5871.05,0.223104
5877.7,0.222478
5884.38,0.222299
5891.06,0.221578
5897.76,0.221979
5904.4800000000005,0.222194
5911.21,0.222242
5917.96,0.222558
5924.7300000000005,0.222294
5931.5,0.221919
5938.3,0.221256
5945.11,0.219345
5951.93,0.217611
5958.78,0.21634
5965.63,0.214907
5972.51,0.213339
5979.39,0.211092
5986.3,0.209828
5993.22,0.208985
6000.16,0.20847
6007.11,0.209337
6014.08,0.211827
6021.06,0.215469
6028.06,0.221059
6035.08,0.228405
6042.12,0.237231
6049.17,0.246744
6056.2300000000005,0.257852
6063.32,0.268921
6070.42,0.278892
6077.530000000001,0.288584
6084.67,0.298077
6091.820000000001,0.306036
6098.9800000000005,0.313065
6106.17,0.31904
6113.37,0.324259
6120.58,0.328723
6127.82,0.332451
6135.07,0.335216
6142.34,0.337753
6149.63,0.339951
6156.93,0.341601
6164.25,0.342647
6171.59,0.343419
6178.950000000001,0.343791
6186.320000000001,0.344023
6193.71,0.343856
6201.120000000001,0.343572
6208.54,0.343003
6215.99,0.34217
6223.45,0.341212
6230.93,0.340346
6238.43,0.339194
6245.95,0.338119
6253.48,0.336847
6261.03,0.335727
6268.6,0.334807
6276.19,0.334157
6283.8,0.333893
6291.43,0.334048
6299.070000000001,0.334444
6306.73,0.335523
6314.42,0.336789
6322.12,0.337909
6329.84,0.338866
6337.570000000001,0.339661
6345.33,0.340114
6353.11,0.340234
6360.9,0.340176
6368.719999999999,0.339868
6376.55,0.339202
6384.400000000001,0.338476
6392.2699999999995,0.33769
6400.17,0.337049
6408.08,0.336617
6416.01,0.336082
6423.96,0.33546
6431.93,0.335361
6439.92,0.335378
6447.93,0.335255
6455.96,0.334842
6464.01,0.334556
6472.08,0.334278
6480.17,0.333693
6488.28,0.332986
6496.41,0.332198
6504.5599999999995,0.331395
6512.7300000000005,0.331076
6520.92,0.330937
6529.14,0.330521
6537.37,0.330388
6545.63,0.330456
6553.9,0.330451
6562.2,0.330532
6570.509999999999,0.330775
6578.85,0.330786
6587.21,0.330612
6595.589999999999,0.330644
6603.99,0.330516
6612.42,0.329859
6620.860000000001,0.32898
6629.330000000001,0.328182
6637.82,0.327166
6646.33,0.325472
6654.860000000001,0.323429
6663.41,0.321759
6671.99,0.319984
6680.589999999999,0.317959
6689.21,0.315563
6697.849999999999,0.313035
6706.509999999999,0.310725
6715.200000000001,0.30814
6723.91,0.305235
6732.64,0.302298
6741.4,0.299369
6750.18,0.296336
6758.9800000000005,0.293271
6767.8,0.290233
6776.65,0.287478
6785.52,0.285021
6794.41,0.283066
6803.33,0.281211
6812.2699999999995,0.280205
6821.23,0.279906
6830.219999999999,0.279859
6839.23,0.279796
6848.26,0.279958
6857.32,0.280148
6866.4,0.280312
6875.51,0.280086
6884.64,0.27986
6893.799999999999,0.279411
6902.9800000000005,0.278282
6912.18,0.276646
6921.41,0.274752
6930.66,0.272825
6939.94,0.270679
6949.24,0.268198
6958.57,0.265746
6967.92,0.263052
6977.299999999999,0.260309
6986.7,0.257674
6996.13,0.254485
7005.59,0.251182
7015.07,0.248062
7024.57,0.24515
7034.099999999999,0.242554
7043.66,0.240637
7053.25,0.239245
7062.85,0.238142
7072.49,0.237818
7082.150000000001,0.237946
7091.84,0.238167
7101.549999999999,0.238314
7111.3,0.238451
7121.0599999999995,0.238241
7130.860000000001,0.237646
7140.679999999999,0.236818
7150.53,0.235647
7160.41,0.23416
7170.3099999999995,0.233089
7180.240000000001,0.231916
7190.2,0.23052
7200.1900000000005,0.229418
7210.200000000001,0.228631
7220.240000000001,0.22787
7230.31,0.227343
7240.41,0.227127
7250.54,0.227182
7260.6900000000005,0.227258
7270.88,0.227223
7281.09,0.226974
7291.33,0.226286
7301.599999999999,0.225422
7311.9,0.224423
7322.219999999999,0.222848
7332.58,0.220975
7342.97,0.218935
7353.379999999999,0.216807
7363.83,0.214918
7374.3,0.213176
7384.8099999999995,0.211526
7395.34,0.209883
7405.910000000001,0.208208
7416.5,0.206715
7427.13,0.20521
7437.78,0.20351
7448.47,0.201708
7459.1900000000005,0.199949
7469.9400000000005,0.198443
7480.71,0.197004
7491.52,0.19544
7502.37,0.19402
7513.24,0.192831
7524.14,0.191708
7535.08,0.190682
7546.05,0.190032
7557.05,0.189506
7568.08,0.189293
7579.150000000001,0.189292
7590.24,0.189707
7601.37,0.190471
7612.53,0.191187
7623.7300000000005,0.192033
7634.96,0.193019
7646.219999999999,0.193822
7657.51,0.19475
7668.84,0.195563
7680.2,0.19603
7691.59,0.196229
7703.02,0.196294
7714.49,0.196178
7725.98,0.196032
7737.5199999999995,0.195683
7749.08,0.195317
7760.679999999999,0.194774
7772.32,0.194002
7783.99,0.193365
7795.69,0.19301
7807.43,0.192757
7819.21,0.192718
7831.0199999999995,0.192877
7842.87,0.193294
7854.75,0.193753
7866.67,0.194141
7878.62,0.194504
7890.62,0.194716
7902.64,0.194719
7914.71,0.194834
7926.8099999999995,0.194736
7938.95,0.194419
7951.13,0.194015
7963.339999999999,0.193543
7975.59,0.192898
7987.879999999999,0.192009
8000.209999999999,0.190739
8012.570000000001,0.189287
8024.98,0.187769
8037.419999999999,0.186266
8049.899999999999,0.184781
8062.419999999999,0.183451
8074.9800000000005,0.182013
8087.57,0.180866
8100.210000000001,0.179583
8112.89,0.17804
8125.6,0.176317
8138.360000000001,0.174505
8151.160000000001,0.172254
8163.99,0.170091
8176.869999999999,0.167932
8189.79,0.165899
8202.75,0.164031
8215.75,0.162578
8228.79,0.161426
8241.87,0.160599
8254.99,0.16001
8268.16,0.159658
8281.37,0.159213
8294.62,0.158643
8307.91,0.157971
8321.24,0.157594
8334.619999999999,0.156901
8348.039999999999,0.155913
8361.51,0.154965
8375.019999999999,0.153904
8388.57,0.152361
8402.16,0.150896
8415.800000000001,0.149618
8429.49,0.148431
8443.22,0.147336
8456.99,0.146293
8470.81,0.145244
8484.67,0.144511
8498.58,0.14407
8512.539999999999,0.143618
8526.54,0.142974
8540.58,0.142192
8554.68,0.141477
8568.82,0.140945
8583.0,0.140033
8597.24,0.139179
8611.52,0.138191
8625.85,0.137268
8640.230000000001,0.136525
8654.65,0.135911
8669.119999999999,0.135032
8683.640000000001,0.133992
8698.21,0.133204
8712.83,0.132611
8727.5,0.13188
8742.22,0.131225
8756.99,0.13031
8771.800000000001,0.129332
8786.67,0.128407
8801.589999999998,0.127416
8816.560000000001,0.126548
8831.58,0.125898
8846.65,0.125259
8861.77,0.125208
8876.939999999999,0.125595
8892.17,0.126464
8907.45,0.127817
8922.779999999999,0.129906
8938.16,0.132985
8953.6,0.137312
8969.09,0.142591
8984.640000000001,0.14909
9000.23,0.156423
9015.890000000001,0.164534
9031.59,0.173983
9047.359999999999,0.184474
9063.17,0.195702
9079.050000000001,0.207604
9094.97,0.220353
9110.960000000001,0.233834
9127.0,0.247808
9143.1,0.261858
9159.25,0.275822
9175.46,0.290126
9191.73,0.304801
9208.06,0.319185
9224.439999999999,0.333
9240.880000000001,0.346108
9257.38,0.358332
9273.94,0.369203
9290.56,0.37885
9307.24,0.387326
9323.980000000001,0.394953
9340.78,0.401351
9357.64,0.405807
9374.57,0.407583
9391.550000000001,0.407458
9408.59,0.40557
9425.7,0.403115
9442.869999999999,0.400858
9460.1,0.398647
9477.4,0.396589
9494.75,0.395024
9512.17,0.394038
9529.66,0.393687
9547.21,0.393648
9564.83,0.393823
9582.5,0.394213
9600.25,0.394849
9618.06,0.396286
9635.94,0.398821
9653.88,0.401865
9671.89,0.405506
9689.970000000001,0.40997
9708.119999999999,0.415435
9726.33,0.421541
9744.619999999999,0.428017
9762.97,0.435193
9781.39,0.442566
9799.88,0.449366
9818.44,0.455899
9837.070000000002,0.461732
9855.77,0.466731
9874.539999999999,0.470628
9893.39,0.473771
9912.3,0.475962
9931.29,0.477101
9950.36,0.476748
9969.49,0.475304
9988.699999999999,0.473222
10007.98,0.4707
10027.34,0.46839
10046.77,0.467489
10066.28,0.468859
10085.869999999999,0.473675
10105.53,0.482965
10125.26,0.496267
10145.08,0.508292
10164.970000000001,0.511669
10184.939999999999,0.502261
10204.99,0.481554
10225.12,0.454834
10245.33,0.429024
10265.61,0.408714
10285.98,0.396346
10306.43,0.392324
10326.96,0.396965
10347.57,0.409942
10368.27,0.428985
10389.05,0.450458
10409.91,0.471079
10430.859999999999,0.493477
10451.88,0.527488
10473.0,0.568068
10494.199999999999,0.598276
10515.49,0.613348
10536.86,0.618084
10558.32,0.617088
10579.869999999999,0.61337
10601.5,0.608137
10623.23,0.602095
10645.039999999999,0.595201
10666.94,0.58821
10688.94,0.580945
10711.02,0.573291
10733.2,0.565139
10755.470000000001,0.55706
10777.83,0.549017
10800.28,0.541551
10822.83,0.533725
10845.470000000001,0.525393
10868.21,0.516992
10891.04,0.508983
10913.970000000001,0.501083
10936.99,0.493617
10960.119999999999,0.486857
10983.34,0.480281
11006.66,0.473328
11030.07,0.466353
11053.59,0.459123
11077.21,0.452117
11100.93,0.445436
11124.75,0.438949
11148.68,0.432816
11172.710000000001,0.427052
11196.84,0.421391
11221.07,0.415713
11245.41,0.409659
11269.859999999999,0.403199
11294.41,0.3964
11319.07,0.389073
11343.84,0.381017
11368.72,0.372446
11393.7,0.362791
11418.8,0.351825
11444.01,0.33923
11469.33,0.324357
11494.76,0.307103
11520.300000000001,0.288561
11545.96,0.270676
11571.730000000001,0.25486
11597.619999999999,0.241502
11623.62,0.230507
11649.74,0.221348
11675.98,0.213716
11702.34,0.206957
11728.81,0.200591
11755.41,0.194473
11782.130000000001,0.188959
11808.960000000001,0.184284
11835.92,0.181351
11863.009999999998,0.18264
11890.22,0.1876
11917.550000000001,0.192773
11945.01,0.19588
11972.6,0.196066
12000.310000000001,0.193474
12028.16,0.189626
12056.13,0.185664
12084.23,0.182236
12112.460000000001,0.179182
12140.83,0.17626
12169.33,0.173689
12197.960000000001,0.1716
12226.73,0.16913
12255.64,0.166848
12284.68,0.165016
12313.86,0.163352
12343.18,0.161885
12372.640000000001,0.160504
12402.240000000002,0.159082
12431.98,0.157627
12461.86,0.156639
12491.89,0.155718
12522.07,0.154236
12552.38,0.153516
12582.85,0.15276
12613.47,0.15167
12644.23,0.15086
12675.15,0.150237
12706.210000000001,0.149517
12737.43,0.148564
12768.81,0.147545
12800.33,0.146814
12832.02,0.145886
12863.86,0.145416
12895.86,0.144767
12928.02,0.143978
12960.34,0.14327
12992.82,0.14219
13025.460000000001,0.141352
13058.27,0.140502
13091.25,0.139455
13124.39,0.138916
13157.7,0.138119
13191.179999999998,0.136646
13224.83,0.1358
13258.660000000002,0.134996
13292.65,0.133801
13326.83,0.132808
13361.17,0.131786
13395.699999999999,0.130465
13430.400000000001,0.129447
13465.289999999999,0.128764
13500.349999999999,0.127758
13535.6,0.126567
13571.03,0.12523
13606.65,0.124301
13642.46,0.123674
13678.46,0.122661
13714.64,0.121271
13751.02,0.120218
13787.59,0.11915
13824.36,0.118569
13861.32,0.118039
13898.49,0.117318
13935.85,0.116252
13973.41,0.114977
14011.17,0.113677
14049.15,0.112498
14087.32,0.111097
14125.71,0.110098
14164.300000000001,0.109167
14203.11,0.108032
14242.13,0.107207
14281.359999999999,0.106441
14320.81,0.105236
14360.49,0.104185
14400.380000000001,0.103426
14440.49,0.103052
14480.82,0.102711
14521.39,0.10192
14562.18,0.101041
14603.199999999999,0.100596
14644.45,0.100451
14685.93,0.100014
14727.66,0.099321
14769.619999999999,0.099042
14811.81,0.098914
14854.25,0.098761
14896.94,0.098267
14939.87,0.098562
14983.050000000001,0.099144
15026.48,0.099815
15070.16,0.101788
15114.1,0.104404
15158.289999999999,0.106907
15202.74,0.110622
15247.460000000001,0.116208
15292.43,0.123007
15337.68,0.130427
15383.19,0.137913
15428.97,0.145594
15475.03,0.152916
15521.359999999999,0.159308
15567.970000000001,0.164189
15614.869999999999,0.167774
15662.039999999999,0.170736
15709.5,0.172649
15757.25,0.173105
15805.289999999999,0.172864
15853.619999999999,0.172362
15902.26,0.170918
15951.19,0.168546
16000.419999999998,0.165966
16049.949999999999,0.163444
16099.799999999997,0.160409
16149.95,0.156887
16200.420000000002,0.153309
16251.208999999999,0.150161
16302.311,0.147051
16353.741,0.144062
16405.491,0.14089
16457.569,0.137969
16509.979000000003,0.134457
16562.731,0.13103
16615.82,0.128742
16669.240999999998,0.12698
16723.021,0.125028
16777.14,0.123971
16831.61,0.124613
16886.431,0.126925
16941.62,0.130629
16997.16,0.135952
17053.08,0.143459
17109.36,0.152361
17166.01,0.162047
17223.04,0.173242
17280.451,0.184362
17338.239999999998,0.194954
17396.429,0.205639
17455.0,0.216577
17513.969,0.225946
17573.339,0.235503
17633.109999999997,0.244401
17693.290999999997,0.252259
17753.889,0.258878
17814.899,0.263983
17876.328999999998,0.267627
17938.181,0.271563
18000.468999999997,0.276135
18063.19,0.281959
18126.35,0.288941
18189.951,0.296524
18254.0,0.304413
18318.501,0.309391
18383.459,0.308314
18448.879,0.304791
18514.771,0.303035
18581.129,0.305988
18647.97,0.313327
18715.29,0.32605
18783.100000000002,0.34251
18851.4,0.35759
18920.2,0.368225
18989.51,0.372691
19059.32,0.368783
19129.65,0.359028
19200.5,0.348027
19271.878999999997,0.335777
19343.789999999997,0.322861
19416.240999999998,0.311847
19489.229000000003,0.302127
19562.771,0.292359
19636.880999999998,0.283722
19711.54,0.27934
19786.779,0.278814
19862.590999999997,0.279578
19938.98,0.277912
20015.961,0.268552
20093.55,0.252637
20171.73,0.234217
20250.530000000002,0.215794
20329.941000000003,0.198336
20409.981,0.182137
20490.649999999998,0.168061
20571.96,0.155748
20653.918999999998,0.147373
20736.54,0.143429
20819.82,0.145681
20903.77,0.153811
20988.399999999998,0.165963
21073.720999999998,0.177263
21159.731,0.185913
21246.46,0.194215
21333.891,0.199639
21422.041,0.200788
21510.929,0.197793
21600.559,0.19229
21690.941,0.189088
21782.08,0.189711
21873.989,0.197463
21966.668999999998,0.213877
22060.15,0.234386
22154.421,0.256317
22249.510000000002,0.281405
22345.409,0.308486
22442.141,0.333339
22539.721,0.349534
22638.14,0.356218
22737.431,0.361369
22837.601,0.367803
22938.649999999998,0.378601
23040.600000000002,0.398289
23143.459,0.428372
23247.24,0.46115
23351.959000000003,0.491762
23457.63,0.518007
23564.251,0.538724
23671.85,0.55547
23780.439000000002,0.568555
23890.02,0.576354
24000.629,0.577852
24112.261,0.576035
24224.93,0.568109
24338.659,0.544112
24453.47,0.507426
24569.361,0.471616
24686.359,0.438589
24804.469999999998,0.407437
24923.731,0.386759
25044.129999999997,0.378658
25165.71,0.377255
25288.46,0.374016
25412.43,0.362648
25537.609,0.346013
25664.04,0.321721
25791.719,0.292995
25920.679,0.26874
