Sample ID,2_Atacama_Red_00004
Species,2_Atacama_Red
Subgroup,2_Atacama_Red
Group,2_Atacama_Red
Library,EXM_MRS
Sample Description,Sample 2
Date Added,"02/20/2024,02/20/2024"
Viewing Geometry,
Other Information,"Acquired with 1    RS-3500_SN17580H8 [3]
Name: Instrument, dtype: object; 7,32,30,40,50,30 integration times; 100,100 scans averaged"
Composition,
Resolution,2.8nm@700nm 8nm@1500nm 6nm@2100nm
Grain Size,
Locality,
Database of Origin,ExoMars Mission Reference Samples
Wavelength,Response
350.0,0.11882899999999999
351.0,0.117498
352.0,0.116372
353.0,0.11522299999999999
354.0,0.11398199999999999
355.0,0.112532
356.0,0.111215
357.0,0.11002
358.0,0.108895
359.0,0.107628
360.0,0.10623200000000001
361.0,0.10500400000000001
362.0,0.103827
363.0,0.102661
364.0,0.101504
365.0,0.100493
366.0,0.09972500000000001
367.0,0.099134
368.0,0.09859
369.0,0.09790499999999999
370.0,0.097282
371.0,0.096741
372.0,0.09632099999999999
373.0,0.095758
374.0,0.095031
375.0,0.094302
376.0,0.09343299999999999
377.0,0.092383
378.0,0.091241
379.0,0.09013600000000001
380.0,0.089179
381.0,0.08823399999999999
382.0,0.087336
383.0,0.086516
384.0,0.085859
385.0,0.085374
386.0,0.08506999999999999
387.0,0.08479900000000001
388.0,0.084539
389.0,0.084308
390.0,0.084104
391.0,0.08392799999999999
392.0,0.08374599999999999
393.0,0.08366
394.0,0.08370799999999999
395.0,0.083897
396.0,0.084145
397.0,0.08439
398.0,0.084397
399.0,0.08426299999999999
400.0,0.08416399999999999
401.0,0.083543
402.0,0.08250199999999999
403.0,0.08134499999999999
404.0,0.080387
405.0,0.079661
406.0,0.079183
407.0,0.07885500000000001
408.0,0.078638
409.0,0.07850399999999999
410.0,0.078487
411.0,0.078582
412.0,0.078647
413.0,0.078732
414.0,0.078857
415.0,0.07886599999999999
416.0,0.078791
417.0,0.078641
418.0,0.078517
419.0,0.078421
420.0,0.078359
421.0,0.07824
422.0,0.078102
423.0,0.07805100000000001
424.0,0.077987
425.0,0.077917
426.0,0.07787899999999999
427.0,0.077868
428.0,0.077895
429.0,0.078001
430.0,0.078126
431.0,0.07825700000000001
432.0,0.078414
433.0,0.07854599999999999
434.0,0.078643
435.0,0.078786
436.0,0.078962
437.0,0.07917099999999999
438.0,0.079419
439.0,0.079676
440.0,0.07991799999999999
441.0,0.080177
442.0,0.080423
443.0,0.08062699999999999
444.0,0.080829
445.0,0.081027
446.0,0.08120699999999999
447.0,0.0815
448.0,0.081858
449.0,0.082223
450.0,0.082602
451.0,0.08294800000000001
452.0,0.083143
453.0,0.08336299999999999
454.0,0.08362
455.0,0.08390700000000001
456.0,0.084177
457.0,0.084436
458.0,0.084726
459.0,0.084959
460.0,0.08513
461.0,0.08531499999999999
462.0,0.085451
463.0,0.085544
464.0,0.08565899999999999
465.0,0.08577
466.0,0.08589000000000001
467.0,0.086105
468.0,0.086283
469.0,0.08641299999999999
470.0,0.086605
471.0,0.086854
472.0,0.08715400000000001
473.0,0.087398
474.0,0.087694
475.0,0.088047
476.0,0.088109
477.0,0.088059
478.0,0.087978
479.0,0.087956
480.0,0.088008
481.0,0.088143
482.0,0.088323
483.0,0.088495
484.0,0.088643
485.0,0.088859
486.0,0.089081
487.0,0.089288
488.0,0.089514
489.0,0.089754
490.0,0.090003
491.0,0.09026300000000001
492.0,0.090542
493.0,0.090838
494.0,0.091074
495.0,0.091311
496.0,0.091571
497.0,0.091852
498.0,0.092125
499.0,0.092383
500.0,0.09267500000000001
501.0,0.092971
502.0,0.09325900000000001
503.0,0.093518
504.0,0.09377
505.0,0.094024
506.0,0.094278
507.0,0.094538
508.0,0.094803
509.0,0.09508100000000001
510.0,0.09535500000000001
511.0,0.095621
512.0,0.09588200000000001
513.0,0.096167
514.0,0.096471
515.0,0.09673400000000001
516.0,0.096989
517.0,0.09725199999999999
518.0,0.097549
519.0,0.097859
520.0,0.09818199999999999
521.0,0.098527
522.0,0.09887399999999999
523.0,0.09922700000000001
524.0,0.09960000000000001
525.0,0.099985
526.0,0.10038399999999999
527.0,0.100806
528.0,0.10120599999999999
529.0,0.101626
530.0,0.102127
531.0,0.10259399999999999
532.0,0.10306699999999999
533.0,0.103576
534.0,0.104095
535.0,0.104663
536.0,0.10530400000000001
537.0,0.10592800000000001
538.0,0.10656
539.0,0.10721
540.0,0.107913
541.0,0.108597
542.0,0.10924400000000001
543.0,0.10986599999999999
544.0,0.11057499999999999
545.0,0.111367
546.0,0.11213100000000001
547.0,0.112929
548.0,0.113783
549.0,0.11474000000000001
550.0,0.11566599999999999
551.0,0.11661300000000001
552.0,0.117666
553.0,0.118705
554.0,0.11975799999999999
555.0,0.120847
556.0,0.12202199999999999
557.0,0.12320700000000001
558.0,0.124374
559.0,0.125666
560.0,0.12694
561.0,0.128192
562.0,0.12961
563.0,0.13097899999999998
564.0,0.132305
565.0,0.13366
566.0,0.135132
567.0,0.136654
568.0,0.138088
569.0,0.13958299999999998
570.0,0.141081
571.0,0.142522
572.0,0.14408300000000002
573.0,0.14565799999999998
574.0,0.147201
575.0,0.148848
576.0,0.15049300000000002
577.0,0.152073
578.0,0.153504
579.0,0.155019
580.0,0.156555
581.0,0.157949
582.0,0.159467
583.0,0.161003
584.0,0.16244399999999998
585.0,0.163942
586.0,0.165469
587.0,0.166986
588.0,0.16837
589.0,0.16978400000000002
590.0,0.171239
591.0,0.172662
592.0,0.17392
593.0,0.175138
594.0,0.17648499999999998
595.0,0.177703
596.0,0.1789
597.0,0.180148
598.0,0.181339
599.0,0.182501
600.0,0.183629
601.0,0.18468800000000002
602.0,0.185761
603.0,0.18683700000000003
604.0,0.18787900000000002
605.0,0.18886199999999997
606.0,0.189819
607.0,0.190778
608.0,0.19176500000000002
609.0,0.192722
610.0,0.193644
611.0,0.194586
612.0,0.19543
613.0,0.19624
614.0,0.197106
615.0,0.197963
616.0,0.198823
617.0,0.19968599999999997
618.0,0.20051200000000002
619.0,0.201253
620.0,0.201936
621.0,0.202623
622.0,0.20336300000000002
623.0,0.204125
624.0,0.204874
625.0,0.205576
626.0,0.206246
627.0,0.206885
628.0,0.207481
629.0,0.208082
630.0,0.20867899999999998
631.0,0.20925999999999997
632.0,0.209928
633.0,0.210615
634.0,0.211285
635.0,0.211959
636.0,0.212591
637.0,0.21317799999999998
638.0,0.213729
639.0,0.214309
640.0,0.214894
641.0,0.21547899999999998
642.0,0.216122
643.0,0.216783
644.0,0.217438
645.0,0.21806599999999998
646.0,0.218688
647.0,0.219281
648.0,0.219844
649.0,0.22044899999999998
650.0,0.221043
651.0,0.22163699999999997
652.0,0.222256
653.0,0.22285799999999997
654.0,0.223426
655.0,0.223977
656.0,0.224571
657.0,0.22515000000000002
658.0,0.225737
659.0,0.226355
660.0,0.226908
661.0,0.227464
662.0,0.22805399999999998
663.0,0.228705
664.0,0.229355
665.0,0.229966
666.0,0.23052499999999998
667.0,0.23108599999999999
668.0,0.23166399999999998
669.0,0.232269
670.0,0.232909
671.0,0.233548
672.0,0.234115
673.0,0.234619
674.0,0.235164
675.0,0.235734
676.0,0.236353
677.0,0.23703700000000003
678.0,0.23767600000000003
679.0,0.23831
680.0,0.238947
681.0,0.23959399999999997
682.0,0.24018
683.0,0.24073
684.0,0.24127500000000002
685.0,0.241877
686.0,0.242577
687.0,0.243312
688.0,0.244025
689.0,0.244717
690.0,0.24539000000000002
691.0,0.246035
692.0,0.24665299999999998
693.0,0.247341
694.0,0.248
695.0,0.248639
696.0,0.249311
697.0,0.249944
698.0,0.250616
699.0,0.25130199999999997
700.0,0.251895
701.0,0.252506
702.0,0.253137
703.0,0.253784
704.0,0.254423
705.0,0.255073
706.0,0.25571699999999997
707.0,0.25634799999999996
708.0,0.256999
709.0,0.25766500000000003
710.0,0.258348
711.0,0.259041
712.0,0.259708
713.0,0.260346
714.0,0.26100999999999996
715.0,0.261739
716.0,0.262393
717.0,0.263
718.0,0.263606
719.0,0.264249
720.0,0.264874
721.0,0.26551400000000003
722.0,0.266152
723.0,0.26675
724.0,0.267263
725.0,0.267747
726.0,0.268275
727.0,0.268913
728.0,0.269573
729.0,0.270173
730.0,0.27075099999999996
731.0,0.27135200000000004
732.0,0.271965
733.0,0.27250800000000003
734.0,0.27302499999999996
735.0,0.27356
736.0,0.27411
737.0,0.27472799999999997
738.0,0.275329
739.0,0.275843
740.0,0.276285
741.0,0.27674299999999996
742.0,0.277241
743.0,0.27776599999999996
744.0,0.27825700000000003
745.0,0.27875900000000003
746.0,0.279162
747.0,0.27949999999999997
748.0,0.279951
749.0,0.280485
750.0,0.280929
751.0,0.281316
752.0,0.28173200000000004
753.0,0.28201
754.0,0.282426
755.0,0.282851
756.0,0.283215
757.0,0.283753
758.0,0.284199
759.0,0.284559
760.0,0.284854
761.0,0.28511600000000004
762.0,0.285533
763.0,0.285912
764.0,0.286231
765.0,0.286534
766.0,0.28685
767.0,0.28715
768.0,0.287443
769.0,0.287733
770.0,0.288005
771.0,0.28825500000000004
772.0,0.288457
773.0,0.28861000000000003
774.0,0.288738
775.0,0.288919
776.0,0.289177
777.0,0.289436
778.0,0.289652
779.0,0.289816
780.0,0.289954
781.0,0.29023299999999996
782.0,0.290497
783.0,0.290647
784.0,0.290846
785.0,0.290947
786.0,0.29107299999999997
787.0,0.29122
788.0,0.291337
789.0,0.291426
790.0,0.291511
791.0,0.291654
792.0,0.291804
793.0,0.29184
794.0,0.291801
795.0,0.291817
796.0,0.29188
797.0,0.292011
798.0,0.292221
799.0,0.292331
800.0,0.292491
801.0,0.292634
802.0,0.292727
803.0,0.292788
804.0,0.292847
805.0,0.292911
806.0,0.2929
807.0,0.29289000000000004
808.0,0.293005
809.0,0.292973
810.0,0.29309799999999997
811.0,0.293227
812.0,0.293298
813.0,0.293338
814.0,0.293467
815.0,0.29351700000000003
816.0,0.293537
817.0,0.29351
818.0,0.29347
819.0,0.293557
820.0,0.29357700000000003
821.0,0.293565
822.0,0.293555
823.0,0.293595
824.0,0.293694
825.0,0.293666
826.0,0.29375599999999996
827.0,0.293812
828.0,0.29374300000000003
829.0,0.29362
830.0,0.293618
831.0,0.29342
832.0,0.29326
833.0,0.293311
834.0,0.29341100000000003
835.0,0.293394
836.0,0.2934
837.0,0.293528
838.0,0.293674
839.0,0.293717
840.0,0.293664
841.0,0.293595
842.0,0.29357700000000003
843.0,0.293689
844.0,0.293806
845.0,0.293915
846.0,0.293897
847.0,0.293793
848.0,0.293789
849.0,0.293956
850.0,0.29411000000000004
851.0,0.294107
852.0,0.294192
853.0,0.294341
854.0,0.294424
855.0,0.294429
856.0,0.294379
857.0,0.294399
858.0,0.294481
859.0,0.294546
860.0,0.294588
861.0,0.294682
862.0,0.294894
863.0,0.29489699999999996
864.0,0.294979
865.0,0.295092
866.0,0.29519100000000004
867.0,0.295327
868.0,0.295492
869.0,0.295542
870.0,0.295521
871.0,0.29568300000000003
872.0,0.295809
873.0,0.296091
874.0,0.296224
875.0,0.296254
876.0,0.29639
877.0,0.296549
878.0,0.296559
879.0,0.296725
880.0,0.296907
881.0,0.296982
882.0,0.297222
883.0,0.29739699999999997
884.0,0.29739699999999997
885.0,0.297497
886.0,0.297724
887.0,0.297796
888.0,0.297808
889.0,0.297998
890.0,0.298173
891.0,0.298406
892.0,0.29864
893.0,0.298927
894.0,0.299291
895.0,0.299502
896.0,0.299726
897.0,0.299947
898.0,0.300116
899.0,0.300361
900.0,0.30052
901.0,0.300668
902.0,0.300771
903.0,0.301032
904.0,0.3014
905.0,0.301645
906.0,0.30188
907.0,0.302085
908.0,0.302428
909.0,0.302759
910.0,0.303168
911.0,0.30339700000000003
912.0,0.303706
913.0,0.303935
914.0,0.304172
915.0,0.304375
916.0,0.304642
917.0,0.304805
918.0,0.304977
919.0,0.305156
920.0,0.30509000000000003
921.0,0.30531600000000003
922.0,0.305473
923.0,0.305773
924.0,0.305928
925.0,0.30625
926.0,0.306837
927.0,0.307307
928.0,0.307572
929.0,0.307773
930.0,0.307896
931.0,0.308276
932.0,0.308273
933.0,0.308435
934.0,0.308877
935.0,0.309473
936.0,0.309858
937.0,0.30993200000000004
938.0,0.309957
939.0,0.310098
940.0,0.31031600000000004
941.0,0.31064800000000004
942.0,0.31095300000000003
943.0,0.31132899999999997
944.0,0.311755
945.0,0.311979
946.0,0.31235399999999997
947.0,0.312608
948.0,0.312511
949.0,0.312781
950.0,0.313006
951.0,0.313292
952.0,0.31365
953.0,0.314101
954.0,0.31440999999999997
955.0,0.31455500000000003
956.0,0.314734
957.0,0.31502800000000003
958.0,0.315598
959.0,0.315457
960.0,0.316068
961.0,0.316301
962.0,0.31641400000000003
963.0,0.317077
964.0,0.317301
965.0,0.317313
966.0,0.316957
967.0,0.317191
968.0,0.317666
969.0,0.317786
970.0,0.318301
971.0,0.318826
972.0,0.318328
973.0,0.319007
974.0,0.319289
975.0,0.319375
976.0,0.32007599999999997
977.0,0.31943
978.0,0.319534
979.0,0.319636
980.0,0.31999099999999997
981.0,0.320131
982.0,0.32034999999999997
983.0,0.32059899999999997
984.0,0.320832
985.0,0.32104900000000003
986.0,0.321251
987.0,0.32143700000000003
988.0,0.321607
989.0,0.32176099999999996
990.0,0.32189999999999996
991.0,0.322023
992.0,0.32213099999999995
993.0,0.322223
994.0,0.322299
995.0,0.322359
996.0,0.322412
997.0,0.32246600000000003
998.0,0.32252000000000003
999.0,0.322573
1000.0,0.322627
1001.0,0.322681
1002.0,0.322733
1003.0,0.32278300000000004
1004.0,0.322835
1005.0,0.322893
1006.0,0.322964
1007.0,0.323047
1008.0,0.323129
1009.0,0.32319499999999995
1010.0,0.32323300000000005
1011.0,0.32325200000000004
1012.0,0.323267
1013.0,0.32329500000000005
1014.0,0.323346
1015.0,0.32341200000000003
1016.0,0.323478
1017.0,0.323532
1018.0,0.32357100000000005
1019.0,0.323601
1020.0,0.323624
1021.0,0.323638
1022.0,0.323641
1023.0,0.323635
1024.0,0.323624
1025.0,0.32361199999999996
1026.0,0.32359499999999997
1027.0,0.323575
1028.0,0.323556
1029.0,0.323546
1030.0,0.32354700000000003
1031.0,0.323555
1032.0,0.323564
1033.0,0.32356699999999994
1034.0,0.32356999999999997
1035.0,0.32357199999999997
1036.0,0.323566
1037.0,0.323546
1038.0,0.32350700000000004
1039.0,0.32345799999999997
1040.0,0.323405
1041.0,0.32336
1042.0,0.32332700000000003
1043.0,0.32329399999999997
1044.0,0.323251
1045.0,0.323187
1046.0,0.32309600000000005
1047.0,0.32299300000000003
1048.0,0.322895
1049.0,0.322816
1050.0,0.322751
1051.0,0.322696
1052.0,0.322648
1053.0,0.322608
1054.0,0.32258200000000004
1055.0,0.32256100000000004
1056.0,0.322534
1057.0,0.322494
1058.0,0.32244799999999996
1059.0,0.322394
1060.0,0.32232900000000003
1061.0,0.322249
1062.0,0.32215299999999997
1063.0,0.322048
1064.0,0.321935
1065.0,0.32181600000000005
1066.0,0.321685
1067.0,0.321551
1068.0,0.32142499999999996
1069.0,0.321316
1070.0,0.321218
1071.0,0.321122
1072.0,0.32101799999999997
1073.0,0.320899
1074.0,0.320769
1075.0,0.32064
1076.0,0.32052100000000006
1077.0,0.32041400000000003
1078.0,0.320314
1079.0,0.320225
1080.0,0.320154
1081.0,0.32010599999999995
1082.0,0.320077
1083.0,0.320058
1084.0,0.320042
1085.0,0.320036
1086.0,0.320039
1087.0,0.320036
1088.0,0.320016
1089.0,0.31997699999999996
1090.0,0.319927
1091.0,0.31986899999999996
1092.0,0.319806
1093.0,0.319737
1094.0,0.31966300000000003
1095.0,0.31958200000000003
1096.0,0.319494
1097.0,0.319395
1098.0,0.31928999999999996
1099.0,0.319186
1100.0,0.319089
1101.0,0.318996
1102.0,0.318907
1103.0,0.318821
1104.0,0.318739
1105.0,0.318664
1106.0,0.318592
1107.0,0.318513
1108.0,0.318421
1109.0,0.318318
1110.0,0.318211
1111.0,0.318104
1112.0,0.318001
1113.0,0.317894
1114.0,0.317793
1115.0,0.317704
1116.0,0.317641
1117.0,0.317601
1118.0,0.317562
1119.0,0.317505
1120.0,0.317421
1121.0,0.31732099999999996
1122.0,0.317207
1123.0,0.31707799999999997
1124.0,0.316919
1125.0,0.316736
1126.0,0.316559
1127.0,0.31642
1128.0,0.316328
1129.0,0.316264
1130.0,0.316213
1131.0,0.316159
1132.0,0.316112
1133.0,0.316071
1134.0,0.31602
1135.0,0.315945
1136.0,0.315843
1137.0,0.31572500000000003
1138.0,0.315602
1139.0,0.315481
1140.0,0.315363
1141.0,0.315242
1142.0,0.315112
1143.0,0.31496999999999997
1144.0,0.314809
1145.0,0.31464200000000003
1146.0,0.314485
1147.0,0.314347
1148.0,0.314223
1149.0,0.314108
1150.0,0.314002
1151.0,0.313906
1152.0,0.313827
1153.0,0.313749
1154.0,0.313654
1155.0,0.31352399999999997
1156.0,0.313368
1157.0,0.313207
1158.0,0.313062
1159.0,0.312944
1160.0,0.312839
1161.0,0.312745
1162.0,0.312658
1163.0,0.31258400000000003
1164.0,0.312524
1165.0,0.31245999999999996
1166.0,0.312377
1167.0,0.312278
1168.0,0.312168
1169.0,0.312045
1170.0,0.311906
1171.0,0.311741
1172.0,0.311562
1173.0,0.311391
1174.0,0.311251
1175.0,0.311146
1176.0,0.311053
1177.0,0.310949
1178.0,0.31081
1179.0,0.310634
1180.0,0.310449
1181.0,0.310284
1182.0,0.310156
1183.0,0.31005
1184.0,0.309964
1185.0,0.30990100000000004
1186.0,0.309874
1187.0,0.309887
1188.0,0.309904
1189.0,0.309888
1190.0,0.309818
1191.0,0.309714
1192.0,0.309596
1193.0,0.309485
1194.0,0.309383
1195.0,0.30928100000000003
1196.0,0.30918
1197.0,0.30908
1198.0,0.308979
1199.0,0.30887899999999996
1200.0,0.308783
1201.0,0.30869199999999997
1202.0,0.30861
1203.0,0.30853200000000003
1204.0,0.308452
1205.0,0.308364
1206.0,0.308271
1207.0,0.308174
1208.0,0.308071
1209.0,0.307958
1210.0,0.307828
1211.0,0.307697
1212.0,0.30758199999999997
1213.0,0.307496
1214.0,0.30743200000000004
1215.0,0.307381
1216.0,0.30733699999999997
1217.0,0.30729500000000004
1218.0,0.307262
1219.0,0.307234
1220.0,0.30721
1221.0,0.307199
1222.0,0.307197
1223.0,0.307187
1224.0,0.307152
1225.0,0.307092
1226.0,0.307013
1227.0,0.306913
1228.0,0.306787
1229.0,0.30662
1230.0,0.30643
1231.0,0.306248
1232.0,0.306102
1233.0,0.30598
1234.0,0.305876
1235.0,0.305786
1236.0,0.30571000000000004
1237.0,0.305656
1238.0,0.305611
1239.0,0.305558
1240.0,0.305488
1241.0,0.305408
1242.0,0.305322
1243.0,0.305238
1244.0,0.30516
1245.0,0.305084
1246.0,0.305004
1247.0,0.30491
1248.0,0.30479500000000004
1249.0,0.304668
1250.0,0.304541
1251.0,0.304428
1252.0,0.304327
1253.0,0.304234
1254.0,0.304145
1255.0,0.304058
1256.0,0.30398
1257.0,0.303903
1258.0,0.303817
1259.0,0.303708
1260.0,0.30357500000000004
1261.0,0.303432
1262.0,0.303297
1263.0,0.30317900000000003
1264.0,0.303071
1265.0,0.302969
1266.0,0.302873
1267.0,0.302783
1268.0,0.30269999999999997
1269.0,0.30262
1270.0,0.302541
1271.0,0.302457
1272.0,0.302373
1273.0,0.302294
1274.0,0.302227
1275.0,0.302168
1276.0,0.302117
1277.0,0.302077
1278.0,0.302049
1279.0,0.302039
1280.0,0.30203800000000003
1281.0,0.302035
1282.0,0.30202100000000004
1283.0,0.302006
1284.0,0.301986
1285.0,0.301955
1286.0,0.30191
1287.0,0.301855
1288.0,0.301788
1289.0,0.301704
1290.0,0.301597
1291.0,0.301469
1292.0,0.301335
1293.0,0.301213
1294.0,0.301101
1295.0,0.300995
1296.0,0.300894
1297.0,0.300802
1298.0,0.300721
1299.0,0.300647
1300.0,0.30057300000000003
1301.0,0.300489
1302.0,0.300394
1303.0,0.300298
1304.0,0.30022
1305.0,0.300172
1306.0,0.300152
1307.0,0.300145
1308.0,0.300137
1309.0,0.30012
1310.0,0.300105
1311.0,0.300085
1312.0,0.300055
1313.0,0.300015
1314.0,0.299966
1315.0,0.299908
1316.0,0.29984
1317.0,0.299755
1318.0,0.29966000000000004
1319.0,0.299566
1320.0,0.299486
1321.0,0.299414
1322.0,0.299349
1323.0,0.29928899999999997
1324.0,0.299237
1325.0,0.299197
1326.0,0.299159
1327.0,0.299112
1328.0,0.299046
1329.0,0.298966
1330.0,0.298885
1331.0,0.298813
1332.0,0.298755
1333.0,0.298704
1334.0,0.298658
1335.0,0.298618
1336.0,0.298587
1337.0,0.298562
1338.0,0.298534
1339.0,0.298493
1340.0,0.298443
1341.0,0.298387
1342.0,0.298325
1343.0,0.298259
1344.0,0.298188
1345.0,0.298112
1346.0,0.298029
1347.0,0.297937
1348.0,0.297835
1349.0,0.29773099999999997
1350.0,0.297637
1351.0,0.297552
1352.0,0.297474
1353.0,0.29739899999999997
1354.0,0.29732600000000003
1355.0,0.297257
1356.0,0.29719
1357.0,0.297125
1358.0,0.297058
1359.0,0.29699200000000003
1360.0,0.296925
1361.0,0.296858
1362.0,0.29678899999999997
1363.0,0.29672
1364.0,0.296649
1365.0,0.296572
1366.0,0.29648599999999997
1367.0,0.296392
1368.0,0.296299
1369.0,0.296211
1370.0,0.296125
1371.0,0.296041
1372.0,0.29596900000000004
1373.0,0.295918
1374.0,0.295894
1375.0,0.295882
1376.0,0.29586
1377.0,0.295816
1378.0,0.295765
1379.0,0.295697
1380.0,0.2956
1381.0,0.295461
1382.0,0.295284
1383.0,0.29509
1384.0,0.294896
1385.0,0.294698
1386.0,0.294493
1387.0,0.294294
1388.0,0.294113
1389.0,0.293948
1390.0,0.293794
1391.0,0.293653
1392.0,0.293525
1393.0,0.293412
1394.0,0.29331
1395.0,0.293215
1396.0,0.293126
1397.0,0.293045
1398.0,0.29297
1399.0,0.292897
1400.0,0.292832
1401.0,0.292773
1402.0,0.292709
1403.0,0.292626
1404.0,0.292533
1405.0,0.29242799999999997
1406.0,0.292305
1407.0,0.292157
1408.0,0.29197500000000004
1409.0,0.291781
1410.0,0.291602
1411.0,0.29145299999999996
1412.0,0.29131799999999997
1413.0,0.291198
1414.0,0.291091
1415.0,0.291004
1416.0,0.290933
1417.0,0.290868
1418.0,0.29079499999999997
1419.0,0.29071400000000003
1420.0,0.29063300000000003
1421.0,0.290557
1422.0,0.290492
1423.0,0.29043800000000003
1424.0,0.29039000000000004
1425.0,0.290344
1426.0,0.29029499999999997
1427.0,0.290244
1428.0,0.290201
1429.0,0.290177
1430.0,0.290192
1431.0,0.290234
1432.0,0.290262
1433.0,0.29024
1434.0,0.290163
1435.0,0.29005600000000004
1436.0,0.289942
1437.0,0.289834
1438.0,0.28971399999999997
1439.0,0.289597
1440.0,0.289502
1441.0,0.289441
1442.0,0.289408
1443.0,0.289388
1444.0,0.289369
1445.0,0.289348
1446.0,0.289331
1447.0,0.289325
1448.0,0.289337
1449.0,0.289364
1450.0,0.289405
1451.0,0.289455
1452.0,0.28952
1453.0,0.289605
1454.0,0.289694
1455.0,0.28976199999999996
1456.0,0.289802
1457.0,0.28982399999999997
1458.0,0.289831
1459.0,0.289823
1460.0,0.289789
1461.0,0.289739
1462.0,0.289698
1463.0,0.28969
1464.0,0.289707
1465.0,0.289737
1466.0,0.28977
1467.0,0.289801
1468.0,0.289835
1469.0,0.289871
1470.0,0.289907
1471.0,0.289946
1472.0,0.289986
1473.0,0.290022
1474.0,0.290046
1475.0,0.290048
1476.0,0.290043
1477.0,0.290055
1478.0,0.290103
1479.0,0.290187
1480.0,0.290281
1481.0,0.290363
1482.0,0.29043199999999997
1483.0,0.290499
1484.0,0.290543
1485.0,0.290543
1486.0,0.29047999999999996
1487.0,0.290381
1488.0,0.290289
1489.0,0.290241
1490.0,0.290226
1491.0,0.29022400000000004
1492.0,0.29022
1493.0,0.290201
1494.0,0.290176
1495.0,0.290154
1496.0,0.29014399999999996
1497.0,0.290148
1498.0,0.29016
1499.0,0.290181
1500.0,0.290208
1501.0,0.290241
1502.0,0.290282
1503.0,0.290333
1504.0,0.290399
1505.0,0.290481
1506.0,0.290567
1507.0,0.290644
1508.0,0.29072
1509.0,0.29079499999999997
1510.0,0.290847
1511.0,0.290849
1512.0,0.290787
1513.0,0.290692
1514.0,0.290609
1515.0,0.29057
1516.0,0.290557
1517.0,0.290551
1518.0,0.290537
1519.0,0.290513
1520.0,0.290484
1521.0,0.290447
1522.0,0.290399
1523.0,0.290326
1524.0,0.290246
1525.0,0.29018499999999997
1526.0,0.290167
1527.0,0.290188
1528.0,0.29022200000000004
1529.0,0.290247
1530.0,0.290252
1531.0,0.29025
1532.0,0.29024
1533.0,0.29022
1534.0,0.290179
1535.0,0.29013
1536.0,0.290094
1537.0,0.29008500000000004
1538.0,0.29009599999999997
1539.0,0.29012
1540.0,0.290149
1541.0,0.290179
1542.0,0.29021399999999997
1543.0,0.290255
1544.0,0.290302
1545.0,0.290358
1546.0,0.29042
1547.0,0.290477
1548.0,0.29052700000000004
1549.0,0.290576
1550.0,0.290616
1551.0,0.29063700000000003
1552.0,0.29063
1553.0,0.290601
1554.0,0.290566
1555.0,0.29053999999999996
1556.0,0.290515
1557.0,0.290492
1558.0,0.290486
1559.0,0.290506
1560.0,0.290553
1561.0,0.290613
1562.0,0.290671
1563.0,0.290724
1564.0,0.29078
1565.0,0.29083400000000004
1566.0,0.290884
1567.0,0.290926
1568.0,0.290966
1569.0,0.29101299999999997
1570.0,0.29107500000000003
1571.0,0.291144
1572.0,0.291223
1573.0,0.291311
1574.0,0.291417
1575.0,0.291536
1576.0,0.291649
1577.0,0.291741
1578.0,0.291821
1579.0,0.29188600000000003
1580.0,0.291933
1581.0,0.29195499999999996
1582.0,0.291952
1583.0,0.291934
1584.0,0.291908
1585.0,0.291872
1586.0,0.29182400000000003
1587.0,0.291775
1588.0,0.291728
1589.0,0.291674
1590.0,0.291624
1591.0,0.291595
1592.0,0.291605
1593.0,0.29164999999999996
1594.0,0.291693
1595.0,0.291699
1596.0,0.291653
1597.0,0.291584
1598.0,0.291526
1599.0,0.291506
1600.0,0.291506
1601.0,0.291524
1602.0,0.291557
1603.0,0.291616
1604.0,0.291698
1605.0,0.291772
1606.0,0.29181
1607.0,0.291801
1608.0,0.291774
1609.0,0.291764
1610.0,0.291795
1611.0,0.29185099999999997
1612.0,0.291923
1613.0,0.292005
1614.0,0.292117
1615.0,0.292244
1616.0,0.292343
1617.0,0.292378
1618.0,0.292356
1619.0,0.2923
1620.0,0.29223099999999996
1621.0,0.292141
1622.0,0.29202300000000003
1623.0,0.291918
1624.0,0.291862
1625.0,0.29185500000000003
1626.0,0.291879
1627.0,0.291917
1628.0,0.291966
1629.0,0.292033
1630.0,0.292108
1631.0,0.292177
1632.0,0.292238
1633.0,0.29229700000000003
1634.0,0.292352
1635.0,0.292404
1636.0,0.292456
1637.0,0.292502
1638.0,0.292533
1639.0,0.292535
1640.0,0.292514
1641.0,0.292501
1642.0,0.292524
1643.0,0.29259
1644.0,0.29267499999999996
1645.0,0.292759
1646.0,0.292824
1647.0,0.292881
1648.0,0.292937
1649.0,0.293004
1650.0,0.293085
1651.0,0.293173
1652.0,0.293263
1653.0,0.29335100000000003
1654.0,0.293441
1655.0,0.29353
1656.0,0.293614
1657.0,0.293693
1658.0,0.293768
1659.0,0.293836
1660.0,0.293894
1661.0,0.293945
1662.0,0.29398599999999997
1663.0,0.294009
1664.0,0.294007
1665.0,0.293983
1666.0,0.293944
1667.0,0.293898
1668.0,0.293825
1669.0,0.293744
1670.0,0.293692
1671.0,0.293702
1672.0,0.29376
1673.0,0.29385
1674.0,0.293959
1675.0,0.294096
1676.0,0.294261
1677.0,0.294423
1678.0,0.294558
1679.0,0.294676
1680.0,0.294784
1681.0,0.29488800000000004
1682.0,0.294998
1683.0,0.295109
1684.0,0.29520399999999997
1685.0,0.295263
1686.0,0.295279
1687.0,0.295272
1688.0,0.295267
1689.0,0.295277
1690.0,0.295289
1691.0,0.295303
1692.0,0.295319
1693.0,0.295336
1694.0,0.295355
1695.0,0.295377
1696.0,0.29540099999999997
1697.0,0.295423
1698.0,0.295455
1699.0,0.295512
1700.0,0.29560400000000003
1701.0,0.295717
1702.0,0.295834
1703.0,0.295941
1704.0,0.296052
1705.0,0.296157
1706.0,0.29624500000000004
1707.0,0.29631
1708.0,0.296358
1709.0,0.296399
1710.0,0.296436
1711.0,0.296463
1712.0,0.29648800000000003
1713.0,0.296523
1714.0,0.296574
1715.0,0.296636
1716.0,0.296701
1717.0,0.296762
1718.0,0.29681799999999997
1719.0,0.296874
1720.0,0.296938
1721.0,0.297025
1722.0,0.29712900000000003
1723.0,0.297213
1724.0,0.297235
1725.0,0.297188
1726.0,0.297103
1727.0,0.297016
1728.0,0.296954
1729.0,0.2969
1730.0,0.296832
1731.0,0.29672699999999996
1732.0,0.29656
1733.0,0.296375
1734.0,0.296226
1735.0,0.29615600000000003
1736.0,0.296142
1737.0,0.296158
1738.0,0.29617899999999997
1739.0,0.29622499999999996
1740.0,0.296283
1741.0,0.29631799999999997
1742.0,0.296302
1743.0,0.296247
1744.0,0.29617699999999997
1745.0,0.296114
1746.0,0.296055
1747.0,0.295996
1748.0,0.29593800000000003
1749.0,0.295875
1750.0,0.295799
1751.0,0.29574300000000003
1752.0,0.29574300000000003
1753.0,0.29582
1754.0,0.295939
1755.0,0.296054
1756.0,0.29613700000000004
1757.0,0.296211
1758.0,0.29627
1759.0,0.296307
1760.0,0.296315
1761.0,0.296304
1762.0,0.296286
1763.0,0.296268
1764.0,0.296242
1765.0,0.29621600000000003
1766.0,0.296199
1767.0,0.296191
1768.0,0.296189
1769.0,0.296194
1770.0,0.2962
1771.0,0.296203
1772.0,0.29622499999999996
1773.0,0.296289
1774.0,0.296416
1775.0,0.296574
1776.0,0.29671600000000004
1777.0,0.296815
1778.0,0.296891
1779.0,0.29694299999999996
1780.0,0.296968
1781.0,0.29695
1782.0,0.296907
1783.0,0.296871
1784.0,0.296859
1785.0,0.29685500000000004
1786.0,0.296867
1787.0,0.296906
1788.0,0.29698399999999997
1789.0,0.297084
1790.0,0.297178
1791.0,0.29724900000000004
1792.0,0.297309
1793.0,0.297366
1794.0,0.29742999999999997
1795.0,0.297506
1796.0,0.297582
1797.0,0.297645
1798.0,0.29768
1799.0,0.297693
1800.0,0.297709
1801.0,0.297756
1802.0,0.297838
1803.0,0.297935
1804.0,0.298029
1805.0,0.298107
1806.0,0.29818100000000003
1807.0,0.298257
1808.0,0.29834499999999997
1809.0,0.298454
1810.0,0.298563
1811.0,0.29864799999999997
1812.0,0.29869599999999996
1813.0,0.298722
1814.0,0.298737
1815.0,0.298749
1816.0,0.29875
1817.0,0.298747
1818.0,0.298752
1819.0,0.298763
1820.0,0.298778
1821.0,0.298799
1822.0,0.298824
1823.0,0.29884499999999997
1824.0,0.298883
1825.0,0.298964
1826.0,0.299088
1827.0,0.299245
1828.0,0.29942799999999997
1829.0,0.299651
1830.0,0.299929
1831.0,0.300188
1832.0,0.30035
1833.0,0.30040500000000003
1834.0,0.30040500000000003
1835.0,0.30039899999999997
1836.0,0.30041
1837.0,0.300411
1838.0,0.300422
1839.0,0.300466
1840.0,0.300556
1841.0,0.300653
1842.0,0.300714
1843.0,0.300701
1844.0,0.300648
1845.0,0.300616
1846.0,0.30066400000000004
1847.0,0.30079100000000003
1848.0,0.300939
1849.0,0.30105
1850.0,0.301116
1851.0,0.301158
1852.0,0.301176
1853.0,0.30116
1854.0,0.301103
1855.0,0.301045
1856.0,0.301025
1857.0,0.301027
1858.0,0.301055
1859.0,0.30113
1860.0,0.30128699999999997
1861.0,0.30151
1862.0,0.301721
1863.0,0.301849
1864.0,0.30190100000000003
1865.0,0.301916
1866.0,0.301928
1867.0,0.301945
1868.0,0.30195299999999997
1869.0,0.301964
1870.0,0.301986
1871.0,0.30202100000000004
1872.0,0.302052
1873.0,0.30206099999999997
1874.0,0.302037
1875.0,0.301999
1876.0,0.301969
1877.0,0.301983
1878.0,0.30203199999999997
1879.0,0.302036
1880.0,0.301921
1881.0,0.30177
1882.0,0.301734
1883.0,0.30172699999999997
1884.0,0.30169599999999996
1885.0,0.301631
1886.0,0.301577
1887.0,0.301552
1888.0,0.301542
1889.0,0.301616
1890.0,0.301717
1891.0,0.30157900000000004
1892.0,0.301371
1893.0,0.301069
1894.0,0.300722
1895.0,0.300386
1896.0,0.300138
1897.0,0.29972899999999997
1898.0,0.29884499999999997
1899.0,0.29751
1900.0,0.29624500000000004
1901.0,0.29533000000000004
1902.0,0.29459199999999996
1903.0,0.29403
1904.0,0.293783
1905.0,0.29364
1906.0,0.293179
1907.0,0.292271
1908.0,0.291314
1909.0,0.290674
1910.0,0.290246
1911.0,0.289952
1912.0,0.289783
1913.0,0.289746
1914.0,0.289743
1915.0,0.289765
1916.0,0.289805
1917.0,0.289766
1918.0,0.28965599999999997
1919.0,0.289474
1920.0,0.289186
1921.0,0.28877600000000003
1922.0,0.288339
1923.0,0.28795000000000004
1924.0,0.287573
1925.0,0.287172
1926.0,0.286699
1927.0,0.286214
1928.0,0.285842
1929.0,0.285614
1930.0,0.285436
1931.0,0.28522200000000003
1932.0,0.284995
1933.0,0.28475300000000003
1934.0,0.28448
1935.0,0.284184
1936.0,0.283899
1937.0,0.283629
1938.0,0.283374
1939.0,0.28316199999999997
1940.0,0.282976
1941.0,0.282853
1942.0,0.282847
1943.0,0.282946
1944.0,0.283104
1945.0,0.28332599999999997
1946.0,0.283609
1947.0,0.283795
1948.0,0.28373899999999996
1949.0,0.283654
1950.0,0.28387
1951.0,0.284435
1952.0,0.28504799999999997
1953.0,0.285429
1954.0,0.285647
1955.0,0.285861
1956.0,0.286107
1957.0,0.28637799999999997
1958.0,0.286843
1959.0,0.287641
1960.0,0.288498
1961.0,0.289064
1962.0,0.289368
1963.0,0.28963
1964.0,0.29000800000000004
1965.0,0.29042
1966.0,0.290752
1967.0,0.290986
1968.0,0.29113700000000003
1969.0,0.291163
1970.0,0.290955
1971.0,0.290789
1972.0,0.291002
1973.0,0.291522
1974.0,0.29211200000000004
1975.0,0.292724
1976.0,0.293355
1977.0,0.293707
1978.0,0.29360800000000004
1979.0,0.29339200000000004
1980.0,0.293441
1981.0,0.29367699999999997
1982.0,0.29406099999999996
1983.0,0.294664
1984.0,0.295442
1985.0,0.296054
1986.0,0.296319
1987.0,0.296479
1988.0,0.296821
1989.0,0.297355
1990.0,0.297919
1991.0,0.298398
1992.0,0.298837
1993.0,0.299254
1994.0,0.299638
1995.0,0.300008
1996.0,0.300428
1997.0,0.300937
1998.0,0.301387
1999.0,0.301604
2000.0,0.301641
2001.0,0.30177499999999996
2002.0,0.302146
2003.0,0.302629
2004.0,0.30311499999999997
2005.0,0.30361899999999997
2006.0,0.30412
2007.0,0.304573
2008.0,0.304995
2009.0,0.305367
2010.0,0.305697
2011.0,0.305969
2012.0,0.306117
2013.0,0.30605899999999997
2014.0,0.306008
2015.0,0.306206
2016.0,0.30659400000000003
2017.0,0.307058
2018.0,0.307649
2019.0,0.308264
2020.0,0.308553
2021.0,0.308372
2022.0,0.308136
2023.0,0.308253
2024.0,0.308618
2025.0,0.30911500000000003
2026.0,0.30978300000000003
2027.0,0.31054099999999996
2028.0,0.311131
2029.0,0.311543
2030.0,0.31183299999999997
2031.0,0.31199
2032.0,0.312014
2033.0,0.312043
2034.0,0.312099
2035.0,0.312191
2036.0,0.31245100000000003
2037.0,0.31294
2038.0,0.313403
2039.0,0.313569
2040.0,0.31353000000000003
2041.0,0.313639
2042.0,0.314021
2043.0,0.314538
2044.0,0.315116
2045.0,0.315854
2046.0,0.31644500000000003
2047.0,0.316575
2048.0,0.31640599999999997
2049.0,0.316265
2050.0,0.316165
2051.0,0.316113
2052.0,0.316227
2053.0,0.316527
2054.0,0.316798
2055.0,0.316857
2056.0,0.316843
2057.0,0.317015
2058.0,0.317437
2059.0,0.317919
2060.0,0.318328
2061.0,0.318731
2062.0,0.31890599999999997
2063.0,0.31860900000000003
2064.0,0.318124
2065.0,0.317969
2066.0,0.318179
2067.0,0.31842
2068.0,0.31842
2069.0,0.318318
2070.0,0.318405
2071.0,0.318799
2072.0,0.319276
2073.0,0.319632
2074.0,0.319925
2075.0,0.320124
2076.0,0.32014200000000004
2077.0,0.32008499999999995
2078.0,0.320188
2079.0,0.32054900000000003
2080.0,0.320871
2081.0,0.320825
2082.0,0.32051900000000005
2083.0,0.320385
2084.0,0.32059600000000005
2085.0,0.32095300000000004
2086.0,0.321329
2087.0,0.321801
2088.0,0.322089
2089.0,0.321945
2090.0,0.32154699999999997
2091.0,0.32116300000000003
2092.0,0.32067500000000004
2093.0,0.320427
2094.0,0.320858
2095.0,0.32173999999999997
2096.0,0.322545
2097.0,0.32329300000000005
2098.0,0.32386899999999996
2099.0,0.32393099999999997
2100.0,0.323518
2101.0,0.323145
2102.0,0.323016
2103.0,0.323005
2104.0,0.323174
2105.0,0.323585
2106.0,0.32398299999999997
2107.0,0.324142
2108.0,0.324174
2109.0,0.324241
2110.0,0.32441400000000004
2111.0,0.32449599999999995
2112.0,0.324214
2113.0,0.323652
2114.0,0.323415
2115.0,0.323793
2116.0,0.324421
2117.0,0.32500100000000004
2118.0,0.325638
2119.0,0.32601199999999997
2120.0,0.32583
2121.0,0.325406
2122.0,0.32524099999999995
2123.0,0.32533700000000004
2124.0,0.32549100000000003
2125.0,0.325563
2126.0,0.325653
2127.0,0.32596899999999995
2128.0,0.32667900000000005
2129.0,0.32726999999999995
2130.0,0.327222
2131.0,0.326793
2132.0,0.32647
2133.0,0.326271
2134.0,0.326239
2135.0,0.326595
2136.0,0.32726799999999995
2137.0,0.327825
2138.0,0.3281
2139.0,0.328282
2140.0,0.328523
2141.0,0.328806
2142.0,0.328945
2143.0,0.32881
2144.0,0.328534
2145.0,0.32829200000000003
2146.0,0.328044
2147.0,0.327855
2148.0,0.32778399999999996
2149.0,0.327795
2150.0,0.32786000000000004
2151.0,0.328005
2152.0,0.328136
2153.0,0.32819499999999996
2154.0,0.328208
2155.0,0.32815300000000003
2156.0,0.328046
2157.0,0.32784599999999997
2158.0,0.327478
2159.0,0.326988
2160.0,0.32656199999999996
2161.0,0.326192
2162.0,0.325903
2163.0,0.32575400000000004
2164.0,0.325715
2165.0,0.325712
2166.0,0.325789
2167.0,0.32581000000000004
2168.0,0.32563400000000003
2169.0,0.325324
2170.0,0.324921
2171.0,0.324371
2172.0,0.32383
2173.0,0.32345799999999997
2174.0,0.3232
2175.0,0.323061
2176.0,0.323106
2177.0,0.323179
2178.0,0.32309699999999997
2179.0,0.32292000000000004
2180.0,0.32270499999999996
2181.0,0.32242
2182.0,0.322158
2183.0,0.322058
2184.0,0.322076
2185.0,0.32208
2186.0,0.32207299999999994
2187.0,0.32201799999999997
2188.0,0.32181
2189.0,0.321488
2190.0,0.321314
2191.0,0.32133
2192.0,0.321426
2193.0,0.321595
2194.0,0.321812
2195.0,0.321772
2196.0,0.321373
2197.0,0.320926
2198.0,0.32065
2199.0,0.32046100000000005
2200.0,0.320431
2201.0,0.320638
2202.0,0.32082700000000003
2203.0,0.320809
2204.0,0.32067999999999997
2205.0,0.32045900000000005
2206.0,0.32008000000000003
2207.0,0.319811
2208.0,0.31988
2209.0,0.320135
2210.0,0.320407
2211.0,0.320765
2212.0,0.320931
2213.0,0.320685
2214.0,0.32022399999999995
2215.0,0.319735
2216.0,0.31915099999999996
2217.0,0.318766
2218.0,0.318712
2219.0,0.318861
2220.0,0.319201
2221.0,0.319765
2222.0,0.320034
2223.0,0.319846
2224.0,0.31945
2225.0,0.318939
2226.0,0.318297
2227.0,0.318013
2228.0,0.318174
2229.0,0.318537
2230.0,0.31901599999999997
2231.0,0.319611
2232.0,0.320015
2233.0,0.320215
2234.0,0.32034599999999996
2235.0,0.320513
2236.0,0.32062199999999996
2237.0,0.32049999999999995
2238.0,0.320154
2239.0,0.31969000000000003
2240.0,0.319046
2241.0,0.31839300000000004
2242.0,0.31801999999999997
2243.0,0.317865
2244.0,0.317896
2245.0,0.31821
2246.0,0.318537
2247.0,0.31854099999999996
2248.0,0.318384
2249.0,0.318386
2250.0,0.31860700000000003
2251.0,0.318864
2252.0,0.319032
2253.0,0.319192
2254.0,0.31945799999999996
2255.0,0.31982
2256.0,0.320232
2257.0,0.320724
2258.0,0.321204
2259.0,0.321526
2260.0,0.321735
2261.0,0.321884
2262.0,0.32195700000000005
2263.0,0.32201799999999997
2264.0,0.322142
2265.0,0.322268
2266.0,0.322273
2267.0,0.32215000000000005
2268.0,0.32208
2269.0,0.322141
2270.0,0.32225299999999996
2271.0,0.322365
2272.0,0.32248899999999997
2273.0,0.322594
2274.0,0.322672
2275.0,0.322739
2276.0,0.322792
2277.0,0.32284199999999996
2278.0,0.32293799999999995
2279.0,0.323086
2280.0,0.32319000000000003
2281.0,0.32319499999999995
2282.0,0.32317500000000005
2283.0,0.323207
2284.0,0.323267
2285.0,0.323318
2286.0,0.32337000000000005
2287.0,0.323369
2288.0,0.323231
2289.0,0.323065
2290.0,0.323042
2291.0,0.323126
2292.0,0.323307
2293.0,0.323637
2294.0,0.323968
2295.0,0.324152
2296.0,0.32427700000000004
2297.0,0.324445
2298.0,0.324654
2299.0,0.32482
2300.0,0.324963
2301.0,0.324981
2302.0,0.324635
2303.0,0.324093
2304.0,0.32394599999999996
2305.0,0.32425400000000004
2306.0,0.324602
2307.0,0.32496899999999995
2308.0,0.325173
2309.0,0.324745
2310.0,0.32386200000000004
2311.0,0.323306
2312.0,0.323082
2313.0,0.32307600000000003
2314.0,0.323435
2315.0,0.323854
2316.0,0.323705
2317.0,0.32319200000000003
2318.0,0.32303
2319.0,0.32335500000000006
2320.0,0.32380200000000003
2321.0,0.32433700000000004
2322.0,0.324777
2323.0,0.324562
2324.0,0.323889
2325.0,0.323632
2326.0,0.32394
2327.0,0.324439
2328.0,0.32514200000000004
2329.0,0.325785
2330.0,0.325698
2331.0,0.325108
2332.0,0.324761
2333.0,0.32467599999999996
2334.0,0.32468600000000003
2335.0,0.324773
2336.0,0.32491
2337.0,0.324955
2338.0,0.324971
2339.0,0.325317
2340.0,0.32606999999999997
2341.0,0.326772
2342.0,0.32730200000000004
2343.0,0.327648
2344.0,0.32764499999999996
2345.0,0.32738500000000004
2346.0,0.327042
2347.0,0.32656199999999996
2348.0,0.32636299999999996
2349.0,0.326697
2350.0,0.32703299999999996
2351.0,0.326944
2352.0,0.326656
2353.0,0.326315
2354.0,0.325895
2355.0,0.325663
2356.0,0.32571100000000003
2357.0,0.32576099999999997
2358.0,0.32565
2359.0,0.325492
2360.0,0.325349
2361.0,0.325212
2362.0,0.325152
2363.0,0.325158
2364.0,0.325323
2365.0,0.325683
2366.0,0.32618600000000003
2367.0,0.32691200000000004
2368.0,0.327689
2369.0,0.32805799999999996
2370.0,0.328098
2371.0,0.32785800000000004
2372.0,0.32722
2373.0,0.326691
2374.0,0.32655500000000004
2375.0,0.32655700000000004
2376.0,0.326533
2377.0,0.326546
2378.0,0.326649
2379.0,0.32683599999999996
2380.0,0.327183
2381.0,0.327793
2382.0,0.328263
2383.0,0.328347
2384.0,0.328163
2385.0,0.32769
2386.0,0.326985
2387.0,0.326243
2388.0,0.32543500000000003
2389.0,0.32472
2390.0,0.32406
2391.0,0.323677
2392.0,0.323801
2393.0,0.324197
2394.0,0.324602
2395.0,0.32510100000000003
2396.0,0.325749
2397.0,0.32654299999999997
2398.0,0.32758699999999996
2399.0,0.329129
2400.0,0.33008499999999996
2401.0,0.329896
2402.0,0.32899999999999996
2403.0,0.327305
2404.0,0.32526000000000005
2405.0,0.32420099999999996
2406.0,0.323909
2407.0,0.323842
2408.0,0.32406799999999997
2409.0,0.324038
2410.0,0.32345199999999996
2411.0,0.322862
2412.0,0.322523
2413.0,0.32238999999999995
2414.0,0.32271299999999997
2415.0,0.32336
2416.0,0.323636
2417.0,0.323601
2418.0,0.323026
2419.0,0.32176299999999997
2420.0,0.32034
2421.0,0.318864
2422.0,0.317546
2423.0,0.316589
2424.0,0.31610900000000003
2425.0,0.316778
2426.0,0.31831
2427.0,0.319526
2428.0,0.320496
2429.0,0.321253
2430.0,0.321753
2431.0,0.32216
2432.0,0.322518
2433.0,0.322871
2434.0,0.323368
2435.0,0.32378500000000004
2436.0,0.32380400000000004
2437.0,0.32354999999999995
2438.0,0.32315600000000005
2439.0,0.32260399999999995
2440.0,0.321875
2441.0,0.320941
2442.0,0.319973
2443.0,0.318901
2444.0,0.318152
2445.0,0.318109
2446.0,0.318237
2447.0,0.318004
2448.0,0.317788
2449.0,0.318222
2450.0,0.31904
2451.0,0.31938
2452.0,0.319341
2453.0,0.318425
2454.0,0.31643
2455.0,0.314735
2456.0,0.31349499999999997
2457.0,0.312892
2458.0,0.313378
2459.0,0.31406
2460.0,0.314265
2461.0,0.31427299999999997
2462.0,0.313999
2463.0,0.31363399999999997
2464.0,0.313989
2465.0,0.314716
2466.0,0.314151
2467.0,0.312297
2468.0,0.31095300000000003
2469.0,0.310121
2470.0,0.310347
2471.0,0.312572
2472.0,0.313923
2473.0,0.31258800000000003
2474.0,0.310273
2475.0,0.307371
2476.0,0.30477699999999996
2477.0,0.30411
2478.0,0.304571
2479.0,0.305749
2480.0,0.30753
2481.0,0.30842400000000003
2482.0,0.308636
2483.0,0.30882000000000004
2484.0,0.30896
2485.0,0.308955
2486.0,0.308871
2487.0,0.308019
2488.0,0.305881
2489.0,0.304662
2490.0,0.30533699999999997
2491.0,0.30648800000000004
2492.0,0.307931
2493.0,0.308766
2494.0,0.307632
2495.0,0.306009
2496.0,0.30523
2497.0,0.304969
2498.0,0.305631
2499.0,0.306825
2500.0,0.307518
