Sample ID,6_Hydrothermal_Clay_00003
Species,6_Hydrothermal_Clay
Subgroup,6_Hydrothermal_Clay
Group,6_Hydrothermal_Clay
Library,EXM_MRS
Sample Description,Sample 6
Date Added,"02/20/2024,02/20/2024"
Viewing Geometry,
Other Information,"Acquired with 1    RS-3500_SN17580H8 [3]
Name: Instrument, dtype: object; 7,32,30,40,50,30 integration times; 100,100 scans averaged"
Composition,
Resolution,2.8nm@700nm 8nm@1500nm 6nm@2100nm
Grain Size,
Locality,
Database of Origin,ExoMars Mission Reference Samples
Wavelength,Response
350.0,0.08453200000000001
351.0,0.083124
352.0,0.081646
353.0,0.080108
354.0,0.078638
355.0,0.077423
356.0,0.076113
357.0,0.074775
358.0,0.073617
359.0,0.072474
360.0,0.07134800000000001
361.0,0.070399
362.0,0.069533
363.0,0.068715
364.0,0.06804199999999999
365.0,0.067355
366.0,0.066529
367.0,0.065763
368.0,0.065114
369.0,0.064658
370.0,0.064248
371.0,0.063902
372.0,0.0637
373.0,0.06341000000000001
374.0,0.06301899999999999
375.0,0.06273
376.0,0.062286
377.0,0.061605
378.0,0.060964
379.0,0.060278
380.0,0.059497999999999995
381.0,0.058794000000000006
382.0,0.058220999999999995
383.0,0.057842000000000005
384.0,0.057588
385.0,0.057473
386.0,0.057537000000000005
387.0,0.057669
388.0,0.057855
389.0,0.058102999999999995
390.0,0.058385
391.0,0.058685
392.0,0.058952
393.0,0.059268
394.0,0.059669
395.0,0.060213
396.0,0.060788
397.0,0.061308999999999995
398.0,0.061664000000000004
399.0,0.06191
400.0,0.062161999999999995
401.0,0.062001
402.0,0.061502999999999995
403.0,0.060883
404.0,0.060416
405.0,0.060144
406.0,0.060142
407.0,0.060225999999999995
408.0,0.060353000000000004
409.0,0.060575000000000004
410.0,0.06085
411.0,0.061159
412.0,0.061497
413.0,0.061893000000000004
414.0,0.062366000000000005
415.0,0.06273
416.0,0.063052
417.0,0.06338099999999999
418.0,0.063776
419.0,0.06418700000000001
420.0,0.064541
421.0,0.064961
422.0,0.065423
423.0,0.065848
424.0,0.06626
425.0,0.066681
426.0,0.06718
427.0,0.067716
428.0,0.068308
429.0,0.069061
430.0,0.069856
431.0,0.070676
432.0,0.071603
433.0,0.07252
434.0,0.073377
435.0,0.074216
436.0,0.075085
437.0,0.076018
438.0,0.07693
439.0,0.077831
440.0,0.07872799999999999
441.0,0.07957499999999999
442.0,0.08038000000000001
443.0,0.08114800000000001
444.0,0.08185
445.0,0.08250199999999999
446.0,0.08312
447.0,0.08378000000000001
448.0,0.084441
449.0,0.085048
450.0,0.085658
451.0,0.086237
452.0,0.08671200000000001
453.0,0.087043
454.0,0.08731299999999999
455.0,0.087742
456.0,0.088073
457.0,0.08830600000000001
458.0,0.08849399999999999
459.0,0.088663
460.0,0.08881299999999999
461.0,0.08890599999999999
462.0,0.088937
463.0,0.08892099999999999
464.0,0.088928
465.0,0.088992
466.0,0.08911
467.0,0.089225
468.0,0.089356
469.0,0.08950799999999999
470.0,0.089685
471.0,0.08987099999999999
472.0,0.09007300000000001
473.0,0.09042299999999999
474.0,0.0908
475.0,0.091127
476.0,0.091166
477.0,0.091148
478.0,0.09118399999999999
479.0,0.09136
480.0,0.09168699999999999
481.0,0.09215899999999999
482.0,0.092613
483.0,0.093099
484.0,0.093626
485.0,0.094167
486.0,0.09474500000000001
487.0,0.095369
488.0,0.096029
489.0,0.096733
490.0,0.097478
491.0,0.09819599999999999
492.0,0.098965
493.0,0.09980800000000001
494.0,0.10061500000000001
495.0,0.101435
496.0,0.102287
497.0,0.10317899999999999
498.0,0.104109
499.0,0.10507
500.0,0.105974
501.0,0.106891
502.0,0.107851
503.0,0.10885500000000001
504.0,0.10986499999999999
505.0,0.11086299999999999
506.0,0.111843
507.0,0.11283
508.0,0.11382999999999999
509.0,0.114842
510.0,0.11584
511.0,0.116827
512.0,0.11784499999999999
513.0,0.118863
514.0,0.119879
515.0,0.12092800000000001
516.0,0.12195399999999999
517.0,0.122971
518.0,0.12401999999999999
519.0,0.125087
520.0,0.12617
521.0,0.127272
522.0,0.128363
523.0,0.129474
524.0,0.130699
525.0,0.131831
526.0,0.13291
527.0,0.133992
528.0,0.135103
529.0,0.13625
530.0,0.13744
531.0,0.13858700000000002
532.0,0.139731
533.0,0.140899
534.0,0.14202199999999998
535.0,0.143173
536.0,0.144404
537.0,0.145603
538.0,0.146753
539.0,0.14785600000000002
540.0,0.149032
541.0,0.150152
542.0,0.151204
543.0,0.152285
544.0,0.153398
545.0,0.15453
546.0,0.155626
547.0,0.15672
548.0,0.157828
549.0,0.158987
550.0,0.16007000000000002
551.0,0.161128
552.0,0.16223400000000002
553.0,0.16328099999999998
554.0,0.164329
555.0,0.16542300000000001
556.0,0.166472
557.0,0.16749099999999997
558.0,0.16849599999999998
559.0,0.16952899999999999
560.0,0.17049
561.0,0.171382
562.0,0.17236200000000002
563.0,0.173275
564.0,0.174122
565.0,0.17494900000000002
566.0,0.175794
567.0,0.17663299999999998
568.0,0.177408
569.0,0.178191
570.0,0.17896
571.0,0.179695
572.0,0.18044899999999997
573.0,0.181175
574.0,0.18185500000000002
575.0,0.182581
576.0,0.183275
577.0,0.183902
578.0,0.18442599999999998
579.0,0.18500699999999998
580.0,0.185594
581.0,0.186068
582.0,0.186601
583.0,0.18714200000000003
584.0,0.187636
585.0,0.188083
586.0,0.18851500000000002
587.0,0.188947
588.0,0.189332
589.0,0.18971900000000003
590.0,0.190122
591.0,0.190559
592.0,0.190953
593.0,0.19132200000000002
594.0,0.19169899999999998
595.0,0.192074
596.0,0.192441
597.0,0.192791
598.0,0.193105
599.0,0.19341899999999998
600.0,0.19374
601.0,0.194046
602.0,0.194326
603.0,0.1946
604.0,0.19491
605.0,0.19514800000000002
606.0,0.19538
607.0,0.195656
608.0,0.195991
609.0,0.196285
610.0,0.196524
611.0,0.196771
612.0,0.196976
613.0,0.19717300000000001
614.0,0.197411
615.0,0.197668
616.0,0.197921
617.0,0.19815000000000002
618.0,0.19832999999999998
619.0,0.19848400000000002
620.0,0.198644
621.0,0.198883
622.0,0.199052
623.0,0.19920300000000002
624.0,0.199394
625.0,0.199553
626.0,0.19970600000000002
627.0,0.199856
628.0,0.19999
629.0,0.20015
630.0,0.200312
631.0,0.200448
632.0,0.200597
633.0,0.20078
634.0,0.200992
635.0,0.201144
636.0,0.201291
637.0,0.201413
638.0,0.201459
639.0,0.201588
640.0,0.201738
641.0,0.201873
642.0,0.202002
643.0,0.202117
644.0,0.202229
645.0,0.202358
646.0,0.202548
647.0,0.20271799999999998
648.0,0.202836
649.0,0.20301
650.0,0.203157
651.0,0.20328700000000002
652.0,0.20343599999999998
653.0,0.203657
654.0,0.20386700000000002
655.0,0.204044
656.0,0.20424299999999998
657.0,0.20444099999999998
658.0,0.20464
659.0,0.204843
660.0,0.205033
661.0,0.20521699999999998
662.0,0.20540299999999997
663.0,0.205624
664.0,0.205812
665.0,0.205986
666.0,0.206164
667.0,0.20634699999999997
668.0,0.206512
669.0,0.20668
670.0,0.206896
671.0,0.20712599999999998
672.0,0.20735099999999998
673.0,0.207563
674.0,0.207777
675.0,0.207973
676.0,0.208156
677.0,0.20833100000000002
678.0,0.20846399999999998
679.0,0.20863099999999998
680.0,0.208823
681.0,0.209008
682.0,0.20919100000000002
683.0,0.20938700000000002
684.0,0.20959399999999997
685.0,0.209804
686.0,0.210005
687.0,0.21019300000000002
688.0,0.21037299999999998
689.0,0.210573
690.0,0.210714
691.0,0.210838
692.0,0.210991
693.0,0.2112
694.0,0.211432
695.0,0.211663
696.0,0.2119
697.0,0.21211
698.0,0.212384
699.0,0.212679
700.0,0.212896
701.0,0.213149
702.0,0.213414
703.0,0.213682
704.0,0.21397200000000002
705.0,0.214225
706.0,0.214469
707.0,0.214727
708.0,0.21498799999999998
709.0,0.215284
710.0,0.215572
711.0,0.215822
712.0,0.216067
713.0,0.216264
714.0,0.216463
715.0,0.21672
716.0,0.21703399999999998
717.0,0.21736699999999998
718.0,0.21771200000000002
719.0,0.21805599999999997
720.0,0.218298
721.0,0.21858799999999998
722.0,0.21891300000000002
723.0,0.219214
724.0,0.21946200000000002
725.0,0.219715
726.0,0.219997
727.0,0.220321
728.0,0.220658
729.0,0.22101800000000002
730.0,0.221374
731.0,0.221703
732.0,0.222027
733.0,0.222389
734.0,0.222697
735.0,0.222909
736.0,0.223172
737.0,0.223533
738.0,0.223946
739.0,0.224327
740.0,0.22453700000000001
741.0,0.224802
742.0,0.225078
743.0,0.22535
744.0,0.22564499999999998
745.0,0.225966
746.0,0.226308
747.0,0.22663599999999998
748.0,0.226885
749.0,0.227156
750.0,0.22734200000000002
751.0,0.227547
752.0,0.227899
753.0,0.22814199999999998
754.0,0.22837
755.0,0.228611
756.0,0.22887000000000002
757.0,0.229116
758.0,0.229404
759.0,0.22967500000000002
760.0,0.229929
761.0,0.230223
762.0,0.230437
763.0,0.23064
764.0,0.230855
765.0,0.23109400000000002
766.0,0.231392
767.0,0.231725
768.0,0.231984
769.0,0.23216699999999998
770.0,0.232395
771.0,0.232673
772.0,0.23283500000000001
773.0,0.232942
774.0,0.233124
775.0,0.23332699999999998
776.0,0.23354299999999997
777.0,0.23375
778.0,0.233943
779.0,0.234121
780.0,0.234208
781.0,0.234375
782.0,0.234542
783.0,0.234652
784.0,0.234827
785.0,0.234981
786.0,0.235107
787.0,0.23518899999999998
788.0,0.23522600000000002
789.0,0.235301
790.0,0.23540299999999997
791.0,0.235536
792.0,0.235625
793.0,0.23558099999999998
794.0,0.235548
795.0,0.23555099999999998
796.0,0.235608
797.0,0.235703
798.0,0.23578
799.0,0.23573
800.0,0.23569400000000001
801.0,0.235652
802.0,0.23561800000000002
803.0,0.23562999999999998
804.0,0.235628
805.0,0.23563099999999998
806.0,0.235656
807.0,0.235675
808.0,0.235627
809.0,0.235504
810.0,0.235353
811.0,0.235282
812.0,0.23525200000000002
813.0,0.235175
814.0,0.23508600000000002
815.0,0.234982
816.0,0.23491800000000002
817.0,0.23487100000000002
818.0,0.23482399999999998
819.0,0.23479399999999997
820.0,0.234629
821.0,0.23448899999999998
822.0,0.234358
823.0,0.234253
824.0,0.23419299999999998
825.0,0.234029
826.0,0.23383800000000002
827.0,0.233568
828.0,0.233371
829.0,0.233279
830.0,0.233164
831.0,0.23293
832.0,0.23272700000000002
833.0,0.232567
834.0,0.232429
835.0,0.232279
836.0,0.2321
837.0,0.232028
838.0,0.231932
839.0,0.23168
840.0,0.231392
841.0,0.231214
842.0,0.23109000000000002
843.0,0.230999
844.0,0.230932
845.0,0.230869
846.0,0.230667
847.0,0.23037400000000002
848.0,0.230182
849.0,0.23001000000000002
850.0,0.229821
851.0,0.22965
852.0,0.22940000000000002
853.0,0.229235
854.0,0.22921500000000003
855.0,0.22899
856.0,0.22873000000000002
857.0,0.228617
858.0,0.228509
859.0,0.228312
860.0,0.228123
861.0,0.228
862.0,0.227783
863.0,0.227549
864.0,0.22748100000000002
865.0,0.22738399999999998
866.0,0.22726
867.0,0.227105
868.0,0.226909
869.0,0.226708
870.0,0.226486
871.0,0.226481
872.0,0.226377
873.0,0.22611799999999999
874.0,0.22594899999999998
875.0,0.225882
876.0,0.22578700000000002
877.0,0.22564499999999998
878.0,0.225558
879.0,0.225306
880.0,0.22524
881.0,0.22514199999999998
882.0,0.225066
883.0,0.22501000000000002
884.0,0.22498200000000002
885.0,0.22498100000000001
886.0,0.22486499999999998
887.0,0.22476
888.0,0.224745
889.0,0.224745
890.0,0.224652
891.0,0.22441199999999997
892.0,0.224225
893.0,0.22422899999999998
894.0,0.224279
895.0,0.224247
896.0,0.22426100000000002
897.0,0.224307
898.0,0.224326
899.0,0.224282
900.0,0.22414699999999999
901.0,0.224041
902.0,0.22403800000000001
903.0,0.224116
904.0,0.224247
905.0,0.224327
906.0,0.224243
907.0,0.224251
908.0,0.22426400000000002
909.0,0.224326
910.0,0.224296
911.0,0.224064
912.0,0.224022
913.0,0.224242
914.0,0.22427399999999997
915.0,0.22415
916.0,0.224132
917.0,0.224151
918.0,0.224352
919.0,0.22467199999999998
920.0,0.224612
921.0,0.22451100000000002
922.0,0.224565
923.0,0.224635
924.0,0.224614
925.0,0.224489
926.0,0.224637
927.0,0.224899
928.0,0.224731
929.0,0.22503399999999998
930.0,0.225027
931.0,0.22511399999999998
932.0,0.225169
933.0,0.225229
934.0,0.225323
935.0,0.225137
936.0,0.22527899999999998
937.0,0.22533899999999998
938.0,0.225383
939.0,0.22539
940.0,0.22536
941.0,0.225518
942.0,0.225489
943.0,0.225412
944.0,0.22545500000000002
945.0,0.225492
946.0,0.225647
947.0,0.225658
948.0,0.225629
949.0,0.22587700000000002
950.0,0.22581099999999998
951.0,0.22593800000000003
952.0,0.22616599999999998
953.0,0.226052
954.0,0.226013
955.0,0.225916
956.0,0.226139
957.0,0.226334
958.0,0.226434
959.0,0.226228
960.0,0.226344
961.0,0.22656300000000001
962.0,0.226926
963.0,0.22697
964.0,0.226937
965.0,0.22712900000000003
966.0,0.22669799999999998
967.0,0.226797
968.0,0.22719699999999998
969.0,0.22733599999999998
970.0,0.22743200000000002
971.0,0.22777
972.0,0.227437
973.0,0.227623
974.0,0.227587
975.0,0.227318
976.0,0.22746200000000003
977.0,0.22742300000000001
978.0,0.227531
979.0,0.22784
980.0,0.227548
981.0,0.22758099999999998
982.0,0.227565
983.0,0.227547
984.0,0.227547
985.0,0.227566
986.0,0.227603
987.0,0.227658
988.0,0.227732
989.0,0.227824
990.0,0.22793399999999997
991.0,0.22806300000000002
992.0,0.22821100000000002
993.0,0.228376
994.0,0.22856100000000001
995.0,0.22873200000000002
996.0,0.22886199999999998
997.0,0.228992
998.0,0.229122
999.0,0.229252
1000.0,0.22938099999999997
1001.0,0.229511
1002.0,0.22963999999999998
1003.0,0.22976600000000003
1004.0,0.229894
1005.0,0.230029
1006.0,0.23017900000000002
1007.0,0.23034400000000002
1008.0,0.230506
1009.0,0.23065000000000002
1010.0,0.23076
1011.0,0.230846
1012.0,0.230929
1013.0,0.23102699999999998
1014.0,0.231154
1015.0,0.231297
1016.0,0.231446
1017.0,0.231587
1018.0,0.23173100000000002
1019.0,0.23187999999999998
1020.0,0.23201
1021.0,0.2321
1022.0,0.232125
1023.0,0.232104
1024.0,0.23207799999999998
1025.0,0.232089
1026.0,0.232135
1027.0,0.232201
1028.0,0.232289
1029.0,0.23240100000000002
1030.0,0.23255800000000001
1031.0,0.232746
1032.0,0.232929
1033.0,0.23307
1034.0,0.233164
1035.0,0.233231
1036.0,0.233293
1037.0,0.233372
1038.0,0.233461
1039.0,0.23355599999999999
1040.0,0.233658
1041.0,0.23377099999999998
1042.0,0.233902
1043.0,0.234041
1044.0,0.234175
1045.0,0.23429099999999997
1046.0,0.234387
1047.0,0.23447600000000002
1048.0,0.234569
1049.0,0.23468
1050.0,0.23481000000000002
1051.0,0.23494700000000002
1052.0,0.23507999999999998
1053.0,0.235197
1054.0,0.235301
1055.0,0.2354
1056.0,0.23550100000000002
1057.0,0.23560999999999999
1058.0,0.23571899999999998
1059.0,0.23583400000000002
1060.0,0.235958
1061.0,0.236098
1062.0,0.236253
1063.0,0.236417
1064.0,0.236581
1065.0,0.236737
1066.0,0.23688900000000002
1067.0,0.237044
1068.0,0.237207
1069.0,0.23738900000000002
1070.0,0.237589
1071.0,0.237787
1072.0,0.23796399999999998
1073.0,0.23810900000000002
1074.0,0.238232
1075.0,0.23834499999999997
1076.0,0.238462
1077.0,0.238582
1078.0,0.23870000000000002
1079.0,0.238823
1080.0,0.23896
1081.0,0.239117
1082.0,0.239287
1083.0,0.239465
1084.0,0.239646
1085.0,0.239827
1086.0,0.240013
1087.0,0.24020600000000003
1088.0,0.240408
1089.0,0.240624
1090.0,0.240849
1091.0,0.241077
1092.0,0.24130500000000002
1093.0,0.24154
1094.0,0.24177800000000002
1095.0,0.24200600000000003
1096.0,0.24221299999999998
1097.0,0.242395
1098.0,0.242563
1099.0,0.242731
1100.0,0.242913
1101.0,0.24310199999999998
1102.0,0.24329699999999999
1103.0,0.243496
1104.0,0.243701
1105.0,0.24391400000000002
1106.0,0.24413
1107.0,0.24434699999999998
1108.0,0.24456
1109.0,0.244772
1110.0,0.244983
1111.0,0.24519300000000002
1112.0,0.245398
1113.0,0.24559799999999998
1114.0,0.245798
1115.0,0.246007
1116.0,0.246231
1117.0,0.246468
1118.0,0.246707
1119.0,0.24693400000000001
1120.0,0.247149
1121.0,0.24735600000000002
1122.0,0.247552
1123.0,0.24773499999999998
1124.0,0.247892
1125.0,0.248029
1126.0,0.24817
1127.0,0.248337
1128.0,0.248536
1129.0,0.24875499999999998
1130.0,0.24898199999999998
1131.0,0.24920799999999999
1132.0,0.24943400000000002
1133.0,0.249662
1134.0,0.249896
1135.0,0.250136
1136.0,0.25039100000000003
1137.0,0.250651
1138.0,0.250903
1139.0,0.251135
1140.0,0.251354
1141.0,0.25156
1142.0,0.25175000000000003
1143.0,0.25191800000000003
1144.0,0.252051
1145.0,0.252172
1146.0,0.25231000000000003
1147.0,0.252485
1148.0,0.252691
1149.0,0.252911
1150.0,0.253127
1151.0,0.25333
1152.0,0.253529
1153.0,0.253725
1154.0,0.253917
1155.0,0.254102
1156.0,0.254278
1157.0,0.25445799999999996
1158.0,0.254653
1159.0,0.254875
1160.0,0.25511500000000004
1161.0,0.255361
1162.0,0.2556
1163.0,0.25582499999999997
1164.0,0.256045
1165.0,0.256268
1166.0,0.256502
1167.0,0.256747
1168.0,0.257
1169.0,0.257258
1170.0,0.257519
1171.0,0.257792
1172.0,0.258069
1173.0,0.258337
1174.0,0.258583
1175.0,0.258815
1176.0,0.259032
1177.0,0.259236
1178.0,0.259422
1179.0,0.259581
1180.0,0.259729
1181.0,0.25988900000000004
1182.0,0.260072
1183.0,0.260264
1184.0,0.26047
1185.0,0.26069400000000004
1186.0,0.26095
1187.0,0.261236
1188.0,0.261528
1189.0,0.261799
1190.0,0.262037
1191.0,0.262256
1192.0,0.26246400000000003
1193.0,0.262664
1194.0,0.262857
1195.0,0.26304
1196.0,0.263217
1197.0,0.263393
1198.0,0.263565
1199.0,0.263735
1200.0,0.263901
1201.0,0.264066
1202.0,0.264221
1203.0,0.264374
1204.0,0.264539
1205.0,0.26472999999999997
1206.0,0.264948
1207.0,0.265181
1208.0,0.265421
1209.0,0.265663
1210.0,0.265917
1211.0,0.266172
1212.0,0.266413
1213.0,0.26662800000000003
1214.0,0.266822
1215.0,0.267005
1216.0,0.267189
1217.0,0.26737500000000003
1218.0,0.267559
1219.0,0.267743
1220.0,0.267929
1221.0,0.268123
1222.0,0.26832100000000003
1223.0,0.26851600000000003
1224.0,0.268701
1225.0,0.268875
1226.0,0.269041
1227.0,0.269202
1228.0,0.269358
1229.0,0.269505
1230.0,0.269647
1231.0,0.269794
1232.0,0.269954
1233.0,0.270125
1234.0,0.270303
1235.0,0.270489
1236.0,0.270685
1237.0,0.270898
1238.0,0.271113
1239.0,0.271316
1240.0,0.271492
1241.0,0.271645
1242.0,0.271793
1243.0,0.27195199999999997
1244.0,0.272132
1245.0,0.272324
1246.0,0.272518
1247.0,0.272706
1248.0,0.272891
1249.0,0.27307400000000004
1250.0,0.27325
1251.0,0.273413
1252.0,0.273561
1253.0,0.273698
1254.0,0.27383
1255.0,0.273961
1256.0,0.274086
1257.0,0.274208
1258.0,0.274332
1259.0,0.274465
1260.0,0.274602
1261.0,0.274743
1262.0,0.274887
1263.0,0.275035
1264.0,0.275187
1265.0,0.27534
1266.0,0.275489
1267.0,0.27563099999999996
1268.0,0.275767
1269.0,0.275903
1270.0,0.27604399999999996
1271.0,0.276194
1272.0,0.27635000000000004
1273.0,0.27650600000000003
1274.0,0.276659
1275.0,0.276808
1276.0,0.276956
1277.0,0.277104
1278.0,0.277254
1279.0,0.277407
1280.0,0.27756000000000003
1281.0,0.277708
1282.0,0.27785
1283.0,0.277988
1284.0,0.278121
1285.0,0.278246
1286.0,0.278364
1287.0,0.278473
1288.0,0.278576
1289.0,0.278675
1290.0,0.278765
1291.0,0.278846
1292.0,0.27893
1293.0,0.27903
1294.0,0.279151
1295.0,0.279285
1296.0,0.279422
1297.0,0.279556
1298.0,0.279693
1299.0,0.279829
1300.0,0.279955
1301.0,0.28005800000000003
1302.0,0.28013899999999997
1303.0,0.280209
1304.0,0.280281
1305.0,0.280365
1306.0,0.280454
1307.0,0.280547
1308.0,0.280643
1309.0,0.280744
1310.0,0.28085
1311.0,0.280957
1312.0,0.281061
1313.0,0.281161
1314.0,0.281261
1315.0,0.281356
1316.0,0.281442
1317.0,0.28152
1318.0,0.281591
1319.0,0.281659
1320.0,0.281725
1321.0,0.281787
1322.0,0.281847
1323.0,0.281907
1324.0,0.281967
1325.0,0.282029
1326.0,0.28209
1327.0,0.28215
1328.0,0.28221
1329.0,0.28227
1330.0,0.282328
1331.0,0.282381
1332.0,0.282426
1333.0,0.282464
1334.0,0.282503
1335.0,0.28255199999999997
1336.0,0.282607
1337.0,0.282667
1338.0,0.282737
1339.0,0.282821
1340.0,0.282926
1341.0,0.28303999999999996
1342.0,0.283143
1343.0,0.283223
1344.0,0.283287
1345.0,0.283339
1346.0,0.28338
1347.0,0.28341
1348.0,0.283426
1349.0,0.28343399999999996
1350.0,0.283437
1351.0,0.28343599999999997
1352.0,0.283428
1353.0,0.283416
1354.0,0.2834
1355.0,0.283388
1356.0,0.283371
1357.0,0.283338
1358.0,0.283282
1359.0,0.28320900000000004
1360.0,0.28311800000000004
1361.0,0.283002
1362.0,0.28286
1363.0,0.28269500000000003
1364.0,0.282504
1365.0,0.282286
1366.0,0.282034
1367.0,0.281752
1368.0,0.281447
1369.0,0.281127
1370.0,0.2808
1371.0,0.280455
1372.0,0.280082
1373.0,0.27967400000000003
1374.0,0.279248
1375.0,0.278786
1376.0,0.278263
1377.0,0.277655
1378.0,0.276965
1379.0,0.27622
1380.0,0.275444
1381.0,0.274636
1382.0,0.273776
1383.0,0.272911
1384.0,0.27209
1385.0,0.271339
1386.0,0.27062200000000003
1387.0,0.269895
1388.0,0.269116
1389.0,0.268312
1390.0,0.267476
1391.0,0.266583
1392.0,0.265602
1393.0,0.264524
1394.0,0.263393
1395.0,0.262262
1396.0,0.261152
1397.0,0.260036
1398.0,0.258924
1399.0,0.25783
1400.0,0.256753
1401.0,0.255691
1402.0,0.254645
1403.0,0.253616
1404.0,0.25256900000000004
1405.0,0.251543
1406.0,0.250599
1407.0,0.24977900000000003
1408.0,0.249015
1409.0,0.24837599999999999
1410.0,0.247956
1411.0,0.247814
1412.0,0.24789899999999998
1413.0,0.24817599999999998
1414.0,0.248609
1415.0,0.249233
1416.0,0.25004899999999997
1417.0,0.25096399999999996
1418.0,0.251897
1419.0,0.252894
1420.0,0.25394500000000003
1421.0,0.254999
1422.0,0.256018
1423.0,0.257042
1424.0,0.258047
1425.0,0.258994
1426.0,0.259851
1427.0,0.260635
1428.0,0.261385
1429.0,0.262144
1430.0,0.262927
1431.0,0.26371300000000003
1432.0,0.264478
1433.0,0.265202
1434.0,0.26590199999999997
1435.0,0.266569
1436.0,0.267185
1437.0,0.267726
1438.0,0.268192
1439.0,0.268615
1440.0,0.269032
1441.0,0.269458
1442.0,0.269874
1443.0,0.27028199999999997
1444.0,0.270684
1445.0,0.27108699999999997
1446.0,0.271486
1447.0,0.27186699999999997
1448.0,0.272218
1449.0,0.27254100000000003
1450.0,0.272843
1451.0,0.27313
1452.0,0.273405
1453.0,0.273662
1454.0,0.273908
1455.0,0.274149
1456.0,0.274388
1457.0,0.274621
1458.0,0.274847
1459.0,0.275065
1460.0,0.275271
1461.0,0.275468
1462.0,0.275666
1463.0,0.275871
1464.0,0.276076
1465.0,0.276286
1466.0,0.276508
1467.0,0.276749
1468.0,0.277005
1469.0,0.277269
1470.0,0.27753099999999997
1471.0,0.277791
1472.0,0.278053
1473.0,0.278313
1474.0,0.278568
1475.0,0.278813
1476.0,0.27905599999999997
1477.0,0.279308
1478.0,0.27958
1479.0,0.27987100000000004
1480.0,0.280168
1481.0,0.280458
1482.0,0.28073899999999996
1483.0,0.281017
1484.0,0.281285
1485.0,0.281534
1486.0,0.281754
1487.0,0.281959
1488.0,0.282169
1489.0,0.282401
1490.0,0.282652
1491.0,0.282911
1492.0,0.283167
1493.0,0.283418
1494.0,0.28366800000000003
1495.0,0.283914
1496.0,0.284153
1497.0,0.284383
1498.0,0.284605
1499.0,0.284826
1500.0,0.285046
1501.0,0.285259
1502.0,0.285473
1503.0,0.285698
1504.0,0.28594
1505.0,0.286195
1506.0,0.286461
1507.0,0.286739
1508.0,0.287044
1509.0,0.287369
1510.0,0.28768
1511.0,0.287944
1512.0,0.288156
1513.0,0.28834
1514.0,0.28852
1515.0,0.288712
1516.0,0.28890499999999997
1517.0,0.289095
1518.0,0.289283
1519.0,0.289472
1520.0,0.28966200000000003
1521.0,0.28983899999999996
1522.0,0.28998999999999997
1523.0,0.290115
1524.0,0.290223
1525.0,0.290321
1526.0,0.290417
1527.0,0.290508
1528.0,0.290591
1529.0,0.29066400000000003
1530.0,0.290712
1531.0,0.29073899999999997
1532.0,0.290782
1533.0,0.290875
1534.0,0.291025
1535.0,0.291205
1536.0,0.29139
1537.0,0.291562
1538.0,0.291731
1539.0,0.291902
1540.0,0.292075
1541.0,0.292255
1542.0,0.292441
1543.0,0.292623
1544.0,0.29279
1545.0,0.292952
1546.0,0.29310400000000003
1547.0,0.29323499999999997
1548.0,0.293335
1549.0,0.293401
1550.0,0.293453
1551.0,0.29351700000000003
1552.0,0.293609
1553.0,0.29371600000000003
1554.0,0.293815
1555.0,0.293883
1556.0,0.29391
1557.0,0.293921
1558.0,0.29394200000000004
1559.0,0.293993
1560.0,0.29406099999999996
1561.0,0.294145
1562.0,0.29424700000000004
1563.0,0.29436599999999996
1564.0,0.2945
1565.0,0.294656
1566.0,0.29483899999999996
1567.0,0.295074
1568.0,0.29532800000000003
1569.0,0.295553
1570.0,0.29571200000000003
1571.0,0.295819
1572.0,0.29591100000000004
1573.0,0.29602
1574.0,0.296161
1575.0,0.296315
1576.0,0.296469
1577.0,0.296613
1578.0,0.29675799999999997
1579.0,0.29689699999999997
1580.0,0.297015
1581.0,0.29710000000000003
1582.0,0.297157
1583.0,0.297197
1584.0,0.29723
1585.0,0.297252
1586.0,0.29726400000000003
1587.0,0.29727
1588.0,0.297274
1589.0,0.297267
1590.0,0.297261
1591.0,0.29727
1592.0,0.297306
1593.0,0.297365
1594.0,0.297427
1595.0,0.297474
1596.0,0.297501
1597.0,0.29752
1598.0,0.297547
1599.0,0.29759599999999997
1600.0,0.297661
1601.0,0.29773499999999997
1602.0,0.297815
1603.0,0.29791
1604.0,0.29801500000000003
1605.0,0.298111
1606.0,0.298176
1607.0,0.298203
1608.0,0.298213
1609.0,0.298225
1610.0,0.29825399999999996
1611.0,0.298289
1612.0,0.298329
1613.0,0.298376
1614.0,0.298427
1615.0,0.298484
1616.0,0.298549
1617.0,0.29862500000000003
1618.0,0.298707
1619.0,0.298801
1620.0,0.29891
1621.0,0.29905000000000004
1622.0,0.299215
1623.0,0.299371
1624.0,0.299483
1625.0,0.29955
1626.0,0.299591
1627.0,0.299622
1628.0,0.299655
1629.0,0.299682
1630.0,0.299701
1631.0,0.29970800000000003
1632.0,0.299703
1633.0,0.299687
1634.0,0.299666
1635.0,0.299642
1636.0,0.299606
1637.0,0.29957100000000003
1638.0,0.299554
1639.0,0.29956
1640.0,0.29957999999999996
1641.0,0.29962099999999997
1642.0,0.29969
1643.0,0.29978899999999997
1644.0,0.299912
1645.0,0.300052
1646.0,0.30021000000000003
1647.0,0.300398
1648.0,0.30058599999999996
1649.0,0.300742
1650.0,0.300864
1651.0,0.300964
1652.0,0.301042
1653.0,0.30109400000000003
1654.0,0.30111
1655.0,0.301111
1656.0,0.30112300000000003
1657.0,0.30115400000000003
1658.0,0.301193
1659.0,0.301241
1660.0,0.30130199999999996
1661.0,0.301375
1662.0,0.30145900000000003
1663.0,0.301556
1664.0,0.30168500000000004
1665.0,0.301859
1666.0,0.302005
1667.0,0.302047
1668.0,0.301948
1669.0,0.301774
1670.0,0.301606
1671.0,0.301498
1672.0,0.301402
1673.0,0.301341
1674.0,0.301347
1675.0,0.301464
1676.0,0.301657
1677.0,0.301841
1678.0,0.30194299999999996
1679.0,0.301978
1680.0,0.30199000000000004
1681.0,0.302013
1682.0,0.302066
1683.0,0.30213
1684.0,0.302197
1685.0,0.30226
1686.0,0.302324
1687.0,0.302387
1688.0,0.302442
1689.0,0.302486
1690.0,0.302521
1691.0,0.30255
1692.0,0.302572
1693.0,0.302584
1694.0,0.302589
1695.0,0.302597
1696.0,0.302618
1697.0,0.30265000000000003
1698.0,0.30267900000000003
1699.0,0.30268999999999996
1700.0,0.302674
1701.0,0.30264199999999997
1702.0,0.302615
1703.0,0.302604
1704.0,0.30260000000000004
1705.0,0.302607
1706.0,0.302633
1707.0,0.302693
1708.0,0.302777
1709.0,0.302848
1710.0,0.302873
1711.0,0.302856
1712.0,0.302821
1713.0,0.302797
1714.0,0.30279900000000004
1715.0,0.302813
1716.0,0.302821
1717.0,0.302802
1718.0,0.302761
1719.0,0.302704
1720.0,0.302637
1721.0,0.302546
1722.0,0.30243400000000004
1723.0,0.302336
1724.0,0.302289
1725.0,0.302303
1726.0,0.302346
1727.0,0.302381
1728.0,0.30239699999999997
1729.0,0.302413
1730.0,0.3024
1731.0,0.302324
1732.0,0.302166
1733.0,0.301968
1734.0,0.301779
1735.0,0.301634
1736.0,0.301507
1737.0,0.301394
1738.0,0.30129300000000003
1739.0,0.30121200000000004
1740.0,0.301142
1741.0,0.301066
1742.0,0.300971
1743.0,0.300864
1744.0,0.30075399999999997
1745.0,0.300654
1746.0,0.300566
1747.0,0.300483
1748.0,0.300397
1749.0,0.300298
1750.0,0.300189
1751.0,0.30008199999999996
1752.0,0.29999
1753.0,0.299909
1754.0,0.29983899999999997
1755.0,0.29978899999999997
1756.0,0.29977
1757.0,0.299784
1758.0,0.299802
1759.0,0.299798
1760.0,0.29978
1761.0,0.29974799999999996
1762.0,0.299685
1763.0,0.299574
1764.0,0.299414
1765.0,0.299241
1766.0,0.299095
1767.0,0.298976
1768.0,0.29887
1769.0,0.298765
1770.0,0.29865400000000003
1771.0,0.298541
1772.0,0.298431
1773.0,0.298325
1774.0,0.298225
1775.0,0.298129
1776.0,0.298037
1777.0,0.29795
1778.0,0.297866
1779.0,0.297789
1780.0,0.29772099999999996
1781.0,0.297663
1782.0,0.29761299999999996
1783.0,0.29757300000000003
1784.0,0.297546
1785.0,0.297533
1786.0,0.297526
1787.0,0.297515
1788.0,0.29751
1789.0,0.297502
1790.0,0.297474
1791.0,0.297407
1792.0,0.297311
1793.0,0.297205
1794.0,0.297106
1795.0,0.296978
1796.0,0.296859
1797.0,0.29681599999999997
1798.0,0.296913
1799.0,0.297125
1800.0,0.297348
1801.0,0.297487
1802.0,0.297557
1803.0,0.297584
1804.0,0.297568
1805.0,0.297479
1806.0,0.297324
1807.0,0.297197
1808.0,0.29718900000000004
1809.0,0.297307
1810.0,0.297473
1811.0,0.297606
1812.0,0.297688
1813.0,0.297748
1814.0,0.29778099999999996
1815.0,0.297771
1816.0,0.29770399999999997
1817.0,0.297624
1818.0,0.297586
1819.0,0.297612
1820.0,0.297668
1821.0,0.29772200000000004
1822.0,0.297747
1823.0,0.297754
1824.0,0.297754
1825.0,0.297758
1826.0,0.297748
1827.0,0.29774
1828.0,0.297766
1829.0,0.297874
1830.0,0.298065
1831.0,0.298234
1832.0,0.298275
1833.0,0.298192
1834.0,0.298031
1835.0,0.29783000000000004
1836.0,0.297588
1837.0,0.297281
1838.0,0.296987
1839.0,0.296775
1840.0,0.296632
1841.0,0.296533
1842.0,0.296464
1843.0,0.296435
1844.0,0.296444
1845.0,0.296451
1846.0,0.296425
1847.0,0.296387
1848.0,0.296329
1849.0,0.296237
1850.0,0.29612700000000003
1851.0,0.29598800000000003
1852.0,0.29578299999999996
1853.0,0.295474
1854.0,0.29507
1855.0,0.294624
1856.0,0.294186
1857.0,0.293719
1858.0,0.293253
1859.0,0.292848
1860.0,0.292566
1861.0,0.29236999999999996
1862.0,0.292155
1863.0,0.291834
1864.0,0.291459
1865.0,0.291003
1866.0,0.290407
1867.0,0.289651
1868.0,0.288762
1869.0,0.287751
1870.0,0.286618
1871.0,0.285342
1872.0,0.283974
1873.0,0.282568
1874.0,0.28113499999999997
1875.0,0.27964500000000003
1876.0,0.27807200000000004
1877.0,0.276403
1878.0,0.274648
1879.0,0.27281099999999997
1880.0,0.270894
1881.0,0.268415
1882.0,0.264814
1883.0,0.261256
1884.0,0.257737
1885.0,0.254272
1886.0,0.250752
1887.0,0.246947
1888.0,0.24282900000000002
1889.0,0.238718
1890.0,0.235279
1891.0,0.232943
1892.0,0.230566
1893.0,0.228184
1894.0,0.225736
1895.0,0.22308
1896.0,0.220213
1897.0,0.217214
1898.0,0.214093
1899.0,0.210791
1900.0,0.207662
1901.0,0.204791
1902.0,0.20215
1903.0,0.200172
1904.0,0.199182
1905.0,0.19872199999999998
1906.0,0.198123
1907.0,0.19733699999999998
1908.0,0.196627
1909.0,0.196132
1910.0,0.19579000000000002
1911.0,0.195683
1912.0,0.195909
1913.0,0.196418
1914.0,0.197065
1915.0,0.19785
1916.0,0.198751
1917.0,0.199595
1918.0,0.200432
1919.0,0.201177
1920.0,0.20165500000000003
1921.0,0.201824
1922.0,0.20203600000000002
1923.0,0.202544
1924.0,0.203218
1925.0,0.203994
1926.0,0.20489000000000002
1927.0,0.205874
1928.0,0.206825
1929.0,0.207726
1930.0,0.20863099999999998
1931.0,0.209609
1932.0,0.210702
1933.0,0.211654
1934.0,0.212207
1935.0,0.212492
1936.0,0.212877
1937.0,0.213504
1938.0,0.214256
1939.0,0.215123
1940.0,0.2162
1941.0,0.21725000000000003
1942.0,0.21797
1943.0,0.218415
1944.0,0.21885300000000002
1945.0,0.219488
1946.0,0.22021000000000002
1947.0,0.220826
1948.0,0.221232
1949.0,0.22157
1950.0,0.22202000000000002
1951.0,0.222597
1952.0,0.22317499999999998
1953.0,0.22360600000000003
1954.0,0.22389399999999998
1955.0,0.224351
1956.0,0.225216
1957.0,0.226316
1958.0,0.22739
1959.0,0.228469
1960.0,0.22947299999999998
1961.0,0.230191
1962.0,0.23061
1963.0,0.23099599999999998
1964.0,0.231559
1965.0,0.232192
1966.0,0.23273599999999997
1967.0,0.23305700000000001
1968.0,0.233341
1969.0,0.233873
1970.0,0.23468499999999998
1971.0,0.235651
1972.0,0.236724
1973.0,0.237959
1974.0,0.23907699999999998
1975.0,0.239905
1976.0,0.240553
1977.0,0.24107099999999998
1978.0,0.24134599999999998
1979.0,0.24161100000000002
1980.0,0.24223199999999998
1981.0,0.24319500000000002
1982.0,0.244194
1983.0,0.245041
1984.0,0.245828
1985.0,0.24650300000000003
1986.0,0.24696200000000001
1987.0,0.24736799999999998
1988.0,0.248
1989.0,0.248879
1990.0,0.24981
1991.0,0.25066299999999997
1992.0,0.251493
1993.0,0.252242
1994.0,0.25287299999999996
1995.0,0.253416
1996.0,0.25389500000000004
1997.0,0.254303
1998.0,0.254661
1999.0,0.254943
2000.0,0.255143
2001.0,0.25554
2002.0,0.25632699999999997
2003.0,0.257311
2004.0,0.25821500000000003
2005.0,0.259073
2006.0,0.259839
2007.0,0.260375
2008.0,0.26069
2009.0,0.261034
2010.0,0.26151199999999997
2011.0,0.262052
2012.0,0.262659
2013.0,0.263396
2014.0,0.264107
2015.0,0.26459299999999997
2016.0,0.264885
2017.0,0.26520900000000003
2018.0,0.26570499999999997
2019.0,0.26624400000000004
2020.0,0.26665700000000003
2021.0,0.266915
2022.0,0.267117
2023.0,0.267313
2024.0,0.267461
2025.0,0.267785
2026.0,0.268473
2027.0,0.26933
2028.0,0.270045
2029.0,0.270638
2030.0,0.271094
2031.0,0.271305
2032.0,0.271301
2033.0,0.271324
2034.0,0.271445
2035.0,0.271629
2036.0,0.271986
2037.0,0.27260100000000004
2038.0,0.273142
2039.0,0.27325099999999997
2040.0,0.273051
2041.0,0.27297
2042.0,0.273128
2043.0,0.273413
2044.0,0.273834
2045.0,0.274498
2046.0,0.275029
2047.0,0.27502099999999996
2048.0,0.27468800000000004
2049.0,0.274573
2050.0,0.274812
2051.0,0.275174
2052.0,0.275517
2053.0,0.275918
2054.0,0.276141
2055.0,0.275884
2056.0,0.275403
2057.0,0.27533
2058.0,0.275813
2059.0,0.276407
2060.0,0.276733
2061.0,0.27690000000000003
2062.0,0.27694199999999997
2063.0,0.276753
2064.0,0.276493
2065.0,0.276556
2066.0,0.27700800000000003
2067.0,0.277457
2068.0,0.277575
2069.0,0.277528
2070.0,0.277615
2071.0,0.277974
2072.0,0.278337
2073.0,0.278412
2074.0,0.278256
2075.0,0.278084
2076.0,0.277925
2077.0,0.277798
2078.0,0.277909
2079.0,0.278373
2080.0,0.278862
2081.0,0.279062
2082.0,0.279084
2083.0,0.279057
2084.0,0.279024
2085.0,0.27893999999999997
2086.0,0.27875900000000003
2087.0,0.278447
2088.0,0.27822399999999997
2089.0,0.27823899999999996
2090.0,0.278399
2091.0,0.278639
2092.0,0.279053
2093.0,0.279363
2094.0,0.279234
2095.0,0.27883800000000003
2096.0,0.278589
2097.0,0.278575
2098.0,0.278652
2099.0,0.278752
2100.0,0.278902
2101.0,0.279024
2102.0,0.279039
2103.0,0.27903500000000003
2104.0,0.279181
2105.0,0.279526
2106.0,0.27982399999999996
2107.0,0.279849
2108.0,0.279721
2109.0,0.279699
2110.0,0.279827
2111.0,0.279975
2112.0,0.280009
2113.0,0.27997
2114.0,0.28013899999999997
2115.0,0.280743
2116.0,0.281433
2117.0,0.281793
2118.0,0.281935
2119.0,0.281816
2120.0,0.281198
2121.0,0.280412
2122.0,0.280198
2123.0,0.280593
2124.0,0.281179
2125.0,0.281804
2126.0,0.282498
2127.0,0.282995
2128.0,0.283342
2129.0,0.283397
2130.0,0.28291299999999997
2131.0,0.282034
2132.0,0.281223
2133.0,0.28041699999999997
2134.0,0.27985
2135.0,0.279999
2136.0,0.28070799999999996
2137.0,0.281274
2138.0,0.28156
2139.0,0.281611
2140.0,0.281176
2141.0,0.28026599999999996
2142.0,0.27947299999999997
2143.0,0.279117
2144.0,0.278928
2145.0,0.278718
2146.0,0.278572
2147.0,0.278198
2148.0,0.27733
2149.0,0.27616
2150.0,0.27497900000000003
2151.0,0.273725
2152.0,0.272566
2153.0,0.271662
2154.0,0.270913
2155.0,0.270234
2156.0,0.26970700000000003
2157.0,0.269055
2158.0,0.26801200000000003
2159.0,0.266707
2160.0,0.265319
2161.0,0.2638
2162.0,0.262303
2163.0,0.26099900000000004
2164.0,0.259811
2165.0,0.258668
2166.0,0.257594
2167.0,0.256515
2168.0,0.255341
2169.0,0.254117
2170.0,0.252927
2171.0,0.251801
2172.0,0.250656
2173.0,0.249416
2174.0,0.248107
2175.0,0.246754
2176.0,0.24532800000000002
2177.0,0.24391
2178.0,0.242608
2179.0,0.241388
2180.0,0.24017
2181.0,0.23894400000000002
2182.0,0.23771799999999998
2183.0,0.236477
2184.0,0.235227
2185.0,0.234018
2186.0,0.232828
2187.0,0.231726
2188.0,0.230834
2189.0,0.23010999999999998
2190.0,0.22936199999999998
2191.0,0.228598
2192.0,0.22776800000000003
2193.0,0.22676400000000002
2194.0,0.22564900000000002
2195.0,0.22462700000000002
2196.0,0.2237
2197.0,0.222864
2198.0,0.222215
2199.0,0.221678
2200.0,0.22087299999999999
2201.0,0.21969899999999998
2202.0,0.21846
2203.0,0.217198
2204.0,0.21601700000000001
2205.0,0.21554600000000002
2206.0,0.21581499999999998
2207.0,0.216495
2208.0,0.217499
2209.0,0.21880500000000003
2210.0,0.220086
2211.0,0.22139299999999998
2212.0,0.222603
2213.0,0.223601
2214.0,0.224489
2215.0,0.22536899999999999
2216.0,0.226206
2217.0,0.22712900000000003
2218.0,0.22818100000000002
2219.0,0.22933399999999998
2220.0,0.230675
2221.0,0.23221499999999998
2222.0,0.233315
2223.0,0.233795
2224.0,0.233924
2225.0,0.23375900000000002
2226.0,0.23329899999999998
2227.0,0.233217
2228.0,0.233588
2229.0,0.234223
2230.0,0.23516600000000001
2231.0,0.236326
2232.0,0.23708200000000001
2233.0,0.23743099999999998
2234.0,0.23755600000000002
2235.0,0.237425
2236.0,0.23715
2237.0,0.237163
2238.0,0.23741900000000002
2239.0,0.23784300000000003
2240.0,0.23848400000000003
2241.0,0.239215
2242.0,0.23985700000000001
2243.0,0.24046199999999998
2244.0,0.240822
2245.0,0.24083100000000002
2246.0,0.24069400000000002
2247.0,0.240585
2248.0,0.240438
2249.0,0.24018799999999998
2250.0,0.239736
2251.0,0.239422
2252.0,0.239538
2253.0,0.239907
2254.0,0.240338
2255.0,0.24085499999999999
2256.0,0.24146
2257.0,0.24219100000000002
2258.0,0.242956
2259.0,0.24366900000000002
2260.0,0.244344
2261.0,0.244695
2262.0,0.24465499999999998
2263.0,0.244418
2264.0,0.244041
2265.0,0.243554
2266.0,0.243193
2267.0,0.24293199999999998
2268.0,0.24272300000000002
2269.0,0.242535
2270.0,0.242424
2271.0,0.242474
2272.0,0.24265599999999998
2273.0,0.242864
2274.0,0.243139
2275.0,0.243318
2276.0,0.24323799999999998
2277.0,0.243006
2278.0,0.242741
2279.0,0.242415
2280.0,0.242138
2281.0,0.241979
2282.0,0.24184899999999998
2283.0,0.241665
2284.0,0.24145
2285.0,0.241222
2286.0,0.24099399999999999
2287.0,0.2407
2288.0,0.240308
2289.0,0.23983100000000002
2290.0,0.239229
2291.0,0.23850000000000002
2292.0,0.23789100000000002
2293.0,0.23744900000000002
2294.0,0.237151
2295.0,0.237043
2296.0,0.23706600000000003
2297.0,0.23708600000000002
2298.0,0.23713
2299.0,0.237122
2300.0,0.237038
2301.0,0.236878
2302.0,0.236588
2303.0,0.23620999999999998
2304.0,0.2359
2305.0,0.23569199999999998
2306.0,0.235353
2307.0,0.234795
2308.0,0.23408400000000001
2309.0,0.23319600000000001
2310.0,0.232152
2311.0,0.231216
2312.0,0.230408
2313.0,0.229593
2314.0,0.22862400000000002
2315.0,0.22771999999999998
2316.0,0.22721599999999997
2317.0,0.227011
2318.0,0.226975
2319.0,0.227225
2320.0,0.227293
2321.0,0.22678399999999999
2322.0,0.226049
2323.0,0.225395
2324.0,0.22475799999999999
2325.0,0.224451
2326.0,0.224636
2327.0,0.22477599999999998
2328.0,0.224529
2329.0,0.22413699999999998
2330.0,0.223778
2331.0,0.2234
2332.0,0.222903
2333.0,0.22233799999999998
2334.0,0.221491
2335.0,0.22006499999999998
2336.0,0.21846900000000002
2337.0,0.21726700000000002
2338.0,0.216332
2339.0,0.215869
2340.0,0.216001
2341.0,0.216007
2342.0,0.215529
2343.0,0.21492799999999998
2344.0,0.214479
2345.0,0.214058
2346.0,0.213455
2347.0,0.212665
2348.0,0.211947
2349.0,0.2113
2350.0,0.210857
2351.0,0.210789
2352.0,0.21099900000000002
2353.0,0.211438
2354.0,0.212118
2355.0,0.21275300000000003
2356.0,0.213366
2357.0,0.213778
2358.0,0.213783
2359.0,0.213594
2360.0,0.213488
2361.0,0.213384
2362.0,0.21312899999999999
2363.0,0.21272200000000002
2364.0,0.212149
2365.0,0.21130700000000002
2366.0,0.210504
2367.0,0.21006
2368.0,0.209765
2369.0,0.209373
2370.0,0.208927
2371.0,0.208278
2372.0,0.207347
2373.0,0.2064
2374.0,0.20552600000000001
2375.0,0.204719
2376.0,0.204032
2377.0,0.203451
2378.0,0.20302399999999998
2379.0,0.20276499999999997
2380.0,0.20245100000000002
2381.0,0.202031
2382.0,0.20161400000000002
2383.0,0.201248
2384.0,0.20090699999999997
2385.0,0.200645
2386.0,0.20038799999999998
2387.0,0.199787
2388.0,0.19883800000000001
2389.0,0.197963
2390.0,0.1972
2391.0,0.19656700000000002
2392.0,0.196083
2393.0,0.195792
2394.0,0.195835
2395.0,0.19610399999999997
2396.0,0.19632100000000002
2397.0,0.19652799999999998
2398.0,0.196448
2399.0,0.19596
2400.0,0.195456
2401.0,0.195165
2402.0,0.194811
2403.0,0.19416599999999998
2404.0,0.193365
2405.0,0.192525
2406.0,0.19163
2407.0,0.190899
2408.0,0.19036
2409.0,0.189853
2410.0,0.18926400000000002
2411.0,0.18888100000000002
2412.0,0.188969
2413.0,0.189261
2414.0,0.18942399999999998
2415.0,0.18956299999999998
2416.0,0.189914
2417.0,0.19049
2418.0,0.190882
2419.0,0.191081
2420.0,0.19091899999999998
2421.0,0.190258
2422.0,0.189244
2423.0,0.187995
2424.0,0.18643
2425.0,0.18425899999999998
2426.0,0.181703
2427.0,0.180171
2428.0,0.17962399999999998
2429.0,0.17927600000000002
2430.0,0.17904599999999998
2431.0,0.17894300000000002
2432.0,0.179007
2433.0,0.179021
2434.0,0.17871800000000002
2435.0,0.178349
2436.0,0.178155
2437.0,0.178079
2438.0,0.178219
2439.0,0.178553
2440.0,0.178743
2441.0,0.178803
2442.0,0.178594
2443.0,0.178008
2444.0,0.177267
2445.0,0.17639500000000002
2446.0,0.175583
2447.0,0.17512699999999998
2448.0,0.174827
2449.0,0.174494
2450.0,0.174102
2451.0,0.17318
2452.0,0.17181000000000002
2453.0,0.170643
2454.0,0.16968699999999998
2455.0,0.169068
2456.0,0.168882
2457.0,0.168768
2458.0,0.16858599999999999
2459.0,0.168375
2460.0,0.16798200000000002
2461.0,0.167705
2462.0,0.168038
2463.0,0.168739
2464.0,0.16946000000000003
2465.0,0.170216
2466.0,0.170613
2467.0,0.170659
2468.0,0.17061800000000002
2469.0,0.170562
2470.0,0.17008600000000001
2471.0,0.168951
2472.0,0.16767600000000002
2473.0,0.166256
2474.0,0.165362
2475.0,0.16582999999999998
2476.0,0.166886
2477.0,0.16813199999999998
2478.0,0.169267
2479.0,0.16897099999999998
2480.0,0.16771899999999998
2481.0,0.16686399999999998
2482.0,0.16628900000000002
2483.0,0.16665
2484.0,0.16796399999999997
2485.0,0.16905
2486.0,0.169849
2487.0,0.170322
2488.0,0.170437
2489.0,0.170245
2490.0,0.169803
2491.0,0.16891899999999999
2492.0,0.167381
2493.0,0.16558399999999998
2494.0,0.16375900000000002
2495.0,0.16193200000000002
2496.0,0.16037099999999999
2497.0,0.158781
2498.0,0.15669
2499.0,0.154247
2500.0,0.151514
