Data ID,Magnesium-Sulfate 799F366
Sample ID,799F366
Mineral Name,magnesium-sulfate
Sample Description,
Date Added,
Viewing Geometry,
Other Information,
Grain Size,
Database of Origin,MICA Files (USGS/RELAB)
Wavelength,Response
300.0,0.8879269957542419
305.0,0.8899760246276855
310.0,0.8920689821243286
315.0,0.8939669728279114
320.0,0.8961589932441711
325.0,0.8973479866981506
330.0,0.8987799882888794
335.0,0.8996760249137878
340.0,0.9013569951057434
345.0,0.9020990133285522
350.0,0.9029300212860107
355.0,0.9041560292243958
360.0,0.9048299789428711
365.0,0.9055579900741577
370.0,0.9064499735832214
375.0,0.9073690176010132
380.0,0.9077410101890564
385.0,0.9081249833106995
390.0,0.9079210162162781
395.0,0.9079340100288391
400.0,0.9080730080604553
405.0,0.9088649749755859
410.0,0.9109650254249573
415.0,0.9126269817352295
420.0,0.9141489863395691
425.0,0.9161059856414795
430.0,0.9180880188941956
435.0,0.9191660284996033
440.0,0.9205160140991211
445.0,0.9220489859580994
450.0,0.9228289723396301
455.0,0.9241499900817871
460.0,0.9250620007514954
465.0,0.9259210228919983
470.0,0.9266639947891235
475.0,0.9283599853515625
480.0,0.9292169809341431
485.0,0.9301130175590515
490.0,0.9304999709129333
495.0,0.9317100048065186
500.0,0.9323490262031555
505.0,0.9333440065383911
510.0,0.933817982673645
515.0,0.9348580241203308
520.0,0.9352549910545349
525.0,0.936286985874176
530.0,0.9370579719543457
535.0,0.9388129711151123
540.0,0.9406049847602844
545.0,0.9424200057983398
550.0,0.9440420269966125
555.0,0.9456819891929626
560.0,0.9475370049476624
565.0,0.9491429924964905
570.0,0.949658989906311
575.0,0.9526159763336182
580.0,0.9525070190429688
585.0,0.9534609913825989
590.0,0.9538729786872864
595.0,0.9553639888763428
600.0,0.9547929763793945
605.0,0.9549689888954163
610.0,0.955145001411438
615.0,0.9560980200767517
620.0,0.9562039971351624
625.0,0.9573889970779419
630.0,0.9573299884796143
635.0,0.9585099816322327
640.0,0.9573709964752197
645.0,0.9590110182762146
650.0,0.9583709836006165
655.0,0.9577760100364685
660.0,0.9573370218276978
665.0,0.9587500095367432
670.0,0.958782970905304
675.0,0.9595860242843628
680.0,0.9587860107421875
685.0,0.9587739706039429
690.0,0.9581130146980286
695.0,0.9586719870567322
700.0,0.9587290287017822
705.0,0.9591580033302307
710.0,0.958141028881073
715.0,0.9585689902305603
720.0,0.9584649801254272
725.0,0.9548829793930054
730.0,0.9552890062332153
735.0,0.9546170234680176
740.0,0.9548799991607666
745.0,0.955282986164093
750.0,0.9546880125999451
755.0,0.9552890062332153
760.0,0.9543099999427795
765.0,0.9534559845924377
770.0,0.9544169902801514
775.0,0.9553679823875427
780.0,0.9539059996604919
785.0,0.9548889994621277
790.0,0.9541149735450745
795.0,0.9556379914283752
800.0,0.9560890197753906
805.0,0.9543139934539795
810.0,0.9546110033988953
815.0,0.954272985458374
820.0,0.9544839859008789
825.0,0.9542610049247742
830.0,0.9537010192871094
835.0,0.952551007270813
840.0,0.9528579711914062
845.0,0.9511640071868896
850.0,0.950984001159668
855.0,0.9524539709091187
860.0,0.9516289830207825
865.0,0.9512540102005005
870.0,0.9498460292816162
875.0,0.9508399963378906
880.0,0.9518499970436096
885.0,0.950639009475708
890.0,0.9507079720497131
895.0,0.950875997543335
900.0,0.949895977973938
905.0,0.9508140087127686
910.0,0.948498010635376
915.0,0.9491699934005737
920.0,0.9484459757804871
925.0,0.948324978351593
930.0,0.9472669959068298
935.0,0.946590006351471
940.0,0.9444599747657776
945.0,0.943697988986969
950.0,0.943464994430542
955.0,0.9406740069389343
960.0,0.9359279870986938
965.0,0.9321470260620117
970.0,0.9287819862365723
975.0,0.9246919751167297
980.0,0.9211040139198303
985.0,0.9222880005836487
990.0,0.9227550029754639
995.0,0.9245229959487915
1000.0,0.92433100938797
1004.9999999999999,0.9250569939613342
1010.0,0.9271190166473389
1014.9999999999999,0.9300150275230408
1020.0,0.9315090179443359
1025.0,0.934004008769989
1030.0,0.9363999962806702
1035.0,0.9382399916648865
1040.0,0.9405220150947571
1045.0,0.9426479935646057
1050.0,0.9441670179367065
1055.0,0.9453549981117249
1060.0,0.9459810256958008
1065.0,0.9470329880714417
1070.0,0.9467099905014038
1075.0,0.9476680159568787
1080.0,0.946927011013031
1085.0,0.9468029737472534
1090.0,0.9468460083007812
1095.0,0.9460579752922058
1100.0,0.945173978805542
1105.0,0.9442830085754395
1110.0,0.9437209963798523
1115.0,0.942562997341156
1120.0,0.9419199824333191
1125.0,0.9397500157356262
1130.0,0.9380059838294983
1135.0,0.937470018863678
1140.0,0.9336580038070679
1145.0,0.9307519793510437
1150.0,0.9237520098686218
1155.0,0.916558027267456
1160.0,0.9083030223846436
1165.0,0.9016370177268982
1170.0,0.8936750292778015
1175.0,0.8890889883041382
1180.0,0.8880199790000916
1185.0,0.8877220153808594
1190.0,0.8868190050125122
1195.0,0.8853769898414612
1200.0,0.8850380182266235
1205.0,0.884680986404419
1210.0,0.885906994342804
1215.0,0.8847650289535522
1220.0,0.883404016494751
1225.0,0.8836269974708557
1230.0,0.884361982345581
1235.0,0.8837559819221497
1240.0,0.8846759796142578
1245.0,0.8850250244140625
1250.0,0.8857539892196655
1255.0,0.8862665295600891
1260.0,0.8869324922561646
1265.0,0.8873478770256042
1270.0,0.8878359794616699
1275.0,0.8876960277557373
1280.0,0.8879868984222412
1285.0,0.8882768750190735
1290.0,0.88795405626297
1295.0,0.8875911831855774
1300.0,0.886985719203949
1305.0,0.8862645030021667
1310.0,0.8848767876625061
1315.0,0.8838373422622681
1320.0,0.8821367025375366
1325.0,0.8803821206092834
1330.0,0.8785954713821411
1335.0,0.8769076466560364
1340.0,0.8747990131378174
1345.0,0.8729876279830933
1350.0,0.8711344003677368
1355.0,0.8687378764152527
1360.0,0.8667818307876587
1365.0,0.8646402955055237
1370.0,0.8628227710723877
1375.0,0.8599057197570801
1380.0,0.856198787689209
1385.0,0.852252185344696
1390.0,0.8467015624046326
1395.0,0.8390962481498718
1400.0,0.8292782306671143
1405.0,0.8171951770782471
1410.0,0.8032004833221436
1415.0,0.7882965803146362
1420.0,0.7749741673469543
1425.0,0.763608992099762
1430.0,0.75480055809021
1435.0,0.7489718198776245
1440.0,0.7462601661682129
1445.0,0.7480752468109131
1450.0,0.7504420280456543
1455.0,0.7539251446723938
1460.0,0.7570111751556396
1465.0,0.7597606182098389
1470.0,0.7617652416229248
1475.0,0.7649456858634949
1480.0,0.7687898278236389
1485.0,0.7732645273208618
1490.0,0.7778835296630859
1495.0,0.7829044461250305
1500.0,0.7873330116271973
1505.0,0.7917575240135193
1510.0,0.7954996824264526
1515.0,0.7990110516548157
1520.0,0.8019512891769409
1525.0,0.804621696472168
1530.0,0.8068350553512573
1535.0,0.8088205456733704
1540.0,0.8104929327964783
1545.0,0.812367856502533
1550.0,0.8139163851737976
1555.0,0.8153200745582581
1560.0,0.816342294216156
1565.0,0.8177081346511841
1570.0,0.8188160061836243
1575.0,0.81998610496521
1580.0,0.8205306529998779
1585.0,0.8218222260475159
1590.0,0.8225050568580627
1595.0,0.8231968879699707
1600.0,0.8243504762649536
1605.0,0.8248990178108215
1610.0,0.8256250619888306
1615.0,0.8263310194015503
1620.0,0.8269463777542114
1625.0,0.8276661038398743
1630.0,0.8283122181892395
1635.0,0.8286771178245544
1640.0,0.8289580345153809
1645.0,0.8295069932937622
1650.0,0.8301897644996643
1655.0,0.8300880193710327
1660.0,0.8304389715194702
1665.0,0.8301590085029602
1670.0,0.8297879099845886
1675.0,0.8292555212974548
1680.0,0.8286218643188477
1685.0,0.827970027923584
1690.0,0.8262452483177185
1695.0,0.8251336812973022
1700.0,0.823631763458252
1705.0,0.822250247001648
1710.0,0.8215622901916504
1715.0,0.8207731246948242
1720.0,0.8198655843734741
1725.0,0.8191044330596924
1730.0,0.8180364370346069
1735.0,0.81745845079422
1740.0,0.8164749145507812
1745.0,0.8160052299499512
1750.0,0.8154569268226624
1755.0,0.8155860900878906
1760.0,0.8155093193054199
1765.0,0.8152309060096741
1770.0,0.814834713935852
1775.0,0.8143748641014099
1780.0,0.814052402973175
1785.0,0.813548743724823
1790.0,0.8132702708244324
1795.0,0.812658429145813
1800.0,0.8120810985565186
1805.0,0.8119685649871826
1810.0,0.8109622001647949
1815.0,0.8106698393821716
1820.0,0.8099895119667053
1825.0,0.8091959953308105
1830.0,0.8083469867706299
1835.0,0.8072226643562317
1840.0,0.8053438663482666
1845.0,0.8035036325454712
1850.0,0.8007763624191284
1855.0,0.79697185754776
1860.0,0.7920448780059814
1865.0,0.7862338423728943
1870.0,0.7779699563980103
1875.0,0.7672406435012817
1880.0,0.7543712854385376
1885.0,0.7378901839256287
1890.0,0.7186504006385803
1895.0,0.695176362991333
1900.0,0.6657710671424866
1905.0,0.6314330101013184
1910.0,0.5953744649887085
1915.0,0.5619111657142639
1920.0,0.5343179106712341
1925.0,0.5153958797454834
1930.0,0.5032075643539429
1935.0,0.49849575757980347
1940.0,0.49949580430984497
1945.0,0.505737841129303
1950.0,0.5150921940803528
1955.0,0.5250293612480164
1960.0,0.5342105627059937
1965.0,0.5434522032737732
1970.0,0.552543044090271
1975.0,0.5617359280586243
1980.0,0.5710910558700562
1985.0,0.5804396867752075
1990.0,0.5894562602043152
1995.0,0.5990831255912781
2000.0,0.6078100204467773
2005.0,0.6163417100906372
2009.9999999999998,0.6241229772567749
2015.0000000000002,0.6313273310661316
2020.0,0.6381010413169861
2025.0,0.6438468098640442
2029.9999999999998,0.6494014263153076
2035.0000000000002,0.6545895338058472
2040.0,0.6589958071708679
2045.0,0.6636631488800049
2050.0,0.6672573685646057
2055.0,0.6711314916610718
2060.0,0.6745505332946777
2065.0,0.6781254410743713
2070.0,0.681059718132019
2075.0,0.68399578332901
2080.0,0.6872189044952393
2085.0,0.6896002888679504
2090.0,0.6923576593399048
2095.0,0.6948838829994202
2100.0,0.6969536542892456
2105.0,0.6992360353469849
2110.0,0.700966477394104
2115.0,0.7032402157783508
2120.0,0.7047345042228699
2125.0,0.7062492370605469
2130.0,0.7079376578330994
2135.0,0.7094647288322449
2140.0,0.7107561230659485
2145.0,0.7117114663124084
2150.0,0.7132743000984192
2155.0,0.7144275307655334
2160.0,0.7154226899147034
2165.0,0.7165588140487671
2170.0,0.7177020311355591
2175.0,0.7189348340034485
2180.0,0.7201236486434937
2185.0,0.7212482690811157
2190.0,0.7223050594329834
2195.0,0.7231652736663818
2200.0,0.7237028479576111
2205.0,0.7242624163627625
2210.0,0.7245576977729797
2215.0,0.7249086499214172
2220.0,0.7246997952461243
2225.0,0.7243871092796326
2230.0,0.7239147424697876
2235.0,0.7231876850128174
2240.0,0.7220661640167236
2245.0,0.720568060874939
2250.0,0.7186766862869263
2255.0,0.7163074016571045
2260.0,0.7135170102119446
2265.0,0.7100685834884644
2270.0,0.706204354763031
2275.0,0.7025502324104309
2280.0,0.698298454284668
2285.0,0.693661630153656
2290.0,0.6887207627296448
2295.0,0.6829481720924377
2300.0,0.6775348782539368
2305.0,0.67086261510849
2310.0,0.6638209223747253
2315.0,0.6564230918884277
2320.0,0.6476097106933594
2325.0,0.6384955644607544
2330.0,0.6280621886253357
2335.0,0.6171236634254456
2340.0,0.6051337718963623
2345.0,0.5926903486251831
2350.0,0.5791913866996765
2355.0,0.5661489963531494
2360.0,0.553388237953186
2365.0,0.5408304929733276
2370.0,0.5290641784667969
2375.0,0.5174741744995117
2380.0,0.5066376328468323
2385.0,0.4968886971473694
2390.0,0.48788490891456604
2395.0,0.47993290424346924
2400.0,0.4728375971317291
2405.0,0.4670577049255371
2410.0,0.4626357853412628
2415.0,0.4591456949710846
2420.0,0.4562161862850189
2425.0,0.4546007215976715
2430.0,0.45319032669067383
2435.0,0.45248961448669434
2440.0,0.45185723900794983
2445.0,0.45136991143226624
2450.0,0.45053520798683167
2455.0,0.44989266991615295
2460.0,0.448773056268692
2465.0,0.4476350247859955
2470.0,0.4462513327598572
2475.0,0.44436994194984436
2480.0,0.44230133295059204
2485.0,0.43991345167160034
2490.0,0.4376973509788513
2495.0,0.43446096777915955
2500.0,0.4314177334308624
2505.0,0.42849645018577576
2510.0,0.42565271258354187
2515.0,0.42247119545936584
2520.0,0.4195232689380646
2525.0,0.4164853096008301
2530.0,0.4143078923225403
2531.32,0.4137899875640869
2532.55,0.41312819719314575
2533.7900000000004,0.4124610126018524
2535.0299999999997,0.41185057163238525
2536.27,0.41124001145362854
2537.51,0.41081398725509644
2538.75,0.4103879928588867
2540.0,0.4100426137447357
2541.2400000000002,0.4097000062465668
2542.49,0.4092180132865906
2543.7400000000002,0.408735990524292
2544.99,0.408376008272171
2546.2400000000002,0.40801599621772766
2547.49,0.40771153569221497
2548.74,0.4074069857597351
2549.9900000000002,0.40719732642173767
2551.25,0.4069859981536865
2552.5,0.4066787362098694
2553.76,0.40636900067329407
2555.02,0.40614399313926697
2556.28,0.40591898560523987
2557.54,0.4057084918022156
2558.8,0.4054979979991913
2560.07,0.40514811873435974
2561.33,0.40480101108551025
2562.6000000000004,0.4045048654079437
2563.86,0.40421101450920105
2565.13,0.4041315019130707
2566.3999999999996,0.4040519893169403
2567.67,0.4039379358291626
2568.9500000000003,0.40382298827171326
2570.22,0.40366461873054504
2571.5,0.40350499749183655
2572.77,0.40317875146865845
2574.05,0.4028500020503998
2575.33,0.4026019871234894
2576.61,0.40235400199890137
2577.89,0.40222302079200745
2579.17,0.40209200978279114
2580.46,0.401868611574173
2581.74,0.40164700150489807
2583.0299999999997,0.40126901865005493
2584.31,0.4008939862251282
2585.6,0.400800496339798
2586.89,0.4007070064544678
2588.19,0.40034255385398865
2589.48,0.39998099207878113
2590.77,0.3997015953063965
2592.07,0.39941999316215515
2593.36,0.3990773558616638
2594.6600000000003,0.3987320065498352
2595.96,0.3982265591621399
2597.2599999999998,0.39772099256515503
2598.56,0.3974156379699707
2599.8700000000003,0.3971079885959625
2601.17,0.39681461453437805
2602.48,0.3965190052986145
2603.78,0.3959640860557556
2605.09,0.39540499448776245
2606.3999999999996,0.39478495717048645
2607.71,0.3941650092601776
2609.03,0.3935120105743408
2610.3399999999997,0.3928639888763428
2611.6600000000003,0.3922065794467926
2612.97,0.39155399799346924
2614.29,0.39074650406837463
2615.61,0.38993901014328003
2616.93,0.388996422290802
2618.25,0.3880540132522583
2619.57,0.3871005177497864
2620.8999999999996,0.38613998889923096
2622.22,0.385221391916275
2623.5499999999997,0.3842960000038147
2624.88,0.38325491547584534
2626.21,0.3822140097618103
2627.5400000000004,0.38105088472366333
2628.87,0.37988799810409546
2630.21,0.3785260319709778
2631.5400000000004,0.3771739900112152
2632.88,0.3757914900779724
2634.21,0.37441909313201904
2635.5499999999997,0.3730076551437378
2636.8900000000003,0.37159600853919983
2638.2400000000002,0.37008827924728394
2639.58,0.3685919940471649
2640.92,0.3669164180755615
2642.27,0.36522799730300903
2643.62,0.36351749300956726
2644.97,0.3618069887161255
2646.3199999999997,0.3599163293838501
2647.67,0.35802599787712097
2649.02,0.3560752272605896
2650.38,0.3541100025177002
2651.73,0.35197922587394714
2653.09,0.34983301162719727
2654.4500000000003,0.3476127088069916
2655.81,0.34539198875427246
2657.1699999999996,0.3431529998779297
2658.5299999999997,0.3409140110015869
2659.89,0.338610976934433
2661.2599999999998,0.33629098534584045
2662.63,0.33393678069114685
2664.0,0.3315829932689667
2665.36,0.3291027545928955
2666.74,0.3265860080718994
2668.11,0.32356077432632446
2669.48,0.32053500413894653
2670.8599999999997,0.31742119789123535
2672.23,0.31433001160621643
2673.61,0.3112185001373291
2674.9900000000002,0.3081069886684418
2676.37,0.30522096157073975
2677.76,0.30231401324272156
2679.14,0.2987971901893616
2680.52,0.29528099298477173
2681.91,0.2917715013027191
2683.3,0.2882620096206665
2684.6899999999996,0.2845369875431061
2686.08,0.28081199526786804
2687.47,0.2767322063446045
2688.87,0.2726230025291443
2690.2599999999998,0.2683897614479065
2691.6600000000003,0.2641260027885437
2693.06,0.2598769962787628
2694.46,0.25562798976898193
2695.86,0.25092050433158875
2697.26,0.24621300399303436
2698.66,0.2415436953306198
2700.07,0.23684099316596985
2701.48,0.23215200006961823
2702.89,0.2274630069732666
2704.2999999999997,0.22273699939250946
2705.71,0.2180110067129135
2707.1200000000003,0.2134764939546585
2708.53,0.2089419960975647
2709.9500000000003,0.20438699424266815
2711.37,0.1998320072889328
2712.79,0.19460949301719666
2714.21,0.1893869936466217
2715.63,0.18442949652671814
2717.05,0.17947199940681458
2718.48,0.1749211847782135
2719.9,0.17040300369262695
2721.33,0.1657799929380417
2722.76,0.16115699708461761
2724.19,0.15564249455928802
2725.6200000000003,0.15012800693511963
2727.06,0.14431679248809814
2728.49,0.13854600489139557
2729.93,0.13316044211387634
2731.37,0.12777400016784668
2732.8100000000004,0.1229424998164177
2734.25,0.11811099946498871
2735.69,0.11319369077682495
2737.1400000000003,0.10824300348758698
2738.58,0.10365196317434311
2740.0299999999997,0.09902899712324142
2741.48,0.09400758892297745
2742.93,0.08898700028657913
2744.38,0.08409249782562256
2745.8300000000004,0.07919800281524658
2747.29,0.07538481056690216
2748.75,0.0715709999203682
2750.2,0.06806859374046326
2751.6600000000003,0.0645420029759407
2753.13,0.06158416345715523
2754.5899999999997,0.05864600092172623
2756.05,0.055997367948293686
2757.52,0.05333099886775017
2758.99,0.05038025975227356
2760.46,0.04743000119924545
2761.93,0.04534300044178963
2763.3999999999996,0.0432559996843338
2764.8700000000003,0.04146524518728256
2766.35,0.03966199979186058
2767.82,0.038102440536022186
2769.2999999999997,0.036531999707221985
2770.7799999999997,0.0354694128036499
2772.26,0.03440700098872185
2773.75,0.03310200944542885
2775.23,0.03180599957704544
2776.7200000000003,0.030670909211039543
2778.21,0.02953599952161312
2779.7000000000003,0.028780439868569374
2781.19,0.028024999424815178
2782.68,0.02756052277982235
2784.1800000000003,0.02709300071001053
2785.67,0.026629021391272545
2787.17,0.026162000373005867
2788.67,0.025808971375226974
2790.1699999999996,0.025456000119447708
2791.67,0.024891339242458344
2793.18,0.024322999641299248
2794.68,0.024082781746983528
2796.19,0.023840999230742455
2797.7,0.023488027974963188
2799.21,0.023135000839829445
2800.7200000000003,0.022773200646042824
2802.24,0.022408999502658844
2803.75,0.02238358184695244
2805.27,0.0223580002784729
2806.79,0.022100480273365974
2808.31,0.021842999383807182
2809.83,0.02150852605700493
2811.35,0.021174000576138496
2812.8799999999997,0.02112950012087822
2814.41,0.021084999665617943
2815.93,0.02114778757095337
2817.46,0.02121100015938282
2819.0,0.02115030214190483
2820.53,0.021090000867843628
2822.07,0.020944537594914436
2823.6,0.020800000056624413
2825.1400000000003,0.020806999877095222
2826.6800000000003,0.020813999697566032
2828.22,0.020781109109520912
2829.77,0.020748000591993332
2831.3100000000004,0.020764445886015892
2832.86,0.020780999213457108
2834.4100000000003,0.020698999986052513
2835.96,0.02061700075864792
2837.5099999999998,0.02047494798898697
2839.07,0.02033199928700924
2840.62,0.020364396274089813
2842.18,0.020397000014781952
2843.74,0.02045550011098385
2845.2999999999997,0.020514000207185745
2846.86,0.02038840390741825
2848.43,0.02026199921965599
2849.9900000000002,0.020284924656152725
2851.56,0.0203079991042614
2853.13,0.02039949968457222
2854.7,0.02049100026488304
2856.27,0.020563269034028053
2857.85,0.020635999739170074
2859.42,0.02066141925752163
2861.0,0.020687000826001167
2862.58,0.020822999998927116
2864.16,0.020958999171853065
2865.75,0.020998625084757805
2867.33,0.021037999540567398
2868.92,0.02095150016248226
2870.5099999999998,0.020865000784397125
2872.1,0.020839497447013855
2873.69,0.020813999697566032
2875.28,0.020942097529768944
2876.88,0.021071000024676323
2878.48,0.021183853968977928
2880.0699999999997,0.021296000108122826
2881.68,0.021396813914179802
2883.28,0.021497000008821487
2884.88,0.021515442058444023
2886.49,0.02153399959206581
2888.1,0.021707486361265182
2889.71,0.021880999207496643
2891.3199999999997,0.02193949930369854
2892.93,0.021997999399900436
2894.55,0.021826988086104393
2896.16,0.021657057106494904
2897.78,0.021676935255527496
2899.4,0.02169799990952015
2901.03,0.02183341607451439
2902.65,0.022274000570178032
2904.2799999999997,0.022343000397086143
2905.91,0.022532999515533447
2907.54,0.02286200039088726
2909.17,0.02268099971115589
2910.8,0.022607000544667244
2912.44,0.0226259995251894
2914.07,0.022926999256014824
2915.7099999999996,0.02270900085568428
2917.35,0.023593999445438385
2918.99,0.02419699914753437
2920.6400000000003,0.023631000891327858
2922.29,0.023900000378489494
2923.93,0.024553000926971436
2925.58,0.024654999375343323
2927.24,0.024790000170469284
2928.89,0.024988999590277672
2930.55,0.025405999273061752
2932.2,0.025428999215364456
2933.86,0.025803999975323677
2935.52,0.025916000828146935
2937.19,0.02628600038588047
2938.85,0.026541000232100487
2940.52,0.02638399973511696
2942.19,0.02609200030565262
2943.86,0.026249000802636147
2945.53,0.02645299956202507
2947.21,0.02670300006866455
2948.88,0.026838000863790512
2950.56,0.027583999559283257
2952.2400000000002,0.027783000841736794
2953.92,0.027449000626802444
2955.61,0.02835799939930439
2957.29,0.029391000047326088
2958.98,0.028598999604582787
2960.67,0.028157999739050865
2962.3599999999997,0.028551999479532242
2964.06,0.02884400077164173
2965.75,0.02942799963057041
2967.45,0.030267000198364258
2969.15,0.03087400086224079
2970.85,0.030618999153375626
2972.55,0.030540000647306442
2974.26,0.03138300031423569
2975.97,0.032040998339653015
2977.68,0.03181900084018707
2979.39,0.03189300000667572
2981.1,0.032287001609802246
2982.8199999999997,0.03217099979519844
2984.5299999999997,0.03282900154590607
2986.25,0.03340800106525421
2987.97,0.03368600085377693
2989.7,0.034014999866485596
2991.42,0.03415900096297264
2993.15,0.03413999825716019
2994.88,0.03417700156569481
2996.61,0.03499799966812134
2998.3399999999997,0.0360959991812706
3000.08,0.036215998232364655
3001.8199999999997,0.03562299907207489
3003.55,0.03582200035452843
3005.3,0.03605400025844574
3007.04,0.03640599921345711
3008.7799999999997,0.037064000964164734
3010.53,0.03766600042581558
3012.28,0.038065001368522644
3014.03,0.03816699981689453
3015.79,0.0385419987142086
3017.54,0.039191000163555145
3019.2999999999997,0.03974200040102005
3021.06,0.03986699879169464
3022.8199999999997,0.04014100134372711
3024.58,0.04081699997186661
3026.35,0.04121600091457367
3028.12,0.041517000645399094
3029.89,0.04171200096607208
3031.66,0.0412990003824234
3033.4300000000003,0.04115099832415581
3035.21,0.04178600013256073
3036.99,0.04199900105595589
3038.77,0.04230500012636185
3040.55,0.04271699860692024
3042.3300000000004,0.04341199994087219
3044.12,0.04371799901127815
3045.9100000000003,0.04366699978709221
3047.7,0.04431099817156792
3049.4900000000002,0.045079998672008514
3051.29,0.045246999710798264
3053.08,0.045076001435518265
3054.8799999999997,0.045329999178647995
3056.6800000000003,0.0455159991979599
3058.49,0.045524999499320984
3060.29,0.04571500048041344
3062.1,0.04587699845433235
3063.91,0.04618300125002861
3065.72,0.046619001775979996
3067.54,0.047178998589515686
3069.35,0.04737899824976921
3071.17,0.047345999628305435
3072.99,0.047665998339653015
3074.81,0.04817099869251251
3076.64,0.048388998955488205
3078.47,0.04830100014805794
3080.2900000000004,0.04886600002646446
3082.1299999999997,0.049922000616788864
3083.96,0.05025099962949753
3085.79,0.05056200176477432
3087.6299999999997,0.050478000193834305
3089.47,0.05143300071358681
3091.31,0.052772000432014465
3093.1600000000003,0.05368899926543236
3095.0099999999998,0.05351800099015236
3096.85,0.05315700173377991
3098.71,0.05372700095176697
3100.5600000000004,0.054513998329639435
3102.41,0.05506100133061409
3104.27,0.05593699961900711
3106.1299999999997,0.05653399974107742
3107.9900000000002,0.05729899927973747
3109.8599999999997,0.058132998645305634
3111.73,0.05888799950480461
3113.5899999999997,0.05969899892807007
3115.4700000000003,0.06032500043511391
3117.34,0.060676999390125275
3119.21,0.06108500063419342
3121.09,0.06165499985218048
3122.97,0.06279399991035461
3124.86,0.06400399655103683
3126.74,0.06456500291824341
3128.6299999999997,0.06524600088596344
3130.52,0.06601499766111374
3132.4100000000003,0.0667790025472641
3134.3,0.06767799705266953
3136.2000000000003,0.06868399679660797
3138.1,0.06899400055408478
3140.0,0.06949900090694427
3141.9,0.07052800059318542
3143.8100000000004,0.07131599634885788
3145.7099999999996,0.0720990002155304
3147.62,0.07284899801015854
3149.54,0.07380399852991104
3151.4500000000003,0.0744289979338646
3153.37,0.0754069983959198
3155.29,0.07661700248718262
3157.21,0.07774200290441513
3159.13,0.07836800068616867
3161.06,0.0792670026421547
3162.9900000000002,0.08040700107812881
3164.92,0.081277996301651
3166.8500000000004,0.08150999993085861
3168.79,0.08200500160455704
3170.7200000000003,0.0831729993224144
3172.67,0.08448400348424911
3174.61,0.08496200293302536
3176.55,0.08582799881696701
3178.5,0.08699999749660492
3180.45,0.08819600194692612
3182.4,0.08932200074195862
3184.3599999999997,0.09035000205039978
3186.3199999999997,0.0915369987487793
3188.27,0.09256099909543991
3190.2400000000002,0.09322799742221832
3192.2000000000003,0.09410399943590164
3194.17,0.09486400336027145
3196.1400000000003,0.09597600251436234
3198.1099999999997,0.09747199714183807
3200.08,0.09877900034189224
3202.06,0.09963200241327286
3204.04,0.10045599937438965
3206.02,0.10141599923372269
3208.0,0.10271299630403519
3209.99,0.10401500016450882
3211.98,0.10470999777317047
3213.9700000000003,0.1056549996137619
3215.96,0.10692500323057175
3217.96,0.1079540029168129
3219.96,0.10876400023698807
3221.96,0.10991799831390381
3223.96,0.11119700223207474
3225.97,0.11243899911642075
3227.98,0.1137320026755333
3229.99,0.11480700224637985
3232.0,0.11622399836778641
3234.02,0.11772599816322327
3236.04,0.11881499737501144
3238.06,0.11976899951696396
3240.08,0.12108000367879868
3242.1099999999997,0.12253499776124954
3244.14,0.12395799905061722
3246.17,0.12493599951267242
3248.2000000000003,0.12564900517463684
3250.24,0.12688200175762177
3252.2799999999997,0.12816500663757324
3254.3199999999997,0.12929600477218628
3256.37,0.13071799278259277
3258.41,0.13193200528621674
3260.46,0.1331699937582016
3262.5099999999998,0.13490299880504608
3264.57,0.13631600141525269
3266.63,0.1375340074300766
3268.69,0.13872100412845612
3270.75,0.1401890069246292
3272.8100000000004,0.14171400666236877
3274.88,0.1434839963912964
3276.95,0.14484600722789764
3279.02,0.146138995885849
3281.1,0.1471720039844513
3283.1800000000003,0.14860899746418
3285.26,0.14981800317764282
3287.34,0.15083299577236176
3289.43,0.15215300023555756
3291.51,0.15373800694942474
3293.61,0.1556980013847351
3295.7000000000003,0.15746299922466278
3297.8,0.15881599485874176
3299.9,0.1602579951286316
3302.0,0.16160599887371063
3304.1,0.16305199265480042
3306.21,0.16494199633598328
3308.32,0.16705000400543213
3310.4300000000003,0.16854199767112732
3312.5499999999997,0.16959400475025177
3314.66,0.1705390065908432
3316.79,0.17211000621318817
3318.91,0.17423200607299805
3321.0299999999997,0.1758130043745041
3323.1600000000003,0.17704500257968903
3325.29,0.17852799594402313
3327.4300000000003,0.1804410070180893
3329.5699999999997,0.18204499781131744
3331.71,0.18357400596141815
3333.85,0.18526999652385712
3335.99,0.1870809942483902
3338.1400000000003,0.1887820065021515
3340.29,0.19041800498962402
3342.45,0.19232699275016785
3344.6,0.1939619928598404
3346.76,0.19571399688720703
3348.92,0.19777600467205048
3351.09,0.19955499470233917
3353.26,0.2012459933757782
3355.4300000000003,0.20284999907016754
3357.6000000000004,0.20449399948120117
3359.78,0.2059909999370575
3361.96,0.20741799473762512
3364.14,0.2091509997844696
3366.32,0.21115800738334656
3368.51,0.2134370058774948
3370.7,0.2156520038843155
3372.89,0.21758399903774261
3375.09,0.21955400705337524
3377.29,0.2211340069770813
3379.4900000000002,0.22234299778938293
3381.69,0.22397400438785553
3383.9,0.22611500322818756
3386.11,0.22824600338935852
3388.32,0.22984500229358673
3390.54,0.2312770038843155
3392.76,0.23346400260925293
3394.98,0.23603999614715576
3397.21,0.2381339967250824
3399.4300000000003,0.23995999991893768
3401.6600000000003,0.24154900014400482
3403.9,0.24361099302768707
3406.13,0.24575699865818024
3408.3700000000003,0.2478419989347458
3410.61,0.2496349960565567
3412.8599999999997,0.2514509856700897
3415.1099999999997,0.2532399892807007
3417.36,0.25561198592185974
3419.61,0.25823500752449036
3421.8700000000003,0.2601439952850342
3424.13,0.2619509994983673
3426.39,0.2640079855918884
3428.66,0.26610299944877625
3430.93,0.2682340145111084
3433.2,0.2699350118637085
3435.48,0.2715330123901367
3437.7599999999998,0.27324798703193665
3440.0400000000004,0.2752400040626526
3442.32,0.27746400237083435
3444.61,0.2796980142593384
3446.8999999999996,0.281468003988266
3449.19,0.2833299934864044
3451.4900000000002,0.2851000130176544
3453.79,0.2870100140571594
3456.09,0.2892340123653412
3458.4,0.29135599732398987
3460.7000000000003,0.29346001148223877
3463.0200000000004,0.2956100106239319
3465.33,0.2976070046424866
3467.65,0.2993910014629364
3469.97,0.3015129864215851
3472.29,0.3039039969444275
3474.62,0.3060399889945984
3476.95,0.3075219988822937
3479.2900000000004,0.309116005897522
3481.62,0.3114610016345978
3483.96,0.31387001276016235
3486.3,0.315854012966156
3488.6499999999996,0.31754499673843384
3491.0,0.31944501399993896
3493.35,0.32182198762893677
3495.71,0.32396700978279114
3498.0699999999997,0.325778990983963
3500.4300000000003,0.32795199751853943
3502.79,0.3303849995136261
3505.16,0.3325110077857971
3507.53,0.3343600034713745
3509.9100000000003,0.33645498752593994
3512.29,0.3387709856033325
3514.67,0.3404349982738495
3517.0499999999997,0.3421350121498108
3519.44,0.3444240093231201
3521.83,0.3462960124015808
3524.23,0.34803900122642517
3526.62,0.3501240015029907
3529.02,0.35220399498939514
3531.43,0.3544979989528656
3533.83,0.35671699047088623
3536.24,0.35873299837112427
3538.6600000000003,0.36091500520706177
3541.08,0.36272698640823364
3543.5,0.36454299092292786
3545.92,0.3661470115184784
3548.35,0.36825498938560486
3550.78,0.37075701355934143
3553.21,0.3728240132331848
3555.65,0.37477898597717285
3558.09,0.3770729899406433
3560.5299999999997,0.37902799248695374
3562.98,0.3807840049266815
3565.4300000000003,0.38298100233078003
3567.88,0.385219007730484
3570.3399999999997,0.38725700974464417
3572.8,0.38922199606895447
3575.27,0.3912839889526367
3577.73,0.3934659957885742
3580.2000000000003,0.39519500732421875
3582.68,0.3971410095691681
3585.1600000000003,0.3993789851665497
3587.64,0.4011490046977997
3590.1200000000003,0.4030439853668213
3592.61,0.4051479995250702
3595.1,0.40711700916290283
3597.6,0.40940600633621216
3600.0899999999997,0.41143500804901123
3602.6,0.4132010042667389
3605.1000000000004,0.41494300961494446
3607.61,0.4170979857444763
3610.1200000000003,0.4196000099182129
3612.64,0.421750009059906
3615.16,0.4233349859714508
3617.68,0.4255029857158661
3620.21,0.42770400643348694
3622.74,0.4298349916934967
3625.27,0.4317449927330017
3627.8100000000004,0.4334079921245575
3630.35,0.4352889955043793
3632.8900000000003,0.43743500113487244
3635.44,0.4395099878311157
3637.99,0.4414980113506317
3640.54,0.4433700144290924
3643.1,0.44561299681663513
3645.66,0.44766101241111755
3648.23,0.4497320055961609
3650.7999999999997,0.45142799615859985
3653.37,0.4531889855861664
3655.95,0.4552040100097656
3658.5299999999997,0.45710399746894836
3661.1099999999997,0.458967000246048
3663.7,0.46113499999046326
3666.29,0.4628779888153076
3668.8900000000003,0.46473100781440735
3671.48,0.46650999784469604
3674.09,0.46838700771331787
3676.6899999999996,0.470194011926651
3679.3,0.47211700677871704
3681.91,0.47436898946762085
3684.53,0.47626399993896484
3687.15,0.4780200123786926
3689.7799999999997,0.4801560044288635
3692.4,0.4816949963569641
3695.04,0.48311299085617065
3697.67,0.48496100306510925
3700.31,0.4868890047073364
3702.95,0.4885759949684143
3705.6,0.49019700288772583
3708.25,0.4919399917125702
3710.9100000000003,0.4937190115451813
3713.5600000000004,0.4951319992542267
3716.23,0.49663299322128296
3718.89,0.4981440007686615
3721.5600000000004,0.49995601177215576
3724.23,0.5016700029373169
3726.9100000000003,0.5033980011940002
3729.59,0.5048670172691345
3732.2799999999997,0.5066369771957397
3734.9700000000003,0.5082449913024902
3737.66,0.5097370147705078
3740.36,0.5109789967536926
3743.06,0.5125920176506042
3745.76,0.514153003692627
3748.4700000000003,0.5154920220375061
3751.1800000000003,0.5167710185050964
3753.8999999999996,0.5183560252189636
3756.62,0.5200889706611633
3759.3399999999997,0.5217750072479248
3762.07,0.5232809782028198
3764.8,0.5242589712142944
3767.54,0.5256580114364624
3770.28,0.5273169875144958
3773.02,0.5283550024032593
3775.77,0.529591977596283
3778.52,0.5311070084571838
3781.28,0.5325440168380737
3784.04,0.5336139798164368
3786.7999999999997,0.5350180268287659
3789.5699999999997,0.5363199710845947
3792.3399999999997,0.5377240180969238
3795.12,0.538864016532898
3797.8999999999996,0.5399990081787109
3800.69,0.5412870049476624
3803.47,0.5426030158996582
3806.27,0.5438960194587708
3809.06,0.5449150204658508
3811.8599999999997,0.5457450151443481
3814.67,0.547111988067627
3817.48,0.5482289791107178
3820.29,0.5491690039634705
3823.1099999999997,0.5502579808235168
3825.93,0.5514259934425354
3828.7599999999998,0.5524680018424988
3831.5899999999997,0.5534639954566956
3834.42,0.5543259978294373
3837.26,0.5552390217781067
3840.1,0.5559059977531433
3842.9500000000003,0.5567169785499573
3845.8,0.5580660104751587
3848.65,0.5594459772109985
3851.51,0.5601509809494019
3854.38,0.5606840252876282
3857.24,0.5614479780197144
3860.1200000000003,0.5623610019683838
3862.99,0.5628659725189209
3865.8700000000003,0.5634729862213135
3868.7599999999998,0.5640749931335449
3871.6499999999996,0.5648260116577148
3874.54,0.5653640031814575
3877.44,0.5657060146331787
3880.3399999999997,0.5659059882164001
3883.25,0.5666840076446533
3886.16,0.5677270293235779
3889.0699999999997,0.5683240294456482
3891.99,0.56843101978302
3894.92,0.5686489939689636
3897.85,0.5691630244255066
3900.78,0.5695890188217163
3903.72,0.5698350071907043
3906.66,0.5702800154685974
3909.6000000000004,0.5699089765548706
3912.55,0.5696079730987549
3915.5099999999998,0.5699549913406372
3918.4700000000003,0.5704600214958191
3921.43,0.5703030228614807
3924.4,0.570052981376648
3927.3799999999997,0.5697519779205322
3930.35,0.5696399807929993
3933.3300000000004,0.5695800185203552
3936.3199999999997,0.5694270133972168
3939.31,0.5691210031509399
3942.31,0.5691310167312622
3945.31,0.5687969923019409
3948.3100000000004,0.5684080123901367
3951.32,0.5679910182952881
3954.34,0.5676569938659668
3957.35,0.5670130252838135
3960.3799999999997,0.5666559934616089
3963.4100000000003,0.5659059882164001
3966.44,0.565451979637146
3969.48,0.5649600028991699
3972.52,0.5641360282897949
3975.5600000000004,0.5630750060081482
3978.61,0.5623189806938171
3981.6699999999996,0.5617910027503967
3984.73,0.5614389777183533
3987.8,0.560280978679657
3990.8700000000003,0.5593400001525879
3993.9399999999996,0.5582559704780579
3997.02,0.556958019733429
4000.1,0.5560870170593262
4003.19,0.5555819869041443
4006.29,0.5545120239257812
4009.39,0.5533159971237183
4012.49,0.5523430109024048
4015.6,0.5515549778938293
4018.7099999999996,0.5506060123443604
4021.8299999999995,0.5494329929351807
4024.9499999999994,0.5480899810791016
4028.08,0.5464959740638733
4031.2099999999996,0.5447810292243958
4034.35,0.5435760021209717
4037.4900000000002,0.5422049760818481
4040.64,0.5407779812812805
4043.7900000000004,0.5397859811782837
4046.94,0.5386139750480652
4050.11,0.53677898645401
4053.2700000000004,0.535027027130127
4056.44,0.5333449840545654
4059.62,0.531682014465332
4062.8,0.5297679901123047
4065.9900000000002,0.5281140208244324
4069.1800000000003,0.5264139771461487
4072.38,0.52469402551651
4075.5800000000004,0.5230029821395874
4078.78,0.5212470293045044
4082.0,0.5193979740142822
4085.21,0.5177209973335266
4088.43,0.5158159732818604
4091.66,0.5137310028076172
4094.8900000000003,0.5117849707603455
4098.13,0.5102699995040894
4101.37,0.5086950063705444
4104.62,0.506646990776062
4107.87,0.5043020248413086
4111.13,0.5023049712181091
4114.39,0.5005490183830261
4117.66,0.49887099862098694
4120.93,0.49699899554252625
4124.21,0.4951319992542267
4127.5,0.4931809902191162
4130.79,0.4909619987010956
4134.08,0.48890000581741333
4137.38,0.48706498742103577
4140.679999999999,0.4850119948387146
4143.99,0.48308899998664856
4147.31,0.4812310039997101
4150.629999999999,0.4794430136680603
4153.95,0.47729700803756714
4157.29,0.4752730131149292
4160.62,0.4732710123062134
4163.96,0.47137999534606934
4167.3099999999995,0.4695959985256195
4170.66,0.468174010515213
4174.0199999999995,0.4660930037498474
4177.39,0.46350300312042236
4180.75,0.4613249897956848
4184.13,0.45971301198005676
4187.509999999999,0.45802199840545654
4190.889999999999,0.4562099874019623
4194.28,0.4542360007762909
4197.68,0.452549010515213
4201.08,0.4507189989089966
4204.49,0.4485880136489868
4207.900000000001,0.44676700234413147
4211.32,0.4451630115509033
4214.74,0.44315698742866516
4218.17,0.44124799966812134
4221.61,0.4395889937877655
4225.05,0.43837499618530273
4228.5,0.43672099709510803
4231.950000000001,0.43475601077079773
4235.400000000001,0.4328570067882538
4238.870000000001,0.4312579929828644
4242.34,0.4292379915714264
4245.8099999999995,0.4271109998226166
4249.29,0.42485401034355164
4252.78,0.42302900552749634
4256.2699999999995,0.42130500078201294
4259.7699999999995,0.4197480082511902
4263.27,0.41841399669647217
4266.78,0.41696301102638245
4270.29,0.4152669906616211
4273.81,0.4137749969959259
4277.34,0.412200003862381
4280.87,0.4106940031051636
4284.41,0.40917399525642395
4287.950000000001,0.40777501463890076
4291.5,0.40622299909591675
4295.06,0.4046190083026886
4298.62,0.4031040072441101
4302.1900000000005,0.4017370045185089
4305.76,0.4005509912967682
4309.34,0.39911898970603943
4312.92,0.3977940082550049
4316.5199999999995,0.3968439996242523
4320.11,0.3954260051250458
4323.719999999999,0.3937309980392456
4327.320000000001,0.39239099621772766
4330.94,0.39138099551200867
4334.5599999999995,0.3901579976081848
4338.19,0.38898101449012756
4341.820000000001,0.38780900835990906
4345.46,0.3867250084877014
4349.11,0.38544100522994995
4352.76,0.38433799147605896
4356.42,0.3833650052547455
4360.08,0.3825030028820038
4363.75,0.381413996219635
4367.429999999999,0.38022398948669434
4371.11,0.37903299927711487
4374.799999999999,0.37814798951148987
4378.49,0.37724900245666504
4382.19,0.37645599246025085
4385.900000000001,0.3754790127277374
4389.610000000001,0.37465900182724
4393.33,0.37374600768089294
4397.0599999999995,0.3730599880218506
4400.79,0.3721520006656647
4404.530000000001,0.3714100122451782
4408.280000000001,0.370822012424469
4412.03,0.3702569901943207
4415.79,0.3693160116672516
4419.55,0.36859801411628723
4423.320000000001,0.3679400086402893
4427.1,0.3675279915332794
4430.88,0.3671799898147583
4434.68,0.3666430115699768
4438.469999999999,0.36590999364852905
4442.280000000001,0.3654929995536804
4446.08,0.3651460111141205
4449.900000000001,0.3648259937763214
4453.719999999999,0.36441799998283386
4457.55,0.3641909956932068
4461.389999999999,0.36401501297950745
4465.2300000000005,0.36388999223709106
4469.08,0.3636859953403473
4472.9400000000005,0.36378800868988037
4476.8,0.3634920120239258
4480.67,0.3631719946861267
4484.549999999999,0.36320000886917114
4488.43,0.3633430004119873
4492.320000000001,0.3632790148258209
4496.21,0.3632040023803711
4500.12,0.3630650043487549
4504.030000000001,0.3631860017776489
4507.94,0.36355701088905334
4511.87,0.3636069893836975
4515.799999999999,0.36332499980926514
4519.7300000000005,0.3633430004119873
4523.679999999999,0.3634270131587982
4527.63,0.3635610044002533
4531.589999999999,0.36348700523376465
4535.55,0.36393600702285767
4539.52,0.36414000391960144
4543.5,0.3641360104084015
4547.49,0.36417698860168457
4551.48,0.36456701159477234
4555.4800000000005,0.36479800939559937
4559.490000000001,0.3647890090942383
4563.5,0.36486300826072693
4567.52,0.3653869926929474
4571.55,0.36571601033210754
4575.580000000001,0.3657340109348297
4579.63,0.3657670021057129
4583.67,0.3661789894104004
4587.73,0.3664900064468384
4591.79,0.3669990003108978
4595.86,0.36719900369644165
4599.9400000000005,0.36732399463653564
4604.03,0.3677780032157898
4608.120000000001,0.3684540092945099
4612.219999999999,0.3689590096473694
4616.33,0.3696869909763336
4620.4400000000005,0.37051600217819214
4624.5599999999995,0.3713090121746063
4628.69,0.3716610074043274
4632.83,0.37237000465393066
4636.97,0.3732309937477112
4641.12,0.37442201375961304
4645.28,0.3752889931201935
4649.45,0.376118004322052
4653.62,0.37695199251174927
4657.8,0.3781760036945343
4661.990000000001,0.37929201126098633
4666.1900000000005,0.3804740011692047
4670.39,0.38184499740600586
4674.599999999999,0.3834579885005951
4678.82,0.38471800088882446
4683.049999999999,0.38646000623703003
4687.280000000001,0.3881149888038635
4691.5199999999995,0.38948601484298706
4695.77,0.3907879889011383
4700.03,0.39257699251174927
4704.3,0.3942260146141052
4708.57,0.3958429992198944
4712.85,0.39772000908851624
4717.139999999999,0.3995870053768158
4721.429999999999,0.4013899862766266
4725.74,0.40334099531173706
4730.05,0.40504100918769836
4734.37,0.40670499205589294
4738.7,0.40831199288368225
4743.03,0.41017499566078186
4747.38,0.41193100810050964
4751.7300000000005,0.41394200921058655
4756.09,0.41574499011039734
4760.45,0.4173620045185089
4764.83,0.41897401213645935
4769.21,0.4206100106239319
4773.6,0.4221619963645935
4778.0,0.42394599318504333
4782.41,0.4257439970970154
4786.83,0.4274959862232208
4791.25,0.42908498644828796
4795.68,0.4307340085506439
4800.13,0.4322449862957001
4804.57,0.43387600779533386
4809.03,0.43550699949264526
4813.5,0.43721699714660645
4817.97,0.43875500559806824
4822.45,0.4404970109462738
4826.94,0.44215598702430725
4831.44,0.44391199946403503
4835.950000000001,0.4457609951496124
4840.46,0.4474619925022125
4844.99,0.4484899938106537
4849.52,0.4501209855079651
4854.0599999999995,0.451788991689682
4858.61,0.4535219967365265
4863.17,0.45496299862861633
4867.73,0.4563399851322174
4872.3099999999995,0.45770201086997986
4876.89,0.4593699872493744
4881.48,0.4606490135192871
4886.08,0.461681991815567
4890.6900000000005,0.46279001235961914
4895.31,0.46424901485443115
4899.94,0.46543100476264954
4904.57,0.4666309952735901
4909.22,0.4678030014038086
4913.87,0.46916499733924866
4918.53,0.4704720079898834
4923.21,0.47181999683380127
4927.88,0.4728119969367981
4932.57,0.4741100072860718
4937.2699999999995,0.47512900829315186
4941.9800000000005,0.47619500756263733
4946.6900000000005,0.4773620069026947
4951.42,0.47856199741363525
4956.15,0.47980400919914246
4960.9,0.4809490144252777
4965.650000000001,0.48190799355506897
4970.41,0.4831959903240204
4975.18,0.48457199335098267
4979.96,0.48590201139450073
4984.75,0.486860990524292
4989.54,0.4881170094013214
4994.349999999999,0.4892520010471344
4999.17,0.49050799012184143
5003.99,0.4917449951171875
5008.83,0.4931580126285553
5013.67,0.49433499574661255
5018.5199999999995,0.49539199471473694
5023.39,0.49594300985336304
5028.26,0.49724000692367554
5033.14,0.49866798520088196
5038.03,0.500229001045227
5042.93,0.5012210011482239
5047.84,0.5024160146713257
5052.76,0.5034260153770447
5057.69,0.5044410228729248
5062.63,0.5054789781570435
5067.580000000001,0.5066140294075012
5072.54,0.507345974445343
5077.51,0.5083469748497009
5082.49,0.5091440081596375
5087.469999999999,0.5098670125007629
5092.469999999999,0.5106359720230103
5097.48,0.5116789937019348
5102.5,0.5121700167655945
5107.52,0.5127580165863037
5112.56,0.5131570100784302
5117.61,0.5137310028076172
5122.66,0.5141760110855103
5127.73,0.5148710012435913
5132.81,0.5153440237045288
5137.889999999999,0.5158860087394714
5142.99,0.5158860087394714
5148.1,0.5160710215568542
5153.22,0.5159050226211548
5158.34,0.5163220167160034
5163.48,0.5168449878692627
5168.63,0.5168870091438293
5173.79,0.516789972782135
5178.96,0.5169659852981567
5184.13,0.5168129801750183
5189.320000000001,0.5167760252952576
5194.5199999999995,0.5163769721984863
5199.73,0.5161359906196594
5204.96,0.5154320001602173
5210.19,0.5150330066680908
5215.429999999999,0.514648973941803
5220.679999999999,0.5136669874191284
5225.94,0.5132960081100464
5231.22,0.5135229825973511
5236.5,0.5129759907722473
5241.79,0.5122020244598389
5247.099999999999,0.5113030076026917
5252.42,0.5108960270881653
5257.74,0.5102189779281616
5263.080000000001,0.5095700025558472
5268.43,0.5086619853973389
5273.79,0.5078279972076416
5279.16,0.5066649913787842
5284.54,0.5055019855499268
5289.93,0.5045109987258911
5295.34,0.5035139918327332
5300.75,0.5019530057907104
5306.18,0.5011979937553406
5311.61,0.5001599788665771
5317.0599999999995,0.4991360008716583
5322.5199999999995,0.49795401096343994
5327.99,0.4967310130596161
5333.47,0.4950999915599823
5338.96,0.49386700987815857
5344.47,0.4924910068511963
5349.9800000000005,0.49108201265335083
5355.51,0.4886780083179474
5361.049999999999,0.48697200417518616
5366.6,0.4860970079898834
5372.16,0.4851610064506531
5377.73,0.48368701338768005
5383.320000000001,0.4819589853286743
5388.91,0.4800359904766083
5394.52,0.47865501046180725
5400.14,0.4772459864616394
5405.77,0.4755130112171173
5411.41,0.47342801094055176
5417.07,0.4715380072593689
5422.74,0.4698469936847687
5428.410000000001,0.46724700927734375
5434.1,0.46505099534988403
5439.8099999999995,0.464480996131897
5445.52,0.46296998858451843
5451.25,0.46109798550605774
5456.98,0.458873987197876
5462.73,0.4571639895439148
5468.5,0.4546020030975342
5474.2699999999995,0.45201200246810913
5480.0599999999995,0.45044100284576416
5485.86,0.44855499267578125
5491.67,0.44663700461387634
5497.49,0.4449180066585541
5503.33,0.4424059987068176
5509.179999999999,0.44022899866104126
5515.04,0.4379259943962097
5520.91,0.4359009861946106
5526.799999999999,0.43327799439430237
5532.69,0.4309059977531433
5538.610000000001,0.42839398980140686
5544.53,0.42632800340652466
5550.469999999999,0.42369601130485535
5556.41,0.42094799876213074
5562.38,0.4177969992160797
5568.349999999999,0.41549500823020935
5574.34,0.4130899906158447
5580.339999999999,0.41057801246643066
5586.35,0.40619999170303345
5592.38,0.40335899591445923
5598.42,0.40111199021339417
5604.47,0.398142009973526
5610.54,0.39441201090812683
5616.61,0.3916639983654022
5622.71,0.3881840109825134
5628.8099999999995,0.38475099205970764
5634.929999999999,0.38139599561691284
5641.06,0.3782399892807007
5647.21,0.3733009994029999
5653.360000000001,0.36858901381492615
5659.54,0.3654420077800751
5665.72,0.36132800579071045
5671.92,0.3575049936771393
5678.13,0.3535059988498688
5684.36,0.34827500581741333
5690.599999999999,0.3442719876766205
5696.85,0.33965200185775757
5703.12,0.334540992975235
5709.4,0.33026400208473206
5715.6900000000005,0.3249630033969879
5722.0,0.31891199946403503
5728.33,0.31382399797439575
5734.66,0.3084680140018463
5741.01,0.303056001663208
5747.38,0.29735198616981506
5753.76,0.2914069890975952
5760.150000000001,0.2847619950771332
5766.56,0.27967900037765503
5772.98,0.2713199853897095
5779.410000000001,0.26413801312446594
5785.86,0.25863298773765564
5792.33,0.2522299885749817
5798.8099999999995,0.24543200433254242
5805.3,0.23855599761009216
5811.81,0.2306230068206787
5818.33,0.2233390063047409
5824.87,0.2153089940547943
5831.419999999999,0.20643100142478943
5837.99,0.19837799668312073
5844.57,0.19112199544906616
5851.17,0.18335099518299103
5857.78,0.17505300045013428
5864.410000000001,0.1665080040693283
5871.05,0.15751400589942932
5877.7,0.14931300282478333
5884.38,0.14143100380897522
5891.06,0.13148300349712372
5897.76,0.12388800084590912
5904.4800000000005,0.11541400104761124
5911.21,0.10688800364732742
5917.96,0.0992560014128685
5924.7300000000005,0.09151399880647659
5931.5,0.08375699818134308
5938.3,0.07657500356435776
5945.11,0.06882700324058533
5951.93,0.062415000051259995
5958.78,0.056529998779296875
5965.63,0.05116400122642517
5972.51,0.04618300125002861
5979.39,0.04138699918985367
5986.3,0.037466999143362045
5993.22,0.03428899869322777
6000.16,0.030943000689148903
6007.11,0.028282999992370605
6014.08,0.025956999510526657
6021.06,0.023636000230908394
6028.06,0.02212500013411045
6035.08,0.021018000319600105
6042.12,0.019798999652266502
6049.17,0.019012000411748886
6056.2300000000005,0.01828400045633316
6063.32,0.017960000783205032
6070.42,0.01807600073516369
6077.530000000001,0.01807600073516369
6084.67,0.018099000677466393
6091.820000000001,0.018316999077796936
6098.9800000000005,0.018830999732017517
6106.17,0.01957700029015541
6113.37,0.020410999655723572
6120.58,0.02114799991250038
6127.82,0.022143999114632607
6135.07,0.023520000278949738
6142.34,0.025252999737858772
6149.63,0.027055999264121056
6156.93,0.029256999492645264
6164.25,0.031633999198675156
6171.59,0.0345430001616478
6178.950000000001,0.03755500167608261
6186.320000000001,0.040915001183748245
6193.71,0.044617000967264175
6201.120000000001,0.04860199987888336
6208.54,0.05265599861741066
6215.99,0.05702099949121475
6223.45,0.06115899980068207
6230.93,0.06585700064897537
6238.43,0.07040300220251083
6245.95,0.07462900131940842
6253.48,0.07900699973106384
6261.03,0.08352500200271606
6268.6,0.08777400106191635
6276.19,0.09189300239086151
6283.8,0.09563300013542175
6291.43,0.09919600188732147
6299.070000000001,0.10239800065755844
6306.73,0.10544200241565704
6314.42,0.10835699737071991
6322.12,0.11129400134086609
6329.84,0.113755002617836
6337.570000000001,0.11621099710464478
6345.33,0.11834199726581573
6353.11,0.12004700303077698
6360.9,0.12218300253152847
6368.719999999999,0.12451399862766266
6376.55,0.1260710060596466
6384.400000000001,0.12768299877643585
6392.2699999999995,0.1293420046567917
6400.17,0.1308940052986145
6408.08,0.13244199752807617
6416.01,0.13351699709892273
6423.96,0.13366499543190002
6431.93,0.13542599976062775
6439.92,0.13723799586296082
6447.93,0.13848400115966797
6455.96,0.13986000418663025
6464.01,0.1408199965953827
6472.08,0.1420149952173233
6480.17,0.14295600354671478
6488.28,0.1436460018157959
6496.41,0.1443600058555603
6504.5599999999995,0.14431799948215485
6512.7300000000005,0.14537400007247925
6520.92,0.14736199378967285
6529.14,0.1481270045042038
6537.37,0.14885400235652924
6545.63,0.15008200705051422
6553.9,0.15098999440670013
6562.2,0.15144400298595428
6570.509999999999,0.15224599838256836
6578.85,0.15296000242233276
6587.21,0.15293599665164948
6595.589999999999,0.1537570059299469
6603.99,0.1540440022945404
6612.42,0.15500299632549286
6620.860000000001,0.155799999833107
6629.330000000001,0.15598100423812866
6637.82,0.15624499320983887
6646.33,0.1553879976272583
6654.860000000001,0.1554899960756302
6663.41,0.15710200369358063
6671.99,0.1579360067844391
6680.589999999999,0.1579129993915558
6689.21,0.1574539989233017
6697.849999999999,0.15725499391555786
6706.509999999999,0.1578570008277893
6715.200000000001,0.1578570008277893
6723.91,0.1572829931974411
6732.64,0.1572829931974411
6741.4,0.15748199820518494
6750.18,0.1578570008277893
6758.9800000000005,0.15755599737167358
6767.8,0.15735700726509094
6776.65,0.1572130024433136
6785.52,0.15662899613380432
6794.41,0.15621699392795563
6803.33,0.15523000061511993
6812.2699999999995,0.1550309956073761
6821.23,0.15542900562286377
6830.219999999999,0.1550309956073761
6839.23,0.15379400551319122
6848.26,0.1532749980688095
6857.32,0.15340399742126465
6866.4,0.15254700183868408
6875.51,0.15000799298286438
6884.64,0.1493220031261444
6893.799999999999,0.14965100586414337
6902.9800000000005,0.14937299489974976
6912.18,0.14868700504302979
6921.41,0.14734800159931183
6930.66,0.14629200100898743
6939.94,0.14524899423122406
6949.24,0.14412300288677216
6958.57,0.14306700229644775
6967.92,0.14141300320625305
6977.299999999999,0.1394989937543869
6986.7,0.13889700174331665
6996.13,0.1376969963312149
7005.59,0.13585199415683746
7015.07,0.13404099643230438
7024.57,0.13267800211906433
7034.099999999999,0.1310099959373474
7043.66,0.12976400554180145
7053.25,0.12790599465370178
7062.85,0.12562599778175354
7072.49,0.12437500059604645
7082.150000000001,0.12283699959516525
7091.84,0.12082599848508835
7101.549999999999,0.11870300024747849
7111.3,0.11690600216388702
7121.0599999999995,0.11501500010490417
7130.860000000001,0.11269400268793106
7140.679999999999,0.11053899675607681
7150.53,0.10839799791574478
7160.41,0.10594300180673599
7170.3099999999995,0.10393200069665909
7180.240000000001,0.10159599781036377
7190.2,0.09920500218868256
7200.1900000000005,0.09724099934101105
7210.200000000001,0.09503500163555145
7220.240000000001,0.09242600202560425
7230.31,0.09011399745941162
7240.41,0.08769500255584717
7250.54,0.08483699709177017
7260.6900000000005,0.08225599676370621
7270.88,0.08004999905824661
7281.09,0.07759399712085724
7291.33,0.0746150016784668
7301.599999999999,0.07216399908065796
7311.9,0.06973999738693237
7322.219999999999,0.06718699634075165
7332.58,0.06487999856472015
7342.97,0.06241000071167946
7353.379999999999,0.059647999703884125
7363.83,0.05702099949121475
7374.3,0.05475100129842758
7384.8099999999995,0.05226200073957443
7395.34,0.049644000828266144
7405.910000000001,0.047207001596689224
7416.5,0.04500100016593933
7427.13,0.04270799830555916
7437.78,0.040488000959157944
7448.47,0.03811600059270859
7459.1900000000005,0.03584500029683113
7469.9400000000005,0.033723000437021255
7480.71,0.03169399872422218
7491.52,0.029562000185251236
7502.37,0.027652999386191368
7513.24,0.025947999209165573
7524.14,0.02414100058376789
7535.08,0.022227000445127487
7546.05,0.020383000373840332
7557.05,0.01886799931526184
7568.08,0.017551999539136887
7579.150000000001,0.016130000352859497
7590.24,0.014897000044584274
7601.37,0.013617999851703644
7612.53,0.012636000290513039
7623.7300000000005,0.011718000285327435
7634.96,0.01054100040346384
7646.219999999999,0.00975400023162365
7657.51,0.00931399967521429
7668.84,0.008919999934732914
7680.2,0.00868299975991249
7691.59,0.008423999883234501
7703.02,0.008214999921619892
7714.49,0.008117999881505966
7725.98,0.008275999687612057
7737.5199999999995,0.008433000184595585
7749.08,0.00887800008058548
7760.679999999999,0.009243999607861042
7772.32,0.009794999845325947
7783.99,0.010490000247955322
7795.69,0.011264000087976456
7807.43,0.011769000440835953
7819.21,0.012279000133275986
7831.0199999999995,0.012803000397980213
7842.87,0.013492999598383904
7854.75,0.014271000400185585
7866.67,0.014976000413298607
7878.62,0.015634000301361084
7890.62,0.016222000122070312
7902.64,0.01713000051677227
7914.71,0.017913000658154488
7926.8099999999995,0.018386000767350197
7938.95,0.018859000876545906
7951.13,0.01947999931871891
7963.339999999999,0.02001200057566166
7975.59,0.020364999771118164
7987.879999999999,0.020935000851750374
8000.209999999999,0.021671000868082047
8012.570000000001,0.022311000153422356
8024.98,0.02259800024330616
8037.419999999999,0.022921999916434288
8049.899999999999,0.023187000304460526
8062.419999999999,0.02352900058031082
8074.9800000000005,0.023973999544978142
8087.57,0.024512000381946564
8100.210000000001,0.025100000202655792
8112.89,0.02548000030219555
8125.6,0.02591099962592125
8138.360000000001,0.0263420008122921
8151.160000000001,0.02645299956202507
8163.99,0.026944000273942947
8176.869999999999,0.02735700085759163
8189.79,0.02760699950158596
8202.75,0.02796800062060356
8215.75,0.028403999283909798
8228.79,0.02878900058567524
8241.87,0.028960000723600388
8254.99,0.029154999181628227
8268.16,0.029529999941587448
8281.37,0.02990500070154667
8294.62,0.030201999470591545
8307.91,0.030438000336289406
8321.24,0.030832000076770782
8334.619999999999,0.031109999865293503
8348.039999999999,0.031123999506235123
8361.51,0.03142999857664108
8375.019999999999,0.03172200173139572
8388.57,0.031785998493433
8402.16,0.03196699917316437
8415.800000000001,0.03218499943614006
8429.49,0.03228199854493141
8443.22,0.03254200145602226
8456.99,0.03273199871182442
8470.81,0.03249099850654602
8484.67,0.03223099932074547
8498.58,0.032444000244140625
8512.539999999999,0.03231000155210495
8526.54,0.03236600011587143
8540.58,0.03255100175738335
8554.68,0.03233800083398819
8568.82,0.031902000308036804
8583.0,0.03172200173139572
8597.24,0.03178200125694275
8611.52,0.03173999860882759
8625.85,0.031605999916791916
8640.230000000001,0.03140699863433838
8654.65,0.03139299899339676
8669.119999999999,0.03150799870491028
8683.640000000001,0.03141599893569946
8698.21,0.031132999807596207
8712.83,0.0309200007468462
8727.5,0.030832000076770782
8742.22,0.030743999406695366
8756.99,0.03050299920141697
8771.800000000001,0.030247999355196953
8786.67,0.03019700013101101
8801.589999999998,0.02990099973976612
8816.560000000001,0.029284000396728516
8831.58,0.029238000512123108
8846.65,0.029386000707745552
8861.77,0.02934899926185608
8876.939999999999,0.029340000823140144
8892.17,0.029400000348687172
8907.45,0.02933100052177906
8922.779999999999,0.028876999393105507
8938.16,0.028742000460624695
8953.6,0.02889000065624714
8969.09,0.02910800091922283
8984.640000000001,0.029172999784350395
9000.23,0.02899700030684471
9015.890000000001,0.029090000316500664
9031.59,0.029061999171972275
9047.359999999999,0.028894999995827675
9063.17,0.028534000739455223
9079.050000000001,0.028551999479532242
9094.97,0.029076000675559044
9110.960000000001,0.02942799963057041
9127.0,0.029682999476790428
9143.1,0.029896000400185585
9159.25,0.029867999255657196
9175.46,0.02990500070154667
9191.73,0.030174000188708305
9208.06,0.03033600002527237
9224.439999999999,0.030534999445080757
9240.880000000001,0.03130500018596649
9257.38,0.03152700141072273
9273.94,0.03183300048112869
9290.56,0.0327409990131855
9307.24,0.03338000178337097
9323.980000000001,0.033973999321460724
9340.78,0.03514999896287918
9357.64,0.036035001277923584
9374.57,0.03627200052142143
9391.550000000001,0.03735100105404854
9408.59,0.03862600028514862
9425.7,0.039719000458717346
9442.869999999999,0.04096100106835365
9460.1,0.04249899834394455
9477.4,0.04370399937033653
9494.75,0.04487600177526474
9512.17,0.04601600021123886
9529.66,0.04692399874329567
9547.21,0.047818999737501144
9564.83,0.048583000898361206
9582.5,0.04918599873781204
9600.25,0.04957500100135803
9618.06,0.04973699897527695
9635.94,0.04967699944972992
9653.88,0.04934300109744072
9671.89,0.049042001366615295
9689.970000000001,0.04889800027012825
9708.119999999999,0.04875899851322174
9726.33,0.04839299991726875
9744.619999999999,0.04821699857711792
9762.97,0.04833799973130226
9781.39,0.048402998596429825
9799.88,0.04814799875020981
9818.44,0.0480090007185936
9837.070000000002,0.047958001494407654
9855.77,0.04818499833345413
9874.539999999999,0.048638999462127686
9893.39,0.049375999718904495
9912.3,0.050324998795986176
9931.29,0.051075998693704605
9950.36,0.051979999989271164
9969.49,0.05342099815607071
9988.699999999999,0.05499200150370598
10007.98,0.05637200176715851
10027.34,0.05798500031232834
10046.77,0.06048699840903282
10066.28,0.06364700198173523
10085.869999999999,0.06714999675750732
10105.53,0.07060199975967407
10125.26,0.07399900257587433
10145.08,0.07760799676179886
10164.970000000001,0.08140800148248672
10184.939999999999,0.08521600067615509
10204.99,0.08904799818992615
10225.12,0.09318199753761292
10245.33,0.09740699827671051
10265.61,0.10178600251674652
10285.98,0.10627199709415436
10306.43,0.11003399640321732
10326.96,0.1134909987449646
10347.57,0.11688199639320374
10368.27,0.11957500129938126
10389.05,0.12218300253152847
10409.91,0.12477800250053406
10430.859999999999,0.12670999765396118
10451.88,0.12821200489997864
10473.0,0.12961100041866302
10494.199999999999,0.13086199760437012
10515.49,0.131755992770195
10536.86,0.13233999907970428
10558.32,0.1329289972782135
10579.869999999999,0.13296599686145782
10601.5,0.13268299400806427
10623.23,0.132205992937088
10645.039999999999,0.13172799348831177
10666.94,0.1316169947385788
10688.94,0.13152000308036804
10711.02,0.13100099563598633
10733.2,0.13012999296188354
10755.470000000001,0.1289989948272705
10777.83,0.1277250051498413
10800.28,0.12702499330043793
10822.83,0.12637700140476227
10845.470000000001,0.12482000142335892
10868.21,0.12355499714612961
10891.04,0.1225769966840744
10913.970000000001,0.12154799699783325
10936.99,0.12044599652290344
10960.119999999999,0.11935699731111526
10983.34,0.11868999898433685
11006.66,0.11798500269651413
11030.07,0.11663699895143509
11053.59,0.11521899700164795
11077.21,0.11395400017499924
11100.93,0.11259199678897858
11124.75,0.11124800145626068
11148.68,0.1100199967622757
11172.710000000001,0.10877799987792969
11196.84,0.10756000131368637
11221.07,0.10656800121068954
11245.41,0.10525699704885483
11269.859999999999,0.10363499820232391
11294.41,0.10242100059986115
11319.07,0.10180000215768814
11343.84,0.10066500306129456
11368.72,0.09915000200271606
11393.7,0.0978429988026619
11418.8,0.09619300067424774
11444.01,0.09465499967336655
11469.33,0.09382600337266922
11494.76,0.09307999908924103
11520.300000000001,0.0919950008392334
11545.96,0.09029000252485275
11571.730000000001,0.08858499675989151
11597.619999999999,0.08737099915742874
11623.62,0.08607400208711624
11649.74,0.08468399941921234
11675.98,0.08375199884176254
11702.34,0.08315899968147278
11728.81,0.0823109969496727
11755.41,0.0810139998793602
11782.130000000001,0.07996699959039688
11808.960000000001,0.07856699824333191
11835.92,0.07682500034570694
11863.009999999998,0.07554599642753601
11890.22,0.07471200078725815
11917.550000000001,0.07390099763870239
11945.01,0.07278499752283096
11972.6,0.07192300260066986
12000.310000000001,0.07091700285673141
12028.16,0.06958699971437454
12056.13,0.06809999793767929
12084.23,0.06683000177145004
12112.460000000001,0.06587599962949753
12140.83,0.0649769976735115
12169.33,0.06407800316810608
12197.960000000001,0.06271599978208542
12226.73,0.06164500117301941
12255.64,0.06093600019812584
12284.68,0.05948600172996521
12313.86,0.05800800025463104
12343.18,0.05702099949121475
12372.640000000001,0.056237999349832535
12402.240000000002,0.05556600168347359
12431.98,0.05426400154829025
12461.86,0.05271200090646744
12491.89,0.05195700004696846
12522.07,0.05099700018763542
12552.38,0.04996899887919426
12582.85,0.048916999250650406
12613.47,0.04790699854493141
12644.23,0.04693799838423729
12675.15,0.046052999794483185
12706.210000000001,0.04524200037121773
12737.43,0.04437100142240524
12768.81,0.04360700026154518
12800.33,0.04269900172948837
12832.02,0.041655998677015305
12863.86,0.04072500020265579
12895.86,0.03969600051641464
12928.02,0.038676999509334564
12960.34,0.03817199915647507
12992.82,0.03794899955391884
13025.460000000001,0.037092000246047974
13058.27,0.03619299829006195
13091.25,0.035895999521017075
13124.39,0.03495100140571594
13157.7,0.03378399834036827
13191.179999999998,0.03276899829506874
13224.83,0.03235600143671036
13258.660000000002,0.031665999442338943
13292.65,0.0308229997754097
13326.83,0.030395999550819397
13361.17,0.029714999720454216
13395.699999999999,0.028690999373793602
13430.400000000001,0.027681000530719757
13465.289999999999,0.02713399939239025
13500.349999999999,0.02664799988269806
13535.6,0.02578599937260151
13571.03,0.025391999632120132
13606.65,0.02545199915766716
13642.46,0.024567000567913055
13678.46,0.023414000868797302
13714.64,0.02307100035250187
13751.02,0.02218100056052208
13787.59,0.021491000428795815
13824.36,0.021087000146508217
13861.32,0.020281000062823296
13898.49,0.01974399946630001
13935.85,0.019531000405550003
13973.41,0.019220000132918358
14011.17,0.018595000728964806
14049.15,0.017872000113129616
14087.32,0.017482999712228775
14125.71,0.01715799979865551
14164.300000000001,0.016397999599575996
14203.11,0.015448000282049179
14242.13,0.014832000248134136
14281.359999999999,0.013923999853432178
14320.81,0.013150000013411045
14360.49,0.013043999671936035
14400.380000000001,0.013358999975025654
14440.49,0.013340000063180923
14480.82,0.013011000119149685
14521.39,0.01287699956446886
14562.18,0.01271899975836277
14603.199999999999,0.012653999961912632
14644.45,0.013001999817788601
14685.93,0.013478999957442284
14727.66,0.013186999596655369
14769.619999999999,0.013224000111222267
14811.81,0.013775999657809734
14854.25,0.014321999624371529
14896.94,0.014229999855160713
14939.87,0.014233999885618687
14983.050000000001,0.014233999885618687
15026.48,0.014267000369727612
15070.16,0.014840999618172646
15114.1,0.016054999083280563
15158.289999999999,0.016106000170111656
15202.74,0.01548099983483553
15247.460000000001,0.015596999786794186
15292.43,0.015935000032186508
15337.68,0.01618099957704544
15383.19,0.016380000859498978
15428.97,0.016750000417232513
15475.03,0.016764000058174133
15521.359999999999,0.01693600043654442
15567.970000000001,0.01743200048804283
15614.869999999999,0.01765899918973446
15662.039999999999,0.01750599965453148
15709.5,0.01795100048184395
15757.25,0.01847900077700615
15805.289999999999,0.018052000552415848
15853.619999999999,0.017875999212265015
15902.26,0.01874300092458725
15951.19,0.01970200054347515
16000.419999999998,0.0197759997099638
16049.949999999999,0.019891999661922455
16099.799999999997,0.020212000235915184
16149.95,0.020169999450445175
16200.420000000002,0.020294999703764915
16251.208999999999,0.02098100073635578
16302.311,0.02122199907898903
16353.741,0.021865999326109886
16405.491,0.022436000406742096
16457.569,0.021703999489545822
16509.979000000003,0.020397000014781952
16562.731,0.021259000524878502
16615.82,0.02220899984240532
16669.240999999998,0.022231999784708023
16723.021,0.022741999477148056
16777.14,0.022630000486969948
16831.61,0.02223699912428856
16886.431,0.02218100056052208
16941.62,0.021865999326109886
16997.16,0.02201000042259693
17053.08,0.022477999329566956
17109.36,0.02290399931371212
17166.01,0.022853000089526176
17223.04,0.02227799966931343
17280.451,0.0220979992300272
17338.239999999998,0.02287600003182888
17396.429,0.02214900031685829
17455.0,0.021407000720500946
17513.969,0.022143999114632607
17573.339,0.023088999092578888
17633.109999999997,0.022825000807642937
17693.290999999997,0.022839000448584557
17753.889,0.022575000301003456
17814.899,0.02297299914062023
17876.328999999998,0.023329999297857285
17938.181,0.023260999470949173
18000.468999999997,0.023622000589966774
18063.19,0.023622000589966774
18126.35,0.0226259995251894
18189.951,0.023283999413251877
18254.0,0.02472900040447712
18318.501,0.024515999481081963
18383.459,0.02402999997138977
18448.879,0.024112999439239502
18514.771,0.024089999496936798
18581.129,0.02359900064766407
18647.97,0.023051999509334564
18715.29,0.022912999615073204
18783.100000000002,0.02265400066971779
18851.4,0.022714000195264816
18920.2,0.022810999304056168
18989.51,0.022561000660061836
19059.32,0.02243099920451641
19129.65,0.022978000342845917
19200.5,0.023005999624729156
19271.878999999997,0.02270900085568428
19343.789999999997,0.02284800074994564
19416.240999999998,0.022727999836206436
19489.229000000003,0.022384999319911003
19562.771,0.024052999913692474
19636.880999999998,0.022895000874996185
19711.54,0.021606000140309334
19786.779,0.021323999390006065
19862.590999999997,0.02165300026535988
19938.98,0.021685000509023666
20015.961,0.023367000743746758
20093.55,0.024515999481081963
20171.73,0.02273700013756752
20250.530000000002,0.021462999284267426
20329.941000000003,0.020572999492287636
20409.981,0.02087000012397766
20490.649999999998,0.02181999944150448
20571.96,0.023144999518990517
20653.918999999998,0.02391899935901165
20736.54,0.02177800051867962
20819.82,0.019127000123262405
20903.77,0.020800000056624413
20988.399999999998,0.02277900092303753
21073.720999999998,0.021268000826239586
21159.731,0.020215999335050583
21246.46,0.021236000582575798
21333.891,0.021467000246047974
21422.041,0.022538000717759132
21510.929,0.02329299971461296
21600.559,0.022079000249505043
21690.941,0.022190000861883163
21782.08,0.021352000534534454
21873.989,0.022935999557375908
21966.668999999998,0.02440500073134899
22060.15,0.02216700091958046
22154.421,0.022268999367952347
22249.510000000002,0.022895000874996185
22345.409,0.02122199907898903
22442.141,0.020096000283956528
22539.721,0.02043900080025196
22638.14,0.024066999554634094
22737.431,0.025762999430298805
22837.601,0.022366000339388847
22938.649999999998,0.020633000880479813
23040.600000000002,0.021045999601483345
23143.459,0.021091999486088753
23247.24,0.020003000274300575
23351.959000000003,0.02199600078165531
23457.63,0.024039000272750854
23564.251,0.024576999247074127
23671.85,0.019571999087929726
23780.439000000002,0.014763000421226025
23890.02,0.015957999974489212
24000.629,0.022260000929236412
24112.261,0.027890000492334366
24224.93,0.030215999111533165
24338.659,0.028362000361084938
24453.47,0.036990001797676086
24569.361,0.05240099877119064
24686.359,0.03362099826335907
24804.469999999998,0.019948000088334084
24923.731,0.02112000063061714
25044.129999999997,
25165.71,
25288.46,
25412.43,
25537.609,
25664.04,
25791.719,
25920.679,
