Data ID,Chlorite LACL14
Sample ID,LACL14
Mineral Name,chlorite
Sample Description,
Date Added,
Viewing Geometry,
Other Information,
Grain Size,
Database of Origin,MICA Files (USGS/RELAB)
Wavelength,Response
300.0,0.12911899387836456
305.0,0.14492399990558624
310.0,0.15631000697612762
315.0,0.16531500220298767
320.0,0.1731649935245514
325.0,0.17645399272441864
330.0,0.18078100681304932
335.0,0.18381500244140625
340.0,0.1863889992237091
345.0,0.18907000124454498
350.0,0.1927880048751831
355.0,0.19826500117778778
360.0,0.2043199986219406
365.0,0.2083130031824112
370.0,0.2114039957523346
375.0,0.21415400505065918
380.0,0.21694700419902802
385.0,0.21939300000667572
390.0,0.2237599939107895
395.0,0.2275480031967163
400.0,0.2280610054731369
405.0,0.22934600710868835
410.0,0.23031699657440186
415.0,0.23478199541568756
420.0,0.24087899923324585
425.0,0.2474289983510971
430.0,0.25227200984954834
435.0,0.253262996673584
440.0,0.25557300448417664
445.0,0.2594819962978363
450.0,0.2600319981575012
455.0,0.26083800196647644
460.0,0.264490008354187
465.0,0.2696259915828705
470.0,0.27491098642349243
475.0,0.2802729904651642
480.0,0.28592899441719055
485.0,0.29013898968696594
490.0,0.2909170091152191
495.0,0.2903830111026764
500.0,0.2931070029735565
505.0,0.29655298590660095
510.0,0.2970150113105774
515.0,0.2981640100479126
520.0,0.29888299107551575
525.0,0.2971009910106659
530.0,0.2975429892539978
535.0,0.29846298694610596
540.0,0.29721799492836
545.0,0.29755899310112
550.0,0.29716500639915466
555.0,0.29695698618888855
560.0,0.2964339852333069
565.0,0.29578399658203125
570.0,0.2952840030193329
575.0,0.2939099967479706
580.0,0.2922990024089813
585.0,0.2910290062427521
590.0,0.2884269952774048
595.0,0.2864220142364502
600.0,0.28465700149536133
605.0,0.28231099247932434
610.0,0.28040799498558044
615.0,0.2798739969730377
620.0,0.27719199657440186
625.0,0.2756420075893402
630.0,0.273716002702713
635.0,0.27138400077819824
640.0,0.26854100823402405
645.0,0.26641198992729187
650.0,0.26507699489593506
655.0,0.262688010931015
660.0,0.2609719932079315
665.0,0.25825899839401245
670.0,0.2573449909687042
675.0,0.2542180120944977
680.0,0.2530370056629181
685.0,0.2518320083618164
690.0,0.25036799907684326
695.0,0.25032100081443787
700.0,0.24967099726200104
705.0,0.24950699508190155
710.0,0.24934899806976318
715.0,0.24999000132083893
720.0,0.25079599022865295
725.0,0.25104600191116333
730.0,0.2532860040664673
735.0,0.2539939880371094
740.0,0.2564449906349182
745.0,0.2582109868526459
750.0,0.2604219913482666
755.0,0.26338499784469604
760.0,0.2663539946079254
765.0,0.26664701104164124
770.0,0.2691180109977722
775.0,0.27146801352500916
780.0,0.27481499314308167
785.0,0.27710801362991333
790.0,0.2791680097579956
795.0,0.28098899126052856
800.0,0.2825550138950348
805.0,0.28347399830818176
810.0,0.28394201397895813
815.0,0.2838880121707916
820.0,0.2848989963531494
825.0,0.2842859923839569
830.0,0.28404998779296875
835.0,0.28299999237060547
840.0,0.2815589904785156
845.0,0.2806200087070465
850.0,0.2793410122394562
855.0,0.27862900495529175
860.0,0.2776719927787781
865.0,0.27679499983787537
870.0,0.27597901225090027
875.0,0.2755559980869293
880.0,0.2743090093135834
885.0,0.274401992559433
890.0,0.2746959924697876
895.0,0.2746790051460266
900.0,0.27454400062561035
905.0,0.27532899379730225
910.0,0.27639201283454895
915.0,0.2776719927787781
920.0,0.2784459888935089
925.0,0.27876099944114685
930.0,0.28225499391555786
935.0,0.28327998518943787
940.0,0.28510600328445435
945.0,0.2867560088634491
950.0,0.2875159978866577
955.0,0.2889910042285919
960.0,0.2913399934768677
965.0,0.293273001909256
970.0,0.29407599568367004
975.0,0.29520300030708313
980.0,0.2966049909591675
985.0,0.2975800037384033
990.0,0.29872798919677734
995.0,0.29927200078964233
1000.0,0.29975301027297974
1004.9999999999999,0.30033600330352783
1010.0,0.3005090057849884
1014.9999999999999,0.3012459874153137
1020.0,0.3012480139732361
1025.0,0.301706999540329
1030.0,0.3013690114021301
1035.0,0.3016059994697571
1040.0,0.30157798528671265
1045.0,0.30157899856567383
1050.0,0.30243098735809326
1055.0,0.30228298902511597
1060.0,0.3011150062084198
1065.0,0.301582008600235
1070.0,0.3024959862232208
1075.0,0.3022339940071106
1080.0,0.3021489977836609
1085.0,0.30237099528312683
1090.0,0.30206298828125
1095.0,0.3030869960784912
1100.0,0.3037239909172058
1105.0,0.3034510016441345
1110.0,0.30383801460266113
1115.0,0.3040589988231659
1120.0,0.3056110143661499
1125.0,0.30619698762893677
1130.0,0.3076789975166321
1135.0,0.3075050115585327
1140.0,0.30836498737335205
1145.0,0.30972400307655334
1150.0,0.31108200550079346
1155.0,0.3123129904270172
1160.0,0.3135330080986023
1165.0,0.3150399923324585
1170.0,0.31648799777030945
1175.0,0.3179689943790436
1180.0,0.31908100843429565
1185.0,0.3209950029850006
1190.0,0.3221049904823303
1195.0,0.32370200753211975
1200.0,0.32549700140953064
1205.0,0.3274030089378357
1210.0,0.32933899760246277
1215.0,0.3312529921531677
1220.0,0.33281099796295166
1225.0,0.3343510031700134
1230.0,0.33625200390815735
1235.0,0.33790498971939087
1240.0,0.3397200107574463
1245.0,0.3416750133037567
1250.0,0.34302398562431335
1255.0,0.3440060019493103
1260.0,0.34605199098587036
1265.0,0.34773701429367065
1270.0,0.3496829867362976
1275.0,0.35117200016975403
1280.0,0.3529770076274872
1285.0,0.35510900616645813
1290.0,0.3562619984149933
1295.0,0.35822799801826477
1300.0,0.360029011964798
1305.0,0.3620710074901581
1310.0,0.3632909953594208
1315.0,0.3659130036830902
1320.0,0.367341011762619
1325.0,0.3690760135650635
1330.0,0.37063899636268616
1335.0,0.37265801429748535
1340.0,0.37439200282096863
1345.0,0.3765619993209839
1350.0,0.3772970139980316
1355.0,0.37801799178123474
1360.0,0.37962400913238525
1365.0,0.380499005317688
1370.0,0.3820919990539551
1375.0,0.38345199823379517
1380.0,0.38471299409866333
1385.0,0.3790070116519928
1390.0,0.35827401280403137
1395.0,0.3662309944629669
1400.0,0.3788520097732544
1405.0,0.3834649920463562
1410.0,0.38419899344444275
1415.0,0.38645800948143005
1420.0,0.3892019987106323
1425.0,0.39015600085258484
1430.0,0.3907549977302551
1435.0,0.3909449875354767
1440.0,0.3930619955062866
1445.0,0.39390501379966736
1450.0,0.39589399099349976
1455.0,0.3993929922580719
1460.0,0.4006420075893402
1465.0,0.40262898802757263
1470.0,0.40502598881721497
1475.0,0.4058949947357178
1480.0,0.4080260097980499
1485.0,0.4096139967441559
1490.0,0.41004300117492676
1495.0,0.41221898794174194
1500.0,0.4130629897117615
1505.0,0.41288599371910095
1510.0,0.4139220118522644
1515.0,0.4157490134239197
1520.0,0.4166400134563446
1525.0,0.41729500889778137
1530.0,0.41815900802612305
1535.0,0.4193100035190582
1540.0,0.4200359880924225
1545.0,0.4217570126056671
1550.0,0.42288801074028015
1555.0,0.424235999584198
1560.0,0.4255799949169159
1565.0,0.4259600043296814
1570.0,0.4282839894294739
1575.0,0.42844700813293457
1580.0,0.4302949905395508
1585.0,0.43231400847435
1590.0,0.43331798911094666
1595.0,0.4341529905796051
1600.0,0.43652498722076416
1605.0,0.4371170103549957
1610.0,0.4385010004043579
1615.0,0.4393559992313385
1620.0,0.4404650032520294
1625.0,0.44143998622894287
1630.0,0.44304099678993225
1635.0,0.4438750147819519
1640.0,0.4455380141735077
1645.0,0.4466489851474762
1650.0,0.44749900698661804
1655.0,0.4491389989852905
1660.0,0.4500040113925934
1665.0,0.4513719975948334
1670.0,0.45189300179481506
1675.0,0.452800989151001
1680.0,0.45393800735473633
1685.0,0.4552780091762543
1690.0,0.4559769928455353
1695.0,0.45694300532341003
1700.0,0.46022099256515503
1705.0,0.45945098996162415
1710.0,0.46023499965667725
1715.0,0.46033400297164917
1720.0,0.4605650007724762
1725.0,0.4616659879684448
1730.0,0.46222400665283203
1735.0,0.4630550146102905
1740.0,0.4639520049095154
1745.0,0.464493989944458
1750.0,0.4649659991264343
1755.0,0.46525099873542786
1760.0,0.4660559892654419
1765.0,0.46529099345207214
1770.0,0.4665839970111847
1775.0,0.46718600392341614
1780.0,0.4670029878616333
1785.0,0.46764498949050903
1790.0,0.4687030017375946
1795.0,0.4694809913635254
1800.0,0.4698219895362854
1805.0,0.4694580137729645
1810.0,0.47049999237060547
1815.0,0.4713839888572693
1820.0,0.4712679982185364
1825.0,0.470319002866745
1830.0,0.4710119962692261
1835.0,0.47168099880218506
1840.0,0.47057801485061646
1845.0,0.4699389934539795
1850.0,0.47059398889541626
1855.0,0.4691329896450043
1860.0,0.4694939851760864
1865.0,0.4697760045528412
1870.0,0.47262001037597656
1875.0,0.46790799498558044
1880.0,0.4669960141181946
1885.0,0.46874499320983887
1890.0,0.47002100944519043
1895.0,0.4701539874076843
1900.0,0.4727950096130371
1905.0,0.47033798694610596
1910.0,0.4692859947681427
1915.0,0.4702349901199341
1920.0,0.4713659882545471
1925.0,0.4695039987564087
1930.0,0.470319002866745
1935.0,0.4702169895172119
1940.0,0.4699150025844574
1945.0,0.4695909917354584
1950.0,0.4684180021286011
1955.0,0.46750399470329285
1960.0,0.46734800934791565
1965.0,0.4675790071487427
1970.0,0.4667080044746399
1975.0,0.46611499786376953
1980.0,0.4645119905471802
1985.0,0.46457499265670776
1990.0,0.464819997549057
1995.0,0.46486398577690125
2000.0,0.46527600288391113
2005.0,0.465828001499176
2009.9999999999998,0.46770599484443665
2015.0000000000002,0.4690850079059601
2020.0,0.47126901149749756
2025.0,0.4727090001106262
2029.9999999999998,0.47433599829673767
2035.0000000000002,0.4773699939250946
2040.0,0.47891199588775635
2045.0,0.480307012796402
2050.0,0.4821690022945404
2055.0,0.4838379919528961
2060.0,0.48506999015808105
2065.0,0.48618000745773315
2070.0,0.4859830141067505
2075.0,0.4877240061759949
2080.0,0.488521009683609
2085.0,0.4887219965457916
2090.0,0.4891430139541626
2095.0,0.4890269935131073
2100.0,0.4879100024700165
2105.0,0.4868929982185364
2110.0,0.48625001311302185
2115.0,0.486613005399704
2120.0,0.4869909882545471
2125.0,0.4871099889278412
2130.0,0.48783499002456665
2135.0,0.487731009721756
2140.0,0.4883669912815094
2145.0,0.48855701088905334
2150.0,0.4885829985141754
2155.0,0.4887180030345917
2160.0,0.48809999227523804
2165.0,0.48763200640678406
2170.0,0.48721298575401306
2175.0,0.48718199133872986
2180.0,0.486517995595932
2185.0,0.48504701256752014
2190.0,0.48532500863075256
2195.0,0.48388299345970154
2200.0,0.4813089966773987
2205.0,0.47990700602531433
2210.0,0.47849398851394653
2215.0,0.47581300139427185
2220.0,0.47226500511169434
2225.0,0.46681299805641174
2230.0,0.45979800820350647
2235.0,0.44936200976371765
2240.0,0.43703898787498474
2245.0,0.42870500683784485
2250.0,0.42475399374961853
2255.0,0.4247089922428131
2260.0,0.4267820119857788
2265.0,0.4273659884929657
2270.0,0.4273900091648102
2275.0,0.4266600012779236
2280.0,0.4232949912548065
2285.0,0.41465499997138977
2290.0,0.40250301361083984
2295.0,0.3923729956150055
2300.0,0.38748499751091003
2305.0,0.3864530026912689
2310.0,0.3846229910850525
2315.0,0.37891799211502075
2320.0,0.371071994304657
2325.0,0.3666999936103821
2330.0,0.36445099115371704
2335.0,0.3652249872684479
2340.0,0.3686929941177368
2345.0,0.3737980127334595
2350.0,0.3799929916858673
2355.0,0.38599100708961487
2360.0,0.3925569951534271
2365.0,0.39950498938560486
2370.0,0.40610000491142273
2375.0,0.4113990068435669
2380.0,0.4135180115699768
2385.0,0.41274499893188477
2390.0,0.412773996591568
2395.0,0.4136910140514374
2400.0,0.41651099920272827
2405.0,0.4217259883880615
2410.0,0.42699798941612244
2415.0,0.4302060008049011
2420.0,0.4307680130004883
2425.0,0.4272339940071106
2430.0,0.4243229925632477
2435.0,0.4214929938316345
2440.0,0.41931799054145813
2445.0,0.4173620045185089
2450.0,0.4148859977722168
2455.0,0.4100019931793213
2460.0,0.4062249958515167
2465.0,0.40258800983428955
2470.0,0.4006989896297455
2475.0,0.3992280066013336
2480.0,0.3998520076274872
2485.0,0.4009009897708893
2490.0,0.4011960029602051
2495.0,0.4012869894504547
2500.0,0.4009239971637726
2505.0,0.40084654092788696
2510.0,0.40115827322006226
2515.0,0.40110188722610474
2520.0,0.4012952148914337
2525.0,0.4010028541088104
2530.0,0.40158021450042725
2531.32,0.40152299404144287
2532.55,0.4014880061149597
2533.7900000000004,0.40151599049568176
2535.0299999999997,0.40155699849128723
2536.27,0.40162399411201477
2537.51,0.40188899636268616
2538.75,0.401775985956192
2540.0,0.4016999900341034
2541.2400000000002,0.40163901448249817
2542.49,0.40181300044059753
2543.7400000000002,0.4017600119113922
2544.99,0.4019300043582916
2546.2400000000002,0.4020400047302246
2547.49,0.4017679989337921
2548.74,0.40133899450302124
2549.9900000000002,0.40119698643684387
2551.25,0.40088900923728943
2552.5,0.4009220004081726
2553.76,0.4007680118083954
2555.02,0.400750994682312
2556.28,0.4007590115070343
2557.54,0.40057501196861267
2558.8,0.40012800693511963
2560.07,0.39956700801849365
2561.33,0.39952000975608826
2562.6000000000004,0.3999539911746979
2563.86,0.40003201365470886
2565.13,0.4000970125198364
2566.3999999999996,0.3999350070953369
2567.67,0.3997730016708374
2568.9500000000003,0.3999730050563812
2570.22,0.39997801184654236
2571.5,0.39993199706077576
2572.77,0.400081992149353
2574.05,0.4001370072364807
2575.33,0.4006490111351013
2576.61,0.4009590148925781
2577.89,0.4009130001068115
2579.17,0.40078499913215637
2580.46,0.40136200189590454
2581.74,0.401762992143631
2583.0299999999997,0.4021399915218353
2584.31,0.4026690125465393
2585.6,0.4030669927597046
2586.89,0.403562992811203
2588.19,0.4040820002555847
2589.48,0.4045239984989166
2590.77,0.4048379957675934
2592.07,0.40522199869155884
2593.36,0.4058229923248291
2594.6600000000003,0.406266987323761
2595.96,0.40651899576187134
2597.2599999999998,0.40672001242637634
2598.56,0.40713798999786377
2599.8700000000003,0.40752100944519043
2601.17,0.4081070125102997
2602.48,0.4086270034313202
2603.78,0.4090529978275299
2605.09,0.4094099998474121
2606.3999999999996,0.4099850058555603
2607.71,0.41039401292800903
2609.03,0.41075599193573
2610.3399999999997,0.4112899899482727
2611.6600000000003,0.41200000047683716
2612.97,0.4124239981174469
2614.29,0.41298800706863403
2615.61,0.4133729934692383
2616.93,0.4134959876537323
2618.25,0.4135099947452545
2619.57,0.41416698694229126
2620.8999999999996,0.4145730137825012
2622.22,0.41467300057411194
2623.5499999999997,0.4151740074157715
2624.88,0.4156140089035034
2626.21,0.41560599207878113
2627.5400000000004,0.41533100605010986
2628.87,0.41536301374435425
2630.21,0.4157769978046417
2631.5400000000004,0.4159179925918579
2632.88,0.4159789979457855
2634.21,0.4160880148410797
2635.5499999999997,0.415816992521286
2636.8900000000003,0.4157960116863251
2638.2400000000002,0.4156869947910309
2639.58,0.41536200046539307
2640.92,0.4151250123977661
2642.27,0.4147849977016449
2643.62,0.4145129919052124
2644.97,0.41415300965309143
2646.3199999999997,0.4143329858779907
2647.67,0.4140799939632416
2649.02,0.4136259853839874
2650.38,0.41300201416015625
2651.73,0.41272300481796265
2653.09,0.4124700129032135
2654.4500000000003,0.41202598810195923
2655.81,0.41165998578071594
2657.1699999999996,0.4114539921283722
2658.5299999999997,0.4109269976615906
2659.89,0.41044700145721436
2661.2599999999998,0.4100610017776489
2662.63,0.40964800119400024
2664.0,0.40916499495506287
2665.36,0.40832099318504333
2666.74,0.407258003950119
2668.11,0.40654298663139343
2669.48,0.40564998984336853
2670.8599999999997,0.4045200049877167
2672.23,0.4029639959335327
2673.61,0.4014759957790375
2674.9900000000002,0.39944198727607727
2676.37,0.3976820111274719
2677.76,0.39535900950431824
2679.14,0.39275699853897095
2680.52,0.39049801230430603
2681.91,0.38801100850105286
2683.3,0.38530001044273376
2684.6899999999996,0.38203200697898865
2686.08,0.3788459897041321
2687.47,0.37584900856018066
2688.87,0.37244799733161926
2690.2599999999998,0.36876899003982544
2691.6600000000003,0.36452099680900574
2693.06,0.36027300357818604
2694.46,0.35575100779533386
2695.86,0.3508470058441162
2697.26,0.34502100944519043
2698.66,0.33904701471328735
2700.07,0.33279499411582947
2701.48,0.32590100169181824
2702.89,0.3174610137939453
2704.2999999999997,0.3066200017929077
2705.71,0.29105499386787415
2707.1200000000003,0.26912298798561096
2708.53,0.24214200675487518
2709.9500000000003,0.2138489931821823
2711.37,0.18813200294971466
2712.79,0.1676120012998581
2714.21,0.15306299924850464
2715.63,0.14384600520133972
2717.05,0.13819800317287445
2718.48,0.13461799919605255
2719.9,0.13215899467468262
2721.33,0.1307850033044815
2722.76,0.12996600568294525
2724.19,0.1296830028295517
2725.6200000000003,0.12966899573802948
2727.06,0.1296290010213852
2728.49,0.12921999394893646
2729.93,0.12858499586582184
2731.37,0.12766000628471375
2732.8100000000004,0.12643900513648987
2734.25,0.12493100017309189
2735.69,0.12342499941587448
2737.1400000000003,0.12204799801111221
2738.58,0.12048400193452835
2740.0299999999997,0.1187169998884201
2741.48,0.11703599989414215
2742.93,0.11529900133609772
2744.38,0.11368899792432785
2745.8300000000004,0.11189199984073639
2747.29,0.10990200191736221
2748.75,0.10814400017261505
2750.2,0.10628999769687653
2751.6600000000003,0.10445500165224075
2753.13,0.10263799875974655
2754.5899999999997,0.10092899948358536
2756.05,0.09942799806594849
2757.52,0.09781400114297867
2758.99,0.09636499732732773
2760.46,0.09494300186634064
2761.93,0.09366100281476974
2763.3999999999996,0.09217099845409393
2764.8700000000003,0.09059999883174896
2766.35,0.08919399976730347
2767.82,0.08773399889469147
2769.2999999999997,0.08607300370931625
2770.7799999999997,0.08432599902153015
2772.26,0.08271200209856033
2773.75,0.08110299706459045
2775.23,0.0795150026679039
2776.7200000000003,0.07794699817895889
2778.21,0.0762220025062561
2779.7000000000003,0.07468599826097488
2781.19,0.07340099662542343
2782.68,0.07207600027322769
2784.1800000000003,0.07079499959945679
2785.67,0.06973099708557129
2787.17,0.06908699870109558
2788.67,0.06833100318908691
2790.1699999999996,0.06755200028419495
2791.67,0.06700900197029114
2793.18,0.06640499830245972
2794.68,0.06602200120687485
2796.19,0.065699003636837
2797.7,0.06548299640417099
2799.21,0.06516700237989426
2800.7200000000003,0.06511499732732773
2802.24,0.06521300226449966
2803.75,0.0652180016040802
2805.27,0.06508699804544449
2806.79,0.06501899659633636
2808.31,0.06521700322628021
2809.83,0.06554500013589859
2811.35,0.06597399711608887
2812.8799999999997,0.06622499972581863
2814.41,0.06636399775743484
2815.93,0.0668020024895668
2817.46,0.06722500175237656
2819.0,0.06774699687957764
2820.53,0.06832599639892578
2822.07,0.06879399716854095
2823.6,0.06945700198411942
2825.1400000000003,0.07013099640607834
2826.6800000000003,0.07064499706029892
2828.22,0.07127100229263306
2829.77,0.07195600122213364
2831.3100000000004,0.07273799926042557
2832.86,0.07340099662542343
2834.4100000000003,0.07401300221681595
2835.96,0.07454899698495865
2837.5099999999998,0.07505399733781815
2839.07,0.07552599906921387
2840.62,0.07628100365400314
2842.18,0.07702399790287018
2843.74,0.07749000191688538
2845.2999999999997,0.0779080018401146
2846.86,0.07852300256490707
2848.43,0.0789479985833168
2849.9900000000002,0.07945600152015686
2851.56,0.0799729973077774
2853.13,0.08032199740409851
2854.7,0.08057499676942825
2856.27,0.08075200021266937
2857.85,0.08073999732732773
2859.42,0.08088500052690506
2861.0,0.08105900138616562
2862.58,0.0811309963464737
2864.16,0.08136899769306183
2865.75,0.08157499879598618
2867.33,0.08147100359201431
2868.92,0.08122999966144562
2870.5099999999998,0.08111699670553207
2872.1,0.08099699765443802
2873.69,0.08070199936628342
2875.28,0.0803930014371872
2876.88,0.08020699769258499
2878.48,0.07986199855804443
2880.0699999999997,0.07944200187921524
2881.68,0.0790880024433136
2883.28,0.07865899801254272
2884.88,0.07829900085926056
2886.49,0.07776500284671783
2888.1,0.07712999731302261
2889.71,0.07660900056362152
2891.3199999999997,0.07614599913358688
2892.93,0.0756869986653328
2894.55,0.07499899715185165
2896.16,0.07471399754285812
2897.78,0.07455699890851974
2899.4,0.07414600253105164
2901.03,0.07377000153064728
2902.65,0.07343500107526779
2904.2799999999997,0.07305300235748291
2905.91,0.07263500243425369
2907.54,0.07249899953603745
2909.17,0.07246299833059311
2910.8,0.07241900265216827
2912.44,0.07235399633646011
2914.07,0.07219500094652176
2915.7099999999996,0.07209700345993042
2917.35,0.07208099961280823
2918.99,0.07219099998474121
2920.6400000000003,0.07230299711227417
2922.29,0.07251399755477905
2923.93,0.07267799973487854
2925.58,0.07280100136995316
2927.24,0.0730310007929802
2928.89,0.07338300347328186
2930.55,0.07394400238990784
2932.2,0.07434400171041489
2933.86,0.0746849998831749
2935.52,0.07503099739551544
2937.19,0.07543399930000305
2938.85,0.07610999792814255
2940.52,0.07673700153827667
2942.19,0.07733000069856644
2943.86,0.07786999642848969
2945.53,0.078404001891613
2947.21,0.07884400337934494
2948.88,0.07920899987220764
2950.56,0.07989399880170822
2952.2400000000002,0.08058799803256989
2953.92,0.08122699707746506
2955.61,0.08179599791765213
2957.29,0.08246699720621109
2958.98,0.08327200263738632
2960.67,0.0840120017528534
2962.3599999999997,0.08462599664926529
2964.06,0.08517400175333023
2965.75,0.08585400134325027
2967.45,0.08665499836206436
2969.15,0.08750499784946442
2970.85,0.08820900321006775
2972.55,0.08891300112009048
2974.26,0.08971299976110458
2975.97,0.0905039981007576
2977.68,0.09144899994134903
2979.39,0.09219300001859665
2981.1,0.09279700368642807
2982.8199999999997,0.09353899955749512
2984.5299999999997,0.09453000128269196
2986.25,0.09563899785280228
2987.97,0.09660299867391586
2989.7,0.09757699817419052
2991.42,0.09875199943780899
2993.15,0.0997999981045723
2994.88,0.10078100115060806
2996.61,0.10191299766302109
2998.3399999999997,0.10304900258779526
3000.08,0.10426600277423859
3001.8199999999997,0.10546399652957916
3003.55,0.10667599737644196
3005.3,0.10793399810791016
3007.04,0.10926999896764755
3008.7799999999997,0.11054100096225739
3010.53,0.11171799898147583
3012.28,0.11311600357294083
3014.03,0.11450999975204468
3015.79,0.11581200361251831
3017.54,0.11717599630355835
3019.2999999999997,0.11848299950361252
3021.06,0.11977700144052505
3022.8199999999997,0.12116599828004837
3024.58,0.12248200178146362
3026.35,0.12362799793481827
3028.12,0.12506000697612762
3029.89,0.12664400041103363
3031.66,0.12810100615024567
3033.4300000000003,0.12933200597763062
3035.21,0.13060800731182098
3036.99,0.1320739984512329
3038.77,0.13335900008678436
3040.55,0.13483700156211853
3042.3300000000004,0.1362909972667694
3044.12,0.1376349925994873
3045.9100000000003,0.13902899622917175
3047.7,0.14040899276733398
3049.4900000000002,0.14179299771785736
3051.29,0.14323300123214722
3053.08,0.1447010040283203
3054.8799999999997,0.1462790071964264
3056.6800000000003,0.14763399958610535
3058.49,0.14888300001621246
3060.29,0.15049999952316284
3062.1,0.1521030068397522
3063.91,0.15373800694942474
3065.72,0.15536099672317505
3067.54,0.156809002161026
3069.35,0.15826399624347687
3071.17,0.15992599725723267
3072.99,0.16169600188732147
3074.81,0.16326700150966644
3076.64,0.16483500599861145
3078.47,0.16652600467205048
3080.2900000000004,0.16813300549983978
3082.1299999999997,0.16971099376678467
3083.96,0.17142799496650696
3085.79,0.17319199442863464
3087.6299999999997,0.17472800612449646
3089.47,0.17631399631500244
3091.31,0.17791800200939178
3093.1600000000003,0.1794780045747757
3095.0099999999998,0.18123400211334229
3096.85,0.1829490065574646
3098.71,0.18462499976158142
3100.5600000000004,0.18620499968528748
3102.41,0.18786300718784332
3104.27,0.18960300087928772
3106.1299999999997,0.19115899503231049
3107.9900000000002,0.19276200234889984
3109.8599999999997,0.19442400336265564
3111.73,0.19591699540615082
3113.5899999999997,0.1974020004272461
3115.4700000000003,0.19889000058174133
3117.34,0.20040099322795868
3119.21,0.2019439935684204
3121.09,0.20345500111579895
3122.97,0.2049809992313385
3124.86,0.20654399693012238
3126.74,0.2080329954624176
3128.6299999999997,0.209430992603302
3130.52,0.21087199449539185
3132.4100000000003,0.21222800016403198
3134.3,0.21360599994659424
3136.2000000000003,0.21512700617313385
3138.1,0.2165919989347458
3140.0,0.21797999739646912
3141.9,0.21943500638008118
3143.8100000000004,0.22083500027656555
3145.7099999999996,0.22221699357032776
3147.62,0.22366400063037872
3149.54,0.22509999573230743
3151.4500000000003,0.2265940010547638
3153.37,0.22810299694538116
3155.29,0.22951500117778778
3157.21,0.23089300096035004
3159.13,0.23231999576091766
3161.06,0.2338320016860962
3162.9900000000002,0.23538300395011902
3164.92,0.23689499497413635
3166.8500000000004,0.2383520007133484
3168.79,0.2398809939622879
3170.7200000000003,0.24123500287532806
3172.67,0.24251799285411835
3174.61,0.24399800598621368
3176.55,0.24553899466991425
3178.5,0.2470259964466095
3180.45,0.2484389990568161
3182.4,0.2498379945755005
3184.3599999999997,0.2511729896068573
3186.3199999999997,0.2525709867477417
3188.27,0.2540929913520813
3190.2400000000002,0.25551098585128784
3192.2000000000003,0.25697100162506104
3194.17,0.2582870125770569
3196.1400000000003,0.2594510018825531
3198.1099999999997,0.26072201132774353
3200.08,0.2621670067310333
3202.06,0.26350200176239014
3204.04,0.2647550106048584
3206.02,0.26580798625946045
3208.0,0.26700401306152344
3209.99,0.2682580053806305
3211.98,0.2694379985332489
3213.9700000000003,0.27073898911476135
3215.96,0.2719169855117798
3217.96,0.2729249894618988
3219.96,0.2740519940853119
3221.96,0.2753809988498688
3223.96,0.27643200755119324
3225.97,0.2773360013961792
3227.98,0.27828601002693176
3229.99,0.27932101488113403
3232.0,0.28022900223731995
3234.02,0.28113099932670593
3236.04,0.28213000297546387
3238.06,0.28301098942756653
3240.08,0.2837899923324585
3242.1099999999997,0.28453001379966736
3244.14,0.2852100133895874
3246.17,0.2860200107097626
3248.2000000000003,0.2866860032081604
3250.24,0.28738099336624146
3252.2799999999997,0.28830599784851074
3254.3199999999997,0.2891390025615692
3256.37,0.28972798585891724
3258.41,0.2903749942779541
3260.46,0.2909480035305023
3262.5099999999998,0.2916660010814667
3264.57,0.2922540009021759
3266.63,0.292807012796402
3268.69,0.2935740053653717
3270.75,0.2942200005054474
3272.8100000000004,0.2947799861431122
3274.88,0.29547199606895447
3276.95,0.2960920035839081
3279.02,0.29673200845718384
3281.1,0.29743799567222595
3283.1800000000003,0.29826900362968445
3285.26,0.2990320026874542
3287.34,0.2997229993343353
3289.43,0.3004530072212219
3291.51,0.30139198899269104
3293.61,0.30237600207328796
3295.7000000000003,0.3032340109348297
3297.8,0.3040730059146881
3299.9,0.304872989654541
3302.0,0.3056600093841553
3304.1,0.3065739870071411
3306.21,0.30743300914764404
3308.32,0.30800700187683105
3310.4300000000003,0.30867698788642883
3312.5499999999997,0.3092629909515381
3314.66,0.3099139928817749
3316.79,0.31042999029159546
3318.91,0.31088700890541077
3321.0299999999997,0.3115369975566864
3323.1600000000003,0.31216099858283997
3325.29,0.31284400820732117
3327.4300000000003,0.313416987657547
3329.5699999999997,0.313975989818573
3331.71,0.31453800201416016
3333.85,0.31512099504470825
3335.99,0.31574299931526184
3338.1400000000003,0.3162750005722046
3340.29,0.31687799096107483
3342.45,0.31740400195121765
3344.6,0.31806299090385437
3346.76,0.31894201040267944
3348.92,0.31978800892829895
3351.09,0.3205829858779907
3353.26,0.3212119936943054
3355.4300000000003,0.32188600301742554
3357.6000000000004,0.3225730061531067
3359.78,0.32322099804878235
3361.96,0.3239389955997467
3364.14,0.32456299662590027
3366.32,0.32526499032974243
3368.51,0.32604900002479553
3370.7,0.32662200927734375
3372.89,0.327210009098053
3375.09,0.3278360068798065
3377.29,0.3283889889717102
3379.4900000000002,0.3290019929409027
3381.69,0.3297770023345947
3383.9,0.3303380012512207
3386.11,0.3309600055217743
3388.32,0.3316429853439331
3390.54,0.33236798644065857
3392.76,0.332956999540329
3394.98,0.3335469961166382
3397.21,0.33413299918174744
3399.4300000000003,0.33472099900245667
3401.6600000000003,0.3352839946746826
3403.9,0.33575400710105896
3406.13,0.3361780047416687
3408.3700000000003,0.33656901121139526
3410.61,0.3371469974517822
3412.8599999999997,0.3375549912452698
3415.1099999999997,0.33802300691604614
3417.36,0.3386560082435608
3419.61,0.3394010066986084
3421.8700000000003,0.34018900990486145
3424.13,0.3410220146179199
3426.39,0.3417760133743286
3428.66,0.3424380123615265
3430.93,0.3432939946651459
3433.2,0.34401899576187134
3435.48,0.34467199444770813
3437.7599999999998,0.3453949987888336
3440.0400000000004,0.346017986536026
3442.32,0.34664100408554077
3444.61,0.34738099575042725
3446.8999999999996,0.3479740023612976
3449.19,0.3485029935836792
3451.4900000000002,0.3491069972515106
3453.79,0.3496690094470978
3456.09,0.3502349853515625
3458.4,0.3507550060749054
3460.7000000000003,0.35120800137519836
3463.0200000000004,0.3517509996891022
3465.33,0.3523460030555725
3467.65,0.3528299927711487
3469.97,0.35326001048088074
3472.29,0.3536889851093292
3474.62,0.35408198833465576
3476.95,0.3544960021972656
3479.2900000000004,0.3548009991645813
3481.62,0.35508599877357483
3483.96,0.35553500056266785
3486.3,0.35609298944473267
3488.6499999999996,0.35663801431655884
3491.0,0.3571060001850128
3493.35,0.3575519919395447
3495.71,0.35808300971984863
3498.0699999999997,0.35865798592567444
3500.4300000000003,0.3593289852142334
3502.79,0.3601369857788086
3505.16,0.36087000370025635
3507.53,0.36161500215530396
3509.9100000000003,0.36249399185180664
3512.29,0.36324599385261536
3514.67,0.3638109862804413
3517.0499999999997,0.3644309937953949
3519.44,0.36524298787117004
3521.83,0.36583900451660156
3524.23,0.3665049970149994
3526.62,0.36736100912094116
3529.02,0.3681899905204773
3531.43,0.3688569962978363
3533.83,0.36953499913215637
3536.24,0.3702149987220764
3538.6600000000003,0.37088000774383545
3541.08,0.37152600288391113
3543.5,0.37219101190567017
3545.92,0.37281399965286255
3548.35,0.3734000027179718
3550.78,0.3739030063152313
3553.21,0.3744699954986572
3555.65,0.37514299154281616
3558.09,0.37566500902175903
3560.5299999999997,0.37615299224853516
3562.98,0.3767020106315613
3565.4300000000003,0.3772580027580261
3567.88,0.3776000142097473
3570.3399999999997,0.3780190050601959
3572.8,0.37846100330352783
3575.27,0.3787649869918823
3577.73,0.3790949881076813
3580.2000000000003,0.37956100702285767
3582.68,0.38006898760795593
3585.1600000000003,0.3805660009384155
3587.64,0.38102900981903076
3590.1200000000003,0.381754994392395
3592.61,0.38242098689079285
3595.1,0.38301700353622437
3597.6,0.38360899686813354
3600.0899999999997,0.38415300846099854
3602.6,0.3845910131931305
3605.1000000000004,0.38515499234199524
3607.61,0.38578900694847107
3610.1200000000003,0.38635799288749695
3612.64,0.38686901330947876
3615.16,0.38735899329185486
3617.68,0.38781100511550903
3620.21,0.3881770074367523
3622.74,0.3885990083217621
3625.27,0.38912901282310486
3627.8100000000004,0.3895849883556366
3630.35,0.3899100124835968
3632.8900000000003,0.3903160095214844
3635.44,0.3907029926776886
3637.99,0.3911080062389374
3640.54,0.3914409875869751
3643.1,0.39187300205230713
3645.66,0.39216500520706177
3648.23,0.39239901304244995
3650.7999999999997,0.39270898699760437
3653.37,0.3930180072784424
3655.95,0.39340800046920776
3658.5299999999997,0.39375799894332886
3661.1099999999997,0.394010990858078
3663.7,0.39424699544906616
3666.29,0.3945859968662262
3668.8900000000003,0.3948720097541809
3671.48,0.3950589895248413
3674.09,0.3953309953212738
3676.6899999999996,0.3956350088119507
3679.3,0.39574098587036133
3681.91,0.3958570063114166
3684.53,0.3960840106010437
3687.15,0.3962329924106598
3689.7799999999997,0.39635899662971497
3692.4,0.3966769874095917
3695.04,0.39703699946403503
3697.67,0.39732399582862854
3700.31,0.3975769877433777
3702.95,0.3977870047092438
3705.6,0.39796799421310425
3708.25,0.39812400937080383
3710.9100000000003,0.39832401275634766
3713.5600000000004,0.3985140025615692
3716.23,0.3986389935016632
3718.89,0.39882901310920715
3721.5600000000004,0.3990649878978729
3724.23,0.3992120027542114
3726.9100000000003,0.39952799677848816
3729.59,0.3998180031776428
3732.2799999999997,0.40001100301742554
3734.9700000000003,0.4002059996128082
3737.66,0.4004350006580353
3740.36,0.40061700344085693
3743.06,0.40088000893592834
3745.76,0.40109899640083313
3748.4700000000003,0.4013020098209381
3751.1800000000003,0.40148600935935974
3753.8999999999996,0.4017829895019531
3756.62,0.4019399881362915
3759.3399999999997,0.4020119905471802
3762.07,0.4021979868412018
3764.8,0.40244001150131226
3767.54,0.40268200635910034
3770.28,0.4028190076351166
3773.02,0.4029650092124939
3775.77,0.40314099192619324
3778.52,0.40323999524116516
3781.28,0.4033930003643036
3784.04,0.40351998805999756
3786.7999999999997,0.4036409854888916
3789.5699999999997,0.40380799770355225
3792.3399999999997,0.4039910137653351
3795.12,0.4041590094566345
3797.8999999999996,0.4042949974536896
3800.69,0.40437498688697815
3803.47,0.4044620096683502
3806.27,0.40466898679733276
3809.06,0.4049980044364929
3811.8599999999997,0.4051530063152313
3814.67,0.40535101294517517
3817.48,0.40559300780296326
3820.29,0.4058479964733124
3823.1099999999997,0.40602201223373413
3825.93,0.406235009431839
3828.7599999999998,0.40644800662994385
3831.5899999999997,0.4067080020904541
3834.42,0.40685001015663147
3837.26,0.4071280062198639
3840.1,0.40748101472854614
3842.9500000000003,0.4077570140361786
3845.8,0.4079050123691559
3848.65,0.4081049859523773
3851.51,0.4082840085029602
3854.38,0.40852901339530945
3857.24,0.40872400999069214
3860.1200000000003,0.4088610112667084
3862.99,0.4089840054512024
3865.8700000000003,0.40923699736595154
3868.7599999999998,0.4093959927558899
3871.6499999999996,0.409525990486145
3874.54,0.40971800684928894
3877.44,0.40994301438331604
3880.3399999999997,0.410086989402771
3883.25,0.41020798683166504
3886.16,0.410286009311676
3889.0699999999997,0.4104219973087311
3891.99,0.4104889929294586
3894.92,0.41057100892066956
3897.85,0.4107150137424469
3900.78,0.41075998544692993
3903.72,0.4108220040798187
3906.66,0.4110049903392792
3909.6000000000004,0.4111480116844177
3912.55,0.4111829996109009
3915.5099999999998,0.41116198897361755
3918.4700000000003,0.41112399101257324
3921.43,0.41107600927352905
3924.4,0.4111349880695343
3927.3799999999997,0.41117700934410095
3930.35,0.4111579954624176
3933.3300000000004,0.4111410081386566
3936.3199999999997,0.41110798716545105
3939.31,0.4112190008163452
3942.31,0.41121599078178406
3945.31,0.4112730026245117
3948.3100000000004,0.411312997341156
3951.32,0.41129401326179504
3954.34,0.41132500767707825
3957.35,0.41136398911476135
3960.3799999999997,0.41137999296188354
3963.4100000000003,0.4114159941673279
3966.44,0.4114519953727722
3969.48,0.41147899627685547
3972.52,0.4115009903907776
3975.5600000000004,0.4115009903907776
3978.61,0.4114510118961334
3981.6699999999996,0.41140300035476685
3984.73,0.41154900193214417
3987.8,0.4115090072154999
3990.8700000000003,0.4115009903907776
3993.9399999999996,0.4115470051765442
3997.02,0.41157498955726624
4000.1,0.41159799695014954
4003.19,0.4116100072860718
4006.29,0.4115599989891052
4009.39,0.4115400016307831
4012.49,0.4115520119667053
4015.6,0.41162601113319397
4018.7099999999996,0.4115999937057495
4021.8299999999995,0.41157299280166626
4024.9499999999994,0.41154900193214417
4028.08,0.4115220010280609
4031.2099999999996,0.4114919900894165
4034.35,0.4115320146083832
4037.4900000000002,0.41146600246429443
4040.64,0.411516010761261
4043.7900000000004,0.41148099303245544
4046.94,0.4113749861717224
4050.11,0.41137099266052246
4053.2700000000004,0.4113200008869171
4056.44,0.4112440049648285
4059.62,0.41115400195121765
4062.8,0.41111600399017334
4065.9900000000002,0.41106998920440674
4069.1800000000003,0.41096699237823486
4072.38,0.4108569920063019
4075.5800000000004,0.41078001260757446
4078.78,0.41071200370788574
4082.0,0.4106050133705139
4085.21,0.41047999262809753
4088.43,0.4103110134601593
4091.66,0.41016700863838196
4094.8900000000003,0.4101400077342987
4098.13,0.4100629985332489
4101.37,0.4099160134792328
4104.62,0.40979400277137756
4107.87,0.4096280038356781
4111.13,0.4095360040664673
4114.39,0.40944498777389526
4117.66,0.40930798649787903
4120.93,0.40918299555778503
4124.21,0.40911298990249634
4127.5,0.40896499156951904
4130.79,0.40880700945854187
4134.08,0.4086500108242035
4137.38,0.408502995967865
4140.679999999999,0.4083009958267212
4143.99,0.40825000405311584
4147.31,0.40818700194358826
4150.629999999999,0.408051997423172
4153.95,0.4078789949417114
4157.29,0.4077959954738617
4160.62,0.40765899419784546
4163.96,0.40749499201774597
4167.3099999999995,0.40733298659324646
4170.66,0.4071280062198639
4174.0199999999995,0.4069710075855255
4177.39,0.4068320095539093
4180.75,0.4067310094833374
4184.13,0.40664300322532654
4187.509999999999,0.40640100836753845
4190.889999999999,0.40626201033592224
4194.28,0.40617498755455017
4197.68,0.40606600046157837
4201.08,0.4059560000896454
4204.49,0.40592101216316223
4207.900000000001,0.40575501322746277
4211.32,0.40575098991394043
4214.74,0.40584099292755127
4218.17,0.4059099853038788
4221.61,0.40587401390075684
4225.05,0.40583598613739014
4228.5,0.4058539867401123
4231.950000000001,0.40579700469970703
4235.400000000001,0.40566399693489075
4238.870000000001,0.40550100803375244
4242.34,0.4052850008010864
4245.8099999999995,0.4049629867076874
4249.29,0.4043700098991394
4252.78,0.4038200080394745
4256.2699999999995,0.4033550024032593
4259.7699999999995,0.40313398838043213
4263.27,0.4031980037689209
4266.78,0.4032829999923706
4270.29,0.40324699878692627
4273.81,0.4031130075454712
4277.34,0.4029479920864105
4280.87,0.40275898575782776
4284.41,0.4025759994983673
4287.950000000001,0.40241101384162903
4291.5,0.40214401483535767
4295.06,0.40192198753356934
4298.62,0.4016599953174591
4302.1900000000005,0.4013040065765381
4305.76,0.40106201171875
4309.34,0.4009230136871338
4312.92,0.4005720019340515
4316.5199999999995,0.4001609981060028
4320.11,0.3998839855194092
4323.719999999999,0.39969998598098755
4327.320000000001,0.39942100644111633
4330.94,0.39914000034332275
4334.5599999999995,0.39885199069976807
4338.19,0.3986159861087799
4341.820000000001,0.3983229994773865
4345.46,0.39809298515319824
4349.11,0.39787399768829346
4352.76,0.39768001437187195
4356.42,0.39745399355888367
4360.08,0.39719098806381226
4363.75,0.3970099985599518
4367.429999999999,0.3968150019645691
4371.11,0.39652401208877563
4374.799999999999,0.3962840139865875
4378.49,0.3959929943084717
4382.19,0.39576399326324463
4385.900000000001,0.3954949975013733
4389.610000000001,0.39531001448631287
4393.33,0.3950119912624359
4397.0599999999995,0.3947649896144867
4400.79,0.39454299211502075
4404.530000000001,0.39426299929618835
4408.280000000001,0.3940050005912781
4412.03,0.3937079906463623
4415.79,0.3934360146522522
4419.55,0.3931570053100586
4423.320000000001,0.39284399151802063
4427.1,0.39262500405311584
4430.88,0.39229100942611694
4434.68,0.39196398854255676
4438.469999999999,0.39164599776268005
4442.280000000001,0.39128199219703674
4446.08,0.39091500639915466
4449.900000000001,0.3906309902667999
4453.719999999999,0.39034101366996765
4457.55,0.38999998569488525
4461.389999999999,0.38960298895835876
4465.2300000000005,0.3892199993133545
4469.08,0.3888480067253113
4472.9400000000005,0.38844698667526245
4476.8,0.3880630135536194
4480.67,0.38761499524116516
4484.549999999999,0.387129008769989
4488.43,0.38669899106025696
4492.320000000001,0.3862699866294861
4496.21,0.38583898544311523
4500.12,0.38534000515937805
4504.030000000001,0.3848620057106018
4507.94,0.38444799184799194
4511.87,0.3839789927005768
4515.799999999999,0.38339701294898987
4519.7300000000005,0.38289201259613037
4523.679999999999,0.3822999894618988
4527.63,0.3817239999771118
4531.589999999999,0.38111698627471924
4535.55,0.38048800826072693
4539.52,0.37987300753593445
4543.5,0.3792259991168976
4547.49,0.37859100103378296
4551.48,0.377934992313385
4555.4800000000005,0.3771530091762543
4559.490000000001,0.37626200914382935
4563.5,0.37528398633003235
4567.52,0.3742859959602356
4571.55,0.3732469975948334
4575.580000000001,0.37220799922943115
4579.63,0.3709770143032074
4583.67,0.3696739971637726
4587.73,0.3683069944381714
4591.79,0.3668780028820038
4595.86,0.3654730021953583
4599.9400000000005,0.3641749918460846
4604.03,0.3628619909286499
4608.120000000001,0.36153799295425415
4612.219999999999,0.3602609932422638
4616.33,0.3591119945049286
4620.4400000000005,0.35803401470184326
4624.5599999999995,0.3570919930934906
4628.69,0.3562000095844269
4632.83,0.35534998774528503
4636.97,0.35448500514030457
4641.12,0.35359999537467957
4645.28,0.3526740074157715
4649.45,0.35173100233078003
4653.62,0.35065698623657227
4657.8,0.3496040105819702
4661.990000000001,0.3483569920063019
4666.1900000000005,0.3470900058746338
4670.39,0.3458290100097656
4674.599999999999,0.3444719910621643
4678.82,0.3430370092391968
4683.049999999999,0.34162598848342896
4687.280000000001,0.340254008769989
4691.5199999999995,0.3388580083847046
4695.77,0.3373729884624481
4700.03,0.33590999245643616
4704.3,0.33438798785209656
4708.57,0.33298900723457336
4712.85,0.33155301213264465
4717.139999999999,0.3301140069961548
4721.429999999999,0.32869699597358704
4725.74,0.32735899090766907
4730.05,0.3259490132331848
4734.37,0.3245779871940613
4738.7,0.3231709897518158
4743.03,0.3218129873275757
4747.38,0.320497989654541
4751.7300000000005,0.3192020058631897
4756.09,0.3179109990596771
4760.45,0.3167310059070587
4764.83,0.3155680000782013
4769.21,0.3144359886646271
4773.6,0.3133380115032196
4778.0,0.3123210072517395
4782.41,0.3113369941711426
4786.83,0.3103579878807068
4791.25,0.30937299132347107
4795.68,0.3084869980812073
4800.13,0.30755001306533813
4804.57,0.3065980076789856
4809.03,0.30559301376342773
4813.5,0.3046259880065918
4817.97,0.30363398790359497
4822.45,0.3026350140571594
4826.94,0.301596999168396
4831.44,0.3005709946155548
4835.950000000001,0.2994750142097473
4840.46,0.2983730137348175
4844.99,0.29728201031684875
4849.52,0.29614800214767456
4854.0599999999995,0.29497700929641724
4858.61,0.2938610017299652
4863.17,0.29272401332855225
4867.73,0.2915630042552948
4872.3099999999995,0.2903890013694763
4876.89,0.28916099667549133
4881.48,0.28794100880622864
4886.08,0.2867250144481659
4890.6900000000005,0.28548699617385864
4895.31,0.28423601388931274
4899.94,0.2829580008983612
4904.57,0.2816529870033264
4909.22,0.28032898902893066
4913.87,0.2790589928627014
4918.53,0.27777600288391113
4923.21,0.2764500081539154
4927.88,0.27511298656463623
4932.57,0.27380800247192383
4937.2699999999995,0.2724680006504059
4941.9800000000005,0.2711769938468933
4946.6900000000005,0.2699449956417084
4951.42,0.2687720060348511
4956.15,0.26754799485206604
4960.9,0.2664650082588196
4965.650000000001,0.2653990089893341
4970.41,0.2643899917602539
4975.18,0.263482004404068
4979.96,0.262704998254776
4984.75,0.2619599997997284
4989.54,0.2612999975681305
4994.349999999999,0.2607330083847046
4999.17,0.2602649927139282
5003.99,0.259768009185791
5008.83,0.259429007768631
5013.67,0.2591719925403595
5018.5199999999995,0.25895899534225464
5023.39,0.2588469982147217
5028.26,0.2587459981441498
5033.14,0.2586219906806946
5038.03,0.2585729956626892
5042.93,0.25853100419044495
5047.84,0.25855401158332825
5052.76,0.25859299302101135
5057.69,0.2586809992790222
5062.63,0.2586919963359833
5067.580000000001,0.2586689889431
5072.54,0.25870800018310547
5077.51,0.2587999999523163
5082.49,0.25880300998687744
5087.469999999999,0.2587519884109497
5092.469999999999,0.2587429881095886
5097.48,0.2588120102882385
5102.5,0.2588379979133606
5107.52,0.25884300470352173
5112.56,0.2587929964065552
5117.61,0.2588219940662384
5122.66,0.2587999999523163
5127.73,0.2587659955024719
5132.81,0.2586730122566223
5137.889999999999,0.2586050033569336
5142.99,0.2585349977016449
5148.1,0.25846201181411743
5153.22,0.2583410143852234
5158.34,0.25823700428009033
5163.48,0.25807899236679077
5168.63,0.2579360008239746
5173.79,0.25779399275779724
5178.96,0.25765401124954224
5184.13,0.25745201110839844
5189.320000000001,0.2572900056838989
5194.5199999999995,0.25707900524139404
5199.73,0.2568640112876892
5204.96,0.25659599900245667
5210.19,0.2563140094280243
5215.429999999999,0.2560330033302307
5220.679999999999,0.25572699308395386
5225.94,0.2554819881916046
5231.22,0.2552259862422943
5236.5,0.2548620104789734
5241.79,0.25446999073028564
5247.099999999999,0.25413501262664795
5252.42,0.25381699204444885
5257.74,0.25341299176216125
5263.080000000001,0.2529819905757904
5268.43,0.25255900621414185
5273.79,0.2521829903125763
5279.16,0.25172099471092224
5284.54,0.2512829899787903
5289.93,0.25088098645210266
5295.34,0.2504970133304596
5300.75,0.25005900859832764
5306.18,0.24965900182724
5311.61,0.24928200244903564
5317.0599999999995,0.24889400601387024
5322.5199999999995,0.2484460026025772
5327.99,0.2479960024356842
5333.47,0.24754300713539124
5338.96,0.24712799489498138
5344.47,0.24663899838924408
5349.9800000000005,0.24613800644874573
5355.51,0.24556900560855865
5361.049999999999,0.24496600031852722
5366.6,0.24435800313949585
5372.16,0.24371300637722015
5377.73,0.24307599663734436
5383.320000000001,0.24243900179862976
5388.91,0.2417670041322708
5394.52,0.24103699624538422
5400.14,0.2402620017528534
5405.77,0.23950999975204468
5411.41,0.23870700597763062
5417.07,0.23789100348949432
5422.74,0.23712700605392456
5428.410000000001,0.23622199892997742
5434.1,0.23525099456310272
5439.8099999999995,0.23442000150680542
5445.52,0.23351599276065826
5451.25,0.23265700042247772
5456.98,0.2318270057439804
5462.73,0.2310509979724884
5468.5,0.23025499284267426
5474.2699999999995,0.2294439971446991
5480.0599999999995,0.22878700494766235
5485.86,0.2281229943037033
5491.67,0.22742600739002228
5497.49,0.2268580049276352
5503.33,0.22630800306797028
5509.179999999999,0.22581399977207184
5515.04,0.22529999911785126
5520.91,0.22487999498844147
5526.799999999999,0.22449499368667603
5532.69,0.22410200536251068
5538.610000000001,0.22370100021362305
5544.53,0.2233709990978241
5550.469999999999,0.22304800152778625
5556.41,0.2227489948272705
5562.38,0.22242900729179382
5568.349999999999,0.2221429944038391
5574.34,0.2219489961862564
5580.339999999999,0.22178100049495697
5586.35,0.22141900658607483
5592.38,0.22113299369812012
5598.42,0.22091099619865417
5604.47,0.22072899341583252
5610.54,0.2204820066690445
5616.61,0.22032299637794495
5622.71,0.22009800374507904
5628.8099999999995,0.2199150025844574
5634.929999999999,0.21980999410152435
5641.06,0.21974800527095795
5647.21,0.21954600512981415
5653.360000000001,0.21927900612354279
5659.54,0.2191839963197708
5665.72,0.21896499395370483
5671.92,0.2188130021095276
5678.13,0.21865899860858917
5684.36,0.21830900013446808
5690.599999999999,0.2179899960756302
5696.85,0.2176550030708313
5703.12,0.21729999780654907
5709.4,0.21704599261283875
5715.6900000000005,0.21660299599170685
5722.0,0.2160079926252365
5728.33,0.2155030071735382
5734.66,0.2149129956960678
5741.01,0.21431699395179749
5747.38,0.2136629968881607
5753.76,0.212895005941391
5760.150000000001,0.21199600398540497
5766.56,0.21140199899673462
5772.98,0.21029600501060486
5779.410000000001,0.20906899869441986
5785.86,0.20823700726032257
5792.33,0.20727799832820892
5798.8099999999995,0.2062309980392456
5805.3,0.20526599884033203
5811.81,0.2043199986219406
5818.33,0.20347100496292114
5824.87,0.20260900259017944
5831.419999999999,0.20153899490833282
5837.99,0.20060400664806366
5844.57,0.19990800321102142
5851.17,0.19921399652957916
5857.78,0.1984889954328537
5864.410000000001,0.19775600731372833
5871.05,0.19704300165176392
5877.7,0.19652800261974335
5884.38,0.1961050033569336
5891.06,0.19520799815654755
5897.76,0.1947920024394989
5904.4800000000005,0.19420099258422852
5911.21,0.19363099336624146
5917.96,0.19345000386238098
5924.7300000000005,0.19310300052165985
5931.5,0.19288800656795502
5938.3,0.19288800656795502
5945.11,0.1924860030412674
5951.93,0.19221599400043488
5958.78,0.19223499298095703
5965.63,0.19219200313091278
5972.51,0.1922300010919571
5979.39,0.19202199578285217
5986.3,0.19197900593280792
5993.22,0.19194099307060242
6000.16,0.19171899557113647
6007.11,0.19165000319480896
6014.08,0.1916700005531311
6021.06,0.19146299362182617
6028.06,0.19121399521827698
6035.08,0.19103500247001648
6042.12,0.19092899560928345
6049.17,0.19100700318813324
6056.2300000000005,0.19053399562835693
6063.32,0.1898770034313202
6070.42,0.18991300463676453
6077.530000000001,0.1897139996290207
6084.67,0.1892630010843277
6091.820000000001,0.18894100189208984
6098.9800000000005,0.18874800205230713
6106.17,0.18845799565315247
6113.37,0.18827199935913086
6120.58,0.18789400160312653
6127.82,0.1873839944601059
6135.07,0.18714599311351776
6142.34,0.18696600198745728
6149.63,0.18668100237846375
6156.93,0.18641600012779236
6164.25,0.18616099655628204
6171.59,0.1857919991016388
6178.950000000001,0.18557700514793396
6186.320000000001,0.18556800484657288
6193.71,0.18523700535297394
6201.120000000001,0.18490099906921387
6208.54,0.1848600059747696
6215.99,0.18470700085163116
6223.45,0.18456299602985382
6230.93,0.18441200256347656
6238.43,0.1843000054359436
6245.95,0.18417100608348846
6253.48,0.18407100439071655
6261.03,0.18392600119113922
6268.6,0.18378199636936188
6276.19,0.18369700014591217
6283.8,0.18365000188350677
6291.43,0.18359200656414032
6299.070000000001,0.1835869997739792
6306.73,0.18357199430465698
6314.42,0.18359899520874023
6322.12,0.18371699750423431
6329.84,0.18396100401878357
6337.570000000001,0.18438300490379333
6345.33,0.18499499559402466
6353.11,0.18546099960803986
6360.9,0.18605799973011017
6368.719999999999,0.18703599274158478
6376.55,0.18799899518489838
6384.400000000001,0.18890400230884552
6392.2699999999995,0.18991200625896454
6400.17,0.19092799723148346
6408.08,0.1920900046825409
6416.01,0.19337700307369232
6423.96,0.19407999515533447
6431.93,0.19497400522232056
6439.92,0.19617000222206116
6447.93,0.19724300503730774
6455.96,0.198403999209404
6464.01,0.19949500262737274
6472.08,0.2005939930677414
6480.17,0.2017049938440323
6488.28,0.20282700657844543
6496.41,0.20389500260353088
6504.5599999999995,0.20469200611114502
6512.7300000000005,0.20549799501895905
6520.92,0.2065889984369278
6529.14,0.20749400556087494
6537.37,0.20827899873256683
6545.63,0.2090570032596588
6553.9,0.209757998585701
6562.2,0.21037200093269348
6570.509999999999,0.21100600063800812
6578.85,0.2115119993686676
6587.21,0.21171799302101135
6595.589999999999,0.21218200027942657
6603.99,0.21248400211334229
6612.42,0.2127320021390915
6620.860000000001,0.21295100450515747
6629.330000000001,0.21315999329090118
6637.82,0.21347400546073914
6646.33,0.2133769989013672
6654.860000000001,0.21312500536441803
6663.41,0.21331000328063965
6671.99,0.21342499554157257
6680.589999999999,0.21342399716377258
6689.21,0.21334899961948395
6697.849999999999,0.21317699551582336
6706.509999999999,0.21322500705718994
6715.200000000001,0.21319399774074554
6723.91,0.21303799748420715
6732.64,0.21295200288295746
6741.4,0.2128179967403412
6750.18,0.2127310037612915
6758.9800000000005,0.2126139998435974
6767.8,0.21251900494098663
6776.65,0.2124529927968979
6785.52,0.21241100132465363
6794.41,0.21239399909973145
6803.33,0.21212999522686005
6812.2699999999995,0.2119629979133606
6821.23,0.2119559943675995
6830.219999999999,0.211899995803833
6839.23,0.2115969955921173
6848.26,0.21135300397872925
6857.32,0.21133500337600708
6866.4,0.2112489938735962
6875.51,0.21070100367069244
6884.64,0.2102690041065216
6893.799999999999,0.21010400354862213
6902.9800000000005,0.2098349928855896
6912.18,0.20952799916267395
6921.41,0.20903800427913666
6930.66,0.20859600603580475
6939.94,0.2081570029258728
6949.24,0.20764100551605225
6958.57,0.20722800493240356
6967.92,0.2067199945449829
6977.299999999999,0.2059510052204132
6986.7,0.2054239958524704
6996.13,0.2048339992761612
7005.59,0.2041880041360855
7015.07,0.20355099439620972
7024.57,0.20303000509738922
7034.099999999999,0.20248299837112427
7043.66,0.20209600031375885
7053.25,0.201555997133255
7062.85,0.20083299279212952
7072.49,0.20035099983215332
7082.150000000001,0.19987499713897705
7091.84,0.19928200542926788
7101.549999999999,0.19870999455451965
7111.3,0.1981779932975769
7121.0599999999995,0.19762100279331207
7130.860000000001,0.196943998336792
7140.679999999999,0.19627200067043304
7150.53,0.19560299813747406
7160.41,0.1948080062866211
7170.3099999999995,0.19412000477313995
7180.240000000001,0.1933940052986145
7190.2,0.19263899326324463
7200.1900000000005,0.19196200370788574
7210.200000000001,0.19127899408340454
7220.240000000001,0.19051800668239594
7230.31,0.18974000215530396
7240.41,0.18895499408245087
7250.54,0.18814100325107574
7260.6900000000005,0.18735599517822266
7270.88,0.18662500381469727
7281.09,0.1859149932861328
7291.33,0.1851470023393631
7301.599999999999,0.18439699709415436
7311.9,0.1836860030889511
7322.219999999999,0.18290400505065918
7332.58,0.18212999403476715
7342.97,0.18144099414348602
7353.379999999999,0.18071399629116058
7363.83,0.17997699975967407
7374.3,0.17928099632263184
7384.8099999999995,0.17861899733543396
7395.34,0.17785100638866425
7405.910000000001,0.17704899609088898
7416.5,0.17622600495815277
7427.13,0.1754699945449829
7437.78,0.17479999363422394
7448.47,0.1742510050535202
7459.1900000000005,0.17375800013542175
7469.9400000000005,0.17318600416183472
7480.71,0.1725749969482422
7491.52,0.1720159947872162
7502.37,0.17146100103855133
7513.24,0.17084699869155884
7524.14,0.17023000121116638
7535.08,0.16963200271129608
7546.05,0.1690160036087036
7557.05,0.16837899386882782
7568.08,0.16776199638843536
7579.150000000001,0.1671600043773651
7590.24,0.16654400527477264
7601.37,0.1658869981765747
7612.53,0.16515600681304932
7623.7300000000005,0.16441400349140167
7634.96,0.1635960042476654
7646.219999999999,0.16280099749565125
7657.51,0.16203899681568146
7668.84,0.16128699481487274
7680.2,0.16049200296401978
7691.59,0.15967899560928345
7703.02,0.15888500213623047
7714.49,0.15814700722694397
7725.98,0.15735900402069092
7737.5199999999995,0.15649999678134918
7749.08,0.15567700564861298
7760.679999999999,0.15487299859523773
7772.32,0.153997004032135
7783.99,0.15314799547195435
7795.69,0.1522739976644516
7807.43,0.1514039933681488
7819.21,0.150518998503685
7831.0199999999995,0.14964400231838226
7842.87,0.1488029956817627
7854.75,0.14790700376033783
7866.67,0.14700299501419067
7878.62,0.14616400003433228
7890.62,0.1453849971294403
7902.64,0.14458000659942627
7914.71,0.14365200698375702
7926.8099999999995,0.14264899492263794
7938.95,0.14163100719451904
7951.13,0.14059500396251678
7963.339999999999,0.1395760029554367
7975.59,0.13844899833202362
7987.879999999999,0.13723400235176086
8000.209999999999,0.13603900372982025
8012.570000000001,0.13486500084400177
8024.98,0.13361400365829468
8037.419999999999,0.13232900202274323
8049.899999999999,0.13102799654006958
8062.419999999999,0.12971700727939606
8074.9800000000005,0.12840600311756134
8087.57,0.12702499330043793
8100.210000000001,0.12554599344730377
8112.89,0.12403199821710587
8125.6,0.12248499691486359
8138.360000000001,0.12086399644613266
8151.160000000001,0.1191520020365715
8163.99,0.1174129992723465
8176.869999999999,0.11559800058603287
8189.79,0.11371300369501114
8202.75,0.11180199682712555
8215.75,0.10988099873065948
8228.79,0.10795299708843231
8241.87,0.10603299736976624
8254.99,0.10410699993371964
8268.16,0.1022379994392395
8281.37,0.10033299773931503
8294.62,0.09837999939918518
8307.91,0.09639299660921097
8321.24,0.09440000355243683
8334.619999999999,0.09240899980068207
8348.039999999999,0.09044100344181061
8361.51,0.08848600089550018
8375.019999999999,0.08655299991369247
8388.57,0.08455300331115723
8402.16,0.08257400244474411
8415.800000000001,0.08065400272607803
8429.49,0.07883600145578384
8443.22,0.07700800150632858
8456.99,0.07524000108242035
8470.81,0.0734419971704483
8484.67,0.07170599699020386
8498.58,0.07007499784231186
8512.539999999999,0.0685259997844696
8526.54,0.06695599853992462
8540.58,0.06545999646186829
8554.68,0.06400399655103683
8568.82,0.06266199797391891
8583.0,0.06139799952507019
8597.24,0.06022400036454201
8611.52,0.05906900018453598
8625.85,0.058003999292850494
8640.230000000001,0.05707800015807152
8654.65,0.05628100037574768
8669.119999999999,0.05558500066399574
8683.640000000001,0.05505799874663353
8698.21,0.054701000452041626
8712.83,0.05449400097131729
8727.5,0.05441199988126755
8742.22,0.05462900176644325
8756.99,0.05503400042653084
8771.800000000001,0.055642999708652496
8786.67,0.056471001356840134
8801.589999999998,0.05762200057506561
8816.560000000001,0.05897200107574463
8831.58,0.060596998780965805
8846.65,0.06249599903821945
8861.77,0.06469599902629852
8876.939999999999,0.06704600155353546
8892.17,0.06962999701499939
8907.45,0.07235299795866013
8922.779999999999,0.07524999976158142
8938.16,0.07838000357151031
8953.6,0.08164700120687485
8969.09,0.08501099795103073
8984.640000000001,0.08860799670219421
9000.23,0.09238500148057938
9015.890000000001,0.09622599929571152
9031.59,0.10014799982309341
9047.359999999999,0.10416000336408615
9063.17,0.10813900083303452
9079.050000000001,0.11206299811601639
9094.97,0.11579599976539612
9110.960000000001,0.11931400001049042
9127.0,0.12242399901151657
9143.1,0.12495400011539459
9159.25,0.1268790066242218
9175.46,0.12823599576950073
9191.73,0.12919099628925323
9208.06,0.1301169991493225
9224.439999999999,0.1314059942960739
9240.880000000001,0.13328799605369568
9257.38,0.13570399582386017
9273.94,0.13842999935150146
9290.56,0.14116699993610382
9307.24,0.1434450000524521
9323.980000000001,0.1449030041694641
9340.78,0.1454399973154068
9357.64,0.1449500024318695
9374.57,0.1435829997062683
9391.550000000001,0.14162200689315796
9408.59,0.13942700624465942
9425.7,0.1374090015888214
9442.869999999999,0.13576200604438782
9460.1,0.13476699590682983
9477.4,0.13457299768924713
9494.75,0.1351969987154007
9512.17,0.13669000566005707
9529.66,0.13888399302959442
9547.21,0.14173400402069092
9564.83,0.14510700106620789
9582.5,0.1487399935722351
9600.25,0.15260900557041168
9618.06,0.15669499337673187
9635.94,0.16089899837970734
9653.88,0.16532500088214874
9671.89,0.16979900002479553
9689.970000000001,0.17387300729751587
9708.119999999999,0.17699599266052246
9726.33,0.1787160038948059
9744.619999999999,0.1790429949760437
9762.97,0.17815600335597992
9781.39,0.17631299793720245
9799.88,0.1736840009689331
9818.44,0.17038799822330475
9837.070000000002,0.16651000082492828
9855.77,0.16224099695682526
9874.539999999999,0.1577170044183731
9893.39,0.15303899347782135
9912.3,0.1483590006828308
9931.29,0.14372199773788452
9950.36,0.1391800045967102
9969.49,0.1347779929637909
9988.699999999999,0.13059000670909882
10007.98,0.1266220062971115
10027.34,0.12296699732542038
10046.77,0.11967500299215317
10066.28,0.11668899655342102
10085.869999999999,0.11395499855279922
10105.53,0.1114799976348877
10125.26,0.109095998108387
10145.08,0.1067729964852333
10164.970000000001,0.10459599643945694
10184.939999999999,0.10256899893283844
10204.99,0.10066100209951401
10225.12,0.09898900240659714
10245.33,0.09764999896287918
10265.61,0.09665700048208237
10285.98,0.09602200239896774
10306.43,0.0957849994301796
10326.96,0.0957999974489212
10347.57,0.095940001308918
10368.27,0.09612300246953964
10389.05,0.09628400206565857
10409.91,0.09632900357246399
10430.859999999999,0.0961420014500618
10451.88,0.09556499868631363
10473.0,0.09470900148153305
10494.199999999999,0.09369099885225296
10515.49,0.09250199794769287
10536.86,0.09110900014638901
10558.32,0.08962000161409378
10579.869999999999,0.08805300295352936
10601.5,0.08642199635505676
10623.23,0.08482299745082855
10645.039999999999,0.08336900174617767
10666.94,0.08205000311136246
10688.94,0.08080700039863586
10711.02,0.07975199818611145
10733.2,0.07891900092363358
10755.470000000001,0.07819099724292755
10777.83,0.07767800241708755
10800.28,0.07720399647951126
10822.83,0.07667099684476852
10845.470000000001,0.07628600299358368
10868.21,0.07598400115966797
10891.04,0.07554200291633606
10913.970000000001,0.07515999674797058
10936.99,0.07481200248003006
10960.119999999999,0.07440400123596191
10983.34,0.07397200167179108
11006.66,0.07365600019693375
11030.07,0.07334800064563751
11053.59,0.07310599833726883
11077.21,0.0729689970612526
11100.93,0.07281800359487534
11124.75,0.0726889967918396
11148.68,0.07265400141477585
11172.710000000001,0.07259400188922882
11196.84,0.07243099808692932
11221.07,0.0721530020236969
11245.41,0.07179199904203415
11269.859999999999,0.07138700038194656
11294.41,0.07088900357484818
11319.07,0.07038000226020813
11343.84,0.06983699649572372
11368.72,0.06915800273418427
11393.7,0.06847699731588364
11418.8,0.06780499964952469
11444.01,0.06712599843740463
11469.33,0.06649000197649002
11494.76,0.06597399711608887
11520.300000000001,0.06544700264930725
11545.96,0.06500499695539474
11571.730000000001,0.06465800106525421
11597.619999999999,0.06434500217437744
11623.62,0.06401900202035904
11649.74,0.06370899826288223
11675.98,0.06333699822425842
11702.34,0.06294199824333191
11728.81,0.0625389963388443
11755.41,0.0620030015707016
11782.130000000001,0.06137099862098694
11808.960000000001,0.06066099926829338
11835.92,0.05987200140953064
11863.009999999998,0.058873001486063004
11890.22,0.05761599913239479
11917.550000000001,0.05626999959349632
11945.01,0.054875001311302185
11972.6,0.05329800024628639
12000.310000000001,0.0515500009059906
12028.16,0.049945998936891556
12056.13,0.048427000641822815
12084.23,0.047029998153448105
12112.460000000001,0.04582199826836586
12140.83,0.044867999851703644
12169.33,0.044064998626708984
12197.960000000001,0.043473999947309494
12226.73,0.04301299899816513
12255.64,0.04254499822854996
12284.68,0.042054999619722366
12313.86,0.0416640006005764
12343.18,0.041255999356508255
12372.640000000001,0.04089299961924553
12402.240000000002,0.040578000247478485
12431.98,0.04019099846482277
12461.86,0.03989199921488762
12491.89,0.039726000279188156
12522.07,0.03959900140762329
12552.38,0.03954299911856651
12582.85,0.03956000134348869
12613.47,0.039611998945474625
12644.23,0.039847999811172485
12675.15,0.04027999937534332
12706.210000000001,0.040699999779462814
12737.43,0.04116399958729744
12768.81,0.0416949987411499
12800.33,0.0423629991710186
12832.02,0.04300399869680405
12863.86,0.043657999485731125
12895.86,0.04435800015926361
12928.02,0.04504900053143501
12960.34,0.045763999223709106
12992.82,0.04644399881362915
13025.460000000001,0.0470380000770092
13058.27,0.04775400087237358
13091.25,0.04842999950051308
13124.39,0.04900199919939041
13157.7,0.04948600009083748
13191.179999999998,0.049828000366687775
13224.83,0.05007600039243698
13258.660000000002,0.050432998687028885
13292.65,0.050540000200271606
13326.83,0.05042799934744835
13361.17,0.05025700107216835
13395.699999999999,0.05013199895620346
13430.400000000001,0.05000799894332886
13465.289999999999,0.04988899827003479
13500.349999999999,0.04970899969339371
13535.6,0.04953400045633316
13571.03,0.049501001834869385
13606.65,0.04950299859046936
13642.46,0.04950900003314018
13678.46,0.049584001302719116
13714.64,0.049681998789310455
13751.02,0.04977500066161156
13787.59,0.04991399869322777
13824.36,0.049936000257730484
13861.32,0.049938999116420746
13898.49,0.04984600096940994
13935.85,0.04962100088596344
13973.41,0.04937899857759476
14011.17,0.049091000109910965
14049.15,0.04858599975705147
14087.32,0.048277001827955246
14125.71,0.04837299883365631
14164.300000000001,0.04828299954533577
14203.11,0.0481950007379055
14242.13,0.04831799864768982
14281.359999999999,0.04849899932742119
14320.81,0.04855800047516823
14360.49,0.048799000680446625
14400.380000000001,0.04917500168085098
14440.49,0.04976699873805046
14480.82,0.05049699917435646
14521.39,0.05128699913620949
14562.18,0.052021000534296036
14603.199999999999,0.05274900048971176
14644.45,0.05336200073361397
14685.93,0.053867001086473465
14727.66,0.054085999727249146
14769.619999999999,0.05423299968242645
14811.81,0.05438299849629402
14854.25,0.0544309988617897
14896.94,0.05440500006079674
14939.87,0.05466200038790703
14983.050000000001,0.05525200068950653
15026.48,0.055991001427173615
15070.16,0.05656199902296066
15114.1,0.05755599960684776
15158.289999999999,0.05883599817752838
15202.74,0.060182999819517136
15247.460000000001,0.06148099899291992
15292.43,0.06275500357151031
15337.68,0.06380400061607361
15383.19,0.06456699967384338
15428.97,0.06501399725675583
15475.03,0.06518600136041641
15521.359999999999,0.06487700343132019
15567.970000000001,0.06445799767971039
15614.869999999999,0.06397099792957306
15662.039999999999,0.0634239986538887
15709.5,0.06280899792909622
15757.25,0.062213998287916183
15805.289999999999,0.06154999881982803
15853.619999999999,0.06108099967241287
15902.26,0.06062500178813934
15951.19,0.0602479986846447
16000.419999999998,0.059978000819683075
16049.949999999999,0.0596730001270771
16099.799999999997,0.05938899889588356
16149.95,0.059133999049663544
16200.420000000002,0.058924999088048935
16251.208999999999,0.05879399925470352
16302.311,0.05865300074219704
16353.741,0.058646999299526215
16405.491,0.05853600054979324
16457.569,0.05836600065231323
16509.979000000003,0.05818900093436241
16562.731,0.05780100077390671
16615.82,0.05727599933743477
16669.240999999998,0.056825000792741776
16723.021,0.05620099976658821
16777.14,0.05530700087547302
16831.61,0.05435499921441078
16886.431,0.053312998265028
16941.62,0.05193199962377548
16997.16,0.0505249984562397
17053.08,0.04924499988555908
17109.36,0.04797400161623955
17166.01,0.04664300009608269
17223.04,0.045472998172044754
17280.451,0.04456600174307823
17338.239999999998,0.0439630001783371
17396.429,0.043751999735832214
17455.0,0.044178999960422516
17513.969,0.04538000002503395
17573.339,0.04761099815368652
17633.109999999997,0.05084099993109703
17693.290999999997,0.05517800152301788
17753.889,0.060065001249313354
17814.899,0.06504599750041962
17876.328999999998,0.06958000361919403
17938.181,0.07297900319099426
18000.468999999997,0.07472100108861923
18063.19,0.07483299821615219
18126.35,0.07350800186395645
18189.951,0.07192499935626984
18254.0,0.0710109993815422
18318.501,0.07078900188207626
18383.459,0.07144100219011307
18448.879,0.07325100153684616
18514.771,0.07530400156974792
18581.129,0.07769899815320969
18647.97,0.08052399754524231
18715.29,0.08375699818134308
18783.100000000002,0.08762600272893906
18851.4,0.09259100258350372
18920.2,0.09841900318861008
18989.51,0.104482002556324
19059.32,0.11095499992370605
19129.65,0.11790499836206436
19200.5,0.12524999678134918
19271.878999999997,0.13301099836826324
19343.789999999997,0.14093400537967682
19416.240999999998,0.14886599779129028
19489.229000000003,0.15560999512672424
19562.771,0.1607159972190857
19636.880999999998,0.16428999602794647
19711.54,0.1665080040693283
19786.779,0.16793300211429596
19862.590999999997,0.16906799376010895
19938.98,0.17006400227546692
20015.961,0.17064499855041504
20093.55,0.17015300691127777
20171.73,0.16851399838924408
20250.530000000002,0.16697199642658234
20329.941000000003,0.16597899794578552
20409.981,0.16609899699687958
20490.649999999998,0.16798299551010132
20571.96,0.17126500606536865
20653.918999999998,0.17558400332927704
20736.54,0.18000300228595734
20819.82,0.1837249994277954
20903.77,0.18665499985218048
20988.399999999998,0.18841199576854706
21073.720999999998,0.18882399797439575
21159.731,0.1884790062904358
21246.46,0.18747399747371674
21333.891,0.18565300107002258
21422.041,0.18358199298381805
21510.929,0.1810699999332428
21600.559,0.17796500027179718
21690.941,0.17420999705791473
21782.08,0.16908200085163116
21873.989,0.1638599932193756
21966.668999999998,0.1585409939289093
22060.15,0.15251700580120087
22154.421,0.14700600504875183
22249.510000000002,0.14259099960327148
22345.409,0.1393429934978485
22442.141,0.13807900249958038
22539.721,0.13779500126838684
22638.14,0.13749800622463226
22737.431,0.1366489976644516
22837.601,0.1347769945859909
22938.649999999998,0.13165800273418427
23040.600000000002,0.12782299518585205
23143.459,0.12435399740934372
23247.24,0.12142699956893921
23351.959000000003,0.11820200085639954
23457.63,0.11558099836111069
23564.251,0.11320599913597107
23671.85,0.11150000244379044
23780.439000000002,0.10992699861526489
23890.02,0.10835999995470047
24000.629,0.10716699808835983
24112.261,0.10601799935102463
24224.93,0.10376200079917908
24338.659,0.10145500302314758
24453.47,0.10042399913072586
24569.361,0.09947899729013443
24686.359,0.09754200279712677
24804.469999999998,0.09737999737262726
24923.731,0.0965299978852272
25044.129999999997,0.09476500004529953
25165.71,0.09417799860239029
25288.46,0.09391199797391891
25412.43,0.093470998108387
25537.609,0.09388499706983566
25664.04,0.09397999942302704
25791.719,0.0943949967622757
25920.679,0.09617599844932556
