Sample ID,9_Congo_00002
Species,9_Congo
Subgroup,9_Congo
Group,9_Congo
Library,EXM_MRS
Sample Description,Sample 9
Date Added,"02/20/2024,02/20/2024"
Viewing Geometry,
Other Information,"Acquired with 1    RS-3500_SN17580H8 [3]
Name: Instrument, dtype: object; 7,32,30,100,50,30 integration times; 100,100 scans averaged"
Composition,
Resolution,2.8nm@700nm 8nm@1500nm 6nm@2100nm
Grain Size,
Locality,
Database of Origin,ExoMars Mission Reference Samples
Wavelength,Response
350.0,0.073609
351.0,0.073604
352.0,0.073633
353.0,0.073627
354.0,0.073604
355.0,0.073583
356.0,0.073632
357.0,0.07373
358.0,0.073819
359.0,0.073879
360.0,0.073909
361.0,0.073936
362.0,0.073925
363.0,0.073871
364.0,0.073872
365.0,0.07394099999999999
366.0,0.074093
367.0,0.074245
368.0,0.074381
369.0,0.07446799999999999
370.0,0.074581
371.0,0.074711
372.0,0.074824
373.0,0.07494200000000001
374.0,0.075063
375.0,0.075158
376.0,0.07524
377.0,0.07531500000000001
378.0,0.075384
379.0,0.075476
380.0,0.075612
381.0,0.075708
382.0,0.075785
383.0,0.075873
384.0,0.075937
385.0,0.076014
386.0,0.076195
387.0,0.076409
388.0,0.07663400000000001
389.0,0.07679
390.0,0.077015
391.0,0.07734
392.0,0.077594
393.0,0.07781500000000001
394.0,0.078018
395.0,0.078244
396.0,0.07846199999999999
397.0,0.078651
398.0,0.078829
399.0,0.078975
400.0,0.079059
401.0,0.079183
402.0,0.07930799999999999
403.0,0.07931300000000001
404.0,0.079399
405.0,0.079553
406.0,0.079682
407.0,0.079857
408.0,0.080076
409.0,0.08024800000000001
410.0,0.080437
411.0,0.080659
412.0,0.08085300000000001
413.0,0.081059
414.0,0.081297
415.0,0.081447
416.0,0.08159100000000001
417.0,0.08180799999999999
418.0,0.081968
419.0,0.082104
420.0,0.082264
421.0,0.08243600000000001
422.0,0.082618
423.0,0.08281100000000001
424.0,0.082981
425.0,0.083138
426.0,0.083338
427.0,0.08351900000000001
428.0,0.083685
429.0,0.08391
430.0,0.084148
431.0,0.08438599999999999
432.0,0.084606
433.0,0.08479300000000001
434.0,0.08494600000000001
435.0,0.085106
436.0,0.08527100000000001
437.0,0.08544600000000001
438.0,0.085628
439.0,0.08579
440.0,0.08590999999999999
441.0,0.086047
442.0,0.08618100000000001
443.0,0.086296
444.0,0.08642799999999999
445.0,0.08655900000000001
446.0,0.08666299999999999
447.0,0.086789
448.0,0.08693899999999999
449.0,0.08710699999999999
450.0,0.087348
451.0,0.087621
452.0,0.087825
453.0,0.087943
454.0,0.088017
455.0,0.088157
456.0,0.088279
457.0,0.088392
458.0,0.088549
459.0,0.08869500000000001
460.0,0.088827
461.0,0.08897500000000001
462.0,0.08911
463.0,0.08923600000000001
464.0,0.089397
465.0,0.089543
466.0,0.089668
467.0,0.08979200000000001
468.0,0.089904
469.0,0.090008
470.0,0.09012600000000001
471.0,0.09023300000000001
472.0,0.090316
473.0,0.090326
474.0,0.090434
475.0,0.090699
476.0,0.09096399999999999
477.0,0.091166
478.0,0.09126300000000001
479.0,0.091198
480.0,0.091172
481.0,0.09126300000000001
482.0,0.091336
483.0,0.091438
484.0,0.09158200000000001
485.0,0.091732
486.0,0.09189299999999999
487.0,0.092057
488.0,0.09217399999999999
489.0,0.09228199999999999
490.0,0.09239900000000001
491.0,0.09252
492.0,0.092614
493.0,0.092674
494.0,0.09277200000000001
495.0,0.092869
496.0,0.09295099999999999
497.0,0.09302400000000001
498.0,0.093087
499.0,0.093138
500.0,0.093193
501.0,0.09322599999999999
502.0,0.093233
503.0,0.093284
504.0,0.09332800000000001
505.0,0.093355
506.0,0.093431
507.0,0.093498
508.0,0.09354900000000001
509.0,0.093603
510.0,0.09364499999999999
511.0,0.093675
512.0,0.09371
513.0,0.093761
514.0,0.093827
515.0,0.093887
516.0,0.09393800000000001
517.0,0.09398899999999999
518.0,0.09406700000000001
519.0,0.094153
520.0,0.094231
521.0,0.094268
522.0,0.094322
523.0,0.09439
524.0,0.094457
525.0,0.094514
526.0,0.094566
527.0,0.09461800000000001
528.0,0.09466100000000001
529.0,0.09468700000000001
530.0,0.094686
531.0,0.09468199999999999
532.0,0.094676
533.0,0.094672
534.0,0.094673
535.0,0.094674
536.0,0.094674
537.0,0.09466799999999999
538.0,0.09468199999999999
539.0,0.09472799999999999
540.0,0.094807
541.0,0.094871
542.0,0.0949
543.0,0.09486800000000001
544.0,0.094808
545.0,0.094743
546.0,0.09472
547.0,0.09471600000000001
548.0,0.094732
549.0,0.09478500000000001
550.0,0.094813
551.0,0.094824
552.0,0.094832
553.0,0.094852
554.0,0.09488300000000001
555.0,0.094924
556.0,0.09496
557.0,0.094986
558.0,0.094999
559.0,0.095
560.0,0.09500199999999999
561.0,0.095004
562.0,0.094993
563.0,0.094976
564.0,0.09495799999999999
565.0,0.09493800000000001
566.0,0.09493700000000001
567.0,0.094946
568.0,0.09495200000000001
569.0,0.09493299999999999
570.0,0.094902
571.0,0.09487899999999999
572.0,0.094864
573.0,0.094858
574.0,0.094858
575.0,0.094842
576.0,0.094808
577.0,0.09476599999999999
578.0,0.09474
579.0,0.094723
580.0,0.09471
581.0,0.09469200000000001
582.0,0.094691
583.0,0.09469200000000001
584.0,0.094681
585.0,0.094673
586.0,0.09466799999999999
587.0,0.094667
588.0,0.09468199999999999
589.0,0.094673
590.0,0.094642
591.0,0.094637
592.0,0.09461499999999999
593.0,0.094585
594.0,0.09456400000000001
595.0,0.09452999999999999
596.0,0.09449999999999999
597.0,0.09448499999999999
598.0,0.094463
599.0,0.094428
600.0,0.094389
601.0,0.09437799999999999
602.0,0.094374
603.0,0.09438700000000001
604.0,0.094438
605.0,0.09447699999999999
606.0,0.094497
607.0,0.09449099999999999
608.0,0.094448
609.0,0.094391
610.0,0.09433799999999999
611.0,0.094305
612.0,0.094285
613.0,0.094267
614.0,0.09424400000000001
615.0,0.094231
616.0,0.09422900000000001
617.0,0.09423500000000001
618.0,0.094247
619.0,0.09425499999999999
620.0,0.09426
621.0,0.09426
622.0,0.094253
623.0,0.094238
624.0,0.094216
625.0,0.09420500000000001
626.0,0.09419000000000001
627.0,0.094167
628.0,0.094128
629.0,0.094111
630.0,0.094101
631.0,0.094083
632.0,0.094024
633.0,0.093949
634.0,0.093883
635.0,0.093872
636.0,0.093874
637.0,0.09388400000000001
638.0,0.093901
639.0,0.093893
640.0,0.093887
641.0,0.093896
642.0,0.09390499999999999
643.0,0.093925
644.0,0.093942
645.0,0.093932
646.0,0.093894
647.0,0.09385199999999999
648.0,0.09382099999999999
649.0,0.09378500000000001
650.0,0.09374299999999999
651.0,0.093706
652.0,0.09369300000000001
653.0,0.093666
654.0,0.093656
655.0,0.093667
656.0,0.093675
657.0,0.093672
658.0,0.093676
659.0,0.09370300000000001
660.0,0.093719
661.0,0.09370300000000001
662.0,0.093657
663.0,0.093612
664.0,0.093588
665.0,0.09357599999999999
666.0,0.09356
667.0,0.09351000000000001
668.0,0.09346299999999999
669.0,0.093437
670.0,0.093447
671.0,0.093429
672.0,0.093377
673.0,0.093307
674.0,0.09326499999999999
675.0,0.09322699999999999
676.0,0.093207
677.0,0.09321600000000001
678.0,0.09322599999999999
679.0,0.093213
680.0,0.093195
681.0,0.093205
682.0,0.093201
683.0,0.093186
684.0,0.093164
685.0,0.09315200000000001
686.0,0.09312799999999999
687.0,0.09310399999999999
688.0,0.093094
689.0,0.09310700000000001
690.0,0.093141
691.0,0.09317199999999999
692.0,0.09318199999999999
693.0,0.09314399999999999
694.0,0.093076
695.0,0.09301
696.0,0.092992
697.0,0.093003
698.0,0.09303499999999999
699.0,0.093062
700.0,0.093036
701.0,0.09302300000000001
702.0,0.093004
703.0,0.092979
704.0,0.09297599999999999
705.0,0.09295400000000001
706.0,0.09292
707.0,0.09288500000000001
708.0,0.092876
709.0,0.092876
710.0,0.09287200000000001
711.0,0.09286
712.0,0.09286
713.0,0.092869
714.0,0.09287699999999999
715.0,0.092876
716.0,0.09288199999999999
717.0,0.09291
718.0,0.09293699999999999
719.0,0.092941
720.0,0.092945
721.0,0.092932
722.0,0.092905
723.0,0.09287699999999999
724.0,0.092859
725.0,0.092831
726.0,0.09282299999999999
727.0,0.09286699999999999
728.0,0.092875
729.0,0.09287000000000001
730.0,0.09285199999999999
731.0,0.092826
732.0,0.09285399999999999
733.0,0.09288600000000001
734.0,0.09292199999999999
735.0,0.092956
736.0,0.092941
737.0,0.092953
738.0,0.09295099999999999
739.0,0.092905
740.0,0.092864
741.0,0.09282299999999999
742.0,0.092828
743.0,0.092884
744.0,0.09295199999999999
745.0,0.093018
746.0,0.093102
747.0,0.093181
748.0,0.093198
749.0,0.093225
750.0,0.093198
751.0,0.09317700000000001
752.0,0.09324099999999999
753.0,0.09327099999999999
754.0,0.093322
755.0,0.09339499999999999
756.0,0.093473
757.0,0.093504
758.0,0.093558
759.0,0.093613
760.0,0.09366300000000001
761.0,0.093722
762.0,0.09377200000000001
763.0,0.093805
764.0,0.093828
765.0,0.09386599999999999
766.0,0.093995
767.0,0.094078
768.0,0.094134
769.0,0.094191
770.0,0.09425700000000001
771.0,0.094346
772.0,0.09439399999999999
773.0,0.094418
774.0,0.094469
775.0,0.094566
776.0,0.094673
777.0,0.094773
778.0,0.09485400000000001
779.0,0.094917
780.0,0.094974
781.0,0.095031
782.0,0.095091
783.0,0.095148
784.0,0.09518900000000001
785.0,0.09522800000000001
786.0,0.095318
787.0,0.09540100000000001
788.0,0.095416
789.0,0.095513
790.0,0.09558299999999999
791.0,0.09565200000000001
792.0,0.095731
793.0,0.09581899999999999
794.0,0.095945
795.0,0.09602000000000001
796.0,0.096052
797.0,0.096074
798.0,0.096134
799.0,0.096259
800.0,0.096349
801.0,0.096387
802.0,0.096389
803.0,0.096402
804.0,0.09648300000000001
805.0,0.096529
806.0,0.096592
807.0,0.096678
808.0,0.096753
809.0,0.096837
810.0,0.096904
811.0,0.096951
812.0,0.09698000000000001
813.0,0.096992
814.0,0.096982
815.0,0.09701399999999999
816.0,0.097096
817.0,0.097142
818.0,0.097119
819.0,0.09713200000000001
820.0,0.097139
821.0,0.097189
822.0,0.09726499999999999
823.0,0.097345
824.0,0.097405
825.0,0.09742800000000001
826.0,0.097513
827.0,0.097546
828.0,0.097558
829.0,0.09757999999999999
830.0,0.09760300000000001
831.0,0.09758800000000001
832.0,0.097568
833.0,0.097562
834.0,0.09755699999999999
835.0,0.097545
836.0,0.097546
837.0,0.09754
838.0,0.09757500000000001
839.0,0.097581
840.0,0.097563
841.0,0.097558
842.0,0.097578
843.0,0.097583
844.0,0.097645
845.0,0.09770300000000001
846.0,0.09768399999999999
847.0,0.097606
848.0,0.097558
849.0,0.09755599999999999
850.0,0.09757300000000001
851.0,0.09756999999999999
852.0,0.097549
853.0,0.097528
854.0,0.09752000000000001
855.0,0.09751099999999999
856.0,0.097465
857.0,0.09754
858.0,0.097616
859.0,0.097627
860.0,0.09759999999999999
861.0,0.09758900000000001
862.0,0.09760400000000001
863.0,0.097546
864.0,0.097529
865.0,0.097508
866.0,0.097459
867.0,0.09741300000000001
868.0,0.097386
869.0,0.09733900000000001
870.0,0.09727000000000001
871.0,0.097214
872.0,0.097138
873.0,0.09715
874.0,0.097184
875.0,0.097172
876.0,0.09716200000000001
877.0,0.097235
878.0,0.097217
879.0,0.097256
880.0,0.097219
881.0,0.097209
882.0,0.09727000000000001
883.0,0.097259
884.0,0.097223
885.0,0.097282
886.0,0.097263
887.0,0.097228
888.0,0.097228
889.0,0.09725400000000001
890.0,0.097309
891.0,0.097271
892.0,0.09718199999999999
893.0,0.097178
894.0,0.09725
895.0,0.097262
896.0,0.09725099999999999
897.0,0.09725400000000001
898.0,0.09728999999999999
899.0,0.097258
900.0,0.09721199999999999
901.0,0.097144
902.0,0.097126
903.0,0.097181
904.0,0.097244
905.0,0.097258
906.0,0.097239
907.0,0.097227
908.0,0.097189
909.0,0.097111
910.0,0.097165
911.0,0.097166
912.0,0.09718
913.0,0.097264
914.0,0.09733599999999999
915.0,0.09740700000000001
916.0,0.097484
917.0,0.097512
918.0,0.09756000000000001
919.0,0.097622
920.0,0.09757500000000001
921.0,0.097581
922.0,0.09762
923.0,0.09762499999999999
924.0,0.097605
925.0,0.09752100000000001
926.0,0.09762399999999999
927.0,0.097568
928.0,0.097605
929.0,0.09759499999999999
930.0,0.09749000000000001
931.0,0.097597
932.0,0.097569
933.0,0.097547
934.0,0.0977
935.0,0.097728
936.0,0.097748
937.0,0.097788
938.0,0.097874
939.0,0.097873
940.0,0.097799
941.0,0.097874
942.0,0.097931
943.0,0.09789500000000001
944.0,0.097941
945.0,0.09804299999999999
946.0,0.098087
947.0,0.09802799999999999
948.0,0.098005
949.0,0.098189
950.0,0.09821300000000001
951.0,0.098103
952.0,0.098292
953.0,0.09843099999999999
954.0,0.0983
955.0,0.09815099999999999
956.0,0.09837699999999999
957.0,0.098469
958.0,0.09846500000000001
959.0,0.098438
960.0,0.098634
961.0,0.098644
962.0,0.098607
963.0,0.098665
964.0,0.09861800000000001
965.0,0.098734
966.0,0.09878
967.0,0.098704
968.0,0.098856
969.0,0.09891299999999999
970.0,0.09889200000000001
971.0,0.09911400000000001
972.0,0.098811
973.0,0.099037
974.0,0.099009
975.0,0.098948
976.0,0.09886400000000001
977.0,0.099091
978.0,0.09899200000000001
979.0,0.099093
980.0,0.099085
981.0,0.099103
982.0,0.09915900000000001
983.0,0.09924
984.0,0.099322
985.0,0.099403
986.0,0.09948399999999999
987.0,0.099565
988.0,0.099647
989.0,0.099728
990.0,0.099809
991.0,0.09989
992.0,0.09997
993.0,0.100051
994.0,0.100132
995.0,0.10018700000000001
996.0,0.100203
997.0,0.10022
998.0,0.100236
999.0,0.100252
1000.0,0.100269
1001.0,0.100285
1002.0,0.10030099999999999
1003.0,0.100318
1004.0,0.10033500000000001
1005.0,0.10035
1006.0,0.100366
1007.0,0.100383
1008.0,0.100397
1009.0,0.10040800000000001
1010.0,0.10040900000000001
1011.0,0.100402
1012.0,0.100398
1013.0,0.10040800000000001
1014.0,0.100443
1015.0,0.100494
1016.0,0.10055
1017.0,0.10059699999999999
1018.0,0.100637
1019.0,0.100676
1020.0,0.10070399999999999
1021.0,0.10071300000000001
1022.0,0.100692
1023.0,0.100648
1024.0,0.100602
1025.0,0.100572
1026.0,0.100556
1027.0,0.100547
1028.0,0.100549
1029.0,0.10056599999999999
1030.0,0.10061099999999999
1031.0,0.10067500000000001
1032.0,0.100732
1033.0,0.100757
1034.0,0.100741
1035.0,0.100703
1036.0,0.100664
1037.0,0.10064500000000001
1038.0,0.100642
1039.0,0.100648
1040.0,0.100664
1041.0,0.100688
1042.0,0.10073399999999999
1043.0,0.10078799999999999
1044.0,0.100831
1045.0,0.100845
1046.0,0.100828
1047.0,0.100795
1048.0,0.100766
1049.0,0.10075799999999999
1050.0,0.10076800000000001
1051.0,0.100786
1052.0,0.10080299999999999
1053.0,0.100813
1054.0,0.10082
1055.0,0.100825
1056.0,0.100823
1057.0,0.100811
1058.0,0.10078799999999999
1059.0,0.100761
1060.0,0.10073700000000001
1061.0,0.100722
1062.0,0.10071400000000001
1063.0,0.10070899999999999
1064.0,0.100706
1065.0,0.10070399999999999
1066.0,0.100702
1067.0,0.10070399999999999
1068.0,0.10071
1069.0,0.100726
1070.0,0.10074899999999999
1071.0,0.100775
1072.0,0.100794
1073.0,0.100806
1074.0,0.10081200000000001
1075.0,0.100815
1076.0,0.100815
1077.0,0.10080700000000001
1078.0,0.100792
1079.0,0.100779
1080.0,0.100777
1081.0,0.100787
1082.0,0.100806
1083.0,0.100831
1084.0,0.100862
1085.0,0.10090400000000001
1086.0,0.100952
1087.0,0.101001
1088.0,0.101044
1089.0,0.10108
1090.0,0.101113
1091.0,0.101145
1092.0,0.101178
1093.0,0.10121000000000001
1094.0,0.101243
1095.0,0.10127599999999999
1096.0,0.101311
1097.0,0.10134800000000001
1098.0,0.101387
1099.0,0.101423
1100.0,0.10145200000000001
1101.0,0.10147500000000001
1102.0,0.101495
1103.0,0.10151199999999999
1104.0,0.101528
1105.0,0.101537
1106.0,0.101546
1107.0,0.101562
1108.0,0.10159000000000001
1109.0,0.10162900000000001
1110.0,0.10167299999999999
1111.0,0.10172
1112.0,0.101769
1113.0,0.101824
1114.0,0.101878
1115.0,0.101925
1116.0,0.10196
1117.0,0.10198800000000001
1118.0,0.102011
1119.0,0.102034
1120.0,0.10205700000000001
1121.0,0.102079
1122.0,0.10210100000000001
1123.0,0.102128
1124.0,0.102161
1125.0,0.10219900000000001
1126.0,0.10223800000000001
1127.0,0.102277
1128.0,0.102314
1129.0,0.102351
1130.0,0.10239000000000001
1131.0,0.102434
1132.0,0.102483
1133.0,0.102536
1134.0,0.102589
1135.0,0.102638
1136.0,0.102683
1137.0,0.102727
1138.0,0.10276999999999999
1139.0,0.10281599999999999
1140.0,0.10286400000000001
1141.0,0.102912
1142.0,0.102959
1143.0,0.10300000000000001
1144.0,0.103033
1145.0,0.10306599999999999
1146.0,0.103104
1147.0,0.10315300000000001
1148.0,0.103211
1149.0,0.103274
1150.0,0.10333600000000001
1151.0,0.103393
1152.0,0.103447
1153.0,0.103502
1154.0,0.103558
1155.0,0.10361700000000001
1156.0,0.103678
1157.0,0.103741
1158.0,0.103807
1159.0,0.103879
1160.0,0.103954
1161.0,0.104032
1162.0,0.10411300000000001
1163.0,0.10419600000000001
1164.0,0.104283
1165.0,0.10436899999999999
1166.0,0.10445299999999999
1167.0,0.104534
1168.0,0.104612
1169.0,0.10469099999999999
1170.0,0.10477299999999999
1171.0,0.10486000000000001
1172.0,0.104947
1173.0,0.105032
1174.0,0.105109
1175.0,0.10518000000000001
1176.0,0.105247
1177.0,0.10531
1178.0,0.10536899999999999
1179.0,0.10542199999999999
1180.0,0.105473
1181.0,0.105529
1182.0,0.105592
1183.0,0.10565899999999999
1184.0,0.10573199999999999
1185.0,0.105817
1186.0,0.10592
1187.0,0.10604100000000001
1188.0,0.106166
1189.0,0.10628399999999999
1190.0,0.106387
1191.0,0.10648099999999999
1192.0,0.106574
1193.0,0.10667299999999999
1194.0,0.106784
1195.0,0.106901
1196.0,0.107014
1197.0,0.107113
1198.0,0.107197
1199.0,0.10727
1200.0,0.10734
1201.0,0.107412
1202.0,0.10748200000000001
1203.0,0.10755
1204.0,0.10762100000000001
1205.0,0.107696
1206.0,0.107775
1207.0,0.10785700000000001
1208.0,0.10794100000000001
1209.0,0.108027
1210.0,0.108112
1211.0,0.108201
1212.0,0.108297
1213.0,0.10840299999999999
1214.0,0.10852
1215.0,0.108642
1216.0,0.108763
1217.0,0.108883
1218.0,0.10900399999999999
1219.0,0.109124
1220.0,0.109242
1221.0,0.10936
1222.0,0.109478
1223.0,0.109588
1224.0,0.109684
1225.0,0.109764
1226.0,0.109832
1227.0,0.10988899999999999
1228.0,0.10993399999999999
1229.0,0.10995799999999999
1230.0,0.109971
1231.0,0.109992
1232.0,0.11004
1233.0,0.11011100000000001
1234.0,0.110196
1235.0,0.110284
1236.0,0.110369
1237.0,0.110456
1238.0,0.11054399999999999
1239.0,0.110634
1240.0,0.110724
1241.0,0.11081200000000001
1242.0,0.110904
1243.0,0.11100199999999999
1244.0,0.111113
1245.0,0.111235
1246.0,0.111356
1247.0,0.111465
1248.0,0.11156
1249.0,0.11164500000000001
1250.0,0.111727
1251.0,0.11180799999999999
1252.0,0.111882
1253.0,0.111953
1254.0,0.11203099999999999
1255.0,0.112125
1256.0,0.11223599999999999
1257.0,0.112355
1258.0,0.112475
1259.0,0.11258900000000001
1260.0,0.11270300000000001
1261.0,0.112815
1262.0,0.11291999999999999
1263.0,0.113012
1264.0,0.113093
1265.0,0.113169
1266.0,0.113248
1267.0,0.11333399999999999
1268.0,0.113422
1269.0,0.113511
1270.0,0.11359899999999999
1271.0,0.113682
1272.0,0.113763
1273.0,0.113847
1274.0,0.11393800000000001
1275.0,0.114038
1276.0,0.11414300000000001
1277.0,0.114253
1278.0,0.11436600000000001
1279.0,0.11448900000000001
1280.0,0.114615
1281.0,0.114733
1282.0,0.11483399999999999
1283.0,0.11492100000000001
1284.0,0.11500099999999999
1285.0,0.115081
1286.0,0.115165
1287.0,0.11525
1288.0,0.11533500000000001
1289.0,0.115418
1290.0,0.115495
1291.0,0.11556699999999999
1292.0,0.115643
1293.0,0.115733
1294.0,0.11584
1295.0,0.115958
1296.0,0.11608
1297.0,0.116199
1298.0,0.116328
1299.0,0.116456
1300.0,0.116568
1301.0,0.116646
1302.0,0.116684
1303.0,0.11670799999999999
1304.0,0.116746
1305.0,0.116819
1306.0,0.116914
1307.0,0.117025
1308.0,0.117147
1309.0,0.117284
1310.0,0.11744199999999999
1311.0,0.1176
1312.0,0.11773600000000001
1313.0,0.117843
1314.0,0.11793200000000001
1315.0,0.118011
1316.0,0.118089
1317.0,0.11816
1318.0,0.118226
1319.0,0.118293
1320.0,0.118369
1321.0,0.118454
1322.0,0.11854200000000001
1323.0,0.118629
1324.0,0.118711
1325.0,0.118791
1326.0,0.118869
1327.0,0.118943
1328.0,0.11901
1329.0,0.119071
1330.0,0.11913
1331.0,0.119195
1332.0,0.119269
1333.0,0.119347
1334.0,0.119427
1335.0,0.119504
1336.0,0.119577
1337.0,0.119648
1338.0,0.11972300000000001
1339.0,0.11980700000000001
1340.0,0.11989699999999999
1341.0,0.119993
1342.0,0.120095
1343.0,0.120205
1344.0,0.120327
1345.0,0.120451
1346.0,0.12056599999999999
1347.0,0.120662
1348.0,0.120747
1349.0,0.120825
1350.0,0.1209
1351.0,0.120968
1352.0,0.12103
1353.0,0.12109600000000001
1354.0,0.121171
1355.0,0.12126300000000001
1356.0,0.12136
1357.0,0.12145
1358.0,0.121522
1359.0,0.12157899999999999
1360.0,0.12162800000000001
1361.0,0.121676
1362.0,0.121727
1363.0,0.121773
1364.0,0.121822
1365.0,0.121883
1366.0,0.121966
1367.0,0.122067
1368.0,0.122165
1369.0,0.122242
1370.0,0.122296
1371.0,0.122337
1372.0,0.122374
1373.0,0.122417
1374.0,0.12246
1375.0,0.122504
1376.0,0.12255100000000001
1377.0,0.122606
1378.0,0.122673
1379.0,0.12273899999999999
1380.0,0.122786
1381.0,0.122809
1382.0,0.122815
1383.0,0.122801
1384.0,0.12276400000000001
1385.0,0.12270500000000001
1386.0,0.122624
1387.0,0.12252
1388.0,0.122389
1389.0,0.122233
1390.0,0.122053
1391.0,0.12184400000000001
1392.0,0.121601
1393.0,0.121315
1394.0,0.121005
1395.0,0.120694
1396.0,0.12039899999999999
1397.0,0.12011
1398.0,0.11981
1399.0,0.11948600000000001
1400.0,0.119121
1401.0,0.118729
1402.0,0.11833600000000001
1403.0,0.117966
1404.0,0.1176
1405.0,0.117247
1406.0,0.116928
1407.0,0.11666499999999999
1408.0,0.11644299999999999
1409.0,0.11626500000000001
1410.0,0.116136
1411.0,0.116056
1412.0,0.116022
1413.0,0.11603899999999999
1414.0,0.116116
1415.0,0.116262
1416.0,0.11647
1417.0,0.116726
1418.0,0.11702
1419.0,0.117368
1420.0,0.117757
1421.0,0.118156
1422.0,0.11854300000000001
1423.0,0.11893100000000001
1424.0,0.119322
1425.0,0.11971399999999999
1426.0,0.12010300000000002
1427.0,0.12049
1428.0,0.120882
1429.0,0.121287
1430.0,0.121724
1431.0,0.122181
1432.0,0.12262100000000001
1433.0,0.123008
1434.0,0.123346
1435.0,0.12365
1436.0,0.123927
1437.0,0.12418100000000001
1438.0,0.1244
1439.0,0.1246
1440.0,0.124803
1441.0,0.125023
1442.0,0.125251
1443.0,0.125471
1444.0,0.125667
1445.0,0.125836
1446.0,0.125986
1447.0,0.126121
1448.0,0.126244
1449.0,0.126346
1450.0,0.126436
1451.0,0.12653
1452.0,0.126638
1453.0,0.126755
1454.0,0.12687400000000001
1455.0,0.126991
1456.0,0.127102
1457.0,0.127212
1458.0,0.12732
1459.0,0.127425
1460.0,0.127525
1461.0,0.127623
1462.0,0.127726
1463.0,0.12783899999999998
1464.0,0.127963
1465.0,0.128091
1466.0,0.12822
1467.0,0.128348
1468.0,0.12847899999999998
1469.0,0.128606
1470.0,0.128721
1471.0,0.128815
1472.0,0.128896
1473.0,0.128977
1474.0,0.129069
1475.0,0.129169
1476.0,0.129275
1477.0,0.129389
1478.0,0.129517
1479.0,0.129664
1480.0,0.12981199999999998
1481.0,0.12994
1482.0,0.13004
1483.0,0.13012100000000001
1484.0,0.130188
1485.0,0.130246
1486.0,0.130282
1487.0,0.130307
1488.0,0.130341
1489.0,0.13040200000000002
1490.0,0.130487
1491.0,0.130583
1492.0,0.130678
1493.0,0.130765
1494.0,0.13085000000000002
1495.0,0.130936
1496.0,0.131025
1497.0,0.13111599999999998
1498.0,0.131208
1499.0,0.131304
1500.0,0.131405
1501.0,0.131516
1502.0,0.131629
1503.0,0.13173400000000002
1504.0,0.131822
1505.0,0.13189
1506.0,0.131961
1507.0,0.132058
1508.0,0.132197
1509.0,0.132363
1510.0,0.132529
1511.0,0.132669
1512.0,0.13278600000000002
1513.0,0.13289
1514.0,0.13299
1515.0,0.13309100000000001
1516.0,0.133188
1517.0,0.133282
1518.0,0.133372
1519.0,0.133461
1520.0,0.133547
1521.0,0.133627
1522.0,0.13369899999999998
1523.0,0.133767
1524.0,0.133827
1525.0,0.133873
1526.0,0.133896
1527.0,0.133892
1528.0,0.13388
1529.0,0.133883
1530.0,0.133906
1531.0,0.133939
1532.0,0.133988
1533.0,0.134059
1534.0,0.134162
1535.0,0.134282
1536.0,0.13439500000000001
1537.0,0.13447900000000002
1538.0,0.13454
1539.0,0.134599
1540.0,0.134675
1541.0,0.13478199999999999
1542.0,0.134908
1543.0,0.135043
1544.0,0.135178
1545.0,0.135324
1546.0,0.135473
1547.0,0.135606
1548.0,0.135706
1549.0,0.135777
1550.0,0.13583399999999998
1551.0,0.135895
1552.0,0.13597
1553.0,0.136048
1554.0,0.136122
1555.0,0.136185
1556.0,0.136236
1557.0,0.13628
1558.0,0.13632
1559.0,0.136355
1560.0,0.136381
1561.0,0.136407
1562.0,0.136441
1563.0,0.136481
1564.0,0.136525
1565.0,0.136583
1566.0,0.136668
1567.0,0.136791
1568.0,0.136931
1569.0,0.137064
1570.0,0.137173
1571.0,0.13727
1572.0,0.13735799999999998
1573.0,0.137438
1574.0,0.13750099999999998
1575.0,0.137551
1576.0,0.13760999999999998
1577.0,0.137699
1578.0,0.137819
1579.0,0.13795400000000002
1580.0,0.138088
1581.0,0.138209
1582.0,0.138327
1583.0,0.138442
1584.0,0.13855399999999998
1585.0,0.13866799999999999
1586.0,0.13878000000000001
1587.0,0.138881
1588.0,0.138965
1589.0,0.139038
1590.0,0.139097
1591.0,0.139138
1592.0,0.139152
1593.0,0.13913999999999999
1594.0,0.139119
1595.0,0.139108
1596.0,0.139106
1597.0,0.139106
1598.0,0.139104
1599.0,0.139094
1600.0,0.139069
1601.0,0.13905099999999998
1602.0,0.139062
1603.0,0.13911300000000001
1604.0,0.139191
1605.0,0.13928000000000001
1606.0,0.13936400000000002
1607.0,0.13944800000000002
1608.0,0.139535
1609.0,0.139626
1610.0,0.139719
1611.0,0.139812
1612.0,0.139913
1613.0,0.14002900000000001
1614.0,0.140173
1615.0,0.140332
1616.0,0.140483
1617.0,0.14060499999999998
1618.0,0.140703
1619.0,0.140788
1620.0,0.140868
1621.0,0.140945
1622.0,0.141015
1623.0,0.14108
1624.0,0.14114000000000002
1625.0,0.141199
1626.0,0.141252
1627.0,0.141292
1628.0,0.14130900000000002
1629.0,0.141301
1630.0,0.141293
1631.0,0.14130900000000002
1632.0,0.14136100000000001
1633.0,0.141431
1634.0,0.141501
1635.0,0.141556
1636.0,0.141605
1637.0,0.141646
1638.0,0.14167
1639.0,0.14166600000000001
1640.0,0.141639
1641.0,0.14161400000000002
1642.0,0.141612
1643.0,0.141633
1644.0,0.14166600000000001
1645.0,0.141702
1646.0,0.141735
1647.0,0.14177099999999998
1648.0,0.141806
1649.0,0.14184
1650.0,0.14186500000000002
1651.0,0.14188800000000001
1652.0,0.14192
1653.0,0.14197200000000001
1654.0,0.142044
1655.0,0.142127
1656.0,0.14221399999999998
1657.0,0.14230700000000002
1658.0,0.142408
1659.0,0.142506
1660.0,0.14258800000000002
1661.0,0.142648
1662.0,0.1427
1663.0,0.142757
1664.0,0.142837
1665.0,0.142943
1666.0,0.143032
1667.0,0.143059
1668.0,0.142995
1669.0,0.14288700000000001
1670.0,0.142802
1671.0,0.14279
1672.0,0.142823
1673.0,0.14288800000000001
1674.0,0.142983
1675.0,0.143128
1676.0,0.143313
1677.0,0.143482
1678.0,0.14358100000000001
1679.0,0.143612
1680.0,0.143624
1681.0,0.143666
1682.0,0.143771
1683.0,0.14391400000000001
1684.0,0.14405400000000002
1685.0,0.144154
1686.0,0.14422100000000002
1687.0,0.144266
1688.0,0.144292
1689.0,0.144287
1690.0,0.144249
1691.0,0.14421699999999998
1692.0,0.144231
1693.0,0.144313
1694.0,0.144424
1695.0,0.144517
1696.0,0.144558
1697.0,0.144565
1698.0,0.144557
1699.0,0.14455199999999999
1700.0,0.144537
1701.0,0.144518
1702.0,0.144524
1703.0,0.14458000000000001
1704.0,0.14468
1705.0,0.144803
1706.0,0.144928
1707.0,0.145065
1708.0,0.145213
1709.0,0.145341
1710.0,0.145418
1711.0,0.14544100000000001
1712.0,0.145445
1713.0,0.14546599999999998
1714.0,0.14551999999999998
1715.0,0.14559
1716.0,0.14566700000000002
1717.0,0.14574299999999998
1718.0,0.145834
1719.0,0.14592
1720.0,0.145978
1721.0,0.145982
1722.0,0.145947
1723.0,0.145914
1724.0,0.145918
1725.0,0.14596
1726.0,0.146021
1727.0,0.146085
1728.0,0.146152
1729.0,0.146231
1730.0,0.146293
1731.0,0.146311
1732.0,0.14626899999999998
1733.0,0.146201
1734.0,0.146149
1735.0,0.146142
1736.0,0.14616400000000002
1737.0,0.146199
1738.0,0.146233
1739.0,0.146271
1740.0,0.146313
1741.0,0.146351
1742.0,0.146377
1743.0,0.146393
1744.0,0.14641
1745.0,0.146441
1746.0,0.146491
1747.0,0.14654899999999998
1748.0,0.146605
1749.0,0.146648
1750.0,0.14668599999999998
1751.0,0.14671900000000002
1752.0,0.146748
1753.0,0.14677400000000002
1754.0,0.146795
1755.0,0.146815
1756.0,0.146836
1757.0,0.14685800000000002
1758.0,0.146874
1759.0,0.14687799999999998
1760.0,0.146871
1761.0,0.14685399999999998
1762.0,0.14682499999999998
1763.0,0.146775
1764.0,0.146698
1765.0,0.146628
1766.0,0.1466
1767.0,0.146626
1768.0,0.146681
1769.0,0.146736
1770.0,0.14677099999999998
1771.0,0.146799
1772.0,0.14682499999999998
1773.0,0.14685700000000002
1774.0,0.146893
1775.0,0.14693199999999998
1776.0,0.146974
1777.0,0.14702199999999999
1778.0,0.14707900000000002
1779.0,0.147132
1780.0,0.147165
1781.0,0.147173
1782.0,0.147168
1783.0,0.147167
1784.0,0.147175
1785.0,0.14718
1786.0,0.147202
1787.0,0.147265
1788.0,0.147392
1789.0,0.14754799999999998
1790.0,0.14768
1791.0,0.147756
1792.0,0.14779899999999999
1793.0,0.147825
1794.0,0.147846
1795.0,0.147858
1796.0,0.147861
1797.0,0.14785700000000002
1798.0,0.147849
1799.0,0.147834
1800.0,0.147812
1801.0,0.147783
1802.0,0.147734
1803.0,0.147681
1804.0,0.14765
1805.0,0.147645
1806.0,0.147657
1807.0,0.147696
1808.0,0.14777300000000002
1809.0,0.147905
1810.0,0.148057
1811.0,0.148188
1812.0,0.148285
1813.0,0.148366
1814.0,0.148432
1815.0,0.148482
1816.0,0.148508
1817.0,0.14852600000000002
1818.0,0.148555
1819.0,0.148602
1820.0,0.148657
1821.0,0.148706
1822.0,0.148739
1823.0,0.148759
1824.0,0.14877100000000001
1825.0,0.148781
1826.0,0.148779
1827.0,0.148773
1828.0,0.148783
1829.0,0.148834
1830.0,0.148922
1831.0,0.149006
1832.0,0.149044
1833.0,0.149049
1834.0,0.149024
1835.0,0.14896399999999999
1836.0,0.148842
1837.0,0.14866
1838.0,0.148489
1839.0,0.148401
1840.0,0.148385
1841.0,0.14840899999999999
1842.0,0.148444
1843.0,0.148503
1844.0,0.148585
1845.0,0.148644
1846.0,0.148637
1847.0,0.14856999999999998
1848.0,0.148476
1849.0,0.148389
1850.0,0.148312
1851.0,0.148234
1852.0,0.148155
1853.0,0.148072
1854.0,0.147985
1855.0,0.147902
1856.0,0.147833
1857.0,0.14776999999999998
1858.0,0.14772
1859.0,0.147693
1860.0,0.147707
1861.0,0.147751
1862.0,0.147795
1863.0,0.147809
1864.0,0.147814
1865.0,0.147796
1866.0,0.147729
1867.0,0.147591
1868.0,0.147403
1869.0,0.147203
1870.0,0.147019
1871.0,0.14683
1872.0,0.146647
1873.0,0.14648899999999998
1874.0,0.146388
1875.0,0.1463
1876.0,0.146155
1877.0,0.145894
1878.0,0.145549
1879.0,0.14518599999999998
1880.0,0.14487
1881.0,0.145055
1882.0,0.146201
1883.0,0.14709899999999998
1884.0,0.147591
1885.0,0.14740999999999999
1886.0,0.146986
1887.0,0.14724600000000002
1888.0,0.14829900000000001
1889.0,0.149444
1890.0,0.14983000000000002
1891.0,0.14901799999999998
1892.0,0.147659
1893.0,0.145349
1894.0,0.142844
1895.0,0.141251
1896.0,0.140624
1897.0,0.140248
1898.0,0.139545
1899.0,0.138688
1900.0,0.137842
1901.0,0.137022
1902.0,0.136233
1903.0,0.13569
1904.0,0.135467
1905.0,0.135471
1906.0,0.135647
1907.0,0.136095
1908.0,0.13659000000000002
1909.0,0.136838
1910.0,0.13689600000000002
1911.0,0.136985
1912.0,0.13724999999999998
1913.0,0.13761400000000001
1914.0,0.13802799999999998
1915.0,0.138508
1916.0,0.13902599999999998
1917.0,0.139474
1918.0,0.139821
1919.0,0.140155
1920.0,0.140571
1921.0,0.141081
1922.0,0.141533
1923.0,0.141807
1924.0,0.141965
1925.0,0.142105
1926.0,0.14221399999999998
1927.0,0.142329
1928.0,0.142626
1929.0,0.143213
1930.0,0.143807
1931.0,0.144081
1932.0,0.144056
1933.0,0.143979
1934.0,0.143978
1935.0,0.143988
1936.0,0.14413
1937.0,0.144536
1938.0,0.14505800000000002
1939.0,0.145414
1940.0,0.145572
1941.0,0.145651
1942.0,0.145725
1943.0,0.145767
1944.0,0.145808
1945.0,0.145867
1946.0,0.145936
1947.0,0.14605
1948.0,0.146259
1949.0,0.146485
1950.0,0.146598
1951.0,0.146577
1952.0,0.146539
1953.0,0.146579
1954.0,0.146664
1955.0,0.146813
1956.0,0.147083
1957.0,0.147424
1958.0,0.147679
1959.0,0.14779899999999999
1960.0,0.147875
1961.0,0.147987
1962.0,0.148115
1963.0,0.148264
1964.0,0.14846399999999998
1965.0,0.148696
1966.0,0.148863
1967.0,0.14890599999999998
1968.0,0.14890499999999998
1969.0,0.148962
1970.0,0.149062
1971.0,0.149223
1972.0,0.149496
1973.0,0.149878
1974.0,0.150284
1975.0,0.150731
1976.0,0.15118299999999998
1977.0,0.15139
1978.0,0.15118499999999999
1979.0,0.150893
1980.0,0.15090299999999998
1981.0,0.151161
1982.0,0.15151799999999999
1983.0,0.151956
1984.0,0.152478
1985.0,0.152812
1986.0,0.15279299999999998
1987.0,0.152648
1988.0,0.152672
1989.0,0.15287599999999998
1990.0,0.153088
1991.0,0.153153
1992.0,0.15312
1993.0,0.15321400000000002
1994.0,0.153605
1995.0,0.154115
1996.0,0.154491
1997.0,0.154797
1998.0,0.154928
1999.0,0.154662
2000.0,0.154055
2001.0,0.153669
2002.0,0.153802
2003.0,0.154188
2004.0,0.154583
2005.0,0.155048
2006.0,0.155467
2007.0,0.155632
2008.0,0.155575
2009.0,0.155551
2010.0,0.155707
2011.0,0.155916
2012.0,0.156032
2013.0,0.15601
2014.0,0.155987
2015.0,0.156095
2016.0,0.156301
2017.0,0.156561
2018.0,0.15689399999999998
2019.0,0.15726300000000001
2020.0,0.157559
2021.0,0.157827
2022.0,0.157969
2023.0,0.157789
2024.0,0.15729100000000001
2025.0,0.156932
2026.0,0.156927
2027.0,0.157112
2028.0,0.157429
2029.0,0.157994
2030.0,0.158504
2031.0,0.158589
2032.0,0.15837099999999998
2033.0,0.15820499999999998
2034.0,0.158252
2035.0,0.158378
2036.0,0.15851
2037.0,0.158698
2038.0,0.158806
2039.0,0.158641
2040.0,0.158262
2041.0,0.158042
2042.0,0.158115
2043.0,0.158329
2044.0,0.158588
2045.0,0.15895099999999998
2046.0,0.159258
2047.0,0.159342
2048.0,0.15928599999999998
2049.0,0.15923500000000002
2050.0,0.15917
2051.0,0.159141
2052.0,0.15928900000000001
2053.0,0.159646
2054.0,0.15990000000000001
2055.0,0.15981199999999998
2056.0,0.159546
2057.0,0.159327
2058.0,0.15912
2059.0,0.158988
2060.0,0.159081
2061.0,0.159389
2062.0,0.159618
2063.0,0.159573
2064.0,0.159439
2065.0,0.15946300000000002
2066.0,0.15967599999999998
2067.0,0.15986599999999998
2068.0,0.159904
2069.0,0.15984500000000001
2070.0,0.159617
2071.0,0.159114
2072.0,0.158565
2073.0,0.158243
2074.0,0.158074
2075.0,0.158052
2076.0,0.158304
2077.0,0.15865600000000002
2078.0,0.15867900000000001
2079.0,0.158251
2080.0,0.15775
2081.0,0.15745599999999998
2082.0,0.15726300000000001
2083.0,0.157351
2084.0,0.157994
2085.0,0.158743
2086.0,0.15889799999999998
2087.0,0.158521
2088.0,0.157987
2089.0,0.157391
2090.0,0.156735
2091.0,0.156409
2092.0,0.156527
2093.0,0.15674200000000002
2094.0,0.15678699999999998
2095.0,0.156777
2096.0,0.156798
2097.0,0.15690300000000001
2098.0,0.15698700000000002
2099.0,0.15693
2100.0,0.156759
2101.0,0.15652
2102.0,0.15615199999999999
2103.0,0.155756
2104.0,0.15559
2105.0,0.155652
2106.0,0.15584699999999999
2107.0,0.156214
2108.0,0.156698
2109.0,0.156845
2110.0,0.15657
2111.0,0.156129
2112.0,0.155611
2113.0,0.154971
2114.0,0.154763
2115.0,0.155412
2116.0,0.156275
2117.0,0.15654500000000002
2118.0,0.156391
2119.0,0.15615
2120.0,0.155853
2121.0,0.155556
2122.0,0.155617
2123.0,0.156146
2124.0,0.156563
2125.0,0.15637399999999999
2126.0,0.15592599999999998
2127.0,0.155809
2128.0,0.156184
2129.0,0.15654099999999999
2130.0,0.15648099999999998
2131.0,0.156184
2132.0,0.155815
2133.0,0.155248
2134.0,0.154808
2135.0,0.154995
2136.0,0.155645
2137.0,0.156166
2138.0,0.15635300000000002
2139.0,0.15642
2140.0,0.156496
2141.0,0.156561
2142.0,0.156517
2143.0,0.156281
2144.0,0.155946
2145.0,0.155633
2146.0,0.155281
2147.0,0.155101
2148.0,0.155351
2149.0,0.155804
2150.0,0.155941
2151.0,0.155736
2152.0,0.15545899999999999
2153.0,0.155248
2154.0,0.155033
2155.0,0.154792
2156.0,0.15451399999999998
2157.0,0.154253
2158.0,0.154065
2159.0,0.153918
2160.0,0.153742
2161.0,0.153543
2162.0,0.1533
2163.0,0.152987
2164.0,0.152612
2165.0,0.152147
2166.0,0.151528
2167.0,0.150951
2168.0,0.150603
2169.0,0.150399
2170.0,0.150251
2171.0,0.150198
2172.0,0.150121
2173.0,0.149886
2174.0,0.149538
2175.0,0.149069
2176.0,0.148445
2177.0,0.147746
2178.0,0.14704599999999998
2179.0,0.14632199999999998
2180.0,0.145662
2181.0,0.145116
2182.0,0.144581
2183.0,0.14396599999999998
2184.0,0.143298
2185.0,0.142552
2186.0,0.141713
2187.0,0.140808
2188.0,0.139842
2189.0,0.13881500000000002
2190.0,0.137848
2191.0,0.136964
2192.0,0.136099
2193.0,0.135218
2194.0,0.134335
2195.0,0.133446
2196.0,0.132572
2197.0,0.131649
2198.0,0.130588
2199.0,0.129443
2200.0,0.128401
2201.0,0.127443
2202.0,0.12664999999999998
2203.0,0.126143
2204.0,0.125822
2205.0,0.125502
2206.0,0.125238
2207.0,0.12486599999999999
2208.0,0.12420999999999999
2209.0,0.123401
2210.0,0.122654
2211.0,0.12191800000000001
2212.0,0.121363
2213.0,0.121128
2214.0,0.121082
2215.0,0.121079
2216.0,0.121154
2217.0,0.12122
2218.0,0.12124599999999999
2219.0,0.12124499999999999
2220.0,0.121181
2221.0,0.121054
2222.0,0.12103199999999999
2223.0,0.121136
2224.0,0.12136
2225.0,0.12176500000000001
2226.0,0.12232900000000001
2227.0,0.122879
2228.0,0.12342800000000001
2229.0,0.12391500000000001
2230.0,0.124238
2231.0,0.124452
2232.0,0.124671
2233.0,0.124857
2234.0,0.125146
2235.0,0.125659
2236.0,0.126322
2237.0,0.127079
2238.0,0.127964
2239.0,0.128749
2240.0,0.129363
2241.0,0.12984099999999998
2242.0,0.130116
2243.0,0.130189
2244.0,0.130302
2245.0,0.13048099999999999
2246.0,0.130748
2247.0,0.131198
2248.0,0.131776
2249.0,0.132328
2250.0,0.132904
2251.0,0.133324
2252.0,0.133388
2253.0,0.13324
2254.0,0.13308
2255.0,0.13287000000000002
2256.0,0.132731
2257.0,0.13270200000000001
2258.0,0.132779
2259.0,0.133022
2260.0,0.133409
2261.0,0.133812
2262.0,0.134244
2263.0,0.13464
2264.0,0.13495100000000002
2265.0,0.135183
2266.0,0.135247
2267.0,0.135134
2268.0,0.135014
2269.0,0.134873
2270.0,0.134834
2271.0,0.135126
2272.0,0.135681
2273.0,0.136417
2274.0,0.13741199999999998
2275.0,0.138388
2276.0,0.139087
2277.0,0.139673
2278.0,0.14035999999999998
2279.0,0.141153
2280.0,0.141789
2281.0,0.142289
2282.0,0.14246499999999998
2283.0,0.141849
2284.0,0.140623
2285.0,0.139686
2286.0,0.139041
2287.0,0.13858800000000002
2288.0,0.13841
2289.0,0.13836
2290.0,0.13811500000000002
2291.0,0.13772299999999998
2292.0,0.137605
2293.0,0.137927
2294.0,0.138393
2295.0,0.138858
2296.0,0.13933299999999998
2297.0,0.139621
2298.0,0.139723
2299.0,0.13983399999999999
2300.0,0.140086
2301.0,0.140269
2302.0,0.14019299999999998
2303.0,0.139926
2304.0,0.139465
2305.0,0.138802
2306.0,0.13794700000000001
2307.0,0.136828
2308.0,0.135627
2309.0,0.134557
2310.0,0.133576
2311.0,0.132928
2312.0,0.132692
2313.0,0.132415
2314.0,0.131791
2315.0,0.131103
2316.0,0.13062300000000002
2317.0,0.130279
2318.0,0.130072
2319.0,0.130085
2320.0,0.130002
2321.0,0.129515
2322.0,0.128957
2323.0,0.128777
2324.0,0.128838
2325.0,0.12883
2326.0,0.128778
2327.0,0.12851100000000001
2328.0,0.127766
2329.0,0.12687900000000002
2330.0,0.12634
2331.0,0.12601
2332.0,0.125714
2333.0,0.125481
2334.0,0.125172
2335.0,0.12464499999999999
2336.0,0.124061
2337.0,0.123629
2338.0,0.123292
2339.0,0.123025
2340.0,0.12285
2341.0,0.122639
2342.0,0.122354
2343.0,0.121994
2344.0,0.121486
2345.0,0.12089
2346.0,0.120386
2347.0,0.119942
2348.0,0.11975
2349.0,0.120037
2350.0,0.120227
2351.0,0.119793
2352.0,0.11904400000000001
2353.0,0.118217
2354.0,0.117264
2355.0,0.11684699999999999
2356.0,0.11717599999999999
2357.0,0.11762399999999999
2358.0,0.11787399999999999
2359.0,0.11808199999999999
2360.0,0.118209
2361.0,0.11829100000000001
2362.0,0.11866199999999999
2363.0,0.11938
2364.0,0.12008100000000001
2365.0,0.120676
2366.0,0.12121399999999999
2367.0,0.12173199999999999
2368.0,0.122157
2369.0,0.12226100000000001
2370.0,0.122082
2371.0,0.12190799999999999
2372.0,0.121722
2373.0,0.12170500000000001
2374.0,0.12205500000000001
2375.0,0.12246
2376.0,0.122585
2377.0,0.122571
2378.0,0.122583
2379.0,0.12261
2380.0,0.12263199999999999
2381.0,0.122684
2382.0,0.122624
2383.0,0.12233599999999999
2384.0,0.121914
2385.0,0.121393
2386.0,0.12081
2387.0,0.120381
2388.0,0.12007999999999999
2389.0,0.120075
2390.0,0.120448
2391.0,0.120913
2392.0,0.121304
2393.0,0.12172599999999999
2394.0,0.12223200000000001
2395.0,0.122792
2396.0,0.12337
2397.0,0.123988
2398.0,0.12436299999999999
2399.0,0.12442299999999999
2400.0,0.12434300000000001
2401.0,0.12423500000000001
2402.0,0.123927
2403.0,0.12319000000000001
2404.0,0.12224399999999999
2405.0,0.121518
2406.0,0.120938
2407.0,0.120288
2408.0,0.119544
2409.0,0.118819
2410.0,0.117961
2411.0,0.11756899999999999
2412.0,0.118352
2413.0,0.119489
2414.0,0.11996499999999999
2415.0,0.11999900000000001
2416.0,0.119329
2417.0,0.117927
2418.0,0.116539
2419.0,0.115219
2420.0,0.114107
2421.0,0.11327999999999999
2422.0,0.11277
2423.0,0.11297499999999999
2424.0,0.113251
2425.0,0.112051
2426.0,0.10988099999999999
2427.0,0.10816
2428.0,0.106793
2429.0,0.105881
2430.0,0.105443
2431.0,0.105518
2432.0,0.10653499999999999
2433.0,0.107299
2434.0,0.106562
2435.0,0.105409
2436.0,0.104718
2437.0,0.104401
2438.0,0.105341
2439.0,0.107377
2440.0,0.10902200000000001
2441.0,0.110251
2442.0,0.11101599999999999
2443.0,0.11128500000000001
2444.0,0.11091699999999999
2445.0,0.109581
2446.0,0.108037
2447.0,0.106981
2448.0,0.106171
2449.0,0.105669
2450.0,0.10543699999999999
2451.0,0.105281
2452.0,0.105214
2453.0,0.104987
2454.0,0.104588
2455.0,0.103962
2456.0,0.102805
2457.0,0.102506
2458.0,0.104088
2459.0,0.106128
2460.0,0.107996
2461.0,0.10938
2462.0,0.10903499999999999
2463.0,0.107691
2464.0,0.106766
2465.0,0.10601699999999999
2466.0,0.10565899999999999
2467.0,0.10570299999999999
2468.0,0.10572699999999999
2469.0,0.10573199999999999
2470.0,0.105566
2471.0,0.105155
2472.0,0.104579
2473.0,0.10375400000000001
2474.0,0.10301
2475.0,0.10266199999999999
2476.0,0.102508
2477.0,0.102311
2478.0,0.102344
2479.0,0.103347
2480.0,0.104956
2481.0,0.10563499999999999
2482.0,0.105603
2483.0,0.105646
2484.0,0.105716
2485.0,0.10664799999999999
2486.0,0.108657
2487.0,0.110264
2488.0,0.111181
2489.0,0.111751
2490.0,0.111977
2491.0,0.11201
2492.0,0.11196400000000001
2493.0,0.111741
2494.0,0.111171
2495.0,0.110596
2496.0,0.11051
2497.0,0.11056200000000001
2498.0,0.110267
2499.0,0.109846
2500.0,0.10966300000000001
