Data ID,Pyroxene NBPP22
Sample ID,NBPP22
Mineral Name,pyroxene
Sample Description,
Date Added,
Viewing Geometry,
Other Information,
Grain Size,
Database of Origin,MICA Files (USGS/RELAB)
Wavelength,Response
300.0,0.03545499965548515
305.0,0.03553299978375435
310.0,0.03912099823355675
315.0,0.03680500015616417
320.0,0.039709001779556274
325.0,0.041898999363183975
330.0,0.04371799901127815
335.0,0.045451998710632324
340.0,0.04781400039792061
345.0,0.052111998200416565
350.0,0.05700499936938286
355.0,0.06168600171804428
360.0,0.06704799830913544
365.0,0.07252799719572067
370.0,0.07820399850606918
375.0,0.08249200135469437
380.0,0.0868540033698082
385.0,0.09107500314712524
390.0,0.09550300240516663
395.0,0.09955199807882309
400.0,0.10502800345420837
405.0,0.10797099769115448
410.0,0.11189699918031693
415.0,0.11517699807882309
420.0,0.118476003408432
425.0,0.12057799845933914
430.0,0.12224099785089493
435.0,0.12348400056362152
440.0,0.12372899800539017
445.0,0.12359300255775452
450.0,0.12563200294971466
455.0,0.12835200130939484
460.0,0.13171499967575073
465.0,0.135220006108284
470.0,0.1387840062379837
475.0,0.14209899306297302
480.0,0.14579400420188904
485.0,0.14941099286079407
490.0,0.15306100249290466
495.0,0.15713100135326385
500.0,0.161654993891716
505.0,0.1662060022354126
510.0,0.1702979952096939
515.0,0.17600099742412567
520.0,0.18091000616550446
525.0,0.18488499522209167
530.0,0.1888969987630844
535.0,0.190993994474411
540.0,0.19300399720668793
545.0,0.19537900388240814
550.0,0.19706900417804718
555.0,0.19911600649356842
560.0,0.20056700706481934
565.0,0.201431006193161
570.0,0.20191599428653717
575.0,0.20154599845409393
580.0,0.20106400549411774
585.0,0.19987399876117706
590.0,0.1983110010623932
595.0,0.19673900306224823
600.0,0.19487899541854858
605.0,0.19270500540733337
610.0,0.19076399505138397
615.0,0.18917900323867798
620.0,0.18763600289821625
625.0,0.18618600070476532
630.0,0.18484200537204742
635.0,0.1842229962348938
640.0,0.18403099477291107
645.0,0.18408800661563873
650.0,0.1846269965171814
655.0,0.18490000069141388
660.0,0.1857600063085556
665.0,0.18613600730895996
670.0,0.18712100386619568
675.0,0.18869799375534058
680.0,0.1911650002002716
685.0,0.1919350028038025
690.0,0.19198699295520782
695.0,0.19329899549484253
700.0,0.1946060061454773
705.0,0.19664199650287628
710.0,0.19944100081920624
715.0,0.2021690011024475
720.0,0.20420999825000763
725.0,0.2058670073747635
730.0,0.2071869969367981
735.0,0.20855200290679932
740.0,0.21004599332809448
745.0,0.21160900592803955
750.0,0.21291600167751312
755.0,0.21440400183200836
760.0,0.21579299867153168
765.0,0.2175150066614151
770.0,0.21901699900627136
775.0,0.21975800395011902
780.0,0.22105899453163147
785.0,0.22288499772548676
790.0,0.22514399886131287
795.0,0.22662800550460815
800.0,0.2284809947013855
805.0,0.2311220020055771
810.0,0.23323200643062592
815.0,0.23522000014781952
820.0,0.23725099861621857
825.0,0.2389950007200241
830.0,0.24000400304794312
835.0,0.24227799475193024
840.0,0.24347899854183197
845.0,0.2441360056400299
850.0,0.2441139966249466
855.0,0.2442220002412796
860.0,0.24297699332237244
865.0,0.24160900712013245
870.0,0.23960499465465546
875.0,0.23661400377750397
880.0,0.23381200432777405
885.0,0.22941400110721588
890.0,0.22605900466442108
895.0,0.22231300175189972
900.0,0.2173759937286377
905.0,0.2130959928035736
910.0,0.2083979994058609
915.0,0.20365600287914276
920.0,0.19774800539016724
925.0,0.19306600093841553
930.0,0.1870030015707016
935.0,0.18252800405025482
940.0,0.17776499688625336
945.0,0.17315800487995148
950.0,0.168163001537323
955.0,0.1642789989709854
960.0,0.1602810025215149
965.0,0.15697099268436432
970.0,0.1534940004348755
975.0,0.15088100731372833
980.0,0.14812399446964264
985.0,0.14583300054073334
990.0,0.14364899694919586
995.0,0.14184600114822388
1000.0,0.1405709981918335
1004.9999999999999,0.13966000080108643
1010.0,0.1394360065460205
1014.9999999999999,0.13891799747943878
1020.0,0.13909000158309937
1025.0,0.1394840031862259
1030.0,0.13988199830055237
1035.0,0.14107100665569305
1040.0,0.14231300354003906
1045.0,0.14393199980258942
1050.0,0.14556899666786194
1055.0,0.14779600501060486
1060.0,0.1503860056400299
1065.0,0.1534299999475479
1070.0,0.15649700164794922
1075.0,0.1597599983215332
1080.0,0.1635189950466156
1085.0,0.1676889955997467
1090.0,0.17167000472545624
1095.0,0.17622700333595276
1100.0,0.18111500144004822
1105.0,0.18574999272823334
1110.0,0.19080999493598938
1115.0,0.19566699862480164
1120.0,0.20081700384616852
1125.0,0.20616500079631805
1130.0,0.2112630009651184
1135.0,0.2161089926958084
1140.0,0.22085599601268768
1145.0,0.22614799439907074
1150.0,0.23070600628852844
1155.0,0.23524600267410278
1160.0,0.23986299335956573
1165.0,0.2440049946308136
1170.0,0.24891600012779236
1175.0,0.2527160048484802
1180.0,0.25665199756622314
1185.0,0.2606399953365326
1190.0,0.26424598693847656
1195.0,0.2676999866962433
1200.0,0.2718290090560913
1205.0,0.27519699931144714
1210.0,0.2779279947280884
1215.0,0.2813990116119385
1220.0,0.2842009961605072
1225.0,0.2871110141277313
1230.0,0.2904140055179596
1235.0,0.2932650148868561
1240.0,0.2956799864768982
1245.0,0.2987790107727051
1250.0,0.3019849956035614
1255.0,0.30466800928115845
1260.0,0.30755698680877686
1265.0,0.309904009103775
1270.0,0.3126170039176941
1275.0,0.31532299518585205
1280.0,0.3173370063304901
1285.0,0.32024499773979187
1290.0,0.3230699896812439
1295.0,0.32537001371383667
1300.0,0.3277660012245178
1305.0,0.3304609954357147
1310.0,0.3326970040798187
1315.0,0.3355279862880707
1320.0,0.3379879891872406
1325.0,0.3401130139827728
1330.0,0.3426400125026703
1335.0,0.34489598870277405
1340.0,0.34758299589157104
1345.0,0.3496530055999756
1350.0,0.3514710068702698
1355.0,0.353751003742218
1360.0,0.35426899790763855
1365.0,0.35749199986457825
1370.0,0.3595379889011383
1375.0,0.3626770079135895
1380.0,0.3633889853954315
1385.0,0.36609798669815063
1390.0,0.36855900287628174
1395.0,0.37006399035453796
1400.0,0.37188100814819336
1405.0,0.3742179870605469
1410.0,0.37693101167678833
1415.0,0.37903401255607605
1420.0,0.38044801354408264
1425.0,0.3824079930782318
1430.0,0.3840239942073822
1435.0,0.38596901297569275
1440.0,0.38753199577331543
1445.0,0.3894369900226593
1450.0,0.39121800661087036
1455.0,0.39330801367759705
1460.0,0.39445099234580994
1465.0,0.3961719870567322
1470.0,0.39753401279449463
1475.0,0.39894700050354004
1480.0,0.40098899602890015
1485.0,0.4019399881362915
1490.0,0.4035860002040863
1495.0,0.40436699986457825
1500.0,0.40713900327682495
1505.0,0.40823400020599365
1510.0,0.4093799889087677
1515.0,0.4108160138130188
1520.0,0.41229599714279175
1525.0,0.4137530028820038
1530.0,0.4144209921360016
1535.0,0.41505300998687744
1540.0,0.41666701436042786
1545.0,0.4179159998893738
1550.0,0.41887199878692627
1555.0,0.41930800676345825
1560.0,0.4201059937477112
1565.0,0.42164701223373413
1570.0,0.42247799038887024
1575.0,0.423209011554718
1580.0,0.42437899112701416
1585.0,0.4251689910888672
1590.0,0.4258919954299927
1595.0,0.4262259900569916
1600.0,0.427293986082077
1605.0,0.4273020029067993
1610.0,0.4288389980792999
1615.0,0.42936500906944275
1620.0,0.429282009601593
1625.0,0.42896801233291626
1630.0,0.4290210008621216
1635.0,0.42910799384117126
1640.0,0.42964300513267517
1645.0,0.4307279884815216
1650.0,0.4308690130710602
1655.0,0.4317150115966797
1660.0,0.4297049939632416
1665.0,0.4314970076084137
1670.0,0.4314950108528137
1675.0,0.431100994348526
1680.0,0.4313090145587921
1685.0,0.431425005197525
1690.0,0.43062201142311096
1695.0,0.43097999691963196
1700.0,0.4312869906425476
1705.0,0.4302769899368286
1710.0,0.43078601360321045
1715.0,0.4300520122051239
1720.0,0.4298830032348633
1725.0,0.42947301268577576
1730.0,0.4292829930782318
1735.0,0.4295090138912201
1740.0,0.4283120036125183
1745.0,0.42653799057006836
1750.0,0.4265120029449463
1755.0,0.4260469973087311
1760.0,0.4247399866580963
1765.0,0.42452099919319153
1770.0,0.4233640134334564
1775.0,0.4226610064506531
1780.0,0.4217100143432617
1785.0,0.4203619956970215
1790.0,0.41934698820114136
1795.0,0.4185490012168884
1800.0,0.4178740084171295
1805.0,0.4163129925727844
1810.0,0.4158119857311249
1815.0,0.4142169952392578
1820.0,0.4130910038948059
1825.0,0.41193899512290955
1830.0,0.41057100892066956
1835.0,0.4079810082912445
1840.0,0.40779900550842285
1845.0,0.4073910117149353
1850.0,0.4057289958000183
1855.0,0.4042859971523285
1860.0,0.4031279981136322
1865.0,0.40112099051475525
1870.0,0.3970780074596405
1875.0,0.3993709981441498
1880.0,0.398842990398407
1885.0,0.39660701155662537
1890.0,0.3944149911403656
1895.0,0.3925819993019104
1900.0,0.3902130126953125
1905.0,0.38922399282455444
1910.0,0.3875109851360321
1915.0,0.3866179883480072
1920.0,0.3843739926815033
1925.0,0.3829289972782135
1930.0,0.3813839852809906
1935.0,0.3801249861717224
1940.0,0.3786120116710663
1945.0,0.3771199882030487
1950.0,0.3752860128879547
1955.0,0.37409698963165283
1960.0,0.3714979887008667
1965.0,0.37035998702049255
1970.0,0.3684520125389099
1975.0,0.36656901240348816
1980.0,0.36475899815559387
1985.0,0.36306899785995483
1990.0,0.3615629971027374
1995.0,0.36008700728416443
2000.0,0.3582310080528259
2005.0,0.35662201046943665
2009.9999999999998,0.35516199469566345
2015.0000000000002,0.35321399569511414
2020.0,0.3521139919757843
2025.0,0.3501819968223572
2029.9999999999998,0.347898006439209
2035.0000000000002,0.34671899676322937
2040.0,0.3450070023536682
2045.0,0.3435640037059784
2050.0,0.3418929874897003
2055.0,0.3405590057373047
2060.0,0.3389909863471985
2065.0,0.33730798959732056
2070.0,0.33542200922966003
2075.0,0.3342449963092804
2080.0,0.3333750069141388
2085.0,0.33165499567985535
2090.0,0.33002200722694397
2095.0,0.32895299792289734
2100.0,0.3271630108356476
2105.0,0.32551300525665283
2110.0,0.3242169916629791
2115.0,0.32364100217819214
2120.0,0.3221549987792969
2125.0,0.32143300771713257
2130.0,0.3205310106277466
2135.0,0.3187829852104187
2140.0,0.3176330029964447
2145.0,0.3166320025920868
2150.0,0.31549200415611267
2155.0,0.3146060109138489
2160.0,0.31306999921798706
2165.0,0.3117460012435913
2170.0,0.31088098883628845
2175.0,0.30946800112724304
2180.0,0.30845099687576294
2185.0,0.30681800842285156
2190.0,0.3057830035686493
2195.0,0.3049919903278351
2200.0,0.3049300014972687
2205.0,0.3030110001564026
2210.0,0.30353298783302307
2215.0,0.3021849989891052
2220.0,0.30146101117134094
2225.0,0.3010059893131256
2230.0,0.3009909987449646
2235.0,0.30036601424217224
2240.0,0.29989299178123474
2245.0,0.2997469902038574
2250.0,0.2987329959869385
2255.0,0.2988469898700714
2260.0,0.29973599314689636
2265.0,0.2991360127925873
2270.0,0.29879000782966614
2275.0,0.29902100563049316
2280.0,0.29854199290275574
2285.0,0.29899799823760986
2290.0,0.3003869950771332
2295.0,0.30128198862075806
2300.0,0.2996320128440857
2305.0,0.30072900652885437
2310.0,0.30137598514556885
2315.0,0.3017059862613678
2320.0,0.3016839921474457
2325.0,0.30225899815559387
2330.0,0.30330199003219604
2335.0,0.3048959970474243
2340.0,0.30518200993537903
2345.0,0.3065750002861023
2350.0,0.30698901414871216
2355.0,0.3091689944267273
2360.0,0.31077298521995544
2365.0,0.31183600425720215
2370.0,0.3122049868106842
2375.0,0.31251901388168335
2380.0,0.31397899985313416
2385.0,0.31573599576950073
2390.0,0.31719499826431274
2395.0,0.3190560042858124
2400.0,0.3195280134677887
2405.0,0.3206700086593628
2410.0,0.32233598828315735
2415.0,0.32401299476623535
2420.0,0.32691699266433716
2425.0,0.32810699939727783
2430.0,0.33007699251174927
2435.0,0.33185601234436035
2440.0,0.33400601148605347
2445.0,0.3366110026836395
2450.0,0.34022799134254456
2455.0,0.3418219983577728
2460.0,0.34291499853134155
2465.0,0.3448469936847687
2470.0,0.3472679853439331
2475.0,0.3496359884738922
2480.0,0.3517509996891022
2485.0,0.3542869985103607
2490.0,0.35763901472091675
2495.0,0.3605310022830963
2500.0,0.3631410002708435
2505.0,0.36469799280166626
2510.0,0.36754199862480164
2515.0,0.3705599904060364
2520.0,0.3733539879322052
2525.0,0.37589600682258606
2530.0,0.37955600023269653
2531.32,0.38064852356910706
2532.55,0.3816664218902588
2533.7900000000004,0.3826926350593567
2535.0299999999997,0.38370680809020996
2536.27,0.3842397928237915
2537.51,0.38477274775505066
2538.75,0.3853057324886322
2540.0,0.3858430087566376
2541.2400000000002,0.3863290250301361
2542.49,0.3868190050125122
2543.7400000000002,0.3876200020313263
2544.99,0.38766399025917053
2546.2400000000002,0.3879149854183197
2547.49,0.3886510133743286
2548.74,0.389398992061615
2549.9900000000002,0.3894509971141815
2551.25,0.39036399126052856
2552.5,0.3911210000514984
2553.76,0.39168500900268555
2555.02,0.391402006149292
2556.28,0.3919050097465515
2557.54,0.3924869894981384
2558.8,0.3929780125617981
2560.07,0.3940730094909668
2561.33,0.3958039879798889
2562.6000000000004,0.39625999331474304
2563.86,0.39600300788879395
2565.13,0.3963969945907593
2566.3999999999996,0.3959900140762329
2567.67,0.3966839909553528
2568.9500000000003,0.39831700921058655
2570.22,0.3997420072555542
2571.5,0.3988710045814514
2572.77,0.3991140127182007
2574.05,0.4015350043773651
2575.33,0.4004270136356354
2576.61,0.40108200907707214
2577.89,0.40258198976516724
2579.17,0.4017060101032257
2580.46,0.4025070071220398
2581.74,0.40424400568008423
2583.0299999999997,0.4042310118675232
2584.31,0.4063040018081665
2585.6,0.40537700057029724
2586.89,0.4052389860153198
2588.19,0.40726199746131897
2589.48,0.40684598684310913
2590.77,0.40684399008750916
2592.07,0.40706899762153625
2593.36,0.40909498929977417
2594.6600000000003,0.41263899207115173
2595.96,0.41317999362945557
2597.2599999999998,0.40829598903656006
2598.56,0.40863800048828125
2599.8700000000003,0.40995699167251587
2601.17,0.41166800260543823
2602.48,0.4128809869289398
2603.78,0.41350701451301575
2605.09,0.4148319959640503
2606.3999999999996,0.4155920147895813
2607.71,0.4140779972076416
2609.03,0.4144589900970459
2610.3399999999997,0.415475994348526
2611.6600000000003,0.4155539870262146
2612.97,0.4160520136356354
2614.29,0.4172399938106537
2615.61,0.4173179864883423
2616.93,0.4200479984283447
2618.25,0.41994601488113403
2619.57,0.4182650148868561
2620.8999999999996,0.42076799273490906
2622.22,0.4196079969406128
2623.5499999999997,0.4189069867134094
2624.88,0.4205709993839264
2626.21,0.42194199562072754
2627.5400000000004,0.42369499802589417
2628.87,0.4217030107975006
2630.21,0.4238939881324768
2631.5400000000004,0.4254100024700165
2632.88,0.42277300357818604
2634.21,0.42430800199508667
2635.5499999999997,0.4247879981994629
2636.8900000000003,0.4244079887866974
2638.2400000000002,0.4253750145435333
2639.58,0.4257180094718933
2640.92,0.4262869954109192
2642.27,0.4268690049648285
2643.62,0.427388995885849
2644.97,0.4278239905834198
2646.3199999999997,0.4294550120830536
2647.67,0.428864985704422
2649.02,0.42884698510169983
2650.38,0.4294640123844147
2651.73,0.43053698539733887
2653.09,0.43189001083374023
2654.4500000000003,0.4311240017414093
2655.81,0.43132999539375305
2657.1699999999996,0.4320090115070343
2658.5299999999997,0.4319649934768677
2659.89,0.43407198786735535
2661.2599999999998,0.43415799736976624
2662.63,0.434112012386322
2664.0,0.4345960021018982
2665.36,0.4375320076942444
2666.74,0.4377410113811493
2668.11,0.43647500872612
2669.48,0.43537700176239014
2670.8599999999997,0.43986499309539795
2672.23,0.43681800365448
2673.61,0.43479299545288086
2674.9900000000002,0.4372909963130951
2676.37,0.4395639896392822
2677.76,0.44058799743652344
2679.14,0.4388599991798401
2680.52,0.4385949969291687
2681.91,0.4373469948768616
2683.3,0.4386900067329407
2684.6899999999996,0.43938499689102173
2686.08,0.43921199440956116
2687.47,0.4397050142288208
2688.87,0.43941599130630493
2690.2599999999998,0.4396040141582489
2691.6600000000003,0.4395909905433655
2693.06,0.4409089982509613
2694.46,0.442564994096756
2695.86,0.44144299626350403
2697.26,0.4398449957370758
2698.66,0.4393559992313385
2700.07,0.44014400243759155
2701.48,0.4419269859790802
2702.89,0.4420419931411743
2704.2999999999997,0.44127899408340454
2705.71,0.4419189989566803
2707.1200000000003,0.4423460066318512
2708.53,0.443462997674942
2709.9500000000003,0.44521400332450867
2711.37,0.44618698954582214
2712.79,0.44396600127220154
2714.21,0.44251400232315063
2715.63,0.4440850019454956
2717.05,0.44473400712013245
2718.48,0.44589298963546753
2719.9,0.4468330144882202
2721.33,0.4493120014667511
2722.76,0.4454219937324524
2724.19,0.4457930028438568
2725.6200000000003,0.44763898849487305
2727.06,0.4449020028114319
2728.49,0.44441500306129456
2729.93,0.44494199752807617
2731.37,0.44495901465415955
2732.8100000000004,0.4448130130767822
2734.25,0.4451189935207367
2735.69,0.4461100101470947
2737.1400000000003,0.4440380036830902
2738.58,0.44461798667907715
2740.0299999999997,0.4472520053386688
2741.48,0.44587498903274536
2742.93,0.44294100999832153
2744.38,0.44117501378059387
2745.8300000000004,0.441536009311676
2747.29,0.44144299626350403
2748.75,0.4410420060157776
2750.2,0.4409410059452057
2751.6600000000003,0.44090700149536133
2753.13,0.4408780038356781
2754.5899999999997,0.44115298986434937
2756.05,0.44340598583221436
2757.52,0.4396969974040985
2758.99,0.43725600838661194
2760.46,0.4379799962043762
2761.93,0.4391539990901947
2763.3999999999996,0.44025400280952454
2764.8700000000003,0.4388110041618347
2766.35,0.4377470016479492
2767.82,0.4386810064315796
2769.2999999999997,0.4383780062198639
2770.7799999999997,0.4382320046424866
2772.26,0.4383400082588196
2773.75,0.4369080066680908
2775.23,0.4365899860858917
2776.7200000000003,0.43712499737739563
2778.21,0.43730899691581726
2779.7000000000003,0.4369400143623352
2781.19,0.4371959865093231
2782.68,0.4375390112400055
2784.1800000000003,0.4371269941329956
2785.67,0.4372430145740509
2787.17,0.43870601058006287
2788.67,0.4386439919471741
2790.1699999999996,0.4368489980697632
2791.67,0.4366390109062195
2793.18,0.43702998757362366
2794.68,0.43720099329948425
2796.19,0.4371449947357178
2797.7,0.43718698620796204
2799.21,0.4370749890804291
2800.7200000000003,0.43698200583457947
2802.24,0.4376260042190552
2803.75,0.4386439919471741
2805.27,0.43732398748397827
2806.79,0.4359019994735718
2808.31,0.43585801124572754
2809.83,0.4360100030899048
2811.35,0.4356670081615448
2812.8799999999997,0.4354569911956787
2814.41,0.43535101413726807
2815.93,0.4352239966392517
2817.46,0.4345720112323761
2819.0,0.43447399139404297
2820.53,0.4342159926891327
2822.07,0.4332840144634247
2823.6,0.4324209988117218
2825.1400000000003,0.4321269989013672
2826.6800000000003,0.43184301257133484
2828.22,0.4314340054988861
2829.77,0.43085798621177673
2831.3100000000004,0.4303179979324341
2832.86,0.4299980103969574
2834.4100000000003,0.4299890100955963
2835.96,0.42965200543403625
2837.5099999999998,0.42910999059677124
2839.07,0.42885300517082214
2840.62,0.4284999966621399
2842.18,0.4281559884548187
2843.74,0.42814499139785767
2845.2999999999997,0.42821601033210754
2846.86,0.42826300859451294
2848.43,0.4283129870891571
2849.9900000000002,0.428629994392395
2851.56,0.4284859895706177
2853.13,0.42863398790359497
2854.7,0.42911699414253235
2856.27,0.42915698885917664
2857.85,0.4290440082550049
2859.42,0.42931199073791504
2861.0,0.4297280013561249
2862.58,0.4299759864807129
2864.16,0.42990198731422424
2865.75,0.42996901273727417
2867.33,0.4303489923477173
2868.92,0.4306659996509552
2870.5099999999998,0.4306719899177551
2872.1,0.43101298809051514
2873.69,0.43108901381492615
2875.28,0.4310460090637207
2876.88,0.4312640130519867
2878.48,0.43148499727249146
2880.0699999999997,0.4313940107822418
2881.68,0.4315840005874634
2883.28,0.43172401189804077
2884.88,0.43176400661468506
2886.49,0.4319010078907013
2888.1,0.43222200870513916
2889.71,0.43228399753570557
2891.3199999999997,0.4322519898414612
2892.93,0.4323430061340332
2894.55,0.43258899450302124
2896.16,0.43279001116752625
2897.78,0.4329119920730591
2899.4,0.4331600069999695
2901.03,0.433584988117218
2902.65,0.43368199467658997
2904.2799999999997,0.43375900387763977
2905.91,0.4341509938240051
2907.54,0.4342690110206604
2909.17,0.43443000316619873
2910.8,0.4345250129699707
2912.44,0.4345340132713318
2914.07,0.43487098813056946
2915.7099999999996,0.43519601225852966
2917.35,0.43540799617767334
2918.99,0.43564900755882263
2920.6400000000003,0.4359529912471771
2922.29,0.43622300028800964
2923.93,0.43659400939941406
2925.58,0.4367560148239136
2927.24,0.4369969964027405
2928.89,0.4371809959411621
2930.55,0.4374909996986389
2932.2,0.43760600686073303
2933.86,0.43772101402282715
2935.52,0.43796399235725403
2937.19,0.43828698992729187
2938.85,0.4384549856185913
2940.52,0.4385190010070801
2942.19,0.4386630058288574
2943.86,0.4391860067844391
2945.53,0.43940499424934387
2947.21,0.43962401151657104
2948.88,0.4397970139980316
2950.56,0.4398449957370758
2952.2400000000002,0.4400880038738251
2953.92,0.44041600823402405
2955.61,0.4406990110874176
2957.29,0.44091400504112244
2958.98,0.44105300307273865
2960.67,0.44115498661994934
2962.3599999999997,0.4414139986038208
2964.06,0.4416469931602478
2965.75,0.44177499413490295
2967.45,0.4418390095233917
2969.15,0.44181200861930847
2970.85,0.44196298718452454
2972.55,0.44228601455688477
2974.26,0.44262000918388367
2975.97,0.4428040087223053
2977.68,0.44306498765945435
2979.39,0.44338101148605347
2981.1,0.44352900981903076
2982.8199999999997,0.4435650110244751
2984.5299999999997,0.44362300634384155
2986.25,0.44363099336624146
2987.97,0.44383299350738525
2989.7,0.4439789950847626
2991.42,0.44426900148391724
2993.15,0.4443950057029724
2994.88,0.4445030093193054
2996.61,0.44463199377059937
2998.3399999999997,0.44499000906944275
3000.08,0.4451180100440979
3001.8199999999997,0.4452759921550751
3003.55,0.4453530013561249
3005.3,0.44559600949287415
3007.04,0.4458160102367401
3008.7799999999997,0.4459240138530731
3010.53,0.44606301188468933
3012.28,0.4463140070438385
3014.03,0.4464389979839325
3015.79,0.44670701026916504
3017.54,0.4468890130519867
3019.2999999999997,0.44701701402664185
3021.06,0.4470280110836029
3022.8199999999997,0.44718098640441895
3024.58,0.44710400700569153
3026.35,0.44703200459480286
3028.12,0.4472920000553131
3029.89,0.4476679861545563
3031.66,0.4477649927139282
3033.4300000000003,0.44784000515937805
3035.21,0.4479469954967499
3036.99,0.4481639862060547
3038.77,0.44816601276397705
3040.55,0.4483009874820709
3042.3300000000004,0.44849300384521484
3044.12,0.4486970007419586
3045.9100000000003,0.4488939940929413
3047.7,0.4490489959716797
3049.4900000000002,0.44899600744247437
3051.29,0.44916200637817383
3053.08,0.44926100969314575
3054.8799999999997,0.4494450092315674
3056.6800000000003,0.449550986289978
3058.49,0.4494979977607727
3060.29,0.44960400462150574
3062.1,0.4499939978122711
3063.91,0.45020198822021484
3065.72,0.4503139853477478
3067.54,0.4504449963569641
3069.35,0.4507170021533966
3071.17,0.45085400342941284
3072.99,0.450980007648468
3074.81,0.4511150121688843
3076.64,0.45122799277305603
3078.47,0.45132601261138916
3080.2900000000004,0.45151200890541077
3082.1299999999997,0.45176199078559875
3083.96,0.45192500948905945
3085.79,0.4521310031414032
3087.6299999999997,0.4523549973964691
3089.47,0.45248499512672424
3091.31,0.4525600075721741
3093.1600000000003,0.45257100462913513
3095.0099999999998,0.45278000831604004
3096.85,0.4530180096626282
3098.71,0.45326900482177734
3100.5600000000004,0.45344600081443787
3102.41,0.4537070095539093
3104.27,0.45388099551200867
3106.1299999999997,0.4540500044822693
3107.9900000000002,0.45413199067115784
3109.8599999999997,0.4543040096759796
3111.73,0.4545080065727234
3113.5899999999997,0.454708993434906
3115.4700000000003,0.4548659920692444
3117.34,0.45514100790023804
3119.21,0.45524299144744873
3121.09,0.45541998744010925
3122.97,0.45563599467277527
3124.86,0.45593899488449097
3126.74,0.4560660123825073
3128.6299999999997,0.45625999569892883
3130.52,0.4563489854335785
3132.4100000000003,0.4566029906272888
3134.3,0.45671001076698303
3136.2000000000003,0.45694398880004883
3138.1,0.4571790099143982
3140.0,0.4573889970779419
3141.9,0.4575130045413971
3143.8100000000004,0.45760801434516907
3145.7099999999996,0.457738995552063
3147.62,0.4580259919166565
3149.54,0.45820099115371704
3151.4500000000003,0.4584220051765442
3153.37,0.45857998728752136
3155.29,0.4587700068950653
3157.21,0.4589430093765259
3159.13,0.45910000801086426
3161.06,0.4592610001564026
3162.9900000000002,0.459522008895874
3164.92,0.45967501401901245
3166.8500000000004,0.45986101031303406
3168.79,0.4599359929561615
3170.7200000000003,0.46006399393081665
3172.67,0.4600760042667389
3174.61,0.4602699875831604
3176.55,0.4605950117111206
3178.5,0.46087199449539185
3180.45,0.4610379934310913
3182.4,0.4613170027732849
3184.3599999999997,0.4613040089607239
3186.3199999999997,0.4613350033760071
3188.27,0.46158701181411743
3190.2400000000002,0.4619080126285553
3192.2000000000003,0.46207600831985474
3194.17,0.4621889889240265
3196.1400000000003,0.4623369872570038
3198.1099999999997,0.46264201402664185
3200.08,0.46281498670578003
3202.06,0.46306100487709045
3204.04,0.46317198872566223
3206.02,0.4631649851799011
3208.0,0.4632050096988678
3209.99,0.46331799030303955
3211.98,0.4635680019855499
3213.9700000000003,0.4638749957084656
3215.96,0.46406498551368713
3217.96,0.46413901448249817
3219.96,0.4642849862575531
3221.96,0.46460700035095215
3223.96,0.4647670090198517
3225.97,0.4648270010948181
3227.98,0.4649659991264343
3229.99,0.46526700258255005
3232.0,0.46540001034736633
3234.02,0.4654819965362549
3236.04,0.4654749929904938
3238.06,0.465595006942749
3240.08,0.4657140076160431
3242.1099999999997,0.4658089876174927
3244.14,0.46588000655174255
3246.17,0.46611401438713074
3248.2000000000003,0.46609699726104736
3250.24,0.46617400646209717
3252.2799999999997,0.466390997171402
3254.3199999999997,0.46670499444007874
3256.37,0.46683400869369507
3258.41,0.46700000762939453
3260.46,0.46706199645996094
3262.5099999999998,0.4672209918498993
3264.57,0.46736499667167664
3266.63,0.46752598881721497
3268.69,0.467602014541626
3270.75,0.46769899129867554
3272.8100000000004,0.46774500608444214
3274.88,0.4679029881954193
3276.95,0.467943012714386
3279.02,0.46804898977279663
3281.1,0.46817201375961304
3283.1800000000003,0.46827200055122375
3285.26,0.46825700998306274
3287.34,0.46834900975227356
3289.43,0.4684849977493286
3291.51,0.46870100498199463
3293.61,0.46881601214408875
3295.7000000000003,0.4688369929790497
3297.8,0.46882298588752747
3299.9,0.46901801228523254
3302.0,0.46895599365234375
3304.1,0.46909299492836
3306.21,0.4692319929599762
3308.32,0.469292014837265
3310.4300000000003,0.46923699975013733
3312.5499999999997,0.46925899386405945
3314.66,0.46932798624038696
3316.79,0.46937400102615356
3318.91,0.4692769944667816
3321.0299999999997,0.4693250060081482
3323.1600000000003,0.46945101022720337
3325.29,0.4696289896965027
3327.4300000000003,0.46966901421546936
3329.5699999999997,0.4697529971599579
3331.71,0.46975499391555786
3333.85,0.46974998712539673
3335.99,0.46968400478363037
3338.1400000000003,0.46963798999786377
3340.29,0.4695360064506531
3342.45,0.4694559872150421
3344.6,0.4693650007247925
3346.76,0.4694649875164032
3348.92,0.46942099928855896
3351.09,0.46936100721359253
3353.26,0.4692479968070984
3355.4300000000003,0.46904900670051575
3357.6000000000004,0.46894899010658264
3359.78,0.4688990116119385
3361.96,0.4686880111694336
3364.14,0.4685269892215729
3366.32,0.46838700771331787
3368.51,0.4682239890098572
3370.7,0.4679949879646301
3372.89,0.4678559899330139
3375.09,0.4677869975566864
3377.29,0.4678179919719696
3379.4900000000002,0.46779900789260864
3381.69,0.46799299120903015
3383.9,0.46818599104881287
3386.11,0.46839600801467896
3388.32,0.46843400597572327
3390.54,0.46855801343917847
3392.76,0.46846500039100647
3394.98,0.4682610034942627
3397.21,0.46803098917007446
3399.4300000000003,0.4679509997367859
3401.6600000000003,0.46787598729133606
3403.9,0.4677560031414032
3406.13,0.46761101484298706
3408.3700000000003,0.4676310122013092
3410.61,0.4676859974861145
3412.8599999999997,0.46759501099586487
3415.1099999999997,0.46746501326560974
3417.36,0.46762800216674805
3419.61,0.467862993478775
3421.8700000000003,0.4682149887084961
3424.13,0.46858400106430054
3426.39,0.4689759910106659
3428.66,0.4691689908504486
3430.93,0.46942099928855896
3433.2,0.46953099966049194
3435.48,0.46978598833084106
3437.7599999999998,0.4700779914855957
3440.0400000000004,0.4703429937362671
3442.32,0.47056201100349426
3444.61,0.4706510007381439
3446.8999999999996,0.47071999311447144
3449.19,0.47093701362609863
3451.4900000000002,0.47105398774147034
3453.79,0.4710629880428314
3456.09,0.47106099128723145
3458.4,0.47113099694252014
3460.7000000000003,0.47120600938796997
3463.0200000000004,0.47132599353790283
3465.33,0.47127699851989746
3467.65,0.47114700078964233
3469.97,0.471015989780426
3472.29,0.47097599506378174
3474.62,0.4708920121192932
3476.95,0.470907986164093
3479.2900000000004,0.47086599469184875
3481.62,0.47078201174736023
3483.96,0.4708330035209656
3486.3,0.471000999212265
3488.6499999999996,0.4710580110549927
3491.0,0.4711349904537201
3493.35,0.4712289869785309
3495.71,0.47141700983047485
3498.0699999999997,0.4714449942111969
3500.4300000000003,0.4716379940509796
3502.79,0.4718970060348511
3505.16,0.4722769856452942
3507.53,0.4726560115814209
3509.9100000000003,0.47320300340652466
3512.29,0.47370898723602295
3514.67,0.474139004945755
3517.0499999999997,0.47455498576164246
3519.44,0.4749490022659302
3521.83,0.47510799765586853
3524.23,0.4752799868583679
3526.62,0.47555699944496155
3529.02,0.4759509861469269
3531.43,0.4762449860572815
3533.83,0.4766170084476471
3536.24,0.47682899236679077
3538.6600000000003,0.4770289957523346
3541.08,0.4771279990673065
3543.5,0.47733598947525024
3545.92,0.4776409864425659
3548.35,0.47797098755836487
3550.78,0.4782480001449585
3553.21,0.478628009557724
3555.65,0.47889000177383423
3558.09,0.47918900847435
3560.5299999999997,0.47939398884773254
3562.98,0.47965699434280396
3565.4300000000003,0.4799250066280365
3567.88,0.4801889955997467
3570.3399999999997,0.4803769886493683
3572.8,0.48059800267219543
3575.27,0.48073700070381165
3577.73,0.48101601004600525
3580.2000000000003,0.48122599720954895
3582.68,0.48142099380493164
3585.1600000000003,0.4814629852771759
3587.64,0.4815959930419922
3590.1200000000003,0.4817869961261749
3592.61,0.4820230007171631
3595.1,0.4820390045642853
3597.6,0.48205798864364624
3600.0899999999997,0.4821540117263794
3602.6,0.4823969900608063
3605.1000000000004,0.4825429916381836
3607.61,0.48273399472236633
3610.1200000000003,0.48291900753974915
3612.64,0.4831160008907318
3615.16,0.48316898941993713
3617.68,0.483242005109787
3620.21,0.48333999514579773
3622.74,0.48357000946998596
3625.27,0.4836939871311188
3627.8100000000004,0.4838689863681793
3630.35,0.4839479923248291
3632.8900000000003,0.4840790033340454
3635.44,0.48412999510765076
3637.99,0.48423001170158386
3640.54,0.484281986951828
3643.1,0.4844900071620941
3645.66,0.4846569895744324
3648.23,0.48471200466156006
3650.7999999999997,0.48468101024627686
3653.37,0.4848650097846985
3655.95,0.4849790036678314
3658.5299999999997,0.4851830005645752
3661.1099999999997,0.48532500863075256
3663.7,0.48548901081085205
3666.29,0.48563501238822937
3668.8900000000003,0.4857589900493622
3671.48,0.4858430027961731
3674.09,0.4860660135746002
3676.6899999999996,0.4861389994621277
3679.3,0.4863100051879883
3681.91,0.4864160120487213
3684.53,0.4866189956665039
3687.15,0.4866900146007538
3689.7799999999997,0.48682498931884766
3692.4,0.48697999119758606
3695.04,0.4871860146522522
3697.67,0.48718100786209106
3700.31,0.487296998500824
3702.95,0.4874249994754791
3705.6,0.4876370131969452
3708.25,0.4877389967441559
3710.9100000000003,0.4879010021686554
3713.5600000000004,0.4879409968852997
3716.23,0.48802700638771057
3718.89,0.48809799551963806
3721.5600000000004,0.48819899559020996
3724.23,0.4882569909095764
3726.9100000000003,0.48837700486183167
3729.59,0.4883610010147095
3732.2799999999997,0.48841598629951477
3734.9700000000003,0.4884519875049591
3737.66,0.488647997379303
3740.36,0.48878398537635803
3743.06,0.4888969957828522
3745.76,0.48899200558662415
3748.4700000000003,0.4891729950904846
3751.1800000000003,0.4892440140247345
3753.8999999999996,0.4893519878387451
3756.62,0.4894059896469116
3759.3399999999997,0.48954299092292786
3762.07,0.48956501483917236
3764.8,0.48964399099349976
3767.54,0.4896950125694275
3770.28,0.48976999521255493
3773.02,0.4897550046443939
3775.77,0.4899140000343323
3778.52,0.4899759888648987
3781.28,0.4900760054588318
3784.04,0.4900600016117096
3786.7999999999997,0.490213006734848
3789.5699999999997,0.4902400076389313
3792.3399999999997,0.4903390109539032
3795.12,0.49034398794174194
3797.8999999999996,0.4904080033302307
3800.69,0.4905009865760803
3803.47,0.49065101146698
3806.27,0.49064901471138
3809.06,0.49065300822257996
3811.8599999999997,0.49063798785209656
3814.67,0.49080199003219604
3817.48,0.49082401394844055
3820.29,0.49092400074005127
3823.1099999999997,0.491005003452301
3825.93,0.4911009967327118
3828.7599999999998,0.4911139905452728
3831.5899999999997,0.4911380112171173
3834.42,0.4910939931869507
3837.26,0.4911780059337616
3840.1,0.49118900299072266
3842.9500000000003,0.49131301045417786
3845.8,0.49132001399993896
3848.65,0.491441011428833
3851.51,0.4914970099925995
3854.38,0.4915649890899658
3857.24,0.4915899932384491
3860.1200000000003,0.49169400334358215
3862.99,0.49169400334358215
3865.8700000000003,0.4917199909687042
3868.7599999999998,0.49164000153541565
3871.6499999999996,0.4917689859867096
3874.54,0.4918400049209595
3877.44,0.4919610023498535
3880.3399999999997,0.4919329881668091
3883.25,0.49201700091362
3886.16,0.49205198884010315
3889.0699999999997,0.4920809864997864
3891.99,0.49201399087905884
3894.92,0.4920920133590698
3897.85,0.4921559989452362
3900.78,0.49227800965309143
3903.72,0.49227800965309143
3906.66,0.4923489987850189
3909.6000000000004,0.4923129975795746
3912.55,0.49235299229621887
3915.5099999999998,0.49233800172805786
3918.4700000000003,0.4923509955406189
3921.43,0.4923799932003021
3924.4,0.49247899651527405
3927.3799999999997,0.49250099062919617
3930.35,0.4925450086593628
3933.3300000000004,0.49243101477622986
3936.3199999999997,0.492374986410141
3939.31,0.49240198731422424
3942.31,0.4924609959125519
3945.31,0.49241700768470764
3948.3100000000004,0.4924350082874298
3951.32,0.4923569858074188
3954.34,0.4923659861087799
3957.35,0.4923439919948578
3960.3799999999997,0.49240800738334656
3963.4100000000003,0.49233999848365784
3966.44,0.4923819899559021
3969.48,0.4923129975795746
3972.52,0.4922800064086914
3975.5600000000004,0.49223101139068604
3978.61,0.49226701259613037
3981.6699999999996,0.4921489953994751
3984.73,0.49210700392723083
3987.8,0.49202999472618103
3990.8700000000003,0.4920719861984253
3993.9399999999996,0.49200499057769775
3997.02,0.49200499057769775
4000.1,0.49198099970817566
4003.19,0.49199700355529785
4006.29,0.49194198846817017
4009.39,0.49191901087760925
4012.49,0.49184900522232056
4015.6,0.49185898900032043
4018.7099999999996,0.4917750060558319
4021.8299999999995,0.4917620122432709
4024.9499999999994,0.49163201451301575
4028.08,0.49161601066589355
4031.2099999999996,0.49157801270484924
4034.35,0.4915919899940491
4037.4900000000002,0.4914970099925995
4040.64,0.49147701263427734
4043.7900000000004,0.49137499928474426
4046.94,0.4913310110569
4050.11,0.49128198623657227
4053.2700000000004,0.4912619888782501
4056.44,0.4911069869995117
4059.62,0.49101701378822327
4062.8,0.490898996591568
4065.9900000000002,0.4909369945526123
4069.1800000000003,0.49083301424980164
4072.38,0.4907599985599518
4075.5800000000004,0.49059998989105225
4078.78,0.49056699872016907
4082.0,0.49049699306488037
4085.21,0.49043700098991394
4088.43,0.49024200439453125
4091.66,0.49012699723243713
4094.8900000000003,0.4899759888648987
4098.13,0.48985201120376587
4101.37,0.48965099453926086
4104.62,0.48953598737716675
4107.87,0.4893699884414673
4111.13,0.48928800225257874
4114.39,0.48908698558807373
4117.66,0.4888960123062134
4120.93,0.4886620044708252
4124.21,0.4885309934616089
4127.5,0.488303005695343
4130.79,0.48814600706100464
4134.08,0.4878939986228943
4137.38,0.48762398958206177
4140.679999999999,0.4872190058231354
4143.99,0.48697999119758606
4147.31,0.48666098713874817
4150.629999999999,0.48631200194358826
4153.95,0.4858599901199341
4157.29,0.4854640066623688
4160.62,0.4849269986152649
4163.96,0.48442399501800537
4167.3099999999995,0.48382699489593506
4170.66,0.4832710027694702
4174.0199999999995,0.48252999782562256
4177.39,0.4817489981651306
4180.75,0.48081499338150024
4184.13,0.4798809885978699
4187.509999999999,0.4786899983882904
4190.889999999999,0.47739800810813904
4194.28,0.47577399015426636
4197.68,0.473908007144928
4201.08,0.47161200642585754
4204.49,0.46896299719810486
4207.900000000001,0.4656650125980377
4211.32,0.4618610143661499
4214.74,0.45738300681114197
4218.17,0.45244300365448
4221.61,0.44694000482559204
4225.05,0.44124799966812134
4228.5,0.4354330003261566
4231.950000000001,0.429953008890152
4235.400000000001,0.4249120056629181
4238.870000000001,0.42084500193595886
4242.34,0.41742199659347534
4245.8099999999995,0.41462498903274536
4249.29,0.41184699535369873
4252.78,0.4092380106449127
4256.2699999999995,0.4066309928894043
4259.7699999999995,0.40520599484443665
4263.27,0.4044469892978668
4266.78,0.40268200635910034
4270.29,0.4003419876098633
4273.81,0.3987269997596741
4277.34,0.3975760042667389
4280.87,0.3971540033817291
4284.41,0.3973509967327118
4287.950000000001,0.39822399616241455
4291.5,0.39949700236320496
4295.06,0.40135401487350464
4298.62,0.403685986995697
4302.1900000000005,0.4065699875354767
4305.76,0.4097500145435333
4309.34,0.4132879972457886
4312.92,0.4169439971446991
4316.5199999999995,0.42079800367355347
4320.11,0.4247240126132965
4323.719999999999,0.42883801460266113
4327.320000000001,0.4327259957790375
4330.94,0.4365150034427643
4334.5599999999995,0.44005700945854187
4338.19,0.44340598583221436
4341.820000000001,0.44650399684906006
4345.46,0.4494929909706116
4349.11,0.45207399129867554
4352.76,0.45448100566864014
4356.42,0.4565190076828003
4360.08,0.4583289921283722
4363.75,0.4598590135574341
4367.429999999999,0.46128401160240173
4371.11,0.46240800619125366
4374.799999999999,0.46341899037361145
4378.49,0.46409401297569275
4382.19,0.46466898918151855
4385.900000000001,0.4650990068912506
4389.610000000001,0.4655590057373047
4393.33,0.46591100096702576
4397.0599999999995,0.4662869870662689
4400.79,0.4665609896183014
4404.530000000001,0.46694400906562805
4408.280000000001,0.4671880006790161
4412.03,0.46755099296569824
4415.79,0.4677659869194031
4419.55,0.4679490029811859
4423.320000000001,0.4680109918117523
4427.1,0.46802398562431335
4430.88,0.467958003282547
4434.68,0.4680350124835968
4438.469999999999,0.46797600388526917
4442.280000000001,0.4679090082645416
4446.08,0.467629998922348
4449.900000000001,0.4673739969730377
4453.719999999999,0.46696901321411133
4457.55,0.4666059911251068
4461.389999999999,0.4662359952926636
4465.2300000000005,0.46591800451278687
4469.08,0.4654330015182495
4472.9400000000005,0.4649919867515564
4476.8,0.4644080102443695
4480.67,0.4638110101222992
4484.549999999999,0.4630900025367737
4488.43,0.46243900060653687
4492.320000000001,0.4616380035877228
4496.21,0.4609070122241974
4500.12,0.4599739909172058
4504.030000000001,0.45911499857902527
4507.94,0.45809000730514526
4511.87,0.45702800154685974
4515.799999999999,0.4557819962501526
4519.7300000000005,0.4545210003852844
4523.679999999999,0.4530870020389557
4527.63,0.45166000723838806
4531.589999999999,0.44998899102211
4535.55,0.44820600748062134
4539.52,0.44614800810813904
4543.5,0.44406700134277344
4547.49,0.44178101420402527
4551.48,0.43952399492263794
4555.4800000000005,0.4370810091495514
4559.490000000001,0.4346950054168701
4563.5,0.4320780038833618
4567.52,0.4294559955596924
4571.55,0.4267840087413788
4575.580000000001,0.42416200041770935
4579.63,0.4214729964733124
4583.67,0.4188530147075653
4587.73,0.41604799032211304
4591.79,0.41328299045562744
4595.86,0.41044700145721436
4599.9400000000005,0.40769198536872864
4604.03,0.40473300218582153
4608.120000000001,0.40187400579452515
4612.219999999999,0.39897701144218445
4616.33,0.396124005317688
4620.4400000000005,0.3932029902935028
4624.5599999999995,0.3904309868812561
4628.69,0.3875490128993988
4632.83,0.38466599583625793
4636.97,0.3816789984703064
4641.12,0.3787879943847656
4645.28,0.3758150041103363
4649.45,0.37291601300239563
4653.62,0.3698909878730774
4657.8,0.36688700318336487
4661.990000000001,0.36388900876045227
4666.1900000000005,0.36084601283073425
4670.39,0.35772401094436646
4674.599999999999,0.3547370135784149
4678.82,0.3517020046710968
4683.049999999999,0.34874799847602844
4687.280000000001,0.3457629978656769
4691.5199999999995,0.3428860008716583
4695.77,0.33996498584747314
4700.03,0.33706000447273254
4704.3,0.334102988243103
4708.57,0.33126598596572876
4712.85,0.328343003988266
4717.139999999999,0.32546401023864746
4721.429999999999,0.322609007358551
4725.74,0.3197770118713379
4730.05,0.3168340027332306
4734.37,0.31404098868370056
4738.7,0.3111569881439209
4743.03,0.30842700600624084
4747.38,0.30565398931503296
4751.7300000000005,0.3030470013618469
4756.09,0.3004469871520996
4760.45,0.297995001077652
4764.83,0.2955920100212097
4769.21,0.2933349907398224
4773.6,0.2910049855709076
4778.0,0.2888619899749756
4782.41,0.28672200441360474
4786.83,0.28467801213264465
4791.25,0.28253600001335144
4795.68,0.28050699830055237
4800.13,0.2784169912338257
4804.57,0.27628400921821594
4809.03,0.2741349935531616
4813.5,0.2721419930458069
4817.97,0.26997798681259155
4822.45,0.2678239941596985
4826.94,0.26559799909591675
4831.44,0.26346299052238464
4835.950000000001,0.2612980008125305
4840.46,0.25918298959732056
4844.99,0.2569429874420166
4849.52,0.25470200181007385
4854.0599999999995,0.252470999956131
4858.61,0.25034698843955994
4863.17,0.24812699854373932
4867.73,0.2460229992866516
4872.3099999999995,0.2439820021390915
4876.89,0.24202600121498108
4881.48,0.24004100263118744
4886.08,0.2381870001554489
4890.6900000000005,0.2364560067653656
4895.31,0.23485900461673737
4899.94,0.23323899507522583
4904.57,0.23168699443340302
4909.22,0.2301959991455078
4913.87,0.2287999987602234
4918.53,0.2273789942264557
4923.21,0.2260960042476654
4927.88,0.22484999895095825
4932.57,0.223688006401062
4937.2699999999995,0.22247999906539917
4941.9800000000005,0.2213979959487915
4946.6900000000005,0.22030200064182281
4951.42,0.21922899782657623
4956.15,0.2181289941072464
4960.9,0.21710899472236633
4965.650000000001,0.215938001871109
4970.41,0.2148600071668625
4975.18,0.2137340009212494
4979.96,0.21262100338935852
4984.75,0.21140800416469574
4989.54,0.21013599634170532
4994.349999999999,0.20876599848270416
4999.17,0.2074269950389862
5003.99,0.2059199959039688
5008.83,0.20442000031471252
5013.67,0.20284700393676758
5018.5199999999995,0.20131300389766693
5023.39,0.1997150033712387
5028.26,0.1979600042104721
5033.14,0.1961970031261444
5038.03,0.19455300271511078
5042.93,0.1929679960012436
5047.84,0.19153699278831482
5052.76,0.19016699492931366
5057.69,0.1889760047197342
5062.63,0.18791000545024872
5067.580000000001,0.18702399730682373
5072.54,0.18626099824905396
5077.51,0.18570800125598907
5082.49,0.18531200289726257
5087.469999999999,0.18514099717140198
5092.469999999999,0.18489600718021393
5097.48,0.18477599322795868
5102.5,0.18473400175571442
5107.52,0.1848199963569641
5112.56,0.18479999899864197
5117.61,0.18496599793434143
5122.66,0.18512499332427979
5127.73,0.18533800542354584
5132.81,0.18551300466060638
5137.889999999999,0.1857379972934723
5142.99,0.18599699437618256
5148.1,0.18638500571250916
5153.22,0.18664799630641937
5158.34,0.1868409961462021
5163.48,0.18721400201320648
5168.63,0.18765300512313843
5173.79,0.188060000538826
5178.96,0.18851299583911896
5184.13,0.18893399834632874
5189.320000000001,0.18939000368118286
5194.5199999999995,0.1898210048675537
5199.73,0.1903740018606186
5204.96,0.1907929927110672
5210.19,0.19110700488090515
5215.429999999999,0.1916320025920868
5220.679999999999,0.19187699258327484
5225.94,0.19195500016212463
5231.22,0.19226700067520142
5236.5,0.1926030069589615
5241.79,0.1929900050163269
5247.099999999999,0.19318099319934845
5252.42,0.19351500272750854
5257.74,0.19372299313545227
5263.080000000001,0.1941010057926178
5268.43,0.1945129930973053
5273.79,0.19500799477100372
5279.16,0.19552600383758545
5284.54,0.19611500203609467
5289.93,0.19679899513721466
5295.34,0.19778600335121155
5300.75,0.19845399260520935
5306.18,0.19942300021648407
5311.61,0.2004680037498474
5317.0599999999995,0.20159199833869934
5322.5199999999995,0.20275799930095673
5327.99,0.20414599776268005
5333.47,0.20547300577163696
5338.96,0.20690299570560455
5344.47,0.20830999314785004
5349.9800000000005,0.2101379930973053
5355.51,0.2117840051651001
5361.049999999999,0.21306100487709045
5366.6,0.21444499492645264
5372.16,0.2161089926958084
5377.73,0.21779899299144745
5383.320000000001,0.21946099400520325
5388.91,0.22107699513435364
5394.52,0.22284899652004242
5400.14,0.22457799315452576
5405.77,0.22627200186252594
5411.41,0.22806499898433685
5417.07,0.22999699413776398
5422.74,0.2321390062570572
5428.410000000001,0.23403799533843994
5434.1,0.23517000675201416
5439.8099999999995,0.23709599673748016
5445.52,0.23889699578285217
5451.25,0.24071800708770752
5456.98,0.24243099987506866
5462.73,0.24458900094032288
5468.5,0.2465829998254776
5474.2699999999995,0.2478809952735901
5480.0599999999995,0.24950799345970154
5485.86,0.2512210011482239
5491.67,0.25226500630378723
5497.49,0.2538299858570099
5503.33,0.25511598587036133
5509.179999999999,0.25647199153900146
5515.04,0.257425993680954
5520.91,0.25874701142311096
5526.799999999999,0.2596299946308136
5532.69,0.26041799783706665
5538.610000000001,0.26091301441192627
5544.53,0.26154398918151855
5550.469999999999,0.2620599865913391
5556.41,0.2627350091934204
5562.38,0.2626569867134094
5568.349999999999,0.26274099946022034
5574.34,0.2628050148487091
5580.339999999999,0.26345598697662354
5586.35,0.26305100321769714
5592.38,0.26236099004745483
5598.42,0.2620820105075836
5604.47,0.2622320055961609
5610.54,0.26170599460601807
5616.61,0.26156601309776306
5622.71,0.2611680030822754
5628.8099999999995,0.26070600748062134
5634.929999999999,0.26045098900794983
5641.06,0.26073598861694336
5647.21,0.26043701171875
5653.360000000001,0.25912800431251526
5659.54,0.2584420144557953
5665.72,0.25748300552368164
5671.92,0.2569020092487335
5678.13,0.2569659948348999
5684.36,0.25562000274658203
5690.599999999999,0.2546199858188629
5696.85,0.25369900465011597
5703.12,0.25213000178337097
5709.4,0.2513670027256012
5715.6900000000005,0.2504880130290985
5722.0,0.24833999574184418
5728.33,0.24656300246715546
5734.66,0.24455100297927856
5741.01,0.24273699522018433
5747.38,0.24063600599765778
5753.76,0.238413006067276
5760.150000000001,0.23520100116729736
5766.56,0.23428499698638916
5772.98,0.2311979979276657
5779.410000000001,0.2269890010356903
5785.86,0.22458000481128693
5792.33,0.22187800705432892
5798.8099999999995,0.21929100155830383
5805.3,0.2169560045003891
5811.81,0.21435600519180298
5818.33,0.2129260003566742
5824.87,0.21169200539588928
5831.419999999999,0.20895600318908691
5837.99,0.20652399957180023
5844.57,0.20471900701522827
5851.17,0.2031410038471222
5857.78,0.20180200040340424
5864.410000000001,0.20045000314712524
5871.05,0.19859099388122559
5877.7,0.19673700630664825
5884.38,0.19622500240802765
5891.06,0.1921049952507019
5897.76,0.19015100598335266
5904.4800000000005,0.18716999888420105
5911.21,0.1835229992866516
5917.96,0.1812949925661087
5924.7300000000005,0.17849400639533997
5931.5,0.1756650060415268
5938.3,0.17398299276828766
5945.11,0.17017899453639984
5951.93,0.1662209928035736
5958.78,0.16357600688934326
5965.63,0.16111299395561218
5972.51,0.15911699831485748
5979.39,0.15601900219917297
5986.3,0.1539430022239685
5993.22,0.1523739993572235
6000.16,0.149726003408432
6007.11,0.147816002368927
6014.08,0.14671799540519714
6021.06,0.14547500014305115
6028.06,0.14392100274562836
6035.08,0.1429699957370758
6042.12,0.14230799674987793
6049.17,0.14280200004577637
6056.2300000000005,0.14165499806404114
6063.32,0.13919000327587128
6070.42,0.13922299444675446
6077.530000000001,0.13906799256801605
6084.67,0.1376029998064041
6091.820000000001,0.13684199750423431
6098.9800000000005,0.1365409940481186
6106.17,0.13635100424289703
6113.37,0.13663899898529053
6120.58,0.13655200600624084
6127.82,0.13542300462722778
6135.07,0.1352660059928894
6142.34,0.13542400300502777
6149.63,0.13541699945926666
6156.93,0.1352040022611618
6164.25,0.13518700003623962
6171.59,0.13443399965763092
6178.950000000001,0.13398300111293793
6186.320000000001,0.13408300280570984
6193.71,0.13332800567150116
6201.120000000001,0.13204500079154968
6208.54,0.13167299330234528
6215.99,0.13114799559116364
6223.45,0.1305219978094101
6230.93,0.12962399423122406
6238.43,0.1288760006427765
6245.95,0.12807899713516235
6253.48,0.12735700607299805
6261.03,0.12656499445438385
6268.6,0.1259080022573471
6276.19,0.12512700259685516
6283.8,0.12440499663352966
6291.43,0.12367799878120422
6299.070000000001,0.12306900322437286
6306.73,0.12240000069141388
6314.42,0.12188699841499329
6322.12,0.12116800248622894
6329.84,0.12045499682426453
6337.570000000001,0.11980099976062775
6345.33,0.11961200088262558
6353.11,0.11860299855470657
6360.9,0.11735299974679947
6368.719999999999,0.11699499934911728
6376.55,0.11650799959897995
6384.400000000001,0.11520399898290634
6392.2699999999995,0.11449000239372253
6400.17,0.11381500214338303
6408.08,0.11345800012350082
6416.01,0.1138480007648468
6423.96,0.11276999861001968
6431.93,0.11134500056505203
6439.92,0.11099500209093094
6447.93,0.11041100323200226
6455.96,0.11031100153923035
6464.01,0.10996799916028976
6472.08,0.10999900102615356
6480.17,0.11027400195598602
6488.28,0.11068800091743469
6496.41,0.11130499839782715
6504.5599999999995,0.11107499897480011
6512.7300000000005,0.11084699630737305
6520.92,0.11178799718618393
6529.14,0.11267100274562836
6537.37,0.11309099942445755
6545.63,0.11400499939918518
6553.9,0.11516399681568146
6562.2,0.11621300131082535
6570.509999999999,0.11719399690628052
6578.85,0.11841099709272385
6587.21,0.11893299967050552
6595.589999999999,0.11991100013256073
6603.99,0.1205499991774559
6612.42,0.12111499905586243
6620.860000000001,0.12197999656200409
6629.330000000001,0.12295400351285934
6637.82,0.124379001557827
6646.33,0.12520000338554382
6654.860000000001,0.12516500055789948
6663.41,0.12612700462341309
6671.99,0.127470001578331
6680.589999999999,0.12899699807167053
6689.21,0.1303360015153885
6697.849999999999,0.13146500289440155
6706.509999999999,0.13297200202941895
6715.200000000001,0.13490399718284607
6723.91,0.13640199601650238
6732.64,0.13769599795341492
6741.4,0.13895800709724426
6750.18,0.14032800495624542
6758.9800000000005,0.14160600304603577
6767.8,0.14275099337100983
6776.65,0.14406900107860565
6785.52,0.14529700577259064
6794.41,0.1463489979505539
6803.33,0.1466210037469864
6812.2699999999995,0.14676900207996368
6821.23,0.1475059986114502
6830.219999999999,0.1482740044593811
6839.23,0.1484220027923584
6848.26,0.14838199317455292
6857.32,0.1490200012922287
6866.4,0.14970099925994873
6875.51,0.14887399971485138
6884.64,0.1480190008878708
6893.799999999999,0.14786900579929352
6902.9800000000005,0.1473979949951172
6912.18,0.14698199927806854
6921.41,0.14616499841213226
6930.66,0.14542800188064575
6939.94,0.1447020024061203
6949.24,0.1438950002193451
6958.57,0.14340800046920776
6967.92,0.1427370011806488
6977.299999999999,0.1410290002822876
6986.7,0.14005999267101288
6996.13,0.13916300237178802
7005.59,0.13801300525665283
7015.07,0.13678500056266785
7024.57,0.13593000173568726
7034.099999999999,0.13492800295352936
7043.66,0.1341799944639206
7053.25,0.13347899913787842
7062.85,0.13191400468349457
7072.49,0.13064399361610413
7082.150000000001,0.1295820027589798
7091.84,0.12864099442958832
7101.549999999999,0.12762300670146942
7111.3,0.12657900154590607
7121.0599999999995,0.12563399970531464
7130.860000000001,0.1245179995894432
7140.679999999999,0.12342700362205505
7150.53,0.12270399928092957
7160.41,0.12170799821615219
7170.3099999999995,0.12079200148582458
7180.240000000001,0.11973600089550018
7190.2,0.11853200197219849
7200.1900000000005,0.11773800104856491
7210.200000000001,0.11712999641895294
7220.240000000001,0.11626400053501129
7230.31,0.11529099941253662
7240.41,0.11456900089979172
7250.54,0.11384599655866623
7260.6900000000005,0.11321499943733215
7270.88,0.11259999871253967
7281.09,0.1120930016040802
7291.33,0.11135599762201309
7301.599999999999,0.11059299856424332
7311.9,0.11005300283432007
7322.219999999999,0.10944399982690811
7332.58,0.10884600132703781
7342.97,0.10824699699878693
7353.379999999999,0.10747399926185608
7363.83,0.1066029965877533
7374.3,0.10579100251197815
7384.8099999999995,0.10495000332593918
7395.34,0.10406699776649475
7405.910000000001,0.10322099924087524
7416.5,0.10237400233745575
7427.13,0.10141299664974213
7437.78,0.10056599974632263
7448.47,0.09966100007295609
7459.1900000000005,0.09876000136137009
7469.9400000000005,0.09792099893093109
7480.71,0.0969650000333786
7491.52,0.09583400189876556
7502.37,0.09482800215482712
7513.24,0.09386300295591354
7524.14,0.09295099973678589
7535.08,0.09198799729347229
7546.05,0.09105200320482254
7557.05,0.09009400010108948
7568.08,0.08905600011348724
7579.150000000001,0.08799699693918228
7590.24,0.08702299743890762
7601.37,0.08599100261926651
7612.53,0.08501800149679184
7623.7300000000005,0.0839729979634285
7634.96,0.08291299641132355
7646.219999999999,0.08182500302791595
7657.51,0.08085700124502182
7668.84,0.07984600216150284
7680.2,0.07879500091075897
7691.59,0.07771100103855133
7703.02,0.07674399763345718
7714.49,0.07571499794721603
7725.98,0.07474099844694138
7737.5199999999995,0.07374099642038345
7749.08,0.07267700135707855
7760.679999999999,0.07159599661827087
7772.32,0.07053700089454651
7783.99,0.0694660022854805
7795.69,0.0684870034456253
7807.43,0.0673770010471344
7819.21,0.06631000339984894
7831.0199999999995,0.06525199860334396
7842.87,0.0642469972372055
7854.75,0.06313599646091461
7866.67,0.06203899905085564
7878.62,0.06092999875545502
7890.62,0.059888001531362534
7902.64,0.05875299870967865
7914.71,0.05759600177407265
7926.8099999999995,0.05634099990129471
7938.95,0.05522599816322327
7951.13,0.053957998752593994
7963.339999999999,0.052685000002384186
7975.59,0.05142199993133545
7987.879999999999,0.050241999328136444
8000.209999999999,0.04902699962258339
8012.570000000001,0.047892000526189804
8024.98,0.04664099961519241
8037.419999999999,0.045527998358011246
8049.899999999999,0.04434400051832199
8062.419999999999,0.043226998299360275
8074.9800000000005,0.04210999980568886
8087.57,0.041046999394893646
8100.210000000001,0.03979700058698654
8112.89,0.038683999329805374
8125.6,0.0375950001180172
8138.360000000001,0.036497000604867935
8151.160000000001,0.03528299927711487
8163.99,0.03419400006532669
8176.869999999999,0.03302999958395958
8189.79,0.03190600126981735
8202.75,0.03074900060892105
8215.75,0.02964000031352043
8228.79,0.02847599983215332
8241.87,0.027418000623583794
8254.99,0.026273999363183975
8268.16,0.025074999779462814
8281.37,0.023784000426530838
8294.62,0.022710999473929405
8307.91,0.021629000082612038
8321.24,0.020597999915480614
8334.619999999999,0.01958400011062622
8348.039999999999,0.018619000911712646
8361.51,0.017590999603271484
8375.019999999999,0.016812000423669815
8388.57,0.015929000452160835
8402.16,0.01510700024664402
8415.800000000001,0.01430600043386221
8429.49,0.01372699998319149
8443.22,0.013144999742507935
8456.99,0.012636000290513039
8470.81,0.01209300011396408
8484.67,0.011832999996840954
8498.58,0.011646999977529049
8512.539999999999,0.011675000190734863
8526.54,0.011831999756395817
8540.58,0.01230200007557869
8554.68,0.01307000033557415
8568.82,0.014499000273644924
8583.0,0.016426999121904373
8597.24,0.019204000011086464
8611.52,0.022766999900341034
8625.85,0.027394000440835953
8640.230000000001,0.03304100036621094
8654.65,0.03971099853515625
8669.119999999999,0.04714599996805191
8683.640000000001,0.055383000522851944
8698.21,0.06402900069952011
8712.83,0.07280900329351425
8727.5,0.08140400052070618
8742.22,0.08981599658727646
8756.99,0.0980679988861084
8771.800000000001,0.10600300133228302
8786.67,0.11349199712276459
8801.589999999998,0.12057899683713913
8816.560000000001,0.12714999914169312
8831.58,0.1331930011510849
8846.65,0.13882000744342804
8861.77,0.143776997923851
8876.939999999999,0.14812099933624268
8892.17,0.1521109938621521
8907.45,0.1558309942483902
8922.779999999999,0.15917499363422394
8938.16,0.16216200590133667
8953.6,0.16486799716949463
8969.09,0.16735099256038666
8984.640000000001,0.16952399909496307
9000.23,0.17149600386619568
9015.890000000001,0.17308099567890167
9031.59,0.1743980050086975
9047.359999999999,0.17527399957180023
9063.17,0.1758359968662262
9079.050000000001,0.17602400481700897
9094.97,0.17599700391292572
9110.960000000001,0.1756570041179657
9127.0,0.17513400316238403
9143.1,0.17442399263381958
9159.25,0.1736380010843277
9175.46,0.17274899780750275
9191.73,0.17182399332523346
9208.06,0.17061300575733185
9224.439999999999,0.16936500370502472
9240.880000000001,0.16801799833774567
9257.38,0.16660800576210022
9273.94,0.16495899856090546
9290.56,0.16311199963092804
9307.24,0.16101400554180145
9323.980000000001,0.15860800445079803
9340.78,0.15565599501132965
9357.64,0.15232299268245697
9374.57,0.14843100309371948
9391.550000000001,0.14428399503231049
9408.59,0.1399250030517578
9425.7,0.1354680061340332
9442.869999999999,0.13121500611305237
9460.1,0.12741999328136444
9477.4,0.12404300272464752
9494.75,0.12106399983167648
9512.17,0.11857900023460388
9529.66,0.11653400212526321
9547.21,0.11489599943161011
9564.83,0.11358900368213654
9582.5,0.11263299733400345
9600.25,0.11197499930858612
9618.06,0.11139799654483795
9635.94,0.11102599650621414
9653.88,0.1108430027961731
9671.89,0.11063499748706818
9689.970000000001,0.11037600040435791
9708.119999999999,0.10999699681997299
9726.33,0.10950099676847458
9744.619999999999,0.10892999917268753
9762.97,0.10831800103187561
9781.39,0.10773800313472748
9799.88,0.10726000368595123
9818.44,0.10665299743413925
9837.070000000002,0.10607100278139114
9855.77,0.10559800267219543
9874.539999999999,0.10529500246047974
9893.39,0.10523899644613266
9912.3,0.10526099801063538
9931.29,0.10530100017786026
9950.36,0.10547400265932083
9969.49,0.10565300285816193
9988.699999999999,0.10587199777364731
10007.98,0.10594499856233597
10027.34,0.10589899867773056
10046.77,0.10581900179386139
10066.28,0.10577700287103653
10085.869999999999,0.10599599778652191
10105.53,0.10653600096702576
10125.26,0.10762099921703339
10145.08,0.10955899953842163
10164.970000000001,0.11222399771213531
10184.939999999999,0.11553999781608582
10204.99,0.11926700174808502
10225.12,0.12313800305128098
10245.33,0.1270429939031601
10265.61,0.13077400624752045
10285.98,0.13433000445365906
10306.43,0.13767799735069275
10326.96,0.14070799946784973
10347.57,0.14325100183486938
10368.27,0.1451359987258911
10389.05,0.14619000256061554
10409.91,0.1466280072927475
10430.859999999999,0.1466280072927475
10451.88,0.14649899303913116
10473.0,0.14657199382781982
10494.199999999999,0.14682500064373016
10515.49,0.14720900356769562
10536.86,0.14803899824619293
10558.32,0.14891299605369568
10579.869999999999,0.14969900250434875
10601.5,0.15035200119018555
10623.23,0.15075300633907318
10645.039999999999,0.15074999630451202
10666.94,0.15069900453090668
10688.94,0.15060900151729584
10711.02,0.15080800652503967
10733.2,0.1513659954071045
10755.470000000001,0.1521569937467575
10777.83,0.1530500054359436
10800.28,0.15403899550437927
10822.83,0.15486599504947662
10845.470000000001,0.15540799498558044
10868.21,0.15553900599479675
10891.04,0.15535800158977509
10913.970000000001,0.15484000742435455
10936.99,0.15410900115966797
10960.119999999999,0.1531440019607544
10983.34,0.15210899710655212
11006.66,0.15099400281906128
11030.07,0.1499360054731369
11053.59,0.14886899292469025
11077.21,0.14788900315761566
11100.93,0.14715400338172913
11124.75,0.14642900228500366
11148.68,0.14569100737571716
11172.710000000001,0.14513400197029114
11196.84,0.14465099573135376
11221.07,0.14418399333953857
11245.41,0.1436379998922348
11269.859999999999,0.1431870013475418
11294.41,0.14266599714756012
11319.07,0.14211100339889526
11343.84,0.14124999940395355
11368.72,0.14021700620651245
11393.7,0.13910099864006042
11418.8,0.13776299357414246
11444.01,0.13626399636268616
11469.33,0.13462500274181366
11494.76,0.13280999660491943
11520.300000000001,0.13075199723243713
11545.96,0.12840400636196136
11571.730000000001,0.1258620023727417
11597.619999999999,0.1233230009675026
11623.62,0.12060800194740295
11649.74,0.11766300350427628
11675.98,0.11472900211811066
11702.34,0.11162800341844559
11728.81,0.10830900073051453
11755.41,0.10490699857473373
11782.130000000001,0.10151900351047516
11808.960000000001,0.09815199673175812
11835.92,0.09500499814748764
11863.009999999998,0.09206400066614151
11890.22,0.08941700309515
11917.550000000001,0.08715999871492386
11945.01,0.08516000211238861
11972.6,0.08332999795675278
12000.310000000001,0.08166500180959702
12028.16,0.08001899719238281
12056.13,0.07839000225067139
12084.23,0.07698000222444534
12112.460000000001,0.07566600292921066
12140.83,0.07438500225543976
12169.33,0.07317899912595749
12197.960000000001,0.07210999727249146
12226.73,0.07092999666929245
12255.64,0.06973999738693237
12284.68,0.06862299889326096
12313.86,0.06757800281047821
12343.18,0.06661699712276459
12372.640000000001,0.06571300327777863
12402.240000000002,0.06485400348901749
12431.98,0.06409300118684769
12461.86,0.06315399706363678
12491.89,0.062348999083042145
12522.07,0.061629001051187515
12552.38,0.060940999537706375
12582.85,0.06021500006318092
12613.47,0.059579998254776
12644.23,0.05899199843406677
12675.15,0.05846099928021431
12706.210000000001,0.05792300030589104
12737.43,0.0575140006840229
12768.81,0.05696700140833855
12800.33,0.05648000165820122
12832.02,0.056040000170469284
12863.86,0.05550900101661682
12895.86,0.05503299832344055
12928.02,0.05468299984931946
12960.34,0.05414099991321564
12992.82,0.053738001734018326
13025.460000000001,0.053300000727176666
13058.27,0.05264100059866905
13091.25,0.05206499993801117
13124.39,0.05179499834775925
13157.7,0.05149700120091438
13191.179999999998,0.05139699950814247
13224.83,0.05105600133538246
13258.660000000002,0.050533998757600784
13292.65,0.05022900179028511
13326.83,0.05013599991798401
13361.17,0.049938999116420746
13395.699999999999,0.04958900064229965
13430.400000000001,0.049244001507759094
13465.289999999999,0.04887700080871582
13500.349999999999,0.04854699969291687
13535.6,0.04820999875664711
13571.03,0.047738999128341675
13606.65,0.047129999846220016
13642.46,0.046521998941898346
13678.46,0.04596199840307236
13714.64,0.04534199833869934
13751.02,0.044725000858306885
13787.59,0.044178999960422516
13824.36,0.04352400079369545
13861.32,0.042716000229120255
13898.49,0.04193500056862831
13935.85,0.04109799861907959
13973.41,0.040456000715494156
14011.17,0.03985000029206276
14049.15,0.03923499956727028
14087.32,0.03856699913740158
14125.71,0.037856001406908035
14164.300000000001,0.03696500137448311
14203.11,0.03635599836707115
14242.13,0.03591800108551979
14281.359999999999,0.03517699986696243
14320.81,0.034345000982284546
14360.49,0.03400399908423424
14400.380000000001,0.03325999900698662
14440.49,0.0324850007891655
14480.82,0.0317550003528595
14521.39,0.0307219997048378
14562.18,0.029843000695109367
14603.199999999999,0.029335999861359596
14644.45,0.02871200069785118
14685.93,0.028366999700665474
14727.66,0.02812799997627735
14769.619999999999,0.027728000655770302
14811.81,0.027549000456929207
14854.25,0.027619000524282455
14896.94,0.027444999665021896
14939.87,0.027365000918507576
14983.050000000001,0.02692200057208538
15026.48,0.026381999254226685
15070.16,0.02613699994981289
15114.1,0.02602599933743477
15158.289999999999,0.025637000799179077
15202.74,0.02514299936592579
15247.460000000001,0.02458300068974495
15292.43,0.02432899922132492
15337.68,0.024274000898003578
15383.19,0.024535000324249268
15428.97,0.025210000574588776
15475.03,0.026468999683856964
15521.359999999999,0.028044000267982483
15567.970000000001,0.029962999746203423
15614.869999999999,0.03156999871134758
15662.039999999999,0.03274700045585632
15709.5,0.03365800157189369
15757.25,0.03396400064229965
15805.289999999999,0.03347000107169151
15853.619999999999,0.0329039990901947
15902.26,0.03205399960279465
15951.19,0.031115999445319176
16000.419999999998,0.029952000826597214
16049.949999999999,0.02888300083577633
16099.799999999997,0.0278290007263422
16149.95,0.027233999222517014
16200.420000000002,0.026876000687479973
16251.208999999999,0.026643000543117523
16302.311,0.02653699927031994
16353.741,0.02692200057208538
16405.491,0.02790899947285652
16457.569,0.029457999393343925
16509.979000000003,0.03168199956417084
16562.731,0.03502099961042404
16615.82,0.03926999866962433
16669.240999999998,0.04484900087118149
16723.021,0.05161000043153763
16777.14,0.059046998620033264
16831.61,0.06692499667406082
16886.431,0.07523500174283981
16941.62,0.08395099639892578
16997.16,0.09295500069856644
17053.08,0.10187099874019623
17109.36,0.11094599962234497
17166.01,0.11949499696493149
17223.04,0.1279750019311905
17280.451,0.13659900426864624
17338.239999999998,0.1450279951095581
17396.429,0.15274600684642792
17455.0,0.1601240038871765
17513.969,0.16722799837589264
17573.339,0.17352600395679474
17633.109999999997,0.1785140037536621
17693.290999999997,0.18292100727558136
17753.889,0.1865749955177307
17814.899,0.1893409937620163
17876.328999999998,0.19152499735355377
17938.181,0.19269199669361115
18000.468999999997,0.19341500103473663
18063.19,0.1940940022468567
18126.35,0.19404800236225128
18189.951,0.19373099505901337
18254.0,0.1933089941740036
18318.501,0.19261600077152252
18383.459,0.1920740008354187
18448.879,0.1917639970779419
18514.771,0.19172699749469757
18581.129,0.19194400310516357
18647.97,0.1926099956035614
18715.29,0.19398200511932373
18783.100000000002,0.19553500413894653
18851.4,0.19796299934387207
18920.2,0.20055800676345825
18989.51,0.20331799983978271
19059.32,0.2064560055732727
19129.65,0.20940299332141876
19200.5,0.21136899292469025
19271.878999999997,0.2131900042295456
19343.789999999997,0.21464599668979645
19416.240999999998,0.21526500582695007
19489.229000000003,0.21472600102424622
19562.771,0.21339300274848938
19636.880999999998,0.21165400743484497
19711.54,0.20946800708770752
19786.779,0.20648500323295593
19862.590999999997,0.2021230012178421
19938.98,0.19729399681091309
20015.961,0.19223099946975708
20093.55,0.18751800060272217
20171.73,0.18379400670528412
20250.530000000002,0.18112200498580933
20329.941000000003,0.17956499755382538
20409.981,0.1787640005350113
20490.649999999998,0.1786620020866394
20571.96,0.1793610006570816
20653.918999999998,0.18056699633598328
20736.54,0.18028199672698975
20819.82,0.17954899370670319
20903.77,0.17848199605941772
20988.399999999998,0.1769859939813614
21073.720999999998,0.1751679927110672
21159.731,0.17287099361419678
21246.46,0.17000499367713928
21333.891,0.1671230047941208
21422.041,0.1637219935655594
21510.929,0.16033600270748138
21600.559,0.15591299533843994
21690.941,0.1515669971704483
21782.08,0.1475609987974167
21873.989,0.1433349996805191
21966.668999999998,0.13892200589179993
22060.15,0.1348239928483963
22154.421,0.13080500066280365
22249.510000000002,0.1267469972372055
22345.409,0.1230819970369339
22442.141,0.12017200142145157
22539.721,0.11800099909305573
22638.14,0.11524800211191177
22737.431,0.11341799795627594
22837.601,0.11321300268173218
22938.649999999998,0.11322099715471268
23040.600000000002,0.11421100050210953
23143.459,0.1147570013999939
23247.24,0.11487399786710739
23351.959000000003,0.11469300091266632
23457.63,0.11422400176525116
23564.251,0.11462199687957764
23671.85,0.1155719980597496
23780.439000000002,0.11688599735498428
23890.02,0.11841899901628494
24000.629,0.11947699636220932
24112.261,0.1229889988899231
24224.93,0.1256379932165146
24338.659,0.12842600047588348
24453.47,0.13078099489212036
24569.361,0.13078700006008148
24686.359,0.1305910050868988
24804.469999999998,0.13084100186824799
24923.731,0.13008099794387817
25044.129999999997,0.1291320025920868
25165.71,0.12765799462795258
25288.46,0.12485499680042267
25412.43,0.12072999775409698
25537.609,0.11821100115776062
25664.04,0.11872699856758118
25791.719,0.1173200011253357
25920.679,0.1146249994635582
