Sample ID,7_Oxia_Teresa_00002
Species,7_Oxia_Teresa
Subgroup,7_Oxia_Teresa
Group,7_Oxia_Teresa
Library,EXM_MRS
Sample Description,Sample 7
Date Added,"02/20/2024,02/20/2024"
Viewing Geometry,
Other Information,"Acquired with 1    RS-3500_SN17580H8 [3]
Name: Instrument, dtype: object; 7,32,30,20,50,30 integration times; 100,100 scans averaged"
Composition,
Resolution,2.8nm@700nm 8nm@1500nm 6nm@2100nm
Grain Size,
Locality,
Database of Origin,ExoMars Mission Reference Samples
Wavelength,Response
350.0,0.156982
351.0,0.155474
352.0,0.153981
353.0,0.152752
354.0,0.151604
355.0,0.150291
356.0,0.148975
357.0,0.147673
358.0,0.146371
359.0,0.145218
360.0,0.144232
361.0,0.143414
362.0,0.142454
363.0,0.141244
364.0,0.14025100000000001
365.0,0.139534
366.0,0.139152
367.0,0.138909
368.0,0.138844
369.0,0.139008
370.0,0.139133
371.0,0.139264
372.0,0.13956200000000002
373.0,0.139789
374.0,0.139944
375.0,0.140329
376.0,0.14044700000000002
377.0,0.140124
378.0,0.139772
379.0,0.13941900000000002
380.0,0.139107
381.0,0.13895200000000002
382.0,0.138911
383.0,0.138904
384.0,0.139128
385.0,0.139565
386.0,0.14013
387.0,0.140772
388.0,0.141474
389.0,0.142198
390.0,0.142965
391.0,0.143779
392.0,0.144589
393.0,0.145445
394.0,0.146374
395.0,0.14752200000000001
396.0,0.148788
397.0,0.150099
398.0,0.151074
399.0,0.151787
400.0,0.152372
401.0,0.15248699999999998
402.0,0.152204
403.0,0.151729
404.0,0.151316
405.0,0.151061
406.0,0.151174
407.0,0.151495
408.0,0.151967
409.0,0.152528
410.0,0.153194
411.0,0.153953
412.0,0.154692
413.0,0.155415
414.0,0.156116
415.0,0.156754
416.0,0.157357
417.0,0.157943
418.0,0.158607
419.0,0.15928599999999998
420.0,0.159894
421.0,0.160502
422.0,0.161107
423.0,0.161694
424.0,0.16226700000000002
425.0,0.162855
426.0,0.163534
427.0,0.16434200000000002
428.0,0.165275
429.0,0.166266
430.0,0.16730899999999999
431.0,0.168399
432.0,0.16954999999999998
433.0,0.17073799999999997
434.0,0.17193999999999998
435.0,0.173034
436.0,0.17417000000000002
437.0,0.17543399999999998
438.0,0.176704
439.0,0.177973
440.0,0.179233
441.0,0.180482
442.0,0.18172
443.0,0.182945
444.0,0.184164
445.0,0.185344
446.0,0.18644200000000002
447.0,0.18754200000000001
448.0,0.188633
449.0,0.18969000000000003
450.0,0.190862
451.0,0.19206399999999998
452.0,0.193076
453.0,0.194041
454.0,0.194966
455.0,0.19582999999999998
456.0,0.196747
457.0,0.197686
458.0,0.198507
459.0,0.199389
460.0,0.200341
461.0,0.20123000000000002
462.0,0.202062
463.0,0.20285699999999998
464.0,0.203722
465.0,0.20452
466.0,0.20524599999999998
467.0,0.206011
468.0,0.206739
469.0,0.207427
470.0,0.208151
471.0,0.208813
472.0,0.20939699999999997
473.0,0.210123
474.0,0.210931
475.0,0.211784
476.0,0.212529
477.0,0.213183
478.0,0.213742
479.0,0.21413000000000001
480.0,0.2146
481.0,0.215238
482.0,0.215762
483.0,0.216338
484.0,0.217012
485.0,0.21760200000000002
486.0,0.21821400000000002
487.0,0.218889
488.0,0.219605
489.0,0.220324
490.0,0.22103
491.0,0.22175
492.0,0.222467
493.0,0.22318200000000002
494.0,0.223984
495.0,0.224784
496.0,0.22555499999999998
497.0,0.226401
498.0,0.227244
499.0,0.228075
500.0,0.229119
501.0,0.230137
502.0,0.23105
503.0,0.232085
504.0,0.23311099999999998
505.0,0.234081
506.0,0.23505099999999998
507.0,0.235993
508.0,0.23693
509.0,0.237974
510.0,0.239029
511.0,0.240076
512.0,0.24112100000000003
513.0,0.24221900000000002
514.0,0.243356
515.0,0.244425
516.0,0.245491
517.0,0.246582
518.0,0.247756
519.0,0.248856
520.0,0.249883
521.0,0.250878
522.0,0.251873
523.0,0.252876
524.0,0.253903
525.0,0.254845
526.0,0.255732
527.0,0.2566
528.0,0.257515
529.0,0.258447
530.0,0.259357
531.0,0.260248
532.0,0.26113600000000003
533.0,0.26203299999999996
534.0,0.262876
535.0,0.263706
536.0,0.26455300000000004
537.0,0.265385
538.0,0.26621
539.0,0.267037
540.0,0.267934
541.0,0.268816
542.0,0.269661
543.0,0.270501
544.0,0.271283
545.0,0.271992
546.0,0.27263000000000004
547.0,0.273237
548.0,0.273841
549.0,0.274498
550.0,0.275164
551.0,0.275835
552.0,0.276514
553.0,0.277166
554.0,0.27780699999999997
555.0,0.278448
556.0,0.279125
557.0,0.27978000000000003
558.0,0.280387
559.0,0.280993
560.0,0.281579
561.0,0.282146
562.0,0.282717
563.0,0.283263
564.0,0.283796
565.0,0.28435
566.0,0.28491299999999997
567.0,0.285451
568.0,0.285916
569.0,0.286403
570.0,0.286929
571.0,0.2875
572.0,0.288053
573.0,0.288623
574.0,0.28921800000000003
575.0,0.28974
576.0,0.290234
577.0,0.29069500000000004
578.0,0.291068
579.0,0.291491
580.0,0.291905
581.0,0.292174
582.0,0.292557
583.0,0.292982
584.0,0.293371
585.0,0.293784
586.0,0.294241
587.0,0.294723
588.0,0.295043
589.0,0.295324
590.0,0.295605
591.0,0.295925
592.0,0.296247
593.0,0.296566
594.0,0.296874
595.0,0.29719999999999996
596.0,0.297497
597.0,0.29773099999999997
598.0,0.297971
599.0,0.298189
600.0,0.298398
601.0,0.298649
602.0,0.298907
603.0,0.299195
604.0,0.299559
605.0,0.299871
606.0,0.300151
607.0,0.30041
608.0,0.30066299999999996
609.0,0.300877
610.0,0.301068
611.0,0.301312
612.0,0.301516
613.0,0.301712
614.0,0.301946
615.0,0.30218900000000004
616.0,0.302424
617.0,0.30264199999999997
618.0,0.302819
619.0,0.30301300000000003
620.0,0.30322299999999996
621.0,0.30341999999999997
622.0,0.303657
623.0,0.303905
624.0,0.30413599999999996
625.0,0.30439900000000003
626.0,0.304651
627.0,0.30487400000000003
628.0,0.30506
629.0,0.30527899999999997
630.0,0.305483
631.0,0.305623
632.0,0.305791
633.0,0.305959
634.0,0.30613
635.0,0.306402
636.0,0.30668500000000004
637.0,0.30695900000000004
638.0,0.307223
639.0,0.30738
640.0,0.3075
641.0,0.307636
642.0,0.307848
643.0,0.308109
644.0,0.308392
645.0,0.308664
646.0,0.308931
647.0,0.309172
648.0,0.309384
649.0,0.30963
650.0,0.30984100000000003
651.0,0.310024
652.0,0.310203
653.0,0.310438
654.0,0.310645
655.0,0.31081800000000004
656.0,0.31104299999999996
657.0,0.31125800000000003
658.0,0.31150300000000003
659.0,0.311815
660.0,0.31211099999999997
661.0,0.312405
662.0,0.312699
663.0,0.312988
664.0,0.313291
665.0,0.31356300000000004
666.0,0.313787
667.0,0.314069
668.0,0.314317
669.0,0.314548
670.0,0.314816
671.0,0.315054
672.0,0.315281
673.0,0.31552600000000003
674.0,0.315852
675.0,0.316157
676.0,0.316457
677.0,0.316772
678.0,0.31706
679.0,0.317332
680.0,0.317571
681.0,0.317742
682.0,0.317917
683.0,0.318109
684.0,0.318324
685.0,0.318547
686.0,0.318889
687.0,0.319282
688.0,0.319648
689.0,0.319914
690.0,0.32016399999999995
691.0,0.32043
692.0,0.320732
693.0,0.321013
694.0,0.32126600000000005
695.0,0.321519
696.0,0.321817
697.0,0.322045
698.0,0.322342
699.0,0.322688
700.0,0.322936
701.0,0.32319699999999996
702.0,0.323472
703.0,0.323772
704.0,0.32412399999999997
705.0,0.32445599999999997
706.0,0.324771
707.0,0.325076
708.0,0.325345
709.0,0.3256
710.0,0.325886
711.0,0.326224
712.0,0.326573
713.0,0.326938
714.0,0.327252
715.0,0.32746699999999995
716.0,0.327749
717.0,0.32801
718.0,0.32828
719.0,0.32858899999999996
720.0,0.328835
721.0,0.329156
722.0,0.329515
723.0,0.329844
724.0,0.330257
725.0,0.330668
726.0,0.331073
727.0,0.331485
728.0,0.33188
729.0,0.332175
730.0,0.332439
731.0,0.332749
732.0,0.33307899999999996
733.0,0.333461
734.0,0.33383
735.0,0.334148
736.0,0.334461
737.0,0.334771
738.0,0.335075
739.0,0.335366
740.0,0.33562800000000004
741.0,0.33606400000000003
742.0,0.336496
743.0,0.336863
744.0,0.33724200000000004
745.0,0.33767899999999995
746.0,0.338087
747.0,0.33842700000000003
748.0,0.338718
749.0,0.33907699999999996
750.0,0.33937199999999995
751.0,0.339679
752.0,0.340112
753.0,0.34045200000000003
754.0,0.34082900000000005
755.0,0.34120199999999995
756.0,0.341552
757.0,0.341962
758.0,0.342414
759.0,0.342846
760.0,0.343215
761.0,0.343499
762.0,0.343816
763.0,0.344133
764.0,0.344495
765.0,0.344944
766.0,0.345287
767.0,0.345608
768.0,0.345901
769.0,0.346146
770.0,0.346323
771.0,0.34661200000000003
772.0,0.34692799999999996
773.0,0.347186
774.0,0.34734699999999996
775.0,0.34773499999999996
776.0,0.348134
777.0,0.348478
778.0,0.348781
779.0,0.349119
780.0,0.34927199999999997
781.0,0.349529
782.0,0.34982199999999997
783.0,0.35005699999999995
784.0,0.35026
785.0,0.350497
786.0,0.350756
787.0,0.35104
788.0,0.351319
789.0,0.351417
790.0,0.351618
791.0,0.35188200000000003
792.0,0.352126
793.0,0.35227200000000003
794.0,0.35243899999999995
795.0,0.352625
796.0,0.352848
797.0,0.35306899999999997
798.0,0.35321800000000003
799.0,0.353294
800.0,0.35338299999999995
801.0,0.353468
802.0,0.35353900000000005
803.0,0.353596
804.0,0.353603
805.0,0.35368099999999997
806.0,0.35382199999999997
807.0,0.354042
808.0,0.354318
809.0,0.354441
810.0,0.354531
811.0,0.354598
812.0,0.354617
813.0,0.35458199999999995
814.0,0.35465
815.0,0.354724
816.0,0.35479999999999995
817.0,0.354865
818.0,0.354919
819.0,0.354985
820.0,0.355063
821.0,0.355028
822.0,0.355077
823.0,0.355188
824.0,0.355178
825.0,0.35516800000000004
826.0,0.35519300000000004
827.0,0.355214
828.0,0.35524900000000004
829.0,0.35533499999999996
830.0,0.355498
831.0,0.355447
832.0,0.35539000000000004
833.0,0.355365
834.0,0.355355
835.0,0.355362
836.0,0.35545099999999996
837.0,0.35554699999999995
838.0,0.355526
839.0,0.35533099999999995
840.0,0.35506
841.0,0.354872
842.0,0.354851
843.0,0.354749
844.0,0.354804
845.0,0.354852
846.0,0.35477600000000004
847.0,0.354617
848.0,0.354537
849.0,0.354669
850.0,0.354709
851.0,0.354506
852.0,0.35451900000000003
853.0,0.354592
854.0,0.354499
855.0,0.354512
856.0,0.354424
857.0,0.35450899999999996
858.0,0.354419
859.0,0.354401
860.0,0.35439
861.0,0.354242
862.0,0.35417000000000004
863.0,0.35416400000000003
864.0,0.354161
865.0,0.35416400000000003
866.0,0.35417299999999996
867.0,0.35414900000000005
868.0,0.354109
869.0,0.35409100000000004
870.0,0.353742
871.0,0.35361600000000004
872.0,0.353543
873.0,0.353528
874.0,0.353592
875.0,0.353571
876.0,0.353517
877.0,0.353713
878.0,0.35356499999999996
879.0,0.35342799999999996
880.0,0.353564
881.0,0.35349200000000003
882.0,0.35355400000000003
883.0,0.353533
884.0,0.353455
885.0,0.35361
886.0,0.35355
887.0,0.353365
888.0,0.353332
889.0,0.353375
890.0,0.35336100000000004
891.0,0.353242
892.0,0.35320599999999996
893.0,0.353346
894.0,0.353384
895.0,0.353179
896.0,0.353321
897.0,0.35315199999999997
898.0,0.35322400000000004
899.0,0.35330599999999995
900.0,0.353373
901.0,0.35368299999999997
902.0,0.353613
903.0,0.35349200000000003
904.0,0.353606
905.0,0.35359
906.0,0.353468
907.0,0.35344299999999995
908.0,0.353485
909.0,0.353446
910.0,0.353662
911.0,0.35382399999999997
912.0,0.353722
913.0,0.35382800000000003
914.0,0.353929
915.0,0.353918
916.0,0.35401699999999997
917.0,0.354082
918.0,0.3542
919.0,0.354337
920.0,0.354082
921.0,0.35385300000000003
922.0,0.353665
923.0,0.353885
924.0,0.354093
925.0,0.35407299999999997
926.0,0.35418900000000003
927.0,0.354311
928.0,0.35416200000000003
929.0,0.35453
930.0,0.354298
931.0,0.354482
932.0,0.354495
933.0,0.354555
934.0,0.354677
935.0,0.354495
936.0,0.354687
937.0,0.354826
938.0,0.354494
939.0,0.354321
940.0,0.35440600000000005
941.0,0.35459
942.0,0.354676
943.0,0.354656
944.0,0.35476100000000005
945.0,0.354753
946.0,0.35482100000000005
947.0,0.35479
948.0,0.35464
949.0,0.354964
950.0,0.35490499999999997
951.0,0.35484299999999996
952.0,0.354552
953.0,0.35452
954.0,0.354632
955.0,0.35463700000000004
956.0,0.35446399999999995
957.0,0.354547
958.0,0.354457
959.0,0.35419199999999995
960.0,0.35464399999999996
961.0,0.35456000000000004
962.0,0.354548
963.0,0.354313
964.0,0.353988
965.0,0.354377
966.0,0.35397199999999995
967.0,0.35395200000000004
968.0,0.353983
969.0,0.35346200000000005
970.0,0.35368499999999997
971.0,0.353905
972.0,0.353328
973.0,0.35402900000000004
974.0,0.35456899999999997
975.0,0.354375
976.0,0.35454500000000005
977.0,0.353981
978.0,0.354934
979.0,0.354317
980.0,0.354616
981.0,0.354692
982.0,0.35479
983.0,0.354876
984.0,0.354944
985.0,0.354993
986.0,0.355024
987.0,0.35503700000000005
988.0,0.35503100000000004
989.0,0.355007
990.0,0.354964
991.0,0.35490299999999997
992.0,0.354823
993.0,0.35472499999999996
994.0,0.354609
995.0,0.354518
996.0,0.354487
997.0,0.354456
998.0,0.35442599999999996
999.0,0.354395
1000.0,0.354364
1001.0,0.354334
1002.0,0.354302
1003.0,0.35427
1004.0,0.354239
1005.0,0.35420999999999997
1006.0,0.35418700000000003
1007.0,0.35417099999999996
1008.0,0.354153
1009.0,0.354125
1010.0,0.354077
1011.0,0.354016
1012.0,0.35395499999999996
1013.0,0.353908
1014.0,0.353883
1015.0,0.353871
1016.0,0.353868
1017.0,0.35387
1018.0,0.353887
1019.0,0.353918
1020.0,0.35394
1021.0,0.35393300000000005
1022.0,0.35387500000000005
1023.0,0.353785
1024.0,0.353694
1025.0,0.35363700000000003
1026.0,0.35361
1027.0,0.35360100000000005
1028.0,0.35361600000000004
1029.0,0.35365800000000003
1030.0,0.353754
1031.0,0.353886
1032.0,0.354008
1033.0,0.354075
1034.0,0.354083
1035.0,0.354057
1036.0,0.354016
1037.0,0.353983
1038.0,0.353946
1039.0,0.353905
1040.0,0.353869
1041.0,0.353847
1042.0,0.353846
1043.0,0.35385300000000003
1044.0,0.35385399999999995
1045.0,0.35383400000000004
1046.0,0.353788
1047.0,0.353733
1048.0,0.353688
1049.0,0.353673
1050.0,0.35367899999999997
1051.0,0.353701
1052.0,0.35373800000000005
1053.0,0.353791
1054.0,0.353864
1055.0,0.35395000000000004
1056.0,0.354037
1057.0,0.354118
1058.0,0.3542
1059.0,0.354282
1060.0,0.35436
1061.0,0.354433
1062.0,0.35450200000000004
1063.0,0.35456699999999997
1064.0,0.354628
1065.0,0.35468000000000005
1066.0,0.354724
1067.0,0.354765
1068.0,0.354811
1069.0,0.354868
1070.0,0.354931
1071.0,0.35499699999999995
1072.0,0.355062
1073.0,0.355122
1074.0,0.355178
1075.0,0.355238
1076.0,0.355306
1077.0,0.35538600000000004
1078.0,0.355473
1079.0,0.35556800000000005
1080.0,0.355668
1081.0,0.35577
1082.0,0.355875
1083.0,0.35599200000000003
1084.0,0.35613
1085.0,0.35629600000000006
1086.0,0.356482
1087.0,0.35667499999999996
1088.0,0.35686300000000004
1089.0,0.357053
1090.0,0.357245
1091.0,0.357427
1092.0,0.357591
1093.0,0.357738
1094.0,0.35787199999999997
1095.0,0.357994
1096.0,0.35810600000000004
1097.0,0.358189
1098.0,0.35826099999999994
1099.0,0.358352
1100.0,0.358491
1101.0,0.35867899999999997
1102.0,0.35889299999999996
1103.0,0.35910600000000004
1104.0,0.359297
1105.0,0.359477
1106.0,0.359651
1107.0,0.359825
1108.0,0.360001
1109.0,0.36017499999999997
1110.0,0.36034900000000003
1111.0,0.36052599999999996
1112.0,0.360709
1113.0,0.36090200000000006
1114.0,0.361092
1115.0,0.36127000000000004
1116.0,0.361426
1117.0,0.36156799999999994
1118.0,0.3617
1119.0,0.361828
1120.0,0.361955
1121.0,0.362078
1122.0,0.362194
1123.0,0.36229799999999995
1124.0,0.362378
1125.0,0.362441
1126.0,0.36251
1127.0,0.36260800000000004
1128.0,0.36274
1129.0,0.36289299999999997
1130.0,0.363061
1131.0,0.363238
1132.0,0.363433
1133.0,0.363641
1134.0,0.36385100000000004
1135.0,0.36405299999999996
1136.0,0.364249
1137.0,0.36444299999999996
1138.0,0.36463700000000004
1139.0,0.364831
1140.0,0.36503
1141.0,0.365227
1142.0,0.365418
1143.0,0.36559600000000003
1144.0,0.365757
1145.0,0.365913
1146.0,0.366079
1147.0,0.36627000000000004
1148.0,0.366483
1149.0,0.36670400000000003
1150.0,0.366913
1151.0,0.36710299999999996
1152.0,0.36728299999999997
1153.0,0.367451
1154.0,0.3676
1155.0,0.36772
1156.0,0.367813
1157.0,0.367898
1158.0,0.367998
1159.0,0.36812100000000003
1160.0,0.368255
1161.0,0.368399
1162.0,0.36855499999999997
1163.0,0.368725
1164.0,0.36890900000000004
1165.0,0.369099
1166.0,0.36929
1167.0,0.369485
1168.0,0.369684
1169.0,0.369883
1170.0,0.370079
1171.0,0.370279
1172.0,0.37047800000000003
1173.0,0.370666
1174.0,0.370833
1175.0,0.370987
1176.0,0.371125
1177.0,0.371246
1178.0,0.37134
1179.0,0.371395
1180.0,0.371439
1181.0,0.37150700000000003
1182.0,0.37161900000000003
1183.0,0.37175400000000003
1184.0,0.371916
1185.0,0.372109
1186.0,0.37235
1187.0,0.372641
1188.0,0.37294400000000005
1189.0,0.37322099999999997
1190.0,0.373457
1191.0,0.37367400000000006
1192.0,0.373874
1193.0,0.374058
1194.0,0.374229
1195.0,0.37438299999999997
1196.0,0.374521
1197.0,0.37464
1198.0,0.374732
1199.0,0.374804
1200.0,0.374876
1201.0,0.374964
1202.0,0.37506
1203.0,0.375162
1204.0,0.375275
1205.0,0.37540399999999996
1206.0,0.37555
1207.0,0.375709
1208.0,0.375869
1209.0,0.376026
1210.0,0.376183
1211.0,0.376342
1212.0,0.376502
1213.0,0.37666299999999997
1214.0,0.37682299999999996
1215.0,0.376988
1216.0,0.37716500000000003
1217.0,0.377357
1218.0,0.37756
1219.0,0.377772
1220.0,0.377991
1221.0,0.378226
1222.0,0.378476
1223.0,0.378719
1224.0,0.378935
1225.0,0.37911900000000004
1226.0,0.379283
1227.0,0.379432
1228.0,0.379571
1229.0,0.379686
1230.0,0.37978900000000004
1231.0,0.3799
1232.0,0.380038
1233.0,0.380201
1234.0,0.380376
1235.0,0.380556
1236.0,0.38073599999999996
1237.0,0.380924
1238.0,0.38111199999999995
1239.0,0.381291
1240.0,0.38145
1241.0,0.381593
1242.0,0.381733
1243.0,0.381882
1244.0,0.382052
1245.0,0.38223300000000004
1246.0,0.382416
1247.0,0.38258699999999995
1248.0,0.382749
1249.0,0.382905
1250.0,0.38305100000000003
1251.0,0.38318399999999997
1252.0,0.38329799999999997
1253.0,0.3834
1254.0,0.383499
1255.0,0.383606
1256.0,0.383712
1257.0,0.38382
1258.0,0.38393700000000003
1259.0,0.384069
1260.0,0.38421999999999995
1261.0,0.38437800000000005
1262.0,0.38452800000000004
1263.0,0.384658
1264.0,0.384775
1265.0,0.384886
1266.0,0.384996
1267.0,0.38510599999999995
1268.0,0.385212
1269.0,0.385319
1270.0,0.385432
1271.0,0.38555100000000003
1272.0,0.385674
1273.0,0.385803
1274.0,0.38594
1275.0,0.38608800000000004
1276.0,0.38624400000000003
1277.0,0.386402
1278.0,0.386558
1279.0,0.38671300000000003
1280.0,0.386869
1281.0,0.38703000000000004
1282.0,0.387198
1283.0,0.38737
1284.0,0.387547
1285.0,0.387731
1286.0,0.387924
1287.0,0.388131
1288.0,0.38833799999999996
1289.0,0.38852800000000004
1290.0,0.388688
1291.0,0.38882599999999995
1292.0,0.388964
1293.0,0.38912199999999997
1294.0,0.389309
1295.0,0.389512
1296.0,0.389717
1297.0,0.389914
1298.0,0.39012099999999994
1299.0,0.390325
1300.0,0.39049999999999996
1301.0,0.39062199999999997
1302.0,0.39067999999999997
1303.0,0.390715
1304.0,0.390768
1305.0,0.39087299999999997
1306.0,0.391008
1307.0,0.39116500000000004
1308.0,0.39134
1309.0,0.391536
1310.0,0.39175899999999997
1311.0,0.39199
1312.0,0.392212
1313.0,0.392423
1314.0,0.39263
1315.0,0.392831
1316.0,0.393023
1317.0,0.39320099999999997
1318.0,0.39337099999999997
1319.0,0.393542
1320.0,0.39372500000000005
1321.0,0.39392499999999997
1322.0,0.394127
1323.0,0.394312
1324.0,0.394463
1325.0,0.394589
1326.0,0.394696
1327.0,0.39479
1328.0,0.39487
1329.0,0.394933
1330.0,0.394987
1331.0,0.39504300000000003
1332.0,0.395093
1333.0,0.395137
1334.0,0.395193
1335.0,0.39527900000000005
1336.0,0.3954
1337.0,0.395544
1338.0,0.3957
1339.0,0.395858
1340.0,0.39603299999999997
1341.0,0.396213
1342.0,0.396378
1343.0,0.39651000000000003
1344.0,0.396609
1345.0,0.39669899999999997
1346.0,0.396805
1347.0,0.396943
1348.0,0.3971
1349.0,0.39726599999999995
1350.0,0.397433
1351.0,0.397605
1352.0,0.397781
1353.0,0.397953
1354.0,0.39811
1355.0,0.39825099999999997
1356.0,0.398383
1357.0,0.398513
1358.0,0.39864600000000006
1359.0,0.39878
1360.0,0.398913
1361.0,0.399043
1362.0,0.399171
1363.0,0.3993
1364.0,0.39942300000000003
1365.0,0.39952800000000005
1366.0,0.39960900000000005
1367.0,0.39966900000000005
1368.0,0.399722
1369.0,0.399779
1370.0,0.399833
1371.0,0.39988599999999996
1372.0,0.399949
1373.0,0.400031
1374.0,0.400137
1375.0,0.400254
1376.0,0.400368
1377.0,0.400473
1378.0,0.400583
1379.0,0.400682
1380.0,0.40075000000000005
1381.0,0.400773
1382.0,0.400759
1383.0,0.400723
1384.0,0.400679
1385.0,0.400625
1386.0,0.400557
1387.0,0.40048
1388.0,0.4004
1389.0,0.400321
1390.0,0.40023400000000003
1391.0,0.400131
1392.0,0.399997
1393.0,0.39982100000000004
1394.0,0.399635
1395.0,0.399476
1396.0,0.399366
1397.0,0.39928600000000003
1398.0,0.399227
1399.0,0.399182
1400.0,0.39915500000000004
1401.0,0.399146
1402.0,0.399146
1403.0,0.39914499999999997
1404.0,0.399148
1405.0,0.399154
1406.0,0.399161
1407.0,0.399164
1408.0,0.399162
1409.0,0.399161
1410.0,0.399168
1411.0,0.399185
1412.0,0.39921
1413.0,0.399242
1414.0,0.399279
1415.0,0.399321
1416.0,0.399368
1417.0,0.399422
1418.0,0.39948500000000003
1419.0,0.39955599999999997
1420.0,0.399636
1421.0,0.399723
1422.0,0.399815
1423.0,0.399901
1424.0,0.40000100000000005
1425.0,0.40013800000000005
1426.0,0.400325
1427.0,0.40055
1428.0,0.400807
1429.0,0.401088
1430.0,0.401417
1431.0,0.40178400000000003
1432.0,0.40214
1433.0,0.402433
1434.0,0.402671
1435.0,0.40287399999999995
1436.0,0.40305100000000005
1437.0,0.403206
1438.0,0.403324
1439.0,0.40342799999999995
1440.0,0.40354599999999996
1441.0,0.403693
1442.0,0.403857
1443.0,0.404025
1444.0,0.404187
1445.0,0.404341
1446.0,0.40449199999999996
1447.0,0.40464100000000003
1448.0,0.40479
1449.0,0.404932
1450.0,0.405076
1451.0,0.405229
1452.0,0.405399
1453.0,0.405584
1454.0,0.405778
1455.0,0.40597900000000003
1456.0,0.406188
1457.0,0.406409
1458.0,0.406626
1459.0,0.406827
1460.0,0.40701099999999996
1461.0,0.40718499999999996
1462.0,0.40735
1463.0,0.407507
1464.0,0.407648
1465.0,0.407786
1466.0,0.407935
1467.0,0.408103
1468.0,0.408281
1469.0,0.40846899999999997
1470.0,0.408668
1471.0,0.40888599999999997
1472.0,0.40912
1473.0,0.40934800000000005
1474.0,0.40954799999999997
1475.0,0.40970799999999996
1476.0,0.409854
1477.0,0.41001600000000005
1478.0,0.410221
1479.0,0.410456
1480.0,0.410709
1481.0,0.41097
1482.0,0.411247
1483.0,0.411545
1484.0,0.41182899999999995
1485.0,0.41206600000000004
1486.0,0.41224299999999997
1487.0,0.412386
1488.0,0.412527
1489.0,0.41269
1490.0,0.412865
1491.0,0.413045
1492.0,0.41322499999999995
1493.0,0.413406
1494.0,0.413591
1495.0,0.41377200000000003
1496.0,0.413942
1497.0,0.41410600000000003
1498.0,0.414262
1499.0,0.414401
1500.0,0.414512
1501.0,0.41458100000000003
1502.0,0.41463500000000003
1503.0,0.41470199999999996
1504.0,0.414801
1505.0,0.414912
1506.0,0.415043
1507.0,0.415205
1508.0,0.41541200000000006
1509.0,0.415653
1510.0,0.41590299999999997
1511.0,0.41613900000000004
1512.0,0.41637
1513.0,0.416597
1514.0,0.416816
1515.0,0.417028
1516.0,0.417238
1517.0,0.417431
1518.0,0.417589
1519.0,0.41769799999999996
1520.0,0.41777099999999995
1521.0,0.417829
1522.0,0.41789299999999996
1523.0,0.41794899999999996
1524.0,0.418002
1525.0,0.41807099999999997
1526.0,0.418171
1527.0,0.41829700000000003
1528.0,0.41843800000000003
1529.0,0.418581
1530.0,0.418724
1531.0,0.418872
1532.0,0.419021
1533.0,0.41916600000000004
1534.0,0.41930700000000004
1535.0,0.419446
1536.0,0.419585
1537.0,0.41972299999999996
1538.0,0.41985999999999996
1539.0,0.41999699999999995
1540.0,0.42013599999999995
1541.0,0.42028
1542.0,0.42042999999999997
1543.0,0.420571
1544.0,0.420689
1545.0,0.42078699999999997
1546.0,0.42087
1547.0,0.420937
1548.0,0.42098599999999997
1549.0,0.421013
1550.0,0.421029
1551.0,0.421049
1552.0,0.42107300000000003
1553.0,0.421096
1554.0,0.42112900000000003
1555.0,0.421184
1556.0,0.42125999999999997
1557.0,0.42135199999999995
1558.0,0.42145699999999997
1559.0,0.421573
1560.0,0.421697
1561.0,0.421838
1562.0,0.42200899999999997
1563.0,0.422217
1564.0,0.422455
1565.0,0.422707
1566.0,0.422962
1567.0,0.42324300000000004
1568.0,0.423527
1569.0,0.423776
1570.0,0.423958
1571.0,0.424091
1572.0,0.42419199999999996
1573.0,0.42428
1574.0,0.42434399999999994
1575.0,0.42438400000000004
1576.0,0.42442799999999997
1577.0,0.424501
1578.0,0.424593
1579.0,0.42469999999999997
1580.0,0.424826
1581.0,0.424989
1582.0,0.425195
1583.0,0.425396
1584.0,0.425539
1585.0,0.42560400000000004
1586.0,0.42562300000000003
1587.0,0.425634
1588.0,0.42566299999999996
1589.0,0.425686
1590.0,0.425717
1591.0,0.42578299999999997
1592.0,0.425912
1593.0,0.42609600000000003
1594.0,0.426283
1595.0,0.426422
1596.0,0.426518
1597.0,0.426586
1598.0,0.42662500000000003
1599.0,0.42662999999999995
1600.0,0.42658900000000005
1601.0,0.426533
1602.0,0.426497
1603.0,0.42648600000000003
1604.0,0.426487
1605.0,0.426505
1606.0,0.426545
1607.0,0.426617
1608.0,0.42670600000000003
1609.0,0.426797
1610.0,0.426873
1611.0,0.426939
1612.0,0.42701300000000003
1613.0,0.427114
1614.0,0.427248
1615.0,0.427404
1616.0,0.427568
1617.0,0.427735
1618.0,0.427918
1619.0,0.42809800000000003
1620.0,0.428249
1621.0,0.428351
1622.0,0.42841799999999997
1623.0,0.42847799999999997
1624.0,0.428558
1625.0,0.42865299999999995
1626.0,0.42875599999999997
1627.0,0.42886
1628.0,0.428971
1629.0,0.429097
1630.0,0.429209
1631.0,0.429274
1632.0,0.429272
1633.0,0.42922899999999997
1634.0,0.42918100000000003
1635.0,0.429154
1636.0,0.42912599999999995
1637.0,0.42911
1638.0,0.429131
1639.0,0.429209
1640.0,0.42933
1641.0,0.429467
1642.0,0.42959600000000003
1643.0,0.429732
1644.0,0.429869
1645.0,0.429985
1646.0,0.43005899999999997
1647.0,0.430097
1648.0,0.43012700000000004
1649.0,0.430179
1650.0,0.43024900000000005
1651.0,0.43033
1652.0,0.43044
1653.0,0.430597
1654.0,0.430805
1655.0,0.43103700000000006
1656.0,0.431263
1657.0,0.43147599999999997
1658.0,0.43168999999999996
1659.0,0.43189
1660.0,0.43205899999999997
1661.0,0.432209
1662.0,0.43233400000000005
1663.0,0.43242400000000003
1664.0,0.43247
1665.0,0.432477
1666.0,0.432445
1667.0,0.43237299999999995
1668.0,0.43221699999999996
1669.0,0.43202399999999996
1670.0,0.43187800000000004
1671.0,0.431851
1672.0,0.431912
1673.0,0.43202599999999997
1674.0,0.43215699999999996
1675.0,0.432324
1676.0,0.432526
1677.0,0.43270600000000004
1678.0,0.432809
1679.0,0.43283099999999997
1680.0,0.432832
1681.0,0.432869
1682.0,0.43298200000000003
1683.0,0.43313899999999994
1684.0,0.43329799999999996
1685.0,0.43341799999999997
1686.0,0.433505
1687.0,0.43357300000000004
1688.0,0.43363
1689.0,0.433673
1690.0,0.4337
1691.0,0.433723
1692.0,0.433757
1693.0,0.43378999999999995
1694.0,0.43383000000000005
1695.0,0.433897
1696.0,0.434017
1697.0,0.43418599999999996
1698.0,0.434365
1699.0,0.43451799999999996
1700.0,0.434646
1701.0,0.434758
1702.0,0.434846
1703.0,0.4349
1704.0,0.43492
1705.0,0.43492
1706.0,0.43491799999999997
1707.0,0.43491399999999997
1708.0,0.434904
1709.0,0.434891
1710.0,0.43487699999999996
1711.0,0.434848
1712.0,0.434826
1713.0,0.434839
1714.0,0.434905
1715.0,0.43501100000000004
1716.0,0.43513199999999996
1717.0,0.43524999999999997
1718.0,0.43538
1719.0,0.435509
1720.0,0.435618
1721.0,0.435687
1722.0,0.435728
1723.0,0.435768
1724.0,0.435833
1725.0,0.435927
1726.0,0.436031
1727.0,0.436123
1728.0,0.436207
1729.0,0.43629399999999996
1730.0,0.43634
1731.0,0.4363
1732.0,0.436147
1733.0,0.43593899999999997
1734.0,0.43574199999999996
1735.0,0.43560099999999996
1736.0,0.435479
1737.0,0.43538200000000005
1738.0,0.435319
1739.0,0.435299
1740.0,0.435309
1741.0,0.43533
1742.0,0.435351
1743.0,0.43538400000000005
1744.0,0.435417
1745.0,0.435435
1746.0,0.435439
1747.0,0.435432
1748.0,0.435416
1749.0,0.43538499999999997
1750.0,0.43533900000000003
1751.0,0.43529
1752.0,0.435253
1753.0,0.435216
1754.0,0.43518700000000005
1755.0,0.435184
1756.0,0.435222
1757.0,0.435296
1758.0,0.43538899999999997
1759.0,0.435488
1760.0,0.435616
1761.0,0.43575200000000003
1762.0,0.435846
1763.0,0.435859
1764.0,0.435807
1765.0,0.435727
1766.0,0.435654
1767.0,0.43558
1768.0,0.435503
1769.0,0.435435
1770.0,0.43538699999999997
1771.0,0.435351
1772.0,0.43532899999999997
1773.0,0.435323
1774.0,0.43534599999999996
1775.0,0.435383
1776.0,0.435409
1777.0,0.43540999999999996
1778.0,0.435395
1779.0,0.435368
1780.0,0.435332
1781.0,0.435282
1782.0,0.435222
1783.0,0.435163
1784.0,0.435104
1785.0,0.43503000000000003
1786.0,0.434982
1787.0,0.435002
1788.0,0.435119
1789.0,0.43528500000000003
1790.0,0.435441
1791.0,0.435555
1792.0,0.435655
1793.0,0.43573500000000004
1794.0,0.435788
1795.0,0.435809
1796.0,0.43580800000000003
1797.0,0.43579799999999996
1798.0,0.435774
1799.0,0.435729
1800.0,0.4357
1801.0,0.43572299999999997
1802.0,0.43579999999999997
1803.0,0.435911
1804.0,0.436037
1805.0,0.436186
1806.0,0.436362
1807.0,0.436521
1808.0,0.43662399999999996
1809.0,0.436671
1810.0,0.436689
1811.0,0.436704
1812.0,0.436716
1813.0,0.43672
1814.0,0.436731
1815.0,0.436759
1816.0,0.436797
1817.0,0.43685
1818.0,0.436929
1819.0,0.437028
1820.0,0.437149
1821.0,0.437303
1822.0,0.437511
1823.0,0.437794
1824.0,0.438072
1825.0,0.43826
1826.0,0.438342
1827.0,0.438365
1828.0,0.43837000000000004
1829.0,0.43839
1830.0,0.43841
1831.0,0.438402
1832.0,0.438341
1833.0,0.43822099999999997
1834.0,0.43806399999999995
1835.0,0.43788699999999997
1836.0,0.437686
1837.0,0.43744900000000003
1838.0,0.43723100000000004
1839.0,0.437083
1840.0,0.436995
1841.0,0.43695
1842.0,0.43693800000000005
1843.0,0.436969
1844.0,0.43703800000000004
1845.0,0.43711599999999995
1846.0,0.437181
1847.0,0.43725200000000003
1848.0,0.437314
1849.0,0.437346
1850.0,0.437348
1851.0,0.437324
1852.0,0.437267
1853.0,0.437166
1854.0,0.43701999999999996
1855.0,0.436852
1856.0,0.436678
1857.0,0.43646700000000005
1858.0,0.436256
1859.0,0.436106
1860.0,0.436065
1861.0,0.4361
1862.0,0.436143
1863.0,0.43613399999999997
1864.0,0.436107
1865.0,0.436048
1866.0,0.435926
1867.0,0.43572099999999997
1868.0,0.435454
1869.0,0.43514899999999995
1870.0,0.43481499999999995
1871.0,0.43442100000000006
1872.0,0.434029
1873.0,0.43371000000000004
1874.0,0.433502
1875.0,0.43333599999999994
1876.0,0.433127
1877.0,0.432842
1878.0,0.432523
1879.0,0.432119
1880.0,0.431573
1881.0,0.430981
1882.0,0.430599
1883.0,0.43013599999999996
1884.0,0.42971600000000004
1885.0,0.429266
1886.0,0.428737
1887.0,0.428174
1888.0,0.427652
1889.0,0.42714399999999997
1890.0,0.42652900000000005
1891.0,0.42564
1892.0,0.42462200000000005
1893.0,0.423465
1894.0,0.422191
1895.0,0.420805
1896.0,0.419297
1897.0,0.417697
1898.0,0.416028
1899.0,0.41427100000000006
1900.0,0.41249600000000003
1901.0,0.41069
1902.0,0.408876
1903.0,0.407272
1904.0,0.406051
1905.0,0.40497
1906.0,0.403655
1907.0,0.401948
1908.0,0.400312
1909.0,0.399191
1910.0,0.39844999999999997
1911.0,0.39801400000000003
1912.0,0.397981
1913.0,0.398307
1914.0,0.398417
1915.0,0.397981
1916.0,0.397318
1917.0,0.39679699999999996
1918.0,0.396408
1919.0,0.396111
1920.0,0.395926
1921.0,0.39584400000000003
1922.0,0.395901
1923.0,0.396155
1924.0,0.396573
1925.0,0.397015
1926.0,0.397437
1927.0,0.39787100000000003
1928.0,0.398293
1929.0,0.398719
1930.0,0.399118
1931.0,0.399441
1932.0,0.39968899999999996
1933.0,0.399901
1934.0,0.400062
1935.0,0.40018
1936.0,0.40043599999999996
1937.0,0.400993
1938.0,0.40167400000000003
1939.0,0.402173
1940.0,0.40245
1941.0,0.402649
1942.0,0.40287399999999995
1943.0,0.40308700000000003
1944.0,0.403313
1945.0,0.403592
1946.0,0.40390099999999995
1947.0,0.404152
1948.0,0.40423200000000004
1949.0,0.40431100000000003
1950.0,0.40468000000000004
1951.0,0.405443
1952.0,0.40616300000000005
1953.0,0.406364
1954.0,0.40611800000000003
1955.0,0.405998
1956.0,0.406342
1957.0,0.40692999999999996
1958.0,0.407629
1959.0,0.40856499999999996
1960.0,0.409476
1961.0,0.409913
1962.0,0.409878
1963.0,0.409818
1964.0,0.410046
1965.0,0.410406
1966.0,0.410779
1967.0,0.411143
1968.0,0.411516
1969.0,0.41188400000000003
1970.0,0.412236
1971.0,0.412599
1972.0,0.41298999999999997
1973.0,0.413398
1974.0,0.413865
1975.0,0.41446500000000003
1976.0,0.41513399999999995
1977.0,0.415675
1978.0,0.41596200000000005
1979.0,0.416242
1980.0,0.41682400000000003
1981.0,0.4177
1982.0,0.418601
1983.0,0.419369
1984.0,0.420081
1985.0,0.420679
1986.0,0.421081
1987.0,0.421415
1988.0,0.421893
1989.0,0.422544
1990.0,0.42318199999999995
1991.0,0.423627
1992.0,0.423939
1993.0,0.424337
1994.0,0.424942
1995.0,0.42564300000000005
1996.0,0.426327
1997.0,0.427023
1998.0,0.427682
1999.0,0.42823700000000003
2000.0,0.428711
2001.0,0.429161
2002.0,0.429587
2003.0,0.430001
2004.0,0.43046599999999996
2005.0,0.43101999999999996
2006.0,0.43156300000000003
2007.0,0.431982
2008.0,0.43229300000000004
2009.0,0.43262700000000004
2010.0,0.433017
2011.0,0.43345100000000003
2012.0,0.433998
2013.0,0.43473300000000004
2014.0,0.435456
2015.0,0.43593000000000004
2016.0,0.4362
2017.0,0.436481
2018.0,0.436894
2019.0,0.43733299999999997
2020.0,0.43768
2021.0,0.437889
2022.0,0.438091
2023.0,0.438387
2024.0,0.438733
2025.0,0.439268
2026.0,0.440199
2027.0,0.441282
2028.0,0.44201799999999997
2029.0,0.44233100000000003
2030.0,0.442482
2031.0,0.442641
2032.0,0.44274500000000006
2033.0,0.442831
2034.0,0.44284300000000004
2035.0,0.442875
2036.0,0.443198
2037.0,0.443879
2038.0,0.44457599999999997
2039.0,0.445004
2040.0,0.445273
2041.0,0.44539
2042.0,0.44524
2043.0,0.44502400000000003
2044.0,0.445112
2045.0,0.44553600000000004
2046.0,0.446025
2047.0,0.44637
2048.0,0.446676
2049.0,0.44711599999999996
2050.0,0.447821
2051.0,0.448537
2052.0,0.44893700000000003
2053.0,0.449036
2054.0,0.449093
2055.0,0.449247
2056.0,0.449421
2057.0,0.449615
2058.0,0.449863
2059.0,0.450074
2060.0,0.45012
2061.0,0.450015
2062.0,0.44996200000000003
2063.0,0.450041
2064.0,0.45020200000000005
2065.0,0.450473
2066.0,0.45089799999999997
2067.0,0.45130400000000004
2068.0,0.451528
2069.0,0.451651
2070.0,0.451827
2071.0,0.452085
2072.0,0.452378
2073.0,0.452723
2074.0,0.453146
2075.0,0.453365
2076.0,0.453164
2077.0,0.45276299999999997
2078.0,0.452499
2079.0,0.452342
2080.0,0.45233199999999996
2081.0,0.45264000000000004
2082.0,0.453215
2083.0,0.45360700000000004
2084.0,0.453643
2085.0,0.453517
2086.0,0.453326
2087.0,0.452975
2088.0,0.452871
2089.0,0.45338999999999996
2090.0,0.45425400000000005
2091.0,0.454976
2092.0,0.45557699999999995
2093.0,0.456016
2094.0,0.456129
2095.0,0.456011
2096.0,0.455974
2097.0,0.456055
2098.0,0.45621
2099.0,0.456477
2100.0,0.45685899999999996
2101.0,0.457234
2102.0,0.457548
2103.0,0.45783999999999997
2104.0,0.45813299999999996
2105.0,0.458458
2106.0,0.458697
2107.0,0.45872100000000005
2108.0,0.458602
2109.0,0.45854500000000004
2110.0,0.458588
2111.0,0.458626
2112.0,0.45853700000000003
2113.0,0.458355
2114.0,0.45841299999999996
2115.0,0.45886699999999997
2116.0,0.459525
2117.0,0.46029000000000003
2118.0,0.461244
2119.0,0.46179400000000004
2120.0,0.461424
2121.0,0.46069099999999996
2122.0,0.460499
2123.0,0.460858
2124.0,0.461385
2125.0,0.46204500000000004
2126.0,0.46275599999999995
2127.0,0.46287999999999996
2128.0,0.46219
2129.0,0.46137900000000004
2130.0,0.460938
2131.0,0.46067
2132.0,0.460724
2133.0,0.461276
2134.0,0.461943
2135.0,0.46234400000000003
2136.0,0.462608
2137.0,0.462605
2138.0,0.462137
2139.0,0.46153700000000003
2140.0,0.461278
2141.0,0.461258
2142.0,0.46130499999999997
2143.0,0.461451
2144.0,0.46158299999999997
2145.0,0.461332
2146.0,0.460678
2147.0,0.46009300000000003
2148.0,0.45987
2149.0,0.459837
2150.0,0.45992
2151.0,0.46015900000000004
2152.0,0.460405
2153.0,0.460587
2154.0,0.46071199999999995
2155.0,0.46063200000000004
2156.0,0.46033499999999994
2157.0,0.459931
2158.0,0.45943399999999995
2159.0,0.45886000000000005
2160.0,0.458493
2161.0,0.45839199999999997
2162.0,0.458381
2163.0,0.45839599999999997
2164.0,0.458437
2165.0,0.458223
2166.0,0.45768000000000003
2167.0,0.45703099999999997
2168.0,0.45641800000000005
2169.0,0.45579000000000003
2170.0,0.45521500000000004
2171.0,0.454713
2172.0,0.454227
2173.0,0.453701
2174.0,0.45315600000000006
2175.0,0.452633
2176.0,0.452101
2177.0,0.451647
2178.0,0.45141
2179.0,0.45134300000000005
2180.0,0.451259
2181.0,0.451135
2182.0,0.450981
2183.0,0.450741
2184.0,0.45043300000000003
2185.0,0.450214
2186.0,0.45012500000000005
2187.0,0.450098
2188.0,0.45012599999999997
2189.0,0.45020200000000005
2190.0,0.450058
2191.0,0.44965299999999997
2192.0,0.449104
2193.0,0.448424
2194.0,0.447637
2195.0,0.44703400000000004
2196.0,0.446627
2197.0,0.44639
2198.0,0.446398
2199.0,0.446592
2200.0,0.44669800000000004
2201.0,0.44669600000000004
2202.0,0.44662799999999997
2203.0,0.446475
2204.0,0.446262
2205.0,0.446064
2206.0,0.44588
2207.0,0.44569000000000003
2208.0,0.445511
2209.0,0.445314
2210.0,0.444985
2211.0,0.444487
2212.0,0.444015
2213.0,0.443661
2214.0,0.443376
2215.0,0.44317100000000004
2216.0,0.44305
2217.0,0.442989
2218.0,0.442973
2219.0,0.443015
2220.0,0.44317
2221.0,0.443446
2222.0,0.443478
2223.0,0.44317100000000004
2224.0,0.44266300000000003
2225.0,0.441956
2226.0,0.441061
2227.0,0.440428
2228.0,0.44005099999999997
2229.0,0.439974
2230.0,0.44042299999999995
2231.0,0.44123399999999996
2232.0,0.441764
2233.0,0.44203600000000004
2234.0,0.44211
2235.0,0.441892
2236.0,0.44150300000000003
2237.0,0.441311
2238.0,0.441301
2239.0,0.441239
2240.0,0.44103200000000004
2241.0,0.44077599999999995
2242.0,0.44053600000000004
2243.0,0.440296
2244.0,0.440112
2245.0,0.44001199999999996
2246.0,0.439948
2247.0,0.43987699999999996
2248.0,0.439818
2249.0,0.439814
2250.0,0.43987299999999996
2251.0,0.439972
2252.0,0.44007599999999997
2253.0,0.44022599999999995
2254.0,0.440552
2255.0,0.44107300000000005
2256.0,0.44150399999999995
2257.0,0.441755
2258.0,0.441874
2259.0,0.441803
2260.0,0.441567
2261.0,0.44142899999999996
2262.0,0.44145
2263.0,0.441452
2264.0,0.44130699999999995
2265.0,0.4411
2266.0,0.440942
2267.0,0.440818
2268.0,0.440736
2269.0,0.440768
2270.0,0.440762
2271.0,0.44049
2272.0,0.440025
2273.0,0.43953200000000003
2274.0,0.438975
2275.0,0.43849899999999997
2276.0,0.438264
2277.0,0.438162
2278.0,0.43804699999999996
2279.0,0.437936
2280.0,0.437828
2281.0,0.437712
2282.0,0.437603
2283.0,0.437527
2284.0,0.43747100000000005
2285.0,0.437357
2286.0,0.437208
2287.0,0.436922
2288.0,0.436341
2289.0,0.43567999999999996
2290.0,0.435276
2291.0,0.43506100000000003
2292.0,0.435039
2293.0,0.43532499999999996
2294.0,0.43560000000000004
2295.0,0.435573
2296.0,0.435395
2297.0,0.435163
2298.0,0.434842
2299.0,0.434605
2300.0,0.434529
2301.0,0.434551
2302.0,0.434648
2303.0,0.434824
2304.0,0.43509099999999995
2305.0,0.43550400000000006
2306.0,0.435773
2307.0,0.435844
2308.0,0.435664
2309.0,0.43497
2310.0,0.43387
2311.0,0.43296999999999997
2312.0,0.43221600000000004
2313.0,0.431811
2314.0,0.432011
2315.0,0.432538
2316.0,0.433072
2317.0,0.433681
2318.0,0.434187
2319.0,0.43463500000000005
2320.0,0.43479599999999996
2321.0,0.434417
2322.0,0.43377899999999997
2323.0,0.433129
2324.0,0.432436
2325.0,0.43235500000000004
2326.0,0.43306199999999995
2327.0,0.43406
2328.0,0.435249
2329.0,0.43645
2330.0,0.437162
2331.0,0.437513
2332.0,0.437537
2333.0,0.437164
2334.0,0.43677900000000003
2335.0,0.436597
2336.0,0.436495
2337.0,0.436442
2338.0,0.436449
2339.0,0.43656500000000004
2340.0,0.436785
2341.0,0.437134
2342.0,0.437759
2343.0,0.43831699999999996
2344.0,0.43838900000000003
2345.0,0.43813899999999995
2346.0,0.437655
2347.0,0.436872
2348.0,0.43640300000000004
2349.0,0.43644
2350.0,0.43674300000000005
2351.0,0.437318
2352.0,0.438017
2353.0,0.438337
2354.0,0.438363
2355.0,0.438267
2356.0,0.438011
2357.0,0.43778399999999995
2358.0,0.4378
2359.0,0.437815
2360.0,0.437461
2361.0,0.436864
2362.0,0.436458
2363.0,0.436276
2364.0,0.436106
2365.0,0.435878
2366.0,0.435691
2367.0,0.43563899999999994
2368.0,0.435636
2369.0,0.43552599999999997
2370.0,0.435338
2371.0,0.435056
2372.0,0.434623
2373.0,0.43429
2374.0,0.43425199999999997
2375.0,0.434238
2376.0,0.434011
2377.0,0.43364199999999997
2378.0,0.433055
2379.0,0.43222499999999997
2380.0,0.431578
2381.0,0.43119300000000005
2382.0,0.430923
2383.0,0.430794
2384.0,0.43066000000000004
2385.0,0.430238
2386.0,0.429653
2387.0,0.42904800000000004
2388.0,0.428375
2389.0,0.42816200000000004
2390.0,0.428539
2391.0,0.429168
2392.0,0.43003399999999997
2393.0,0.430899
2394.0,0.43127899999999997
2395.0,0.43135100000000004
2396.0,0.431246
2397.0,0.43093699999999996
2398.0,0.43054299999999995
2399.0,0.430036
2400.0,0.429613
2401.0,0.42946199999999995
2402.0,0.429288
2403.0,0.428762
2404.0,0.428126
2405.0,0.427785
2406.0,0.42767099999999997
2407.0,0.42749699999999996
2408.0,0.427251
2409.0,0.42698300000000006
2410.0,0.426665
2411.0,0.42640500000000003
2412.0,0.42644
2413.0,0.426398
2414.0,0.42557
2415.0,0.42423099999999997
2416.0,0.42344099999999996
2417.0,0.423168
2418.0,0.422852
2419.0,0.42233899999999996
2420.0,0.422085
2421.0,0.422166
2422.0,0.42276800000000003
2423.0,0.424479
2424.0,0.426584
2425.0,0.427618
2426.0,0.427999
2427.0,0.42861400000000005
2428.0,0.42944200000000005
2429.0,0.42997799999999997
2430.0,0.430147
2431.0,0.430062
2432.0,0.429831
2433.0,0.429148
2434.0,0.427618
2435.0,0.42574100000000004
2436.0,0.424114
2437.0,0.42253999999999997
2438.0,0.420835
2439.0,0.41904
2440.0,0.41786
2441.0,0.417368
2442.0,0.41718200000000005
2443.0,0.417351
2444.0,0.417442
2445.0,0.41710099999999994
2446.0,0.416721
2447.0,0.416579
2448.0,0.416564
2449.0,0.41671100000000005
2450.0,0.416954
2451.0,0.41688699999999995
2452.0,0.416568
2453.0,0.416103
2454.0,0.415447
2455.0,0.41497999999999996
2456.0,0.414825
2457.0,0.41466500000000006
2458.0,0.414262
2459.0,0.414048
2460.0,0.414479
2461.0,0.415058
2462.0,0.415204
2463.0,0.415126
2464.0,0.41499400000000003
2465.0,0.414786
2466.0,0.414576
2467.0,0.414377
2468.0,0.41359
2469.0,0.41206400000000004
2470.0,0.41076799999999997
2471.0,0.409995
2472.0,0.40948
2473.0,0.40916800000000003
2474.0,0.40908
2475.0,0.409385
2476.0,0.40962699999999996
2477.0,0.40909300000000004
2478.0,0.40828600000000004
2479.0,0.40785899999999997
2480.0,0.40771
2481.0,0.408192
2482.0,0.409179
2483.0,0.409123
2484.0,0.408034
2485.0,0.407091
2486.0,0.40630499999999997
2487.0,0.40614100000000003
2488.0,0.40680900000000003
2489.0,0.407697
2490.0,0.408851
2491.0,0.40948799999999996
2492.0,0.409119
2493.0,0.40801099999999996
2494.0,0.40619700000000003
2495.0,0.403696
2496.0,0.40062
2497.0,0.396806
2498.0,0.391687
2499.0,0.385867
2500.0,0.38101999999999997
