Data ID,Jarosite LASF21A
Sample ID,LASF21A
Mineral Name,jarosite
Sample Description,
Date Added,
Viewing Geometry,
Other Information,
Grain Size,
Database of Origin,MICA Files (USGS/RELAB)
Wavelength,Response
300.0,0.04382000118494034
305.0,0.04330499842762947
310.0,0.039597999304533005
315.0,0.03451099991798401
320.0,0.03524800017476082
325.0,0.034811001271009445
330.0,0.03361799940466881
335.0,0.033204998821020126
340.0,0.032131001353263855
345.0,0.03122900053858757
350.0,0.03061099909245968
355.0,0.031062999740242958
360.0,0.031564999371767044
365.0,0.03220599889755249
370.0,0.03237900137901306
375.0,0.03292600065469742
380.0,0.033883001655340195
385.0,0.0345660001039505
390.0,0.03606199845671654
395.0,0.03815000131726265
400.0,0.04216400161385536
405.0,0.0444130003452301
410.0,0.04655599966645241
415.0,0.04820200055837631
420.0,0.04943399876356125
425.0,0.05054499953985214
430.0,0.05149799957871437
435.0,0.05408800020813942
440.0,0.059564001858234406
445.0,0.0655750036239624
450.0,0.07090900093317032
455.0,0.07479000091552734
460.0,0.07743199914693832
465.0,0.07995200157165527
470.0,0.08224199712276459
475.0,0.08475399762392044
480.0,0.0878089964389801
485.0,0.09156200289726257
490.0,0.09648200124502182
495.0,0.10275699943304062
500.0,0.11040300130844116
505.0,0.11963900178670883
510.0,0.13050900399684906
515.0,0.14378200471401215
520.0,0.1596740037202835
525.0,0.17955300211906433
530.0,0.2025279998779297
535.0,0.2306160032749176
540.0,0.26107800006866455
545.0,0.2946549952030182
550.0,0.3291949927806854
555.0,0.36372700333595276
560.0,0.39374199509620667
565.0,0.42050901055336
570.0,0.44163399934768677
575.0,0.4570640027523041
580.0,0.4662669897079468
585.0,0.4713880121707916
590.0,0.4738830029964447
595.0,0.47297000885009766
600.0,0.4702039957046509
605.0,0.4699389934539795
610.0,0.4669960141181946
615.0,0.46497198939323425
620.0,0.46250098943710327
625.0,0.46204501390457153
630.0,0.4599890112876892
635.0,0.4602780044078827
640.0,0.4606199860572815
645.0,0.46226298809051514
650.0,0.4629339873790741
655.0,0.46678099036216736
660.0,0.4693939983844757
665.0,0.4744189977645874
670.0,0.47898200154304504
675.0,0.48562800884246826
680.0,0.4922029972076416
685.0,0.4999080002307892
690.0,0.5070809721946716
695.0,0.516618013381958
700.0,0.5244809985160828
705.0,0.53370201587677
710.0,0.5420479774475098
715.0,0.5513070225715637
720.0,0.5595139861106873
725.0,0.5658619999885559
730.0,0.571058988571167
735.0,0.5777810215950012
740.0,0.5798879861831665
745.0,0.5820680260658264
750.0,0.5836309790611267
755.0,0.5813860297203064
760.0,0.5792080163955688
765.0,0.574051022529602
770.0,0.5686709880828857
775.0,0.5626329779624939
780.0,0.5534930229187012
785.0,0.5449650287628174
790.0,0.5356580018997192
795.0,0.5268139839172363
800.0,0.5171679854393005
805.0,0.5086089968681335
810.0,0.4978120028972626
815.0,0.49063000082969666
820.0,0.4815930128097534
825.0,0.4728020131587982
830.0,0.4656260013580322
835.0,0.4581040143966675
840.0,0.4523620009422302
845.0,0.44403699040412903
850.0,0.43840599060058594
855.0,0.432235985994339
860.0,0.4299739897251129
865.0,0.42450499534606934
870.0,0.41913801431655884
875.0,0.4173809885978699
880.0,0.4125860035419464
885.0,0.4093010127544403
890.0,0.40915998816490173
895.0,0.41103801131248474
900.0,0.40593400597572327
905.0,0.4048509895801544
910.0,0.4035260081291199
915.0,0.40444499254226685
920.0,0.4038969874382019
925.0,0.40536800026893616
930.0,0.4066460132598877
935.0,0.4066559970378876
940.0,0.4107150137424469
945.0,0.4114370048046112
950.0,0.4138120114803314
955.0,0.41490599513053894
960.0,0.4179689884185791
965.0,0.42038699984550476
970.0,0.4229870140552521
975.0,0.42885100841522217
980.0,0.43348899483680725
985.0,0.43556898832321167
990.0,0.4412020146846771
995.0,0.44543901085853577
1000.0,0.4498560130596161
1004.9999999999999,0.45496898889541626
1010.0,0.4607959985733032
1014.9999999999999,0.4663279950618744
1020.0,0.4720570147037506
1025.0,0.4778650104999542
1030.0,0.48465201258659363
1035.0,0.49164700508117676
1040.0,0.49842000007629395
1045.0,0.5053499937057495
1050.0,0.5135260224342346
1055.0,0.5185970067977905
1060.0,0.5267069935798645
1065.0,0.5343210101127625
1070.0,0.5414440035820007
1075.0,0.5471879839897156
1080.0,0.5558040142059326
1085.0,0.5634080171585083
1090.0,0.5688679814338684
1095.0,0.5770310163497925
1100.0,0.5822659730911255
1105.0,0.5909219980239868
1110.0,0.5972549915313721
1115.0,0.6038219928741455
1120.0,0.6095669865608215
1125.0,0.6171879768371582
1130.0,0.6243299841880798
1135.0,0.629613995552063
1140.0,0.6352069973945618
1145.0,0.6411899924278259
1150.0,0.6480879783630371
1155.0,0.653590977191925
1160.0,0.6585410237312317
1165.0,0.6624600291252136
1170.0,0.6696360111236572
1175.0,0.6728640198707581
1180.0,0.6785140037536621
1185.0,0.6836580038070679
1190.0,0.6880800127983093
1195.0,0.6943029761314392
1200.0,0.6992409825325012
1205.0,0.7046729922294617
1210.0,0.7091119885444641
1215.0,0.7162449955940247
1220.0,0.7195619940757751
1225.0,0.7241629958152771
1230.0,0.7283959984779358
1235.0,0.7326099872589111
1240.0,0.7369509935379028
1245.0,0.7421410083770752
1250.0,0.7455250024795532
1255.0,0.751475989818573
1260.0,0.7535619735717773
1265.0,0.7591400146484375
1270.0,0.7630119919776917
1275.0,0.7677710056304932
1280.0,0.7716879844665527
1285.0,0.7767969965934753
1290.0,0.7785400152206421
1295.0,0.7844409942626953
1300.0,0.7871440052986145
1305.0,0.7928370237350464
1310.0,0.7962020039558411
1315.0,0.8010119795799255
1320.0,0.8032630085945129
1325.0,0.8072850108146667
1330.0,0.8124629855155945
1335.0,0.8161470293998718
1340.0,0.819441020488739
1345.0,0.8227279782295227
1350.0,0.8244969844818115
1355.0,0.8269050121307373
1360.0,0.8309059739112854
1365.0,0.8358619809150696
1370.0,0.838316023349762
1375.0,0.8434450030326843
1380.0,0.8416370153427124
1385.0,0.8515400290489197
1390.0,0.8530269861221313
1395.0,0.8533009886741638
1400.0,0.8538150191307068
1405.0,0.856715977191925
1410.0,0.8628460168838501
1415.0,0.8628770112991333
1420.0,0.863057017326355
1425.0,0.8652740120887756
1430.0,0.8649680018424988
1435.0,0.8666020035743713
1440.0,0.865481972694397
1445.0,0.86353600025177
1450.0,0.8616080284118652
1455.0,0.8543969988822937
1460.0,0.8425809741020203
1465.0,0.8240929841995239
1470.0,0.8046029806137085
1475.0,0.7832930088043213
1480.0,0.7725600004196167
1485.0,0.7914230227470398
1490.0,0.8291190266609192
1495.0,0.8433089852333069
1500.0,0.8464840054512024
1505.0,0.848242998123169
1510.0,0.8499770164489746
1515.0,0.8501189947128296
1520.0,0.8463960289955139
1525.0,0.8452290296554565
1530.0,0.8441540002822876
1535.0,0.842736005783081
1540.0,0.8409900069236755
1545.0,0.8419830203056335
1550.0,0.8422960042953491
1555.0,0.8427039980888367
1560.0,0.845291018486023
1565.0,0.8505309820175171
1570.0,0.8514350056648254
1575.0,0.8568559885025024
1580.0,0.8575860261917114
1585.0,0.8607699871063232
1590.0,0.8621730208396912
1595.0,0.8666809797286987
1600.0,0.8677350282669067
1605.0,0.8699020147323608
1610.0,0.8715839982032776
1615.0,0.87288898229599
1620.0,0.8742619752883911
1625.0,0.8752570152282715
1630.0,0.8763290047645569
1635.0,0.8755339980125427
1640.0,0.8779969811439514
1645.0,0.8801950216293335
1650.0,0.878030002117157
1655.0,0.8792170286178589
1660.0,0.8786519765853882
1665.0,0.8751040101051331
1670.0,0.8753939867019653
1675.0,0.875465989112854
1680.0,0.8759490251541138
1685.0,0.8784210085868835
1690.0,0.8776080012321472
1695.0,0.8783199787139893
1700.0,0.8794339895248413
1705.0,0.880541980266571
1710.0,0.8816319704055786
1715.0,0.8808419704437256
1720.0,0.8807820081710815
1725.0,0.8804680109024048
1730.0,0.8791530132293701
1735.0,0.878803014755249
1740.0,0.8768200278282166
1745.0,0.8766409754753113
1750.0,0.87608402967453
1755.0,0.8743450045585632
1760.0,0.8725529909133911
1765.0,0.8719000220298767
1770.0,0.8704500198364258
1775.0,0.8696249723434448
1780.0,0.8690999746322632
1785.0,0.8686370253562927
1790.0,0.8678449988365173
1795.0,0.8667719960212708
1800.0,0.8663809895515442
1805.0,0.8633049726486206
1810.0,0.859853982925415
1815.0,0.8544449806213379
1820.0,0.8491860032081604
1825.0,0.8425329923629761
1830.0,0.829783022403717
1835.0,0.8129630088806152
1840.0,0.7831810116767883
1845.0,0.7589880228042603
1850.0,0.7565649747848511
1855.0,0.7685400247573853
1860.0,0.7732959985733032
1865.0,0.7850319743156433
1870.0,0.8046640157699585
1875.0,0.8222320079803467
1880.0,0.8410850167274475
1885.0,0.8515530228614807
1890.0,0.8569890260696411
1895.0,0.8575569987297058
1900.0,0.8596310019493103
1905.0,0.8541849851608276
1910.0,0.8514840006828308
1915.0,0.8472269773483276
1920.0,0.8467190265655518
1925.0,0.8399879932403564
1930.0,0.8390970230102539
1935.0,0.8352810144424438
1940.0,0.8322640061378479
1945.0,0.8315680027008057
1950.0,0.8296290040016174
1955.0,0.8320289850234985
1960.0,0.831637978553772
1965.0,0.832040011882782
1970.0,0.8314189910888672
1975.0,0.8329910039901733
1980.0,0.8321920037269592
1985.0,0.8317019939422607
1990.0,0.8319290280342102
1995.0,0.8316199779510498
2000.0,0.8292850255966187
2005.0,0.828590989112854
2009.9999999999998,0.8295720219612122
2015.0000000000002,0.828840970993042
2020.0,0.8266230225563049
2025.0,0.8249369859695435
2029.9999999999998,0.8239570260047913
2035.0000000000002,0.8188300132751465
2040.0,0.8174579739570618
2045.0,0.8122940063476562
2050.0,0.810841977596283
2055.0,0.8092210292816162
2060.0,0.8075839877128601
2065.0,0.8034700155258179
2070.0,0.8019239902496338
2075.0,0.7995439767837524
2080.0,0.7984179854393005
2085.0,0.7973849773406982
2090.0,0.7970240116119385
2095.0,0.7952899932861328
2100.0,0.7958070039749146
2105.0,0.79134202003479
2110.0,0.7896350026130676
2115.0,0.7854310274124146
2120.0,0.781682014465332
2125.0,0.7795590162277222
2130.0,0.7749159932136536
2135.0,0.7713750004768372
2140.0,0.7672650218009949
2145.0,0.7643190026283264
2150.0,0.7601659893989563
2155.0,0.7575049996376038
2160.0,0.7528640031814575
2165.0,0.7523379921913147
2170.0,0.7485880255699158
2175.0,0.7453600168228149
2180.0,0.7419350147247314
2185.0,0.7369940280914307
2190.0,0.7318019866943359
2195.0,0.7253159880638123
2200.0,0.7185320258140564
2205.0,0.7132779955863953
2210.0,0.7048439979553223
2215.0,0.6955509781837463
2220.0,0.6877049803733826
2225.0,0.6785449981689453
2230.0,0.6732820272445679
2235.0,0.669717013835907
2240.0,0.6672250032424927
2245.0,0.6653680205345154
2250.0,0.6548929810523987
2255.0,0.6361079812049866
2260.0,0.6093350052833557
2265.0,0.5886369943618774
2270.0,0.5831419825553894
2275.0,0.5897369980812073
2280.0,0.6018189787864685
2285.0,0.6290789842605591
2290.0,0.6585249900817871
2295.0,0.6842160224914551
2300.0,0.6935849785804749
2305.0,0.6928039789199829
2310.0,0.6976659893989563
2315.0,0.7191569805145264
2320.0,0.7386230230331421
2325.0,0.7473499774932861
2330.0,0.7533010244369507
2335.0,0.7555350065231323
2340.0,0.7566329836845398
2345.0,0.7559800148010254
2350.0,0.754751980304718
2355.0,0.7499200105667114
2360.0,0.7436659932136536
2365.0,0.7358940243721008
2370.0,0.7244799733161926
2375.0,0.7145400047302246
2380.0,0.7015150189399719
2385.0,0.68607097864151
2390.0,0.6674219965934753
2395.0,0.6472780108451843
2400.0,0.6268510222434998
2405.0,0.6120690107345581
2410.0,0.6020950078964233
2415.0,0.5950520038604736
2420.0,0.5967599749565125
2425.0,0.5988529920578003
2430.0,0.6034370064735413
2435.0,0.6035029888153076
2440.0,0.6016989946365356
2445.0,0.5947200059890747
2450.0,0.5829269886016846
2455.0,0.5670819878578186
2460.0,0.5541070103645325
2465.0,0.5495489835739136
2470.0,0.5507689714431763
2475.0,0.5596989989280701
2480.0,0.5651699900627136
2485.0,0.5681139826774597
2490.0,0.5683249831199646
2495.0,0.5642439723014832
2500.0,0.5558260083198547
2505.0,0.537630021572113
2510.0,0.5140320062637329
2515.0,0.4917429983615875
2520.0,0.4852890074253082
2525.0,0.4982289969921112
2530.0,0.5057069063186646
2531.32,0.506301999092102
2532.55,0.5064049959182739
2533.7900000000004,0.5076339840888977
2535.0299999999997,0.5086439847946167
2536.27,0.50832599401474
2537.51,0.5097860097885132
2538.75,0.5107600092887878
2540.0,0.5112069845199585
2541.2400000000002,0.5121870040893555
2542.49,0.5120189785957336
2543.7400000000002,0.5119519829750061
2544.99,0.513463020324707
2546.2400000000002,0.5146039724349976
2547.49,0.5142859816551208
2548.74,0.5137529969215393
2549.9900000000002,0.5143669843673706
2551.25,0.5154669880867004
2552.5,0.5145320296287537
2553.76,0.5141329765319824
2555.02,0.5157570242881775
2556.28,0.5151259899139404
2557.54,0.5145599842071533
2558.8,0.5141860246658325
2560.07,0.5127530097961426
2561.33,0.5112490057945251
2562.6000000000004,0.5108609795570374
2563.86,0.5119630098342896
2565.13,0.5122119784355164
2566.3999999999996,0.5116090178489685
2567.67,0.5103440284729004
2568.9500000000003,0.508063018321991
2570.22,0.5060650110244751
2571.5,0.5060650110244751
2572.77,0.5041249990463257
2574.05,0.5016739964485168
2575.33,0.5004900097846985
2576.61,0.4971570074558258
2577.89,0.49481400847435
2579.17,0.49373701214790344
2580.46,0.4908219873905182
2581.74,0.48858100175857544
2583.0299999999997,0.48682498931884766
2584.31,0.483491986989975
2585.6,0.4831539988517761
2586.89,0.47957199811935425
2588.19,0.47546300292015076
2589.48,0.4747009873390198
2590.77,0.47311198711395264
2592.07,0.4693180024623871
2593.36,0.4652479887008667
2594.6600000000003,0.460983008146286
2595.96,0.4606870114803314
2597.2599999999998,0.46054399013519287
2598.56,0.45753800868988037
2599.8700000000003,0.45385000109672546
2601.17,0.4491569995880127
2602.48,0.44620099663734436
2603.78,0.442797988653183
2605.09,0.4392780065536499
2606.3999999999996,0.43703600764274597
2607.71,0.43674299120903015
2609.03,0.4340989887714386
2610.3399999999997,0.43137699365615845
2611.6600000000003,0.4306960105895996
2612.97,0.42928099632263184
2614.29,0.42809200286865234
2615.61,0.4276530146598816
2616.93,0.42575499415397644
2618.25,0.4281980097293854
2619.57,0.4281199872493744
2620.8999999999996,0.42625200748443604
2622.22,0.42812201380729675
2623.5499999999997,0.42798298597335815
2624.88,0.42708098888397217
2626.21,0.426023006439209
2627.5400000000004,0.42732900381088257
2628.87,0.43014299869537354
2630.21,0.4283120036125183
2631.5400000000004,0.43125200271606445
2632.88,0.4347020089626312
2634.21,0.4355590045452118
2635.5499999999997,0.43835899233818054
2636.8900000000003,0.44026899337768555
2638.2400000000002,0.4421730041503906
2639.58,0.4455670118331909
2640.92,0.44824400544166565
2642.27,0.4503459930419922
2643.62,0.4540480077266693
2644.97,0.4576190114021301
2646.3199999999997,0.45937201380729675
2647.67,0.4615100026130676
2649.02,0.4634059965610504
2650.38,0.4645310044288635
2651.73,0.4658930003643036
2653.09,0.4687100052833557
2654.4500000000003,0.471996009349823
2655.81,0.47291100025177
2657.1699999999996,0.47518599033355713
2658.5299999999997,0.4768980145454407
2659.89,0.4775789976119995
2661.2599999999998,0.47931501269340515
2662.63,0.4808279871940613
2664.0,0.48071399331092834
2665.36,0.4810490012168884
2666.74,0.48315900564193726
2668.11,0.48589199781417847
2669.48,0.4873799979686737
2670.8599999999997,0.4847559928894043
2672.23,0.4908199906349182
2673.61,0.4928410053253174
2674.9900000000002,0.49285998940467834
2676.37,0.4930169880390167
2677.76,0.4952720105648041
2679.14,0.4969780147075653
2680.52,0.49749699234962463
2681.91,0.49833500385284424
2683.3,0.49776801466941833
2684.6899999999996,0.5002110004425049
2686.08,0.5029100179672241
2687.47,0.5049340128898621
2688.87,0.5077229738235474
2690.2599999999998,0.5099279880523682
2691.6600000000003,0.5122870206832886
2693.06,0.5127649903297424
2694.46,0.5142530202865601
2695.86,0.5180550217628479
2697.26,0.5195479989051819
2698.66,0.5199059844017029
2700.07,0.5188199877738953
2701.48,0.5181639790534973
2702.89,0.5180050134658813
2704.2999999999997,0.5174160003662109
2705.71,0.5156289935112
2707.1200000000003,0.5132920145988464
2708.53,0.5107409954071045
2709.9500000000003,0.5090100169181824
2711.37,0.5069609880447388
2712.79,0.5061929821968079
2714.21,0.5035189986228943
2715.63,0.49932000041007996
2717.05,0.4957579970359802
2718.48,0.49263399839401245
2719.9,0.4885079860687256
2721.33,0.4847170114517212
2722.76,0.48376500606536865
2724.19,0.47866499423980713
2725.6200000000003,0.4752260148525238
2727.06,0.47397199273109436
2728.49,0.47067001461982727
2729.93,0.4662480056285858
2731.37,0.4622809886932373
2732.8100000000004,0.45854300260543823
2734.25,0.4545530080795288
2735.69,0.45101600885391235
2737.1400000000003,0.44833698868751526
2738.58,0.44370201230049133
2740.0299999999997,0.4381299912929535
2741.48,0.4350090026855469
2742.93,0.43296900391578674
2744.38,0.42986398935317993
2745.8300000000004,0.42486199736595154
2747.29,0.4199430048465729
2748.75,0.41457200050354004
2750.2,0.4094710052013397
2751.6600000000003,0.4048430025577545
2753.13,0.40011700987815857
2754.5899999999997,0.3942210078239441
2756.05,0.38916200399398804
2757.52,0.3864929974079132
2758.99,0.380715012550354
2760.46,0.37417399883270264
2761.93,0.36789000034332275
2763.3999999999996,0.3613849878311157
2764.8700000000003,0.3553810119628906
2766.35,0.3488200008869171
2767.82,0.3422209918498993
2769.2999999999997,0.33692800998687744
2770.7799999999997,0.33113300800323486
2772.26,0.32429298758506775
2773.75,0.31858399510383606
2775.23,0.31306201219558716
2776.7200000000003,0.3074449896812439
2778.21,0.302498996257782
2779.7000000000003,0.296764999628067
2781.19,0.29195499420166016
2782.68,0.2870280146598816
2784.1800000000003,0.2811340093612671
2785.67,0.27539199590682983
2787.17,0.2698670029640198
2788.67,0.26531699299812317
2790.1699999999996,0.26150399446487427
2791.67,0.25808700919151306
2793.18,0.2550159990787506
2794.68,0.2529810070991516
2796.19,0.25085899233818054
2797.7,0.24809299409389496
2799.21,0.24600200355052948
2800.7200000000003,0.24447500705718994
2802.24,0.24336600303649902
2803.75,0.24222500622272491
2805.27,0.2403150051832199
2806.79,0.23831899464130402
2808.31,0.23644299805164337
2809.83,0.23508599400520325
2811.35,0.23305700719356537
2812.8799999999997,0.23066699504852295
2814.41,0.22781099379062653
2815.93,0.22450600564479828
2817.46,0.22155000269412994
2819.0,0.21782000362873077
2820.53,0.21395599842071533
2822.07,0.21068499982357025
2823.6,0.2073490023612976
2825.1400000000003,0.20310500264167786
2826.6800000000003,0.19844600558280945
2828.22,0.19402700662612915
2829.77,0.18985100090503693
2831.3100000000004,0.18520799279212952
2832.86,0.18001000583171844
2834.4100000000003,0.17566899955272675
2835.96,0.1709350049495697
2837.5099999999998,0.16536200046539307
2839.07,0.16058599948883057
2840.62,0.15742899477481842
2842.18,0.153998002409935
2843.74,0.15033499896526337
2845.2999999999997,0.14714999496936798
2846.86,0.1442440003156662
2848.43,0.14189599454402924
2849.9900000000002,0.1396380066871643
2851.56,0.13698799908161163
2853.13,0.1345369964838028
2854.7,0.13222600519657135
2856.27,0.1301960051059723
2857.85,0.12768100202083588
2859.42,0.12521299719810486
2861.0,0.12322299927473068
2862.58,0.12082800269126892
2864.16,0.11815299838781357
2865.75,0.11590900272130966
2867.33,0.11339300125837326
2868.92,0.1104540005326271
2870.5099999999998,0.10783199965953827
2872.1,0.10494600236415863
2873.69,0.10147000104188919
2875.28,0.09869299829006195
2876.88,0.09684199839830399
2878.48,0.09403599798679352
2880.0699999999997,0.09099099785089493
2881.68,0.08849799633026123
2883.28,0.08663000166416168
2884.88,0.08426500111818314
2886.49,0.08111699670553207
2888.1,0.07846400141716003
2889.71,0.07660800218582153
2891.3199999999997,0.07466500252485275
2892.93,0.07287599891424179
2894.55,0.07135400176048279
2896.16,0.068852998316288
2897.78,0.06737899780273438
2899.4,0.06682100147008896
2901.03,0.06561499834060669
2902.65,0.06440000236034393
2904.2799999999997,0.06314100325107574
2905.91,0.06174299865961075
2907.54,0.06055299937725067
2909.17,0.05950099974870682
2910.8,0.05788499861955643
2912.44,0.05644100159406662
2914.07,0.055824000388383865
2915.7099999999996,0.0555340014398098
2917.35,0.05459300056099892
2918.99,0.05393199995160103
2920.6400000000003,0.052962999790906906
2922.29,0.052028000354766846
2923.93,0.05106699839234352
2925.58,0.05037799850106239
2927.24,0.04936999827623367
2928.89,0.04845999926328659
2930.55,0.047825999557971954
2932.2,0.0468829981982708
2933.86,0.04566600173711777
2935.52,0.04505399987101555
2937.19,0.04487600177526474
2938.85,0.0443120002746582
2940.52,0.0433880016207695
2942.19,0.042399000376462936
2943.86,0.04098400101065636
2945.53,0.040240999311208725
2947.21,0.03970000147819519
2948.88,0.03928399831056595
2950.56,0.03925900161266327
2952.2400000000002,0.03867499902844429
2953.92,0.03804999962449074
2955.61,0.03826799988746643
2957.29,0.038426999002695084
2958.98,0.03856600075960159
2960.67,0.039034999907016754
2962.3599999999997,0.03980899974703789
2964.06,0.04027799889445305
2965.75,0.04074399918317795
2967.45,0.04109799861907959
2969.15,0.04183800145983696
2970.85,0.04255300015211105
2972.55,0.04384300112724304
2974.26,0.04457100108265877
2975.97,0.04562599956989288
2977.68,0.04676299914717674
2979.39,0.04762500151991844
2981.1,0.04798499867320061
2982.8199999999997,0.04844599962234497
2984.5299999999997,0.0491969995200634
2986.25,0.05021899938583374
2987.97,0.05067899823188782
2989.7,0.0511149987578392
2991.42,0.05184600129723549
2993.15,0.053272999823093414
2994.88,0.054363999515771866
2996.61,0.05543899908661842
2998.3399999999997,0.05614500120282173
3000.08,0.05645199865102768
3001.8199999999997,0.05698800086975098
3003.55,0.057569000869989395
3005.3,0.05787099897861481
3007.04,0.05819199979305267
3008.7799999999997,0.058292001485824585
3010.53,0.058859001845121384
3012.28,0.05900999903678894
3014.03,0.05909299850463867
3015.79,0.059268999844789505
3017.54,0.059567999094724655
3019.2999999999997,0.060022998601198196
3021.06,0.060019999742507935
3022.8199999999997,0.05968200042843819
3024.58,0.0595569983124733
3026.35,0.05964900180697441
3028.12,0.05990299955010414
3029.89,0.06011800095438957
3031.66,0.060075998306274414
3033.4300000000003,0.06024099886417389
3035.21,0.06060099974274635
3036.99,0.06102199852466583
3038.77,0.061225999146699905
3040.55,0.06117299944162369
3042.3300000000004,0.06169800087809563
3044.12,0.06220899894833565
3045.9100000000003,0.06265000253915787
3047.7,0.06332000344991684
3049.4900000000002,0.06429100036621094
3051.29,0.06460999697446823
3053.08,0.06529399752616882
3054.8799999999997,0.06588800251483917
3056.6800000000003,0.06663099676370621
3058.49,0.06744299829006195
3060.29,0.06831999868154526
3062.1,0.06846500188112259
3063.91,0.0686039999127388
3065.72,0.06911800056695938
3067.54,0.0701259970664978
3069.35,0.07148800045251846
3071.17,0.07234200090169907
3072.99,0.073014996945858
3074.81,0.07394199818372726
3076.64,0.07475399971008301
3078.47,0.07579299807548523
3080.2900000000004,0.07645399868488312
3082.1299999999997,0.0769599974155426
3083.96,0.0780709981918335
3085.79,0.07855100184679031
3087.6299999999997,0.07906199991703033
3089.47,0.08011200278997421
3091.31,0.08053900301456451
3093.1600000000003,0.08055800199508667
3095.0099999999998,0.08090999722480774
3096.85,0.08144000172615051
3098.71,0.081557996571064
3100.5600000000004,0.08161299675703049
3102.41,0.08144000172615051
3104.27,0.08175300061702728
3106.1299999999997,0.08222199976444244
3107.9900000000002,0.08242599666118622
3109.8599999999997,0.08270499855279922
3111.73,0.08314599841833115
3113.5899999999997,0.08358699828386307
3115.4700000000003,0.08381299674510956
3117.34,0.08360400050878525
3119.21,0.08370400220155716
3121.09,0.0837550014257431
3122.97,0.08389700204133987
3124.86,0.08432099968194962
3126.74,0.0847880020737648
3128.6299999999997,0.08484599739313126
3130.52,0.08513399958610535
3132.4100000000003,0.08552499860525131
3134.3,0.08663299679756165
3136.2000000000003,0.08766800165176392
3138.1,0.08826299756765366
3140.0,0.08871500194072723
3141.9,0.0891840010881424
3143.8100000000004,0.08984000235795975
3145.7099999999996,0.0906279981136322
3147.62,0.0910940021276474
3149.54,0.09150099754333496
3151.4500000000003,0.09188900142908096
3153.37,0.09246200323104858
3155.29,0.0928800031542778
3157.21,0.0930899977684021
3159.13,0.09321299940347672
3161.06,0.09316500276327133
3162.9900000000002,0.09293600171804428
3164.92,0.09284699708223343
3166.8500000000004,0.09261500090360641
3168.79,0.09286899864673615
3170.7200000000003,0.09306800365447998
3172.67,0.0928020030260086
3174.61,0.09246999770402908
3176.55,0.09269300103187561
3178.5,0.09283600002527237
3180.45,0.09290000051259995
3182.4,0.0925849974155426
3184.3599999999997,0.09250400215387344
3186.3199999999997,0.09274599701166153
3188.27,0.09306500107049942
3190.2400000000002,0.09313999861478806
3192.2000000000003,0.0939830020070076
3194.17,0.09518600255250931
3196.1400000000003,0.09609899669885635
3198.1099999999997,0.0969260036945343
3200.08,0.09752299636602402
3202.06,0.09848599880933762
3204.04,0.09995199739933014
3206.02,0.10115200281143188
3208.0,0.10234399884939194
3209.99,0.1036280021071434
3211.98,0.1051110029220581
3213.9700000000003,0.10650599747896194
3215.96,0.10801400244235992
3217.96,0.10960499942302704
3219.96,0.11114300042390823
3221.96,0.11304400116205215
3223.96,0.1150289997458458
3225.97,0.11665999889373779
3227.98,0.1186780035495758
3229.99,0.12099800258874893
3232.0,0.12337899953126907
3234.02,0.12532800436019897
3236.04,0.12727099657058716
3238.06,0.12918299436569214
3240.08,0.13127900660037994
3242.1099999999997,0.1335960030555725
3244.14,0.13579300045967102
3246.17,0.13780899345874786
3248.2000000000003,0.140066996216774
3250.24,0.1421390026807785
3252.2799999999997,0.14392000436782837
3254.3199999999997,0.14602500200271606
3256.37,0.14837799966335297
3258.41,0.15082600712776184
3260.46,0.1529259979724884
3262.5099999999998,0.15519000589847565
3264.57,0.15750999748706818
3266.63,0.1594640016555786
3268.69,0.1614460051059723
3270.75,0.16404199600219727
3272.8100000000004,0.16651000082492828
3274.88,0.16850000619888306
3276.95,0.17061400413513184
3279.02,0.17291100323200226
3281.1,0.17572200298309326
3283.1800000000003,0.17822900414466858
3285.26,0.18073900043964386
3287.34,0.18319499492645264
3289.43,0.18592800199985504
3291.51,0.1887200027704239
3293.61,0.1913750022649765
3295.7000000000003,0.19386200606822968
3297.8,0.1966869980096817
3299.9,0.19962699711322784
3302.0,0.20287400484085083
3304.1,0.20562900602817535
3306.21,0.20853200554847717
3308.32,0.21114200353622437
3310.4300000000003,0.2134619951248169
3312.5499999999997,0.2161789983510971
3314.66,0.21888400614261627
3316.79,0.22143499553203583
3318.91,0.2241709977388382
3321.0299999999997,0.22661900520324707
3323.1600000000003,0.22886699438095093
3325.29,0.23090200126171112
3327.4300000000003,0.23316800594329834
3329.5699999999997,0.23546600341796875
3331.71,0.23749299347400665
3333.85,0.23904499411582947
3335.99,0.24057699739933014
3338.1400000000003,0.2425989955663681
3340.29,0.24486500024795532
3342.45,0.2467159926891327
3344.6,0.24844400584697723
3346.76,0.25043800473213196
3348.92,0.25245898962020874
3351.09,0.25418099761009216
3353.26,0.2561579942703247
3355.4300000000003,0.2581480145454407
3357.6000000000004,0.2598539888858795
3359.78,0.26182499527931213
3361.96,0.2637310028076172
3364.14,0.2654680013656616
3366.32,0.26737698912620544
3368.51,0.2689819931983948
3370.7,0.2707720100879669
3372.89,0.27239900827407837
3375.09,0.27373701333999634
3377.29,0.27567100524902344
3379.4900000000002,0.2780579924583435
3381.69,0.2798359990119934
3383.9,0.281358003616333
3386.11,0.282602995634079
3388.32,0.28395700454711914
3390.54,0.2853269875049591
3392.76,0.2866789996623993
3394.98,0.2882840037345886
3397.21,0.28938400745391846
3399.4300000000003,0.2902880012989044
3401.6600000000003,0.2915610074996948
3403.9,0.2925580143928528
3406.13,0.29350700974464417
3408.3700000000003,0.29479700326919556
3410.61,0.2960920035839081
3412.8599999999997,0.29704898595809937
3415.1099999999997,0.29806798696517944
3417.36,0.2988559901714325
3419.61,0.29981300234794617
3421.8700000000003,0.301254004240036
3424.13,0.30254900455474854
3426.39,0.3036629855632782
3428.66,0.3051230013370514
3430.93,0.3063870072364807
3433.2,0.30776700377464294
3435.48,0.30906200408935547
3437.7599999999998,0.310139000415802
3440.0400000000004,0.3113729953765869
3442.32,0.31246501207351685
3444.61,0.3136430084705353
3446.8999999999996,0.31501099467277527
3449.19,0.3158319890499115
3451.4900000000002,0.31685298681259155
3453.79,0.3183189928531647
3456.09,0.31944701075553894
3458.4,0.3204149901866913
3460.7000000000003,0.32143399119377136
3463.0200000000004,0.3227880001068115
3465.33,0.3242120146751404
3467.65,0.3253990113735199
3469.97,0.32645100355148315
3472.29,0.32757899165153503
3474.62,0.32856398820877075
3476.95,0.3296310007572174
3479.2900000000004,0.3313220143318176
3481.62,0.3328610062599182
3483.96,0.3341729938983917
3486.3,0.3350349962711334
3488.6499999999996,0.33638399839401245
3491.0,0.3377709984779358
3493.35,0.33876198530197144
3495.71,0.33949100971221924
3498.0699999999997,0.3405880033969879
3500.4300000000003,0.34186598658561707
3502.79,0.34301701188087463
3505.16,0.34419500827789307
3507.53,0.34560200572013855
3509.9100000000003,0.3470729887485504
3512.29,0.34824201464653015
3514.67,0.3489069938659668
3517.0499999999997,0.34953200817108154
3519.44,0.35064300894737244
3521.83,0.35179901123046875
3524.23,0.35246598720550537
3526.62,0.3528989851474762
3529.02,0.353410005569458
3531.43,0.35426101088523865
3533.83,0.3551909923553467
3536.24,0.35612601041793823
3538.6600000000003,0.3569659888744354
3541.08,0.35790199041366577
3543.5,0.35877498984336853
3545.92,0.35937801003456116
3548.35,0.36008501052856445
3550.78,0.36121800541877747
3553.21,0.3618910014629364
3555.65,0.36255499720573425
3558.09,0.36341801285743713
3560.5299999999997,0.3644370138645172
3562.98,0.36552301049232483
3565.4300000000003,0.3664799928665161
3567.88,0.36713099479675293
3570.3399999999997,0.368010014295578
3572.8,0.36873599886894226
3575.27,0.36958199739456177
3577.73,0.3707509934902191
3580.2000000000003,0.37161698937416077
3582.68,0.3722369968891144
3585.1600000000003,0.37325799465179443
3587.64,0.3743639886379242
3590.1200000000003,0.37524300813674927
3592.61,0.37647101283073425
3595.1,0.37766900658607483
3597.6,0.3787350058555603
3600.0899999999997,0.3801090121269226
3602.6,0.3812200129032135
3605.1000000000004,0.38225600123405457
3607.61,0.38302600383758545
3610.1200000000003,0.38408100605010986
3612.64,0.38547199964523315
3615.16,0.38687899708747864
3617.68,0.3881070017814636
3620.21,0.3891400098800659
3622.74,0.39014801383018494
3625.27,0.39138999581336975
3627.8100000000004,0.392535001039505
3630.35,0.3939859867095947
3632.8900000000003,0.39494600892066956
3635.44,0.3958449959754944
3637.99,0.3971709907054901
3640.54,0.39827099442481995
3643.1,0.3996419906616211
3645.66,0.40105998516082764
3648.23,0.40188100934028625
3650.7999999999997,0.40311199426651
3653.37,0.40460801124572754
3655.95,0.40590399503707886
3658.5299999999997,0.40727999806404114
3661.1099999999997,0.40880998969078064
3663.7,0.4097670018672943
3666.29,0.41093701124191284
3668.8900000000003,0.41259199380874634
3671.48,0.41426700353622437
3674.09,0.4157389998435974
3676.6899999999996,0.4174019992351532
3679.3,0.41911599040031433
3681.91,0.42045900225639343
3684.53,0.42184099555015564
3687.15,0.42361098527908325
3689.7799999999997,0.42539799213409424
3692.4,0.42664799094200134
3695.04,0.42783498764038086
3697.67,0.4292919933795929
3700.31,0.4306989908218384
3702.95,0.432345986366272
3705.6,0.4338400065898895
3708.25,0.4350619912147522
3710.9100000000003,0.43660300970077515
3713.5600000000004,0.43811100721359253
3716.23,0.4393030107021332
3718.89,0.44044700264930725
3721.5600000000004,0.44180700182914734
3724.23,0.44341200590133667
3726.9100000000003,0.4445900022983551
3729.59,0.4455389976501465
3732.2799999999997,0.44680899381637573
3734.9700000000003,0.44831401109695435
3737.66,0.4494839906692505
3740.36,0.45058900117874146
3743.06,0.45164498686790466
3745.76,0.45301198959350586
3748.4700000000003,0.454039990901947
3751.1800000000003,0.45516499876976013
3753.8999999999996,0.45628198981285095
3756.62,0.457302987575531
3759.3399999999997,0.4584139883518219
3762.07,0.4594390094280243
3764.8,0.46074000000953674
3767.54,0.4620459973812103
3770.28,0.4632270038127899
3773.02,0.4643769860267639
3775.77,0.4654020071029663
3778.52,0.46638399362564087
3781.28,0.46716898679733276
3784.04,0.46807900071144104
3786.7999999999997,0.4693300127983093
3789.5699999999997,0.4706220030784607
3792.3399999999997,0.47161298990249634
3795.12,0.4723530113697052
3797.8999999999996,0.4732910096645355
3800.69,0.4744049906730652
3803.47,0.4753260016441345
3806.27,0.4765630066394806
3809.06,0.47764599323272705
3811.8599999999997,0.47830501198768616
3814.67,0.47912299633026123
3817.48,0.47987401485443115
3820.29,0.48103201389312744
3823.1099999999997,0.4820989966392517
3825.93,0.4828909933567047
3828.7599999999998,0.4839160144329071
3831.5899999999997,0.484730988740921
3834.42,0.48525598645210266
3837.26,0.48596200346946716
3840.1,0.48674899339675903
3842.9500000000003,0.48762598633766174
3845.8,0.4883599877357483
3848.65,0.48906099796295166
3851.51,0.4900070130825043
3854.38,0.4909510016441345
3857.24,0.4916679859161377
3860.1200000000003,0.4923720061779022
3862.99,0.4932200014591217
3865.8700000000003,0.49397099018096924
3868.7599999999998,0.4946410059928894
3871.6499999999996,0.495278000831604
3874.54,0.4962939918041229
3877.44,0.4972180128097534
3880.3399999999997,0.49799400568008423
3883.25,0.4990519881248474
3886.16,0.49967700242996216
3889.0699999999997,0.5001800060272217
3891.99,0.501230001449585
3894.92,0.5022510290145874
3897.85,0.5030969977378845
3900.78,0.5036919713020325
3903.72,0.504381000995636
3906.66,0.5053640007972717
3909.6000000000004,0.5064049959182739
3912.55,0.5073630213737488
3915.5099999999998,0.5078070163726807
3918.4700000000003,0.5085269808769226
3921.43,0.5094820261001587
3924.4,0.510316014289856
3927.3799999999997,0.511106014251709
3930.35,0.511614978313446
3933.3300000000004,0.5121530294418335
3936.3199999999997,0.5129629969596863
3939.31,0.5137720108032227
3942.31,0.5143340229988098
3945.31,0.5148329734802246
3948.3100000000004,0.5154079794883728
3951.32,0.515874981880188
3954.34,0.5165079832077026
3957.35,0.5170750021934509
3960.3799999999997,0.5175020098686218
3963.4100000000003,0.5177479982376099
3966.44,0.5177479982376099
3969.48,0.5178679823875427
3972.52,0.5179319977760315
3975.5600000000004,0.5179319977760315
3978.61,0.5179259777069092
3981.6699999999996,0.5178229808807373
3984.73,0.5174239873886108
3987.8,0.5167149901390076
3990.8700000000003,0.5154060125350952
3993.9399999999996,0.51350998878479
3997.02,0.511044979095459
4000.1,0.5090320110321045
4003.19,0.5081999897956848
4006.29,0.5094429850578308
4009.39,0.5126280188560486
4012.49,0.5159720182418823
4015.6,0.5190039873123169
4018.7099999999996,0.5214220285415649
4021.8299999999995,0.5229510068893433
4024.9499999999994,0.52395099401474
4028.08,0.5247439742088318
4031.2099999999996,0.5252990126609802
4034.35,0.5255590081214905
4037.4900000000002,0.5258020162582397
4040.64,0.5262010097503662
4043.7900000000004,0.5266000032424927
4046.94,0.5268539786338806
4050.11,0.5270360112190247
4053.2700000000004,0.527197003364563
4056.44,0.5272619724273682
4059.62,0.5273290276527405
4062.8,0.527309000492096
4065.9900000000002,0.527442991733551
4069.1800000000003,0.5275350213050842
4072.38,0.5278199911117554
4075.5800000000004,0.527783989906311
4078.78,0.5275599956512451
4082.0,0.5276640057563782
4085.21,0.5277280211448669
4088.43,0.5281609892845154
4091.66,0.5285509824752808
4094.8900000000003,0.5288980007171631
4098.13,0.5292879939079285
4101.37,0.5297709703445435
4104.62,0.5301820039749146
4107.87,0.5306869745254517
4111.13,0.5311499834060669
4114.39,0.5314379930496216
4117.66,0.5318179726600647
4120.93,0.5322250127792358
4124.21,0.5326610207557678
4127.5,0.5330680012702942
4130.79,0.5331240296363831
4134.08,0.5332940220832825
4137.38,0.5335620045661926
4140.679999999999,0.5336909890174866
4143.99,0.5337769985198975
4147.31,0.5338670015335083
4150.629999999999,0.5338919758796692
4153.95,0.5336710214614868
4157.29,0.5332130193710327
4160.62,0.5330259799957275
4163.96,0.532895028591156
4167.3099999999995,0.5323370099067688
4170.66,0.5317670106887817
4174.0199999999995,0.5314459800720215
4177.39,0.5311499834060669
4180.75,0.5304189920425415
4184.13,0.5294700264930725
4187.509999999999,0.5288749933242798
4190.889999999999,0.5281909704208374
4194.28,0.5274350047111511
4197.68,0.5265669822692871
4201.08,0.5256479978561401
4204.49,0.524653971195221
4207.900000000001,0.5235959887504578
4211.32,0.5224630236625671
4214.74,0.5212709903717041
4218.17,0.5200790166854858
4221.61,0.5186470150947571
4225.05,0.517130970954895
4228.5,0.5157150030136108
4231.950000000001,0.5143449902534485
4235.400000000001,0.51289302110672
4238.870000000001,0.5113829970359802
4242.34,0.5099260210990906
4245.8099999999995,0.5085160136222839
4249.29,0.5068600177764893
4252.78,0.5050740242004395
4256.2699999999995,0.5035830140113831
4259.7699999999995,0.5015590190887451
4263.27,0.4993149936199188
4266.78,0.4972650110721588
4270.29,0.4955739974975586
4273.81,0.49410301446914673
4277.34,0.4923909902572632
4280.87,0.49092599749565125
4284.41,0.48974499106407166
4287.950000000001,0.4885079860687256
4291.5,0.4871709942817688
4295.06,0.48597100377082825
4298.62,0.48521101474761963
4302.1900000000005,0.48467499017715454
4305.76,0.4843040108680725
4309.34,0.48423099517822266
4312.92,0.4845080077648163
4316.5199999999995,0.4852199852466583
4320.11,0.48572200536727905
4323.719999999999,0.48611000180244446
4327.320000000001,0.4866659939289093
4330.94,0.4874419867992401
4334.5599999999995,0.48840200901031494
4338.19,0.48880699276924133
4341.820000000001,0.4890269935131073
4345.46,0.4892140030860901
4349.11,0.489639014005661
4352.76,0.4897109866142273
4356.42,0.4896250069141388
4360.08,0.48936501145362854
4363.75,0.48897698521614075
4367.429999999999,0.48847201466560364
4371.11,0.48758700489997864
4374.799999999999,0.4868389964103699
4378.49,0.48588699102401733
4382.19,0.4847869873046875
4385.900000000001,0.48389899730682373
4389.610000000001,0.4829860031604767
4393.33,0.48204299807548523
4397.0599999999995,0.48158198595046997
4400.79,0.480538010597229
4404.530000000001,0.47921499609947205
4408.280000000001,0.4782010018825531
4412.03,0.47694799304008484
4415.79,0.47599300742149353
4419.55,0.4748600125312805
4423.320000000001,0.47338899970054626
4427.1,0.47181400656700134
4430.88,0.47032299637794495
4434.68,0.46884098649024963
4438.469999999999,0.4667559862136841
4442.280000000001,0.4641200006008148
4446.08,0.4611609876155853
4449.900000000001,0.457861989736557
4453.719999999999,0.4541989862918854
4457.55,0.4499279856681824
4461.389999999999,0.44550299644470215
4465.2300000000005,0.44151100516319275
4469.08,0.4383560121059418
4472.9400000000005,0.43585801124572754
4476.8,0.43409401178359985
4480.67,0.43270599842071533
4484.549999999999,0.43132999539375305
4488.43,0.42984500527381897
4492.320000000001,0.428164005279541
4496.21,0.4261150062084198
4500.12,0.42365598678588867
4504.030000000001,0.4209670126438141
4507.94,0.41774898767471313
4511.87,0.41394901275634766
4515.799999999999,0.40989598631858826
4519.7300000000005,0.4050630033016205
4523.679999999999,0.39952799677848816
4527.63,0.39399999380111694
4531.589999999999,0.3878389894962311
4535.55,0.3813149929046631
4539.52,0.3747209906578064
4543.5,0.36842599511146545
4547.49,0.3632360100746155
4551.48,0.35872501134872437
4555.4800000000005,0.35555699467658997
4559.490000000001,0.3541409969329834
4563.5,0.35429200530052185
4567.52,0.35568198561668396
4571.55,0.3584510087966919
4575.580000000001,0.36183199286460876
4579.63,0.3648419976234436
4583.67,0.3669629991054535
4587.73,0.36823299527168274
4591.79,0.3687720000743866
4595.86,0.368833988904953
4599.9400000000005,0.3686160147190094
4604.03,0.36803799867630005
4608.120000000001,0.3667370080947876
4612.219999999999,0.36517399549484253
4616.33,0.3634600043296814
4620.4400000000005,0.3618539869785309
4624.5599999999995,0.36048901081085205
4628.69,0.3598000109195709
4632.83,0.3592720031738281
4636.97,0.35887300968170166
4641.12,0.3591049909591675
4645.28,0.3595370054244995
4649.45,0.3595789968967438
4653.62,0.35943999886512756
4657.8,0.35890400409698486
4661.990000000001,0.35770899057388306
4666.1900000000005,0.3554309904575348
4670.39,0.35224300622940063
4674.599999999999,0.348349004983902
4678.82,0.34358900785446167
4683.049999999999,0.33817601203918457
4687.280000000001,0.33298900723457336
4691.5199999999995,0.3278830051422119
4695.77,0.3234499990940094
4700.03,0.3197680115699768
4704.3,0.3162730038166046
4708.57,0.3127639889717102
4712.85,0.3096959888935089
4717.139999999999,0.30766600370407104
4721.429999999999,0.30689799785614014
4725.74,0.3068479895591736
4730.05,0.30852600932121277
4734.37,0.31134799122810364
4738.7,0.31429898738861084
4743.03,0.316415011882782
4747.38,0.31689000129699707
4751.7300000000005,0.3156839907169342
4756.09,0.3130199909210205
4760.45,0.30924099683761597
4764.83,0.30470699071884155
4769.21,0.2994610071182251
4773.6,0.2943609952926636
4778.0,0.28898200392723083
4782.41,0.2838810086250305
4786.83,0.27987000346183777
4791.25,0.2778260111808777
4795.68,0.27782100439071655
4800.13,0.2793140113353729
4804.57,0.2809700071811676
4809.03,0.2822149991989136
4813.5,0.28198298811912537
4817.97,0.2798979878425598
4822.45,0.2760559916496277
4826.94,0.27109798789024353
4831.44,0.2653619945049286
4835.950000000001,0.25907498598098755
4840.46,0.25228801369667053
4844.99,0.24537399411201477
4849.52,0.23822399973869324
4854.0599999999995,0.2311840057373047
4858.61,0.22432999312877655
4863.17,0.21761099994182587
4867.73,0.21081000566482544
4872.3099999999995,0.20400699973106384
4876.89,0.19702500104904175
4881.48,0.18994300067424774
4886.08,0.18317000567913055
4890.6900000000005,0.17813700437545776
4895.31,0.17565199732780457
4899.94,0.17631399631500244
4904.57,0.18075299263000488
4909.22,0.18927599489688873
4913.87,0.2005089968442917
4918.53,0.21337300539016724
4923.21,0.22653299570083618
4927.88,0.23941099643707275
4932.57,0.25102901458740234
4937.2699999999995,0.26108500361442566
4941.9800000000005,0.2693679928779602
4946.6900000000005,0.27545300126075745
4951.42,0.2789599895477295
4956.15,0.28047800064086914
4960.9,0.27998098731040955
4965.650000000001,0.2785069942474365
4970.41,0.27677398920059204
4975.18,0.2748109996318817
4979.96,0.271450012922287
4984.75,0.2665899991989136
4989.54,0.25954899191856384
4994.349999999999,0.25075599551200867
4999.17,0.24039000272750854
5003.99,0.2290399968624115
5008.83,0.21741800010204315
5013.67,0.20639699697494507
5018.5199999999995,0.19646400213241577
5023.39,0.1888989955186844
5028.26,0.18449600040912628
5033.14,0.18386800587177277
5038.03,0.18682700395584106
5042.93,0.1933629959821701
5047.84,0.2025810033082962
5052.76,0.21403199434280396
5057.69,0.2272700071334839
5062.63,0.24189500510692596
5067.580000000001,0.25644800066947937
5072.54,0.27067700028419495
5077.51,0.2842159867286682
5082.49,0.29686498641967773
5087.469999999999,0.3092130124568939
5092.469999999999,0.321043998003006
5097.48,0.33248400688171387
5102.5,0.34443199634552
5107.52,0.3568829894065857
5112.56,0.3694390058517456
5117.61,0.3816080093383789
5122.66,0.3936319947242737
5127.73,0.40522000193595886
5132.81,0.4157800078392029
5137.889999999999,0.42552900314331055
5142.99,0.4345740079879761
5148.1,0.4425469934940338
5153.22,0.4501039981842041
5158.34,0.45694300532341003
5163.48,0.4630089998245239
5168.63,0.46883299946784973
5173.79,0.47426798939704895
5178.96,0.4792959988117218
5184.13,0.48403000831604004
5189.320000000001,0.4885390102863312
5194.5199999999995,0.4922820031642914
5199.73,0.49583899974823
5204.96,0.49989500641822815
5210.19,0.5033739805221558
5215.429999999999,0.5061089992523193
5220.679999999999,0.5097830295562744
5225.94,0.512965977191925
5231.22,0.515699028968811
5236.5,0.5183089971542358
5241.79,0.5211120247840881
5247.099999999999,0.5236579775810242
5252.42,0.5260859727859497
5257.74,0.5284730195999146
5263.080000000001,0.5306620001792908
5268.43,0.5324259996414185
5273.79,0.5341489911079407
5279.16,0.5359320044517517
5284.54,0.5377939939498901
5289.93,0.5389530062675476
5295.34,0.5404019951820374
5300.75,0.5422160029411316
5306.18,0.5432829856872559
5311.61,0.5442379713058472
5317.0599999999995,0.5453400015830994
5322.5199999999995,0.5463200211524963
5327.99,0.5471720099449158
5333.47,0.5478050112724304
5338.96,0.5482969880104065
5344.47,0.5483750104904175
5349.9800000000005,0.5479390025138855
5355.51,0.5480340123176575
5361.049999999999,0.5486369729042053
5366.6,0.5484920144081116
5372.16,0.5481209754943848
5377.73,0.5476710200309753
5383.320000000001,0.5473420023918152
5388.91,0.546638011932373
5394.52,0.5456780195236206
5400.14,0.5446119904518127
5405.77,0.5435680150985718
5411.41,0.5420240163803101
5417.07,0.5405579805374146
5422.74,0.5386540293693542
5428.410000000001,0.5379559993743896
5434.1,0.5363039970397949
5439.8099999999995,0.5334259867668152
5445.52,0.5309630036354065
5451.25,0.5282779932022095
5456.98,0.5253660082817078
5462.73,0.5219690203666687
5468.5,0.5187609791755676
5474.2699999999995,0.5159440040588379
5480.0599999999995,0.5120779871940613
5485.86,0.5085629820823669
5491.67,0.5048360228538513
5497.49,0.5008419752120972
5503.33,0.49689099192619324
5509.179999999999,0.49308401346206665
5515.04,0.4890440106391907
5520.91,0.484825998544693
5526.799999999999,0.48115500807762146
5532.69,0.4773859977722168
5538.610000000001,0.47363999485969543
5544.53,0.46998798847198486
5550.469999999999,0.46673598885536194
5556.41,0.46382400393486023
5562.38,0.4614599943161011
5568.349999999999,0.4589560031890869
5574.34,0.45644301176071167
5580.339999999999,0.45427700877189636
5586.35,0.4537520110607147
5592.38,0.4527449905872345
5598.42,0.45178401470184326
5604.47,0.4514690041542053
5610.54,0.4518510103225708
5616.61,0.45184800028800964
5622.71,0.45237600803375244
5628.8099999999995,0.4530239999294281
5634.929999999999,0.45382800698280334
5641.06,0.45434099435806274
5647.21,0.45626500248908997
5653.360000000001,0.4581829905509949
5659.54,0.45893600583076477
5665.72,0.46033498644828796
5671.92,0.460860013961792
5678.13,0.4619710147380829
5684.36,0.46382999420166016
5690.599999999999,0.46434101462364197
5696.85,0.4652650058269501
5703.12,0.46693700551986694
5709.4,0.4674980044364929
5715.6900000000005,0.4695720076560974
5722.0,0.47225499153137207
5728.33,0.4742569923400879
5734.66,0.47613298892974854
5741.01,0.4780789911746979
5747.38,0.4793739914894104
5753.76,0.48115798830986023
5760.150000000001,0.48247799277305603
5766.56,0.48155999183654785
5772.98,0.483801007270813
5779.410000000001,0.48530301451683044
5785.86,0.4843069911003113
5792.33,0.48379600048065186
5798.8099999999995,0.48301398754119873
5805.3,0.482248991727829
5811.81,0.48159900307655334
5818.33,0.4796310067176819
5824.87,0.4784190058708191
5831.419999999999,0.4787929952144623
5837.99,0.47766798734664917
5844.57,0.47661900520324707
5851.17,0.47621700167655945
5857.78,0.4767720103263855
5864.410000000001,0.47772398591041565
5871.05,0.4796279966831207
5877.7,0.47940999269485474
5884.38,0.4791199862957001
5891.06,0.48131701350212097
5897.76,0.4791559875011444
5904.4800000000005,0.4786820113658905
5911.21,0.4768869876861572
5917.96,0.4731929898262024
5924.7300000000005,0.4701170027256012
5931.5,0.46619701385498047
5938.3,0.4619399905204773
5945.11,0.4594779908657074
5951.93,0.455608993768692
5958.78,0.45035800337791443
5965.63,0.44512099027633667
5972.51,0.43935298919677734
5979.39,0.434255987405777
5986.3,0.4277850091457367
5993.22,0.42200300097465515
6000.16,0.4166710078716278
6007.11,0.41095399856567383
6014.08,0.40539300441741943
6021.06,0.401883989572525
6028.06,0.3988659977912903
6035.08,0.39643698930740356
6042.12,0.39436599612236023
6049.17,0.39247599244117737
6056.2300000000005,0.39388298988342285
6063.32,0.3947620093822479
6070.42,0.3917889893054962
6077.530000000001,0.38978201150894165
6084.67,0.3878749907016754
6091.820000000001,0.38544100522994995
6098.9800000000005,0.3829590082168579
6106.17,0.3817000091075897
6113.37,0.3811529874801636
6120.58,0.3849160075187683
6127.82,0.390872985124588
6135.07,0.3970069885253906
6142.34,0.4043489992618561
6149.63,0.4120369851589203
6156.93,0.4177429974079132
6164.25,0.42234599590301514
6171.59,0.42702800035476685
6178.950000000001,0.4302160143852234
6186.320000000001,0.43293800950050354
6193.71,0.4374440014362335
6201.120000000001,0.4401629865169525
6208.54,0.4413909912109375
6215.99,0.4428899884223938
6223.45,0.4439699947834015
6230.93,0.44446998834609985
6238.43,0.4443030059337616
6245.95,0.443789005279541
6253.48,0.4428589940071106
6261.03,0.44153299927711487
6268.6,0.43980199098587036
6276.19,0.4378899931907654
6283.8,0.4359700083732605
6291.43,0.4340740144252777
6299.070000000001,0.4326219856739044
6306.73,0.431441992521286
6314.42,0.4302470088005066
6322.12,0.4293619990348816
6329.84,0.4290440082550049
6337.570000000001,0.42907699942588806
6345.33,0.429531991481781
6353.11,0.43224799633026123
6360.9,0.43407100439071655
6368.719999999999,0.43443700671195984
6376.55,0.43604201078414917
6384.400000000001,0.43766099214553833
6392.2699999999995,0.43789899349212646
6400.17,0.43827301263809204
6408.08,0.43747401237487793
6416.01,0.43617600202560425
6423.96,0.4379960000514984
6431.93,0.43756601214408875
6439.92,0.43619799613952637
6447.93,0.4359000027179718
6455.96,0.4353969991207123
6464.01,0.43535301089286804
6472.08,0.43512099981307983
6480.17,0.435494989156723
6488.28,0.4357770085334778
6496.41,0.43637698888778687
6504.5599999999995,0.43886399269104004
6512.7300000000005,0.44016799330711365
6520.92,0.43960100412368774
6529.14,0.4410730004310608
6537.37,0.44200199842453003
6545.63,0.44159799814224243
6553.9,0.44151899218559265
6562.2,0.4419209957122803
6570.509999999999,0.44143301248550415
6578.85,0.44091901183128357
6587.21,0.44070398807525635
6595.589999999999,0.4385969936847687
6603.99,0.4369269907474518
6612.42,0.43464401364326477
6620.860000000001,0.43248000741004944
6629.330000000001,0.4298340082168579
6637.82,0.42681899666786194
6646.33,0.4253920018672943
6654.860000000001,0.4234130084514618
6663.41,0.4197390079498291
6671.99,0.416238009929657
6680.589999999999,0.4128580093383789
6689.21,0.4097450077533722
6697.849999999999,0.4063110053539276
6706.509999999999,0.40210700035095215
6715.200000000001,0.3978939950466156
6723.91,0.39409199357032776
6732.64,0.3895840048789978
6741.4,0.3847540020942688
6750.18,0.3793970048427582
6758.9800000000005,0.37389999628067017
6767.8,0.367931991815567
6776.65,0.3626219928264618
6785.52,0.3577510118484497
6794.41,0.35349100828170776
6803.33,0.3501740097999573
6812.2699999999995,0.34741899371147156
6821.23,0.34495899081230164
6830.219999999999,0.3433459997177124
6839.23,0.3425840139389038
6848.26,0.34174099564552307
6857.32,0.34084999561309814
6866.4,0.3407360017299652
6875.51,0.34211501479148865
6884.64,0.3422290086746216
6893.799999999999,0.3415760099887848
6902.9800000000005,0.3412719964981079
6912.18,0.340939998626709
6921.41,0.3410620093345642
6930.66,0.3407500088214874
6939.94,0.34056800603866577
6949.24,0.3400160074234009
6958.57,0.33893001079559326
6967.92,0.33851099014282227
6977.299999999999,0.3381029963493347
6986.7,0.33631399273872375
6996.13,0.33488398790359497
7005.59,0.3334609866142273
7015.07,0.3320870101451874
7024.57,0.330610990524292
7034.099999999999,0.3295159935951233
7043.66,0.32809001207351685
7053.25,0.32719600200653076
7062.85,0.3265039920806885
7072.49,0.3256079852581024
7082.150000000001,0.32419300079345703
7091.84,0.32256799936294556
7101.549999999999,0.3210020065307617
7111.3,0.31953299045562744
7121.0599999999995,0.3180820047855377
7130.860000000001,0.31663599610328674
7140.679999999999,0.31508898735046387
7150.53,0.3139840066432953
7160.41,0.31290000677108765
7170.3099999999995,0.31167200207710266
7180.240000000001,0.31065601110458374
7190.2,0.30966800451278687
7200.1900000000005,0.3082050085067749
7210.200000000001,0.30697101354599
7220.240000000001,0.3059160113334656
7230.31,0.30504199862480164
7240.41,0.304051011800766
7250.54,0.3032189905643463
7260.6900000000005,0.302386999130249
7270.88,0.3016420006752014
7281.09,0.3006649911403656
7291.33,0.299905002117157
7301.599999999999,0.2988860011100769
7311.9,0.2978000044822693
7322.219999999999,0.2962320148944855
7332.58,0.29438599944114685
7342.97,0.2922619879245758
7353.379999999999,0.29039400815963745
7363.83,0.28848499059677124
7374.3,0.28644999861717224
7384.8099999999995,0.28440600633621216
7395.34,0.2824600040912628
7405.910000000001,0.2807439863681793
7416.5,0.27942898869514465
7427.13,0.2783510088920593
7437.78,0.27744901180267334
7448.47,0.27622100710868835
7459.1900000000005,0.2752020061016083
7469.9400000000005,0.2740800082683563
7480.71,0.2727789878845215
7491.52,0.2709900140762329
7502.37,0.2693620026111603
7513.24,0.26720699667930603
7524.14,0.26485899090766907
7535.08,0.2624000012874603
7546.05,0.2599070072174072
7557.05,0.25717398524284363
7568.08,0.25445500016212463
7579.150000000001,0.25133100152015686
7590.24,0.2483299970626831
7601.37,0.24571700394153595
7612.53,0.2434609979391098
7623.7300000000005,0.24115300178527832
7634.96,0.2394469976425171
7646.219999999999,0.23798100650310516
7657.51,0.2365349978208542
7668.84,0.2349970042705536
7680.2,0.23347599804401398
7691.59,0.23157399892807007
7703.02,0.2295760065317154
7714.49,0.22700199484825134
7725.98,0.22414599359035492
7737.5199999999995,0.22065100073814392
7749.08,0.21697700023651123
7760.679999999999,0.2125999927520752
7772.32,0.20788200199604034
7783.99,0.2029460072517395
7795.69,0.1979379951953888
7807.43,0.19276000559329987
7819.21,0.1878020018339157
7831.0199999999995,0.18293599784374237
7842.87,0.1784919947385788
7854.75,0.17409999668598175
7866.67,0.17002199590206146
7878.62,0.16615499556064606
7890.62,0.1626880019903183
7902.64,0.1591619998216629
7914.71,0.1560720056295395
7926.8099999999995,0.15302599966526031
7938.95,0.15005899965763092
7951.13,0.14737899601459503
7963.339999999999,0.1449580043554306
7975.59,0.1425579935312271
7987.879999999999,0.14037199318408966
8000.209999999999,0.13839800655841827
8012.570000000001,0.1370750069618225
8024.98,0.13637100160121918
8037.419999999999,0.13634300231933594
8049.899999999999,0.13578499853610992
8062.419999999999,0.1346520036458969
8074.9800000000005,0.13247700035572052
8087.57,0.12984199821949005
8100.210000000001,0.1265919953584671
8112.89,0.12342900037765503
8125.6,0.11954899877309799
8138.360000000001,0.11511299759149551
8151.160000000001,0.11038699746131897
8163.99,0.10612700134515762
8176.869999999999,0.10185299813747406
8189.79,0.09749799966812134
8202.75,0.09320700168609619
8215.75,0.08954399824142456
8228.79,0.08612199872732162
8241.87,0.08307100087404251
8254.99,0.08008100092411041
8268.16,0.07754000276327133
8281.37,0.07480499893426895
8294.62,0.07248199731111526
8307.91,0.07019300013780594
8321.24,0.06826700270175934
8334.619999999999,0.06630100309848785
8348.039999999999,0.06458999961614609
8361.51,0.06293699890375137
8375.019999999999,0.06168099865317345
8388.57,0.060006000101566315
8402.16,0.058758001774549484
8415.800000000001,0.05797699838876724
8429.49,0.057429999113082886
8443.22,0.05662599951028824
8456.99,0.05602800101041794
8470.81,0.05564599856734276
8484.67,0.055413998663425446
8498.58,0.05488099902868271
8512.539999999999,0.05486400052905083
8526.54,0.05505099892616272
8540.58,0.05559000000357628
8554.68,0.0559919998049736
8568.82,0.056947000324726105
8583.0,0.058389998972415924
8597.24,0.06076600030064583
8611.52,0.06338100135326385
8625.85,0.06642100214958191
8640.230000000001,0.06975200027227402
8654.65,0.0740170031785965
8669.119999999999,0.07862599939107895
8683.640000000001,0.08443599939346313
8698.21,0.09073399752378464
8712.83,0.09796100109815598
8727.5,0.10596200078725815
8742.22,0.1150910034775734
8756.99,0.12460500001907349
8771.800000000001,0.13487200438976288
8786.67,0.14483599364757538
8801.589999999998,0.15373000502586365
8816.560000000001,0.1610410064458847
8831.58,0.16696999967098236
8846.65,0.1706780046224594
8861.77,0.1730480045080185
8876.939999999999,0.17437699437141418
8892.17,0.17472299933433533
8907.45,0.1740719974040985
8922.779999999999,0.17283600568771362
8938.16,0.17085400223731995
8953.6,0.16883499920368195
8969.09,0.1659429967403412
8984.640000000001,0.1621830016374588
9000.23,0.15780599415302277
9015.890000000001,0.15395300090312958
9031.59,0.15017899870872498
9047.359999999999,0.14642100036144257
9063.17,0.14245200157165527
9079.050000000001,0.13904300332069397
9094.97,0.13535800576210022
9110.960000000001,0.13141599297523499
9127.0,0.12698900699615479
9143.1,0.12177900224924088
9159.25,0.11496800184249878
9175.46,0.10688299685716629
9191.73,0.09811999648809433
9208.06,0.09080100059509277
9224.439999999999,0.08535999804735184
9240.880000000001,0.08212999999523163
9257.38,0.07962000370025635
9273.94,0.07711099833250046
9290.56,0.07422100007534027
9307.24,0.07233099639415741
9323.980000000001,0.07089599967002869
9340.78,0.06976299732923508
9357.64,0.06839500367641449
9374.57,0.06687600165605545
9391.550000000001,0.0643640011548996
9408.59,0.06117599830031395
9425.7,0.057440999895334244
9442.869999999999,0.05357399955391884
9460.1,0.049286000430583954
9477.4,0.045958999544382095
9494.75,0.04409400001168251
9512.17,0.04496999830007553
9529.66,0.049031998962163925
9547.21,0.05650300160050392
9564.83,0.06598900258541107
9582.5,0.07718600332736969
9600.25,0.0877939984202385
9618.06,0.09672699868679047
9635.94,0.10362499952316284
9653.88,0.10867799818515778
9671.89,0.1119220033288002
9689.970000000001,0.11408299952745438
9708.119999999999,0.1153080016374588
9726.33,0.11635299772024155
9744.619999999999,0.1168299987912178
9762.97,0.11717899888753891
9781.39,0.11693300306797028
9799.88,0.11624900251626968
9818.44,0.1153699979186058
9837.070000000002,0.11348599940538406
9855.77,0.10930400341749191
9874.539999999999,0.10340499877929688
9893.39,0.09840500354766846
9912.3,0.0964059978723526
9931.29,0.09510499984025955
9950.36,0.09422899782657623
9969.49,0.09422600269317627
9988.699999999999,0.09487900137901306
10007.98,0.09531500190496445
10027.34,0.09618599712848663
10046.77,0.09783600270748138
10066.28,0.10053800046443939
10085.869999999999,0.1030919998884201
10105.53,0.10548199713230133
10125.26,0.1087229996919632
10145.08,0.11327599734067917
10164.970000000001,0.11709000170230865
10184.939999999999,0.12040899693965912
10204.99,0.12367799878120422
10225.12,0.127019003033638
10245.33,0.13001200556755066
10265.61,0.13345099985599518
10285.98,0.13625699281692505
10306.43,0.138947993516922
10326.96,0.14142100512981415
10347.57,0.14376899600028992
10368.27,0.14565899968147278
10389.05,0.14742900431156158
10409.91,0.14924399554729462
10430.859999999999,0.15101100504398346
10451.88,0.15257999300956726
10473.0,0.15432199835777283
10494.199999999999,0.1561170071363449
10515.49,0.15798699855804443
10536.86,0.15964199602603912
10558.32,0.16124199330806732
10579.869999999999,0.16248400509357452
10601.5,0.1644269973039627
10623.23,0.16639800369739532
10645.039999999999,0.16756199300289154
10666.94,0.16842499375343323
10688.94,0.169295996427536
10711.02,0.16922099888324738
10733.2,0.16863100230693817
10755.470000000001,0.16658799350261688
10777.83,0.16327999532222748
10800.28,0.15965600311756134
10822.83,0.15539400279521942
10845.470000000001,0.1497880071401596
10868.21,0.1435289978981018
10891.04,0.1370690017938614
10913.970000000001,0.13146400451660156
10936.99,0.12647800147533417
10960.119999999999,0.12245199829339981
10983.34,0.11917199939489365
11006.66,0.11683300137519836
11030.07,0.11492899805307388
11053.59,0.1134520024061203
11077.21,0.1125359982252121
11100.93,0.11289399862289429
11124.75,0.11323399841785431
11148.68,0.1136699989438057
11172.710000000001,0.11484500020742416
11196.84,0.11661200225353241
11221.07,0.11800800263881683
11245.41,0.11949300020933151
11269.859999999999,0.1211709976196289
11294.41,0.12319999933242798
11319.07,0.1253499984741211
11343.84,0.128152996301651
11368.72,0.13088299334049225
11393.7,0.1339620053768158
11418.8,0.13724200427532196
11444.01,0.14067299664020538
11469.33,0.14433899521827698
11494.76,0.14819100499153137
11520.300000000001,0.15157200396060944
11545.96,0.1548600047826767
11571.730000000001,0.1579670011997223
11597.619999999999,0.16127799451351166
11623.62,0.1643269956111908
11649.74,0.1672379970550537
11675.98,0.16984300315380096
11702.34,0.1725980043411255
11728.81,0.17475099861621857
11755.41,0.1767130047082901
11782.130000000001,0.17820100486278534
11808.960000000001,0.17949700355529785
11835.92,0.18042899668216705
11863.009999999998,0.18101799488067627
11890.22,0.18135300278663635
11917.550000000001,0.181318998336792
11945.01,0.18046000599861145
11972.6,0.17898599803447723
12000.310000000001,0.17615799605846405
12028.16,0.172543004155159
12056.13,0.1682099997997284
12084.23,0.1632860004901886
12112.460000000001,0.15783299505710602
12140.83,0.15196500718593597
12169.33,0.14544400572776794
12197.960000000001,0.13865500688552856
12226.73,0.1318569928407669
12255.64,0.12491399794816971
12284.68,0.11842399835586548
12313.86,0.1125359982252121
12343.18,0.10686899721622467
12372.640000000001,0.10183899849653244
12402.240000000002,0.09726899862289429
12431.98,0.09348300099372864
12461.86,0.09015599638223648
12491.89,0.08776099979877472
12522.07,0.08599399775266647
12552.38,0.08515600115060806
12582.85,0.0852229967713356
12613.47,0.08614999800920486
12644.23,0.0872659981250763
12675.15,0.08942999690771103
12706.210000000001,0.09200400114059448
12737.43,0.09465000033378601
12768.81,0.09721600264310837
12800.33,0.1002810001373291
12832.02,0.10342399775981903
12863.86,0.10620199888944626
12895.86,0.10925599932670593
12928.02,0.1128460019826889
12960.34,0.11497599631547928
12992.82,0.11697199940681458
13025.460000000001,0.11919199675321579
13058.27,0.12100300192832947
13091.25,0.12241300195455551
13124.39,0.12366700172424316
13157.7,0.12473899871110916
13191.179999999998,0.12530499696731567
13224.83,0.12504300475120544
13258.660000000002,0.12467700242996216
13292.65,0.12379500269889832
13326.83,0.12255799770355225
13361.17,0.12121299654245377
13395.699999999999,0.11991199851036072
13430.400000000001,0.11815299838781357
13465.289999999999,0.11567100137472153
13500.349999999999,0.11281599849462509
13535.6,0.11037600040435791
13571.03,0.1072319969534874
13606.65,0.10407199710607529
13642.46,0.10079800337553024
13678.46,0.09702300280332565
13714.64,0.09270700067281723
13751.02,0.0891290009021759
13787.59,0.08505800366401672
13824.36,0.08110000193119049
13861.32,0.07670299708843231
13898.49,0.0720210000872612
13935.85,0.06779500097036362
13973.41,0.06387799978256226
14011.17,0.059737998992204666
14049.15,0.05582199990749359
14087.32,0.05171800032258034
14125.71,0.0476979985833168
14164.300000000001,0.044172000139951706
14203.11,0.041829999536275864
14242.13,0.03894300013780594
14281.359999999999,0.03598399832844734
14320.81,0.03380100056529045
14360.49,0.032336000353097916
14400.380000000001,0.031293999403715134
14440.49,0.030280999839305878
14480.82,0.029097000136971474
14521.39,0.02855600044131279
14562.18,0.028773000463843346
14603.199999999999,0.02968600019812584
14644.45,0.03036700002849102
14685.93,0.03144799917936325
14727.66,0.032572999596595764
14769.619999999999,0.033663999289274216
14811.81,0.034428998827934265
14854.25,0.035165999084711075
14896.94,0.03642499819397926
14939.87,0.03792700171470642
14983.050000000001,0.03879300132393837
15026.48,0.04003499820828438
15070.16,0.04090899974107742
15114.1,0.042493999004364014
15158.289999999999,0.044199999421834946
15202.74,0.04552900046110153
15247.460000000001,0.046806998550891876
15292.43,0.048562999814748764
15337.68,0.05045299977064133
15383.19,0.05265900120139122
15428.97,0.0545010007917881
15475.03,0.05647199973464012
15521.359999999999,0.05796800181269646
15567.970000000001,0.05970500037074089
15614.869999999999,0.0609779991209507
15662.039999999999,0.06185699999332428
15709.5,0.06208899989724159
15757.25,0.06192399933934212
15805.289999999999,0.06113399937748909
15853.619999999999,0.05928900092840195
15902.26,0.056588999927043915
15951.19,0.05445599928498268
16000.419999999998,0.051709000021219254
16049.949999999999,0.049219001084566116
16099.799999999997,0.04776500165462494
16149.95,0.04708600044250488
16200.420000000002,0.04630199819803238
16251.208999999999,0.04536399990320206
16302.311,0.04423300176858902
16353.741,0.043209001421928406
16405.491,0.041721001267433167
16457.569,0.040116000920534134
16509.979000000003,0.038554999977350235
16562.731,0.0374940000474453
16615.82,0.03609900176525116
16669.240999999998,0.03461100161075592
16723.021,0.03389900177717209
16777.14,0.03388199955224991
16831.61,0.033688999712467194
16886.431,0.033580999821424484
16941.62,0.033705998212099075
16997.16,0.03477799892425537
17053.08,0.035891998559236526
17109.36,0.03715699911117554
17166.01,0.03864999860525131
17223.04,0.04057599976658821
17280.451,0.042934998869895935
17338.239999999998,0.045263998210430145
17396.429,0.047286998480558395
17455.0,0.049869999289512634
17513.969,0.05340399965643883
17573.339,0.057346001267433167
17633.109999999997,0.06132400035858154
17693.290999999997,0.06648000329732895
17753.889,0.07190100103616714
17814.899,0.07821899652481079
17876.328999999998,0.0851529985666275
17938.181,0.09189800173044205
18000.468999999997,0.09785199910402298
18063.19,0.10432299971580505
18126.35,0.11069399863481522
18189.951,0.11710599809885025
18254.0,0.12213999778032303
18318.501,0.12650300562381744
18383.459,0.12958799302577972
18448.879,0.132314994931221
18514.771,0.1344120055437088
18581.129,0.13571499288082123
18647.97,0.13670100271701813
18715.29,0.13907599449157715
18783.100000000002,0.1390260010957718
18851.4,0.137923002243042
18920.2,0.13682100176811218
18989.51,0.13600799441337585
19059.32,0.13550299406051636
19129.65,0.13408499956130981
19200.5,0.13243499398231506
19271.878999999997,0.13074900209903717
19343.789999999997,0.12864699959754944
19416.240999999998,0.12754400074481964
19489.229000000003,0.12591899931430817
19562.771,0.12328100204467773
19636.880999999998,0.12045899778604507
19711.54,0.1179409995675087
19786.779,0.11524999886751175
19862.590999999997,0.11211799830198288
19938.98,0.10753899812698364
20015.961,0.10356999933719635
20093.55,0.09948299825191498
20171.73,0.0942320004105568
20250.530000000002,0.08834700286388397
20329.941000000003,0.08418700098991394
20409.981,0.0824429988861084
20490.649999999998,0.0845780000090599
20571.96,0.09011700004339218
20653.918999999998,0.09904699772596359
20736.54,0.10655400156974792
20819.82,0.11214599758386612
20903.77,0.11422300338745117
20988.399999999998,0.11571600288152695
21073.720999999998,0.11528600007295609
21159.731,0.11362800002098083
21246.46,0.11079200357198715
21333.891,0.10928700119256973
21422.041,0.10650599747896194
21510.929,0.10194800049066544
21600.559,0.0999630019068718
21690.941,0.09976200014352798
21782.08,0.09776899963617325
21873.989,0.09653999656438828
21966.668999999998,0.09412000328302383
22060.15,0.09267699718475342
22154.421,0.090488001704216
22249.510000000002,0.08755999803543091
22345.409,0.0853319987654686
22442.141,0.08581800013780594
22539.721,0.0871800035238266
22638.14,0.08902200311422348
22737.431,0.08999399840831757
22837.601,0.09105999767780304
22938.649999999998,0.09139800071716309
23040.600000000002,0.09130000323057175
23143.459,0.09034000337123871
23247.24,0.09207099676132202
23351.959000000003,0.09106899797916412
23457.63,0.08818499743938446
23564.251,0.08718299865722656
23671.85,0.08942200243473053
23780.439000000002,0.09073399752378464
23890.02,0.08824100345373154
24000.629,0.0845080018043518
24112.261,0.08647400140762329
24224.93,0.08633100241422653
24338.659,0.08625900000333786
24453.47,0.0852620005607605
24569.361,0.08773300051689148
24686.359,0.08887399733066559
24804.469999999998,0.09021200239658356
24923.731,0.0906360000371933
25044.129999999997,0.09133899956941605
25165.71,0.08681699633598328
25288.46,0.08081500232219696
25412.43,0.08248399943113327
25537.609,0.09004099667072296
25664.04,0.09174700081348419
25791.719,0.08879599720239639
25920.679,0.08452499657869339
