Sample ID,15_Oxia_Sophia_00003
Species,15_Oxia_Sophia
Subgroup,15_Oxia_Sophia
Group,15_Oxia_Sophia
Library,EXM_MRS
Sample Description,Sample 15
Date Added,"02/20/2024,02/20/2024"
Viewing Geometry,
Other Information,"Acquired with 1    RS-3500_SN17580H8 [3]
Name: Instrument, dtype: object; 7,32,30,20,50,30 integration times; 100,100 scans averaged"
Composition,
Resolution,2.8nm@700nm 8nm@1500nm 6nm@2100nm
Grain Size,
Locality,
Database of Origin,ExoMars Mission Reference Samples
Wavelength,Response
350.0,0.153479
351.0,0.152328
352.0,0.151272
353.0,0.150257
354.0,0.149373
355.0,0.14877200000000002
356.0,0.14785299999999998
357.0,0.14672000000000002
358.0,0.145708
359.0,0.144765
360.0,0.143848
361.0,0.142628
362.0,0.141566
363.0,0.140831
364.0,0.140098
365.0,0.139472
366.0,0.139009
367.0,0.138747
368.0,0.138567
369.0,0.138292
370.0,0.13812
371.0,0.138035
372.0,0.137975
373.0,0.137922
374.0,0.137842
375.0,0.137542
376.0,0.137286
377.0,0.137156
378.0,0.136764
379.0,0.13627
380.0,0.13578099999999999
381.0,0.135498
382.0,0.135306
383.0,0.13503500000000002
384.0,0.13492300000000002
385.0,0.134983
386.0,0.135217
387.0,0.135427
388.0,0.135594
389.0,0.135772
390.0,0.136045
391.0,0.136428
392.0,0.136736
393.0,0.137102
394.0,0.137576
395.0,0.138164
396.0,0.138744
397.0,0.13922
398.0,0.139575
399.0,0.139789
400.0,0.13985
401.0,0.13974
402.0,0.13944
403.0,0.138885
404.0,0.138451
405.0,0.138168
406.0,0.13800700000000002
407.0,0.13799799999999998
408.0,0.138123
409.0,0.138261
410.0,0.138483
411.0,0.138796
412.0,0.139044
413.0,0.13933500000000001
414.0,0.139722
415.0,0.139943
416.0,0.14013299999999998
417.0,0.140411
418.0,0.140685
419.0,0.140967
420.0,0.141287
421.0,0.141494
422.0,0.141648
423.0,0.141916
424.0,0.142193
425.0,0.142491
426.0,0.142889
427.0,0.143338
428.0,0.143823
429.0,0.144314
430.0,0.144862
431.0,0.145481
432.0,0.146227
433.0,0.146982
434.0,0.14768499999999998
435.0,0.148307
436.0,0.148952
437.0,0.14968
438.0,0.150453
439.0,0.151253
440.0,0.152067
441.0,0.15277100000000002
442.0,0.153446
443.0,0.15417
444.0,0.154847
445.0,0.15551199999999998
446.0,0.156214
447.0,0.156949
448.0,0.15767799999999998
449.0,0.158353
450.0,0.158976
451.0,0.159567
452.0,0.160159
453.0,0.160823
454.0,0.16149899999999998
455.0,0.162043
456.0,0.162529
457.0,0.16299399999999997
458.0,0.163524
459.0,0.164085
460.0,0.164666
461.0,0.165246
462.0,0.165806
463.0,0.16633900000000001
464.0,0.166849
465.0,0.167376
466.0,0.167928
467.0,0.16850500000000002
468.0,0.16901
469.0,0.169452
470.0,0.169997
471.0,0.17055800000000002
472.0,0.17109300000000002
473.0,0.171494
474.0,0.172004
475.0,0.17268
476.0,0.173034
477.0,0.173379
478.0,0.173822
479.0,0.174181
480.0,0.17463
481.0,0.175212
482.0,0.175651
483.0,0.176113
484.0,0.176651
485.0,0.177133
486.0,0.17765
487.0,0.178222
488.0,0.178726
489.0,0.17921199999999998
490.0,0.17971
491.0,0.180309
492.0,0.180929
493.0,0.181541
494.0,0.18218299999999998
495.0,0.18287199999999998
496.0,0.18361899999999998
497.0,0.18443
498.0,0.18522099999999997
499.0,0.185961
500.0,0.186724
501.0,0.18746300000000002
502.0,0.188169
503.0,0.188937
504.0,0.18971800000000003
505.0,0.190494
506.0,0.191265
507.0,0.192036
508.0,0.1928
509.0,0.193523
510.0,0.194281
511.0,0.19508
512.0,0.195867
513.0,0.196663
514.0,0.19747399999999998
515.0,0.19832999999999998
516.0,0.199111
517.0,0.199863
518.0,0.200745
519.0,0.201515
520.0,0.20222400000000001
521.0,0.20304
522.0,0.203854
523.0,0.204667
524.0,0.205508
525.0,0.20624800000000001
526.0,0.206962
527.0,0.20775200000000002
528.0,0.208487
529.0,0.209229
530.0,0.21006599999999997
531.0,0.21083300000000002
532.0,0.211555
533.0,0.212245
534.0,0.212981
535.0,0.21372800000000003
536.0,0.21446500000000002
537.0,0.215276
538.0,0.21604800000000002
539.0,0.216753
540.0,0.217616
541.0,0.21841999999999998
542.0,0.21912299999999998
543.0,0.219816
544.0,0.22050999999999998
545.0,0.22121400000000002
546.0,0.221928
547.0,0.222682
548.0,0.223482
549.0,0.224344
550.0,0.225146
551.0,0.22592099999999998
552.0,0.226717
553.0,0.227454
554.0,0.22820000000000001
555.0,0.22900700000000002
556.0,0.229887
557.0,0.23075900000000002
558.0,0.231583
559.0,0.232433
560.0,0.233311
561.0,0.234207
562.0,0.23508199999999999
563.0,0.23597100000000001
564.0,0.236858
565.0,0.23769200000000001
566.0,0.238565
567.0,0.239464
568.0,0.240348
569.0,0.24122
570.0,0.242068
571.0,0.242883
572.0,0.24375
573.0,0.24463100000000002
574.0,0.245506
575.0,0.24637599999999998
576.0,0.247238
577.0,0.24806799999999998
578.0,0.248789
579.0,0.24958200000000003
580.0,0.2504
581.0,0.251122
582.0,0.251895
583.0,0.25266500000000003
584.0,0.253376
585.0,0.254098
586.0,0.254827
587.0,0.255553
588.0,0.256218
589.0,0.25687
590.0,0.257519
591.0,0.258164
592.0,0.258754
593.0,0.25932099999999997
594.0,0.25991
595.0,0.26044
596.0,0.260957
597.0,0.261492
598.0,0.261975
599.0,0.262457
600.0,0.262934
601.0,0.26335000000000003
602.0,0.263747
603.0,0.264162
604.0,0.264647
605.0,0.265047
606.0,0.265426
607.0,0.265826
608.0,0.266222
609.0,0.266594
610.0,0.266963
611.0,0.267417
612.0,0.267806
613.0,0.268167
614.0,0.268563
615.0,0.268849
616.0,0.269135
617.0,0.269478
618.0,0.269833
619.0,0.27014299999999997
620.0,0.270415
621.0,0.270683
622.0,0.270946
623.0,0.271193
624.0,0.27142099999999997
625.0,0.271693
626.0,0.271987
627.0,0.27227599999999996
628.0,0.272497
629.0,0.272748
630.0,0.272976
631.0,0.273132
632.0,0.273352
633.0,0.273584
634.0,0.27380099999999996
635.0,0.274026
636.0,0.274258
637.0,0.274494
638.0,0.274729
639.0,0.274956
640.0,0.275162
641.0,0.27534
642.0,0.27550399999999997
643.0,0.27569099999999996
644.0,0.275901
645.0,0.276119
646.0,0.276381
647.0,0.276634
648.0,0.276866
649.0,0.277204
650.0,0.27748100000000003
651.0,0.277683
652.0,0.277833
653.0,0.27805399999999997
654.0,0.278305
655.0,0.27855399999999997
656.0,0.278774
657.0,0.278961
658.0,0.27910799999999997
659.0,0.279222
660.0,0.27944199999999997
661.0,0.27968699999999996
662.0,0.279931
663.0,0.28017
664.0,0.28040400000000004
665.0,0.280564
666.0,0.280621
667.0,0.28069
668.0,0.280829
669.0,0.281047
670.0,0.28133800000000003
671.0,0.281594
672.0,0.281797
673.0,0.281982
674.0,0.282259
675.0,0.282465
676.0,0.282664
677.0,0.282928
678.0,0.283199
679.0,0.28334499999999996
680.0,0.283414
681.0,0.28353300000000004
682.0,0.283688
683.0,0.283816
684.0,0.283916
685.0,0.284055
686.0,0.284221
687.0,0.28442900000000004
688.0,0.284676
689.0,0.28488800000000003
690.0,0.285053
691.0,0.285208
692.0,0.285391
693.0,0.285579
694.0,0.285731
695.0,0.285882
696.0,0.286106
697.0,0.286363
698.0,0.28658300000000003
699.0,0.286744
700.0,0.286856
701.0,0.287047
702.0,0.287252
703.0,0.287439
704.0,0.28766400000000003
705.0,0.287821
706.0,0.287957
707.0,0.288115
708.0,0.288296
709.0,0.288514
710.0,0.288707
711.0,0.28884899999999997
712.0,0.289056
713.0,0.289179
714.0,0.289285
715.0,0.28944
716.0,0.28953
717.0,0.289573
718.0,0.289603
719.0,0.289661
720.0,0.289806
721.0,0.289952
722.0,0.290106
723.0,0.290302
724.0,0.290525
725.0,0.290759
726.0,0.291004
727.0,0.291258
728.0,0.291457
729.0,0.29167000000000004
730.0,0.291893
731.0,0.292103
732.0,0.29219
733.0,0.29229900000000003
734.0,0.292468
735.0,0.292676
736.0,0.292718
737.0,0.292813
738.0,0.292953
739.0,0.29310600000000003
740.0,0.293245
741.0,0.293475
742.0,0.293652
743.0,0.293739
744.0,0.293823
745.0,0.293909
746.0,0.294038
747.0,0.294195
748.0,0.29430599999999996
749.0,0.294507
750.0,0.294667
751.0,0.29479099999999997
752.0,0.294922
753.0,0.29499400000000003
754.0,0.295111
755.0,0.295279
756.0,0.29547
757.0,0.29561699999999996
758.0,0.295715
759.0,0.295896
760.0,0.296123
761.0,0.296201
762.0,0.296366
763.0,0.296472
764.0,0.29654800000000003
765.0,0.296681
766.0,0.296852
767.0,0.29703199999999996
768.0,0.29717099999999996
769.0,0.29728
770.0,0.297435
771.0,0.297621
772.0,0.29774
773.0,0.29782
774.0,0.29793600000000003
775.0,0.298077
776.0,0.298303
777.0,0.298481
778.0,0.298574
779.0,0.298645
780.0,0.298687
781.0,0.298808
782.0,0.298929
783.0,0.299013
784.0,0.299206
785.0,0.299267
786.0,0.299372
787.0,0.299466
788.0,0.299448
789.0,0.29947199999999996
790.0,0.299544
791.0,0.299632
792.0,0.299707
793.0,0.299755
794.0,0.299825
795.0,0.299894
796.0,0.29999400000000004
797.0,0.300134
798.0,0.300284
799.0,0.300313
800.0,0.300408
801.0,0.300569
802.0,0.300742
803.0,0.30086999999999997
804.0,0.301093
805.0,0.301104
806.0,0.301019
807.0,0.30098400000000003
808.0,0.301068
809.0,0.301049
810.0,0.301041
811.0,0.30111699999999997
812.0,0.30125399999999997
813.0,0.301366
814.0,0.301294
815.0,0.30131
816.0,0.301398
817.0,0.301462
818.0,0.301496
819.0,0.301657
820.0,0.301721
821.0,0.301782
822.0,0.301832
823.0,0.30182400000000004
824.0,0.301739
825.0,0.301757
826.0,0.30172899999999997
827.0,0.30178
828.0,0.301827
829.0,0.30185300000000004
830.0,0.301942
831.0,0.30183
832.0,0.301874
833.0,0.301898
834.0,0.301951
835.0,0.30204000000000003
836.0,0.301883
837.0,0.301938
838.0,0.301887
839.0,0.301909
840.0,0.30198
841.0,0.30197199999999996
842.0,0.301854
843.0,0.301802
844.0,0.301915
845.0,0.302017
846.0,0.301976
847.0,0.301833
848.0,0.30176400000000003
849.0,0.30182
850.0,0.30183499999999996
851.0,0.301616
852.0,0.301554
853.0,0.301584
854.0,0.30160699999999996
855.0,0.301876
856.0,0.301728
857.0,0.301839
858.0,0.301881
859.0,0.301794
860.0,0.30165
861.0,0.301492
862.0,0.301321
863.0,0.301296
864.0,0.30133
865.0,0.301248
866.0,0.301157
867.0,0.30116
868.0,0.30119599999999996
869.0,0.301095
870.0,0.30090900000000004
871.0,0.301027
872.0,0.300958
873.0,0.30095700000000003
874.0,0.30100899999999997
875.0,0.300972
876.0,0.300857
877.0,0.300813
878.0,0.300694
879.0,0.300806
880.0,0.300884
881.0,0.300778
882.0,0.300872
883.0,0.30086999999999997
884.0,0.30068300000000003
885.0,0.300684
886.0,0.300745
887.0,0.300481
888.0,0.300425
889.0,0.300309
890.0,0.300441
891.0,0.300492
892.0,0.300464
893.0,0.30044
894.0,0.300325
895.0,0.300174
896.0,0.300273
897.0,0.299988
898.0,0.299935
899.0,0.299831
900.0,0.299877
901.0,0.299864
902.0,0.299819
903.0,0.299931
904.0,0.300039
905.0,0.29997599999999996
906.0,0.300027
907.0,0.30008199999999996
908.0,0.30003399999999997
909.0,0.30022
910.0,0.300296
911.0,0.300355
912.0,0.300334
913.0,0.300479
914.0,0.300454
915.0,0.300463
916.0,0.300469
917.0,0.300326
918.0,0.300301
919.0,0.300426
920.0,0.300324
921.0,0.300177
922.0,0.300018
923.0,0.299893
924.0,0.29991
925.0,0.300141
926.0,0.300236
927.0,0.30024
928.0,0.299892
929.0,0.299785
930.0,0.299831
931.0,0.299776
932.0,0.300117
933.0,0.300015
934.0,0.300262
935.0,0.30044899999999997
936.0,0.30056499999999997
937.0,0.300838
938.0,0.300941
939.0,0.300721
940.0,0.300714
941.0,0.30086999999999997
942.0,0.30067
943.0,0.300861
944.0,0.300782
945.0,0.300455
946.0,0.300883
947.0,0.300862
948.0,0.300691
949.0,0.30091
950.0,0.300921
951.0,0.300992
952.0,0.30128299999999997
953.0,0.30132200000000003
954.0,0.301349
955.0,0.30155899999999997
956.0,0.30159800000000003
957.0,0.301772
958.0,0.301854
959.0,0.301817
960.0,0.30211099999999996
961.0,0.301808
962.0,0.301911
963.0,0.302139
964.0,0.301826
965.0,0.302139
966.0,0.302299
967.0,0.302004
968.0,0.302119
969.0,0.302436
970.0,0.302801
971.0,0.303186
972.0,0.302595
973.0,0.302802
974.0,0.303081
975.0,0.302604
976.0,0.30340900000000004
977.0,0.302668
978.0,0.302633
979.0,0.302605
980.0,0.303065
981.0,0.303053
982.0,0.303207
983.0,0.303448
984.0,0.30369399999999996
985.0,0.303944
986.0,0.304199
987.0,0.304458
988.0,0.304722
989.0,0.304991
990.0,0.305264
991.0,0.305541
992.0,0.305823
993.0,0.30611
994.0,0.306401
995.0,0.306601
996.0,0.306657
997.0,0.306714
998.0,0.30677
999.0,0.306827
1000.0,0.306883
1001.0,0.30694
1002.0,0.306995
1003.0,0.30704899999999996
1004.0,0.307105
1005.0,0.307164
1006.0,0.307233
1007.0,0.30731200000000003
1008.0,0.307389
1009.0,0.30745100000000003
1010.0,0.307486
1011.0,0.307501
1012.0,0.307515
1013.0,0.307548
1014.0,0.307609
1015.0,0.307689
1016.0,0.307778
1017.0,0.30787
1018.0,0.307973
1019.0,0.30808599999999997
1020.0,0.308193
1021.0,0.308273
1022.0,0.308313
1023.0,0.308327
1024.0,0.308336
1025.0,0.308362
1026.0,0.308399
1027.0,0.308442
1028.0,0.3085
1029.0,0.308582
1030.0,0.308706
1031.0,0.308856
1032.0,0.30900099999999997
1033.0,0.30911
1034.0,0.309181
1035.0,0.30923
1036.0,0.309268
1037.0,0.309303
1038.0,0.309325
1039.0,0.309338
1040.0,0.309357
1041.0,0.309398
1042.0,0.309469
1043.0,0.309551
1044.0,0.30962599999999996
1045.0,0.30967300000000003
1046.0,0.309691
1047.0,0.309695
1048.0,0.309703
1049.0,0.309727
1050.0,0.309765
1051.0,0.309809
1052.0,0.309855
1053.0,0.309897
1054.0,0.309938
1055.0,0.30998000000000003
1056.0,0.310023
1057.0,0.310066
1058.0,0.310108
1059.0,0.310152
1060.0,0.310202
1061.0,0.310262
1062.0,0.310334
1063.0,0.310409
1064.0,0.310479
1065.0,0.310538
1066.0,0.310593
1067.0,0.310641
1068.0,0.310678
1069.0,0.310702
1070.0,0.310713
1071.0,0.310715
1072.0,0.310713
1073.0,0.3107
1074.0,0.310675
1075.0,0.310654
1076.0,0.310654
1077.0,0.310683
1078.0,0.310732
1079.0,0.310796
1080.0,0.310868
1081.0,0.310949
1082.0,0.311041
1083.0,0.311143
1084.0,0.311257
1085.0,0.311384
1086.0,0.311522
1087.0,0.31166699999999997
1088.0,0.311815
1089.0,0.311975
1090.0,0.31214200000000003
1091.0,0.312296
1092.0,0.312419
1093.0,0.312515
1094.0,0.312591
1095.0,0.312652
1096.0,0.312703
1097.0,0.312731
1098.0,0.31274599999999997
1099.0,0.312769
1100.0,0.312819
1101.0,0.312894
1102.0,0.312983
1103.0,0.31306999999999996
1104.0,0.313146
1105.0,0.313216
1106.0,0.313283
1107.0,0.313349
1108.0,0.313415
1109.0,0.313477
1110.0,0.31354
1111.0,0.313607
1112.0,0.313683
1113.0,0.31377
1114.0,0.313857
1115.0,0.313936
1116.0,0.314002
1117.0,0.31406
1118.0,0.314112
1119.0,0.314156
1120.0,0.314194
1121.0,0.314225
1122.0,0.314248
1123.0,0.314259
1124.0,0.314245
1125.0,0.314211
1126.0,0.314188
1127.0,0.314208
1128.0,0.31428100000000003
1129.0,0.314387
1130.0,0.314508
1131.0,0.314628
1132.0,0.314756
1133.0,0.31489100000000003
1134.0,0.315023
1135.0,0.315141
1136.0,0.315243
1137.0,0.315338
1138.0,0.315431
1139.0,0.31552800000000003
1140.0,0.315633
1141.0,0.31573799999999996
1142.0,0.31582699999999997
1143.0,0.315889
1144.0,0.315917
1145.0,0.315933
1146.0,0.31596
1147.0,0.316016
1148.0,0.31609000000000004
1149.0,0.316176
1150.0,0.316266
1151.0,0.316361
1152.0,0.31646799999999997
1153.0,0.31657399999999997
1154.0,0.31666
1155.0,0.31671099999999996
1156.0,0.316734
1157.0,0.31675000000000003
1158.0,0.316781
1159.0,0.316834
1160.0,0.316896
1161.0,0.31697
1162.0,0.317059
1163.0,0.31717
1164.0,0.317299
1165.0,0.317432
1166.0,0.31755500000000003
1167.0,0.317671
1168.0,0.317784
1169.0,0.31789100000000003
1170.0,0.317992
1171.0,0.318081
1172.0,0.31816500000000003
1173.0,0.318251
1174.0,0.318349
1175.0,0.31846800000000003
1176.0,0.318589
1177.0,0.31869
1178.0,0.318745
1179.0,0.318744
1180.0,0.318728
1181.0,0.318745
1182.0,0.318825
1183.0,0.318944
1184.0,0.319095
1185.0,0.319274
1186.0,0.319493
1187.0,0.319759
1188.0,0.320033
1189.0,0.320273
1190.0,0.320454
1191.0,0.32059899999999997
1192.0,0.32073300000000005
1193.0,0.320878
1194.0,0.321045
1195.0,0.32122100000000003
1196.0,0.321392
1197.0,0.32154699999999997
1198.0,0.32168399999999997
1199.0,0.321809
1200.0,0.32193
1201.0,0.32205300000000003
1202.0,0.32217300000000004
1203.0,0.32229100000000005
1204.0,0.322416
1205.0,0.322554
1206.0,0.322706
1207.0,0.32286499999999996
1208.0,0.323025
1209.0,0.32318199999999997
1210.0,0.32334
1211.0,0.323497
1212.0,0.32365
1213.0,0.32379600000000003
1214.0,0.323936
1215.0,0.324073
1216.0,0.324209
1217.0,0.32433799999999996
1218.0,0.32445799999999997
1219.0,0.324589
1220.0,0.324747
1221.0,0.32494999999999996
1222.0,0.32518300000000006
1223.0,0.32542000000000004
1224.0,0.32563499999999995
1225.0,0.32582500000000003
1226.0,0.326001
1227.0,0.326171
1228.0,0.326339
1229.0,0.326493
1230.0,0.32664299999999996
1231.0,0.326808
1232.0,0.327007
1233.0,0.327245
1234.0,0.32750100000000004
1235.0,0.327752
1236.0,0.32798
1237.0,0.32819499999999996
1238.0,0.328403
1239.0,0.32860799999999996
1240.0,0.328811
1241.0,0.329009
1242.0,0.32920499999999997
1243.0,0.329405
1244.0,0.329617
1245.0,0.329838
1246.0,0.330051
1247.0,0.330237
1248.0,0.33037999999999995
1249.0,0.33049799999999996
1250.0,0.330621
1251.0,0.33078
1252.0,0.330982
1253.0,0.33120600000000006
1254.0,0.33143500000000004
1255.0,0.331652
1256.0,0.331871
1257.0,0.332087
1258.0,0.332291
1259.0,0.332472
1260.0,0.332632
1261.0,0.332778
1262.0,0.33291899999999996
1263.0,0.33305599999999996
1264.0,0.333185
1265.0,0.33331000000000005
1266.0,0.333436
1267.0,0.333561
1268.0,0.333681
1269.0,0.33381
1270.0,0.33396099999999995
1271.0,0.334142
1272.0,0.334344
1273.0,0.33455599999999996
1274.0,0.33476500000000003
1275.0,0.334976
1276.0,0.33519
1277.0,0.335403
1278.0,0.33561100000000005
1279.0,0.335814
1280.0,0.336015
1281.0,0.336219
1282.0,0.336429
1283.0,0.33664499999999997
1284.0,0.336864
1285.0,0.337084
1286.0,0.33730600000000005
1287.0,0.337531
1288.0,0.337755
1289.0,0.337971
1290.0,0.338175
1291.0,0.338369
1292.0,0.33856200000000003
1293.0,0.338765
1294.0,0.33897799999999995
1295.0,0.33919600000000005
1296.0,0.33942
1297.0,0.339651
1298.0,0.339889
1299.0,0.340134
1300.0,0.340382
1301.0,0.34063299999999996
1302.0,0.34088700000000005
1303.0,0.341143
1304.0,0.341403
1305.0,0.341668
1306.0,0.341941
1307.0,0.342214
1308.0,0.342476
1309.0,0.34271700000000005
1310.0,0.342941
1311.0,0.343163
1312.0,0.343395
1313.0,0.34365
1314.0,0.34391599999999994
1315.0,0.344177
1316.0,0.344417
1317.0,0.34463099999999997
1318.0,0.34483199999999997
1319.0,0.345027
1320.0,0.345226
1321.0,0.345425
1322.0,0.345621
1323.0,0.345815
1324.0,0.346008
1325.0,0.346203
1326.0,0.34639200000000003
1327.0,0.346567
1328.0,0.34671599999999997
1329.0,0.34684
1330.0,0.346963
1331.0,0.34710599999999997
1332.0,0.347269
1333.0,0.347443
1334.0,0.34764
1335.0,0.34787100000000004
1336.0,0.34814799999999996
1337.0,0.348455
1338.0,0.348765
1339.0,0.349056
1340.0,0.349341
1341.0,0.34962000000000004
1342.0,0.34987999999999997
1343.0,0.35011200000000003
1344.0,0.350319
1345.0,0.35050899999999996
1346.0,0.35068699999999997
1347.0,0.350854
1348.0,0.35100499999999996
1349.0,0.35115
1350.0,0.35129800000000005
1351.0,0.35145000000000004
1352.0,0.351602
1353.0,0.351755
1354.0,0.351911
1355.0,0.35207
1356.0,0.35223
1357.0,0.352388
1358.0,0.35254399999999997
1359.0,0.352712
1360.0,0.35287100000000005
1361.0,0.352994
1362.0,0.353067
1363.0,0.353108
1364.0,0.35310699999999995
1365.0,0.353055
1366.0,0.35293399999999997
1367.0,0.35275
1368.0,0.352539
1369.0,0.352335
1370.0,0.352111
1371.0,0.351878
1372.0,0.351681
1373.0,0.351559
1374.0,0.35149299999999994
1375.0,0.35147799999999996
1376.0,0.351523
1377.0,0.351642
1378.0,0.35185299999999997
1379.0,0.352106
1380.0,0.352342
1381.0,0.35255200000000003
1382.0,0.35277200000000003
1383.0,0.352945
1384.0,0.35301099999999996
1385.0,0.35294
1386.0,0.35277500000000006
1387.0,0.352567
1388.0,0.35235900000000003
1389.0,0.352109
1390.0,0.351838
1391.0,0.351605
1392.0,0.35145200000000004
1393.0,0.351338
1394.0,0.351286
1395.0,0.35133200000000003
1396.0,0.35151400000000005
1397.0,0.351817
1398.0,0.35218400000000005
1399.0,0.35256
1400.0,0.35296700000000003
1401.0,0.35341500000000003
1402.0,0.353831
1403.0,0.354143
1404.0,0.35434899999999997
1405.0,0.354491
1406.0,0.354604
1407.0,0.35470999999999997
1408.0,0.354777
1409.0,0.354833
1410.0,0.35492199999999996
1411.0,0.355064
1412.0,0.35523699999999997
1413.0,0.355441
1414.0,0.355676
1415.0,0.355954
1416.0,0.356269
1417.0,0.35659799999999997
1418.0,0.356916
1419.0,0.357231
1420.0,0.357547
1421.0,0.357863
1422.0,0.358176
1423.0,0.358485
1424.0,0.358795
1425.0,0.35911099999999996
1426.0,0.35943600000000003
1427.0,0.359767
1428.0,0.360103
1429.0,0.360442
1430.0,0.36079500000000003
1431.0,0.36115699999999995
1432.0,0.361504
1433.0,0.361815
1434.0,0.36208599999999996
1435.0,0.362333
1436.0,0.36257300000000003
1437.0,0.362813
1438.0,0.363038
1439.0,0.363266
1440.0,0.36351799999999995
1441.0,0.363816
1442.0,0.364151
1443.0,0.364492
1444.0,0.364807
1445.0,0.365098
1446.0,0.365375
1447.0,0.365629
1448.0,0.365851
1449.0,0.366025
1450.0,0.366179
1451.0,0.36634700000000003
1452.0,0.366556
1453.0,0.366793
1454.0,0.367044
1455.0,0.367299
1456.0,0.36755699999999997
1457.0,0.36782200000000004
1458.0,0.36808599999999997
1459.0,0.36834000000000006
1460.0,0.368583
1461.0,0.36882
1462.0,0.369052
1463.0,0.36928199999999994
1464.0,0.369511
1465.0,0.36973500000000004
1466.0,0.36995100000000003
1467.0,0.370155
1468.0,0.370349
1469.0,0.37054000000000004
1470.0,0.370734
1471.0,0.370931
1472.0,0.37113
1473.0,0.37133299999999997
1474.0,0.371543
1475.0,0.37174599999999997
1476.0,0.371958
1477.0,0.3722
1478.0,0.37249200000000005
1479.0,0.372832
1480.0,0.37319899999999995
1481.0,0.373572
1482.0,0.373964
1483.0,0.37438299999999997
1484.0,0.37477699999999997
1485.0,0.375097
1486.0,0.375319
1487.0,0.37548699999999996
1488.0,0.375654
1489.0,0.375865
1490.0,0.376099
1491.0,0.376346
1492.0,0.376601
1493.0,0.376865
1494.0,0.377141
1495.0,0.37742
1496.0,0.377689
1497.0,0.37794400000000006
1498.0,0.378191
1499.0,0.37844
1500.0,0.378698
1501.0,0.378959
1502.0,0.379224
1503.0,0.379501
1504.0,0.37979599999999997
1505.0,0.38011
1506.0,0.380428
1507.0,0.380732
1508.0,0.38102400000000003
1509.0,0.38131
1510.0,0.381577
1511.0,0.381814
1512.0,0.382
1513.0,0.38216700000000003
1514.0,0.382362
1515.0,0.382622
1516.0,0.382928
1517.0,0.383253
1518.0,0.38357199999999997
1519.0,0.383899
1520.0,0.384234
1521.0,0.384538
1522.0,0.38476999999999995
1523.0,0.384902
1524.0,0.38498800000000005
1525.0,0.385097
1526.0,0.385285
1527.0,0.385532
1528.0,0.385799
1529.0,0.386051
1530.0,0.386279
1531.0,0.38650100000000004
1532.0,0.38670299999999996
1533.0,0.38687600000000005
1534.0,0.387005
1535.0,0.38711199999999996
1536.0,0.38722999999999996
1537.0,0.387382
1538.0,0.387552
1539.0,0.387738
1540.0,0.38793700000000003
1541.0,0.388152
1542.0,0.388384
1543.0,0.388625
1544.0,0.38886899999999996
1545.0,0.38912399999999997
1546.0,0.389383
1547.0,0.389638
1548.0,0.389877
1549.0,0.390105
1550.0,0.390328
1551.0,0.390554
1552.0,0.39079200000000003
1553.0,0.39103499999999997
1554.0,0.391272
1555.0,0.39149
1556.0,0.391686
1557.0,0.391871
1558.0,0.392058
1559.0,0.392254
1560.0,0.39245199999999997
1561.0,0.392656
1562.0,0.39287
1563.0,0.393104
1564.0,0.39335099999999995
1565.0,0.393595
1566.0,0.39382
1567.0,0.394042
1568.0,0.39425
1569.0,0.394421
1570.0,0.394527
1571.0,0.394564
1572.0,0.394594
1573.0,0.394678
1574.0,0.394831
1575.0,0.395026
1576.0,0.395262
1577.0,0.395546
1578.0,0.39591
1579.0,0.39630200000000004
1580.0,0.39665300000000003
1581.0,0.39691299999999996
1582.0,0.39712000000000003
1583.0,0.397281
1584.0,0.397401
1585.0,0.397455
1586.0,0.397461
1587.0,0.397473
1588.0,0.397534
1589.0,0.397618
1590.0,0.397725
1591.0,0.39786299999999997
1592.0,0.398045
1593.0,0.39827100000000004
1594.0,0.398506
1595.0,0.398717
1596.0,0.398912
1597.0,0.39909500000000003
1598.0,0.399253
1599.0,0.39937
1600.0,0.399438
1601.0,0.399495
1602.0,0.39958
1603.0,0.39970799999999995
1604.0,0.399858
1605.0,0.400017
1606.0,0.40017600000000003
1607.0,0.400344
1608.0,0.40051400000000004
1609.0,0.40067
1610.0,0.400792
1611.0,0.400882
1612.0,0.40097299999999997
1613.0,0.40109900000000004
1614.0,0.401288
1615.0,0.401507
1616.0,0.401707
1617.0,0.401844
1618.0,0.40192900000000004
1619.0,0.401988
1620.0,0.40204700000000004
1621.0,0.402102
1622.0,0.40214500000000003
1623.0,0.40220999999999996
1624.0,0.402329
1625.0,0.402513
1626.0,0.402731
1627.0,0.40295400000000003
1628.0,0.403166
1629.0,0.40338700000000005
1630.0,0.403598
1631.0,0.403778
1632.0,0.403923
1633.0,0.404043
1634.0,0.404145
1635.0,0.404229
1636.0,0.404285
1637.0,0.40433199999999997
1638.0,0.404393
1639.0,0.40447000000000005
1640.0,0.404553
1641.0,0.40466500000000005
1642.0,0.404831
1643.0,0.405064
1644.0,0.40533499999999995
1645.0,0.405608
1646.0,0.405867
1647.0,0.406137
1648.0,0.406391
1649.0,0.40659799999999996
1650.0,0.40673000000000004
1651.0,0.406818
1652.0,0.406917
1653.0,0.407074
1654.0,0.407279
1655.0,0.40750100000000006
1656.0,0.40771500000000005
1657.0,0.40791299999999997
1658.0,0.408108
1659.0,0.40828699999999996
1660.0,0.408439
1661.0,0.408568
1662.0,0.408675
1663.0,0.40875500000000003
1664.0,0.408806
1665.0,0.40883
1666.0,0.40882399999999997
1667.0,0.408784
1668.0,0.408673
1669.0,0.40853
1670.0,0.408434
1671.0,0.408442
1672.0,0.40852499999999997
1673.0,0.40866199999999997
1674.0,0.408842
1675.0,0.409082
1676.0,0.409377
1677.0,0.409674
1678.0,0.409927
1679.0,0.410159
1680.0,0.410375
1681.0,0.410574
1682.0,0.41076500000000005
1683.0,0.410947
1684.0,0.411095
1685.0,0.41118299999999997
1686.0,0.411188
1687.0,0.411153
1688.0,0.41113999999999995
1689.0,0.411177
1690.0,0.411234
1691.0,0.411321
1692.0,0.411449
1693.0,0.411628
1694.0,0.411843
1695.0,0.412076
1696.0,0.41232100000000005
1697.0,0.41259300000000004
1698.0,0.412864
1699.0,0.413102
1700.0,0.413296
1701.0,0.41346499999999997
1702.0,0.41362299999999996
1703.0,0.413782
1704.0,0.41393599999999997
1705.0,0.414083
1706.0,0.414223
1707.0,0.414362
1708.0,0.414495
1709.0,0.414613
1710.0,0.41470100000000004
1711.0,0.414747
1712.0,0.414787
1713.0,0.414867
1714.0,0.415022
1715.0,0.415226
1716.0,0.41542999999999997
1717.0,0.415589
1718.0,0.41572400000000004
1719.0,0.415833
1720.0,0.415901
1721.0,0.415901
1722.0,0.41584400000000005
1723.0,0.41579099999999997
1724.0,0.415802
1725.0,0.41588299999999995
1726.0,0.415995
1727.0,0.41610100000000005
1728.0,0.41619100000000003
1729.0,0.416284
1730.0,0.416348
1731.0,0.416345
1732.0,0.416247
1733.0,0.41611
1734.0,0.416004
1735.0,0.41598199999999996
1736.0,0.416013
1737.0,0.416071
1738.0,0.41613100000000003
1739.0,0.416206
1740.0,0.416291
1741.0,0.41636
1742.0,0.41639499999999996
1743.0,0.416404
1744.0,0.416404
1745.0,0.416412
1746.0,0.41643300000000005
1747.0,0.41645499999999996
1748.0,0.41646700000000003
1749.0,0.416458
1750.0,0.416426
1751.0,0.41639699999999996
1752.0,0.41639499999999996
1753.0,0.416421
1754.0,0.41646500000000003
1755.0,0.416523
1756.0,0.41659799999999997
1757.0,0.416694
1758.0,0.416792
1759.0,0.41687399999999997
1760.0,0.416953
1761.0,0.41702100000000003
1762.0,0.417049
1763.0,0.417008
1764.0,0.416903
1765.0,0.416778
1766.0,0.416676
1767.0,0.416578
1768.0,0.41649099999999994
1769.0,0.416443
1770.0,0.416464
1771.0,0.416543
1772.0,0.41665100000000005
1773.0,0.416759
1774.0,0.416875
1775.0,0.41700000000000004
1776.0,0.41712699999999997
1777.0,0.417253
1778.0,0.417381
1779.0,0.417506
1780.0,0.417616
1781.0,0.417704
1782.0,0.417783
1783.0,0.41786700000000004
1784.0,0.41796300000000003
1785.0,0.418061
1786.0,0.418173
1787.0,0.418316
1788.0,0.41851999999999995
1789.0,0.418744
1790.0,0.418921
1791.0,0.418998
1792.0,0.419003
1793.0,0.418995
1794.0,0.41903199999999996
1795.0,0.41909799999999997
1796.0,0.419184
1797.0,0.41929900000000003
1798.0,0.419454
1799.0,0.419647
1800.0,0.419854
1801.0,0.420051
1802.0,0.420239
1803.0,0.42042900000000005
1804.0,0.420631
1805.0,0.420853
1806.0,0.42109
1807.0,0.421329
1808.0,0.421563
1809.0,0.42182000000000003
1810.0,0.422057
1811.0,0.42221600000000004
1812.0,0.422246
1813.0,0.422192
1814.0,0.422147
1815.0,0.422189
1816.0,0.422289
1817.0,0.422424
1818.0,0.422575
1819.0,0.422774
1820.0,0.422997
1821.0,0.423174
1822.0,0.42324399999999995
1823.0,0.42322200000000004
1824.0,0.42315800000000003
1825.0,0.423096
1826.0,0.42300699999999997
1827.0,0.422909
1828.0,0.42286
1829.0,0.422917
1830.0,0.423065
1831.0,0.423228
1832.0,0.423334
1833.0,0.423408
1834.0,0.423451
1835.0,0.42343800000000004
1836.0,0.42332299999999995
1837.0,0.423112
1838.0,0.42292
1839.0,0.422853
1840.0,0.422899
1841.0,0.423005
1842.0,0.423125
1843.0,0.423266
1844.0,0.423435
1845.0,0.423579
1846.0,0.42365200000000003
1847.0,0.423661
1848.0,0.423639
1849.0,0.42361400000000005
1850.0,0.423606
1851.0,0.423589
1852.0,0.423532
1853.0,0.423397
1854.0,0.42319
1855.0,0.42297199999999996
1856.0,0.42280500000000004
1857.0,0.422665
1858.0,0.42255699999999996
1859.0,0.422504
1860.0,0.422561
1861.0,0.422703
1862.0,0.42280900000000005
1863.0,0.42277000000000003
1864.0,0.422628
1865.0,0.422389
1866.0,0.422037
1867.0,0.42151000000000005
1868.0,0.420852
1869.0,0.420206
1870.0,0.419685
1871.0,0.41924100000000003
1872.0,0.418827
1873.0,0.41840200000000005
1874.0,0.417979
1875.0,0.41755600000000004
1876.0,0.417108
1877.0,0.416639
1878.0,0.416161
1879.0,0.415614
1880.0,0.41493899999999995
1881.0,0.414325
1882.0,0.414117
1883.0,0.413908
1884.0,0.41368699999999997
1885.0,0.413395
1886.0,0.41296999999999995
1887.0,0.412342
1888.0,0.411505
1889.0,0.410582
1890.0,0.409531
1891.0,0.40805199999999997
1892.0,0.406364
1893.0,0.404379
1894.0,0.40226399999999995
1895.0,0.400193
1896.0,0.398088
1897.0,0.39608899999999997
1898.0,0.394404
1899.0,0.393013
1900.0,0.391615
1901.0,0.39001800000000003
1902.0,0.38835000000000003
1903.0,0.38673699999999994
1904.0,0.385109
1905.0,0.38358400000000004
1906.0,0.382457
1907.0,0.381808
1908.0,0.381396
1909.0,0.380995
1910.0,0.380657
1911.0,0.38047600000000004
1912.0,0.38058100000000006
1913.0,0.380908
1914.0,0.381102
1915.0,0.380926
1916.0,0.380623
1917.0,0.38053400000000004
1918.0,0.380704
1919.0,0.380969
1920.0,0.38120800000000005
1921.0,0.381459
1922.0,0.381695
1923.0,0.381867
1924.0,0.381999
1925.0,0.382201
1926.0,0.382533
1927.0,0.38293999999999995
1928.0,0.383364
1929.0,0.38380499999999995
1930.0,0.38427300000000003
1931.0,0.384776
1932.0,0.385331
1933.0,0.385861
1934.0,0.38630000000000003
1935.0,0.38668100000000005
1936.0,0.387066
1937.0,0.38746600000000003
1938.0,0.38787799999999995
1939.0,0.38833599999999996
1940.0,0.388849
1941.0,0.38939300000000004
1942.0,0.38996899999999995
1943.0,0.390604
1944.0,0.391139
1945.0,0.391443
1946.0,0.391584
1947.0,0.391668
1948.0,0.391618
1949.0,0.39158000000000004
1950.0,0.391886
1951.0,0.392613
1952.0,0.393378
1953.0,0.39380400000000004
1954.0,0.393973
1955.0,0.394176
1956.0,0.39457000000000003
1957.0,0.395055
1958.0,0.395589
1959.0,0.39620399999999995
1960.0,0.39683399999999996
1961.0,0.397373
1962.0,0.397836
1963.0,0.398261
1964.0,0.39866799999999997
1965.0,0.399047
1966.0,0.399389
1967.0,0.399643
1968.0,0.39988599999999996
1969.0,0.400263
1970.0,0.400816
1971.0,0.401416
1972.0,0.401938
1973.0,0.402415
1974.0,0.402899
1975.0,0.403433
1976.0,0.403984
1977.0,0.404479
1978.0,0.40488
1979.0,0.405261
1980.0,0.405719
1981.0,0.40625900000000004
1982.0,0.406763
1983.0,0.40712200000000004
1984.0,0.407393
1985.0,0.40774299999999997
1986.0,0.408225
1987.0,0.40878
1988.0,0.40938
1989.0,0.410048
1990.0,0.410725
1991.0,0.411352
1992.0,0.411954
1993.0,0.41253700000000004
1994.0,0.413091
1995.0,0.413632
1996.0,0.41421100000000005
1997.0,0.414851
1998.0,0.41545099999999996
1999.0,0.41590499999999997
2000.0,0.416247
2001.0,0.416595
2002.0,0.41693800000000003
2003.0,0.41731900000000005
2004.0,0.41794400000000004
2005.0,0.418924
2006.0,0.41995
2007.0,0.42072499999999996
2008.0,0.421346
2009.0,0.421738
2010.0,0.421758
2011.0,0.421583
2012.0,0.42156799999999994
2013.0,0.42166200000000004
2014.0,0.421939
2015.0,0.42259500000000005
2016.0,0.42361699999999997
2017.0,0.42465200000000003
2018.0,0.425611
2019.0,0.426513
2020.0,0.42715400000000003
2021.0,0.427458
2022.0,0.427646
2023.0,0.42790700000000004
2024.0,0.42817
2025.0,0.42855699999999997
2026.0,0.42917299999999997
2027.0,0.42991100000000004
2028.0,0.430608
2029.0,0.431259
2030.0,0.431905
2031.0,0.432578
2032.0,0.433272
2033.0,0.433895
2034.0,0.434403
2035.0,0.43483
2036.0,0.435193
2037.0,0.43546799999999997
2038.0,0.435727
2039.0,0.436037
2040.0,0.43637099999999995
2041.0,0.436736
2042.0,0.437125
2043.0,0.43755099999999997
2044.0,0.43805900000000003
2045.0,0.438698
2046.0,0.439271
2047.0,0.439573
2048.0,0.439711
2049.0,0.439942
2050.0,0.44033
2051.0,0.440764
2052.0,0.44115699999999997
2053.0,0.441518
2054.0,0.44189500000000004
2055.0,0.44230200000000003
2056.0,0.442736
2057.0,0.443247
2058.0,0.443928
2059.0,0.44453600000000004
2060.0,0.44475000000000003
2061.0,0.44461
2062.0,0.444579
2063.0,0.444884
2064.0,0.44534300000000004
2065.0,0.445848
2066.0,0.446461
2067.0,0.446997
2068.0,0.44724400000000003
2069.0,0.44731299999999996
2070.0,0.447471
2071.0,0.44771500000000003
2072.0,0.448083
2073.0,0.448755
2074.0,0.44974200000000003
2075.0,0.450494
2076.0,0.450717
2077.0,0.450663
2078.0,0.45054099999999997
2079.0,0.45025
2080.0,0.450034
2081.0,0.450212
2082.0,0.45067599999999997
2083.0,0.451175
2084.0,0.451668
2085.0,0.452164
2086.0,0.45258499999999996
2087.0,0.452952
2088.0,0.45323099999999994
2089.0,0.453381
2090.0,0.453435
2091.0,0.45344999999999996
2092.0,0.453358
2093.0,0.45336
2094.0,0.453692
2095.0,0.454233
2096.0,0.454716
2097.0,0.45509900000000003
2098.0,0.45543999999999996
2099.0,0.455737
2100.0,0.455982
2101.0,0.456248
2102.0,0.45659
2103.0,0.45695099999999994
2104.0,0.457241
2105.0,0.457438
2106.0,0.45765500000000003
2107.0,0.458004
2108.0,0.458422
2109.0,0.45876399999999995
2110.0,0.459022
2111.0,0.459219
2112.0,0.459308
2113.0,0.459301
2114.0,0.459458
2115.0,0.45986899999999997
2116.0,0.460449
2117.0,0.46120300000000003
2118.0,0.462158
2119.0,0.46299300000000004
2120.0,0.463577
2121.0,0.463987
2122.0,0.464157
2123.0,0.46399799999999997
2124.0,0.463872
2125.0,0.464053
2126.0,0.464373
2127.0,0.464681
2128.0,0.465038
2129.0,0.465265
2130.0,0.465096
2131.0,0.464676
2132.0,0.46445000000000003
2133.0,0.464563
2134.0,0.464748
2135.0,0.46476300000000004
2136.0,0.464683
2137.0,0.46476100000000004
2138.0,0.465144
2139.0,0.465627
2140.0,0.46600299999999995
2141.0,0.466337
2142.0,0.46651200000000004
2143.0,0.466354
2144.0,0.466089
2145.0,0.46615900000000005
2146.0,0.466561
2147.0,0.466896
2148.0,0.46691000000000005
2149.0,0.466762
2150.0,0.46658299999999997
2151.0,0.46635
2152.0,0.46611800000000003
2153.0,0.46593
2154.0,0.46576999999999996
2155.0,0.46567100000000006
2156.0,0.465658
2157.0,0.46562
2158.0,0.465462
2159.0,0.465227
2160.0,0.46496200000000004
2161.0,0.46466700000000005
2162.0,0.464344
2163.0,0.464009
2164.0,0.463652
2165.0,0.463222
2166.0,0.462696
2167.0,0.46214700000000003
2168.0,0.461625
2169.0,0.461113
2170.0,0.460655
2171.0,0.46025
2172.0,0.45990000000000003
2173.0,0.459625
2174.0,0.45941899999999997
2175.0,0.459244
2176.0,0.459133
2177.0,0.45899900000000005
2178.0,0.458734
2179.0,0.458374
2180.0,0.457946
2181.0,0.457419
2182.0,0.45687600000000006
2183.0,0.456396
2184.0,0.455955
2185.0,0.455705
2186.0,0.45575299999999996
2187.0,0.455875
2188.0,0.45585000000000003
2189.0,0.45574800000000004
2190.0,0.455586
2191.0,0.45534399999999997
2192.0,0.455093
2193.0,0.454909
2194.0,0.454756
2195.0,0.454568
2196.0,0.454369
2197.0,0.454087
2198.0,0.453598
2199.0,0.45297899999999997
2200.0,0.452497
2201.0,0.45214
2202.0,0.45197499999999996
2203.0,0.452155
2204.0,0.452538
2205.0,0.452811
2206.0,0.453028
2207.0,0.453065
2208.0,0.452723
2209.0,0.45217399999999996
2210.0,0.45178199999999996
2211.0,0.451513
2212.0,0.45142000000000004
2213.0,0.45161700000000005
2214.0,0.451964
2215.0,0.45222999999999997
2216.0,0.45244100000000004
2217.0,0.45266599999999996
2218.0,0.452945
2219.0,0.453217
2220.0,0.453423
2221.0,0.45358400000000004
2222.0,0.453521
2223.0,0.453158
2224.0,0.45264000000000004
2225.0,0.452026
2226.0,0.45130899999999996
2227.0,0.450888
2228.0,0.450835
2229.0,0.450948
2230.0,0.45114400000000004
2231.0,0.45143300000000003
2232.0,0.451601
2233.0,0.451651
2234.0,0.451631
2235.0,0.451532
2236.0,0.45137700000000003
2237.0,0.45126600000000006
2238.0,0.451192
2239.0,0.451098
2240.0,0.450983
2241.0,0.450824
2242.0,0.45055700000000004
2243.0,0.450189
2244.0,0.449821
2245.0,0.44945999999999997
2246.0,0.44912199999999997
2247.0,0.44887900000000003
2248.0,0.448681
2249.0,0.448302
2250.0,0.447634
2251.0,0.447025
2252.0,0.446755
2253.0,0.446649
2254.0,0.44648299999999996
2255.0,0.446258
2256.0,0.446195
2257.0,0.446451
2258.0,0.446787
2259.0,0.446982
2260.0,0.447088
2261.0,0.446852
2262.0,0.44615699999999997
2263.0,0.44537
2264.0,0.444756
2265.0,0.444172
2266.0,0.443517
2267.0,0.442791
2268.0,0.442085
2269.0,0.441372
2270.0,0.44075400000000003
2271.0,0.44048000000000004
2272.0,0.440456
2273.0,0.44012300000000004
2274.0,0.439405
2275.0,0.438488
2276.0,0.437363
2277.0,0.436127
2278.0,0.43518900000000005
2279.0,0.434553
2280.0,0.433798
2281.0,0.432743
2282.0,0.431581
2283.0,0.430394
2284.0,0.42918500000000004
2285.0,0.428348
2286.0,0.428003
2287.0,0.427487
2288.0,0.42640700000000004
2289.0,0.42505899999999996
2290.0,0.423622
2291.0,0.42204200000000003
2292.0,0.42072699999999996
2293.0,0.419926
2294.0,0.419095
2295.0,0.417717
2296.0,0.416145
2297.0,0.414882
2298.0,0.413838
2299.0,0.413234
2300.0,0.413377
2301.0,0.413724
2302.0,0.41367
2303.0,0.413449
2304.0,0.413283
2305.0,0.41321399999999997
2306.0,0.41296
2307.0,0.412539
2308.0,0.411761
2309.0,0.41012099999999996
2310.0,0.407821
2311.0,0.40591299999999997
2312.0,0.40436700000000003
2313.0,0.40320900000000004
2314.0,0.402615
2315.0,0.402368
2316.0,0.40216500000000005
2317.0,0.402076
2318.0,0.40207099999999996
2319.0,0.40220799999999995
2320.0,0.40225900000000003
2321.0,0.402089
2322.0,0.40175400000000006
2323.0,0.401207
2324.0,0.40047600000000005
2325.0,0.399771
2326.0,0.399044
2327.0,0.39853
2328.0,0.398399
2329.0,0.398553
2330.0,0.39897
2331.0,0.39964700000000003
2332.0,0.400462
2333.0,0.401376
2334.0,0.402567
2335.0,0.40425
2336.0,0.406134
2337.0,0.407858
2338.0,0.40948300000000004
2339.0,0.410616
2340.0,0.411192
2341.0,0.41160800000000003
2342.0,0.411922
2343.0,0.412254
2344.0,0.41286700000000004
2345.0,0.413647
2346.0,0.414456
2347.0,0.415317
2348.0,0.41610199999999997
2349.0,0.41679499999999997
2350.0,0.417366
2351.0,0.41773499999999997
2352.0,0.417978
2353.0,0.418247
2354.0,0.41851799999999995
2355.0,0.41867899999999997
2356.0,0.41871699999999995
2357.0,0.41865900000000006
2358.0,0.418416
2359.0,0.41818500000000003
2360.0,0.41836399999999996
2361.0,0.418819
2362.0,0.419114
2363.0,0.41922600000000004
2364.0,0.41932200000000003
2365.0,0.419458
2366.0,0.41954300000000005
2367.0,0.41958799999999996
2368.0,0.419494
2369.0,0.41885599999999995
2370.0,0.41773499999999997
2371.0,0.41691
2372.0,0.416576
2373.0,0.416172
2374.0,0.415466
2375.0,0.41463700000000003
2376.0,0.413673
2377.0,0.412673
2378.0,0.412209
2379.0,0.41228499999999996
2380.0,0.41226399999999996
2381.0,0.411997
2382.0,0.411828
2383.0,0.411999
2384.0,0.412248
2385.0,0.412325
2386.0,0.41228099999999995
2387.0,0.411936
2388.0,0.41125799999999996
2389.0,0.410872
2390.0,0.410955
2391.0,0.41104599999999997
2392.0,0.41085
2393.0,0.410636
2394.0,0.41059199999999996
2395.0,0.41070999999999996
2396.0,0.41131799999999996
2397.0,0.412445
2398.0,0.41341900000000004
2399.0,0.414145
2400.0,0.414705
2401.0,0.41511600000000004
2402.0,0.41531599999999996
2403.0,0.415162
2404.0,0.414823
2405.0,0.41469
2406.0,0.414694
2407.0,0.41442300000000004
2408.0,0.41383899999999996
2409.0,0.413142
2410.0,0.412159
2411.0,0.411616
2412.0,0.41235
2413.0,0.413438
2414.0,0.413722
2415.0,0.41348599999999996
2416.0,0.41278
2417.0,0.411563
2418.0,0.41047199999999995
2419.0,0.40958399999999995
2420.0,0.408895
2421.0,0.408249
2422.0,0.408176
2423.0,0.409475
2424.0,0.411458
2425.0,0.413113
2426.0,0.41461
2427.0,0.415459
2428.0,0.415621
2429.0,0.416242
2430.0,0.41755499999999995
2431.0,0.419095
2432.0,0.42119100000000004
2433.0,0.422469
2434.0,0.421343
2435.0,0.41933
2436.0,0.41788
2437.0,0.416634
2438.0,0.415957
2439.0,0.415774
2440.0,0.415159
2441.0,0.413966
2442.0,0.413097
2443.0,0.412907
2444.0,0.41281799999999996
2445.0,0.412623
2446.0,0.412356
2447.0,0.411924
2448.0,0.41139499999999996
2449.0,0.41086799999999996
2450.0,0.410315
2451.0,0.409679
2452.0,0.40897300000000003
2453.0,0.408298
2454.0,0.407687
2455.0,0.406834
2456.0,0.40548
2457.0,0.404656
2458.0,0.40505800000000003
2459.0,0.405775
2460.0,0.40645600000000004
2461.0,0.406815
2462.0,0.405818
2463.0,0.404188
2464.0,0.403611
2465.0,0.40367400000000003
2466.0,0.40377
2467.0,0.403951
2468.0,0.40382399999999996
2469.0,0.40338700000000005
2470.0,0.40255899999999994
2471.0,0.40125999999999995
2472.0,0.399617
2473.0,0.39745600000000003
2474.0,0.39547400000000005
2475.0,0.39437399999999995
2476.0,0.393629
2477.0,0.39276000000000005
2478.0,0.392087
2479.0,0.39222
2480.0,0.392872
2481.0,0.39285400000000004
2482.0,0.39234
2483.0,0.391976
2484.0,0.391702
2485.0,0.392853
2486.0,0.395782
2487.0,0.39805
2488.0,0.39919699999999997
2489.0,0.399698
2490.0,0.399388
2491.0,0.39909300000000003
2492.0,0.399315
2493.0,0.399715
2494.0,0.40017
2495.0,0.40075000000000005
2496.0,0.401486
2497.0,0.402375
2498.0,0.40342
2499.0,0.404639
2500.0,0.406126
