Data ID,Serpentine LALZ01
Sample ID,LALZ01
Mineral Name,serpentine
Sample Description,
Date Added,
Viewing Geometry,
Other Information,
Grain Size,
Database of Origin,MICA Files (USGS/RELAB)
Wavelength,Response
300.0,0.11533799767494202
305.0,0.12442000210285187
310.0,0.13685999810695648
315.0,0.14898400008678436
320.0,0.1595820039510727
325.0,0.16921399533748627
330.0,0.1794160008430481
335.0,0.1885250061750412
340.0,0.1962669938802719
345.0,0.20466099679470062
350.0,0.2127790004014969
355.0,0.22323200106620789
360.0,0.23270399868488312
365.0,0.23832200467586517
370.0,0.24515600502490997
375.0,0.25072500109672546
380.0,0.25492098927497864
385.0,0.25793999433517456
390.0,0.2626059949398041
395.0,0.2692370116710663
400.0,0.2724269926548004
405.0,0.27496498823165894
410.0,0.2755509912967682
415.0,0.27891799807548523
420.0,0.28219500184059143
425.0,0.2850649952888489
430.0,0.28734099864959717
435.0,0.28930699825286865
440.0,0.29158198833465576
445.0,0.29556599259376526
450.0,0.2987299859523773
455.0,0.302249014377594
460.0,0.3056829869747162
465.0,0.31129398941993713
470.0,0.3174000084400177
475.0,0.32405799627304077
480.0,0.330720990896225
485.0,0.33449599146842957
490.0,0.33751100301742554
495.0,0.33924099802970886
500.0,0.3419089913368225
505.0,0.34630298614501953
510.0,0.34959301352500916
515.0,0.3518170118331909
520.0,0.3536610007286072
525.0,0.35459500551223755
530.0,0.3580639958381653
535.0,0.3583109974861145
540.0,0.3614810109138489
545.0,0.3644630014896393
550.0,0.3675689995288849
555.0,0.37035900354385376
560.0,0.3734399974346161
565.0,0.3769780099391937
570.0,0.38036099076271057
575.0,0.38308000564575195
580.0,0.38775500655174255
585.0,0.3910079896450043
590.0,0.3921320140361786
595.0,0.39379099011421204
600.0,0.39531201124191284
605.0,0.39526399970054626
610.0,0.3958199918270111
615.0,0.3943620026111603
620.0,0.3945069909095764
625.0,0.3932799994945526
630.0,0.3930630087852478
635.0,0.39148300886154175
640.0,0.39114299416542053
645.0,0.38951998949050903
650.0,0.3882179856300354
655.0,0.38707101345062256
660.0,0.38615700602531433
665.0,0.3850859999656677
670.0,0.3832390010356903
675.0,0.38025298714637756
680.0,0.37920498847961426
685.0,0.37878501415252686
690.0,0.3790160119533539
695.0,0.37822699546813965
700.0,0.37953200936317444
705.0,0.3790619969367981
710.0,0.3776150047779083
715.0,0.38116100430488586
720.0,0.3816019892692566
725.0,0.3825260102748871
730.0,0.3835409879684448
735.0,0.38363000750541687
740.0,0.384893000125885
745.0,0.3885670006275177
750.0,0.39065900444984436
755.0,0.391851007938385
760.0,0.39617401361465454
765.0,0.3989050090312958
770.0,0.3999210000038147
775.0,0.4014109969139099
780.0,0.4034610092639923
785.0,0.4041129946708679
790.0,0.40642398595809937
795.0,0.4085730016231537
800.0,0.40890800952911377
805.0,0.408609002828598
810.0,0.409076988697052
815.0,0.4082620143890381
820.0,0.40863698720932007
825.0,0.4086790084838867
830.0,0.4080510139465332
835.0,0.40737301111221313
840.0,0.4068729877471924
845.0,0.40577900409698486
850.0,0.40556401014328003
855.0,0.4042060077190399
860.0,0.4026939868927002
865.0,0.4021419882774353
870.0,0.40141600370407104
875.0,0.4008379876613617
880.0,0.4000909924507141
885.0,0.39955300092697144
890.0,0.39937999844551086
895.0,0.3994390070438385
900.0,0.40057599544525146
905.0,0.401095986366272
910.0,0.4008120000362396
915.0,0.4021480083465576
920.0,0.4026240110397339
925.0,0.40380099415779114
930.0,0.4014210104942322
935.0,0.4044789969921112
940.0,0.40591201186180115
945.0,0.40602099895477295
950.0,0.4069089889526367
955.0,0.4087980091571808
960.0,0.41081100702285767
965.0,0.4128609895706177
970.0,0.4151810109615326
975.0,0.41700199246406555
980.0,0.4183639883995056
985.0,0.41920000314712524
990.0,0.4200110137462616
995.0,0.42052900791168213
1000.0,0.421858012676239
1004.9999999999999,0.4220449924468994
1010.0,0.42285698652267456
1014.9999999999999,0.4228520095348358
1020.0,0.42430201172828674
1025.0,0.4254800081253052
1030.0,0.4264509975910187
1035.0,0.42481398582458496
1040.0,0.4260520040988922
1045.0,0.42634499073028564
1050.0,0.42622900009155273
1055.0,0.42414700984954834
1060.0,0.4277249872684479
1065.0,0.4250189960002899
1070.0,0.4268929958343506
1075.0,0.42659100890159607
1080.0,0.42662501335144043
1085.0,0.4263400137424469
1090.0,0.4264479875564575
1095.0,0.4275670051574707
1100.0,0.427731990814209
1105.0,0.42841199040412903
1110.0,0.4283680021762848
1115.0,0.4310370087623596
1120.0,0.4299820065498352
1125.0,0.4308820068836212
1130.0,0.4315139949321747
1135.0,0.4323430061340332
1140.0,0.43427300453186035
1145.0,0.4331069886684418
1150.0,0.43545299768447876
1155.0,0.43365898728370667
1160.0,0.435683012008667
1165.0,0.43761301040649414
1170.0,0.4386039972305298
1175.0,0.43935999274253845
1180.0,0.4410899877548218
1185.0,0.44165998697280884
1190.0,0.4437429904937744
1195.0,0.44510599970817566
1200.0,0.44450798630714417
1205.0,0.4471819996833801
1210.0,0.44864800572395325
1215.0,0.450094997882843
1220.0,0.45169100165367126
1225.0,0.4520869851112366
1230.0,0.4520210027694702
1235.0,0.4533439874649048
1240.0,0.45489901304244995
1245.0,0.45593300461769104
1250.0,0.4585849940776825
1255.0,0.4598889946937561
1260.0,0.46193501353263855
1265.0,0.4609859883785248
1270.0,0.4629260003566742
1275.0,0.4645389914512634
1280.0,0.46374401450157166
1285.0,0.4661079943180084
1290.0,0.4671129882335663
1295.0,0.4699999988079071
1300.0,0.4716469943523407
1305.0,0.4722689986228943
1310.0,0.4722920060157776
1315.0,0.4741840064525604
1320.0,0.476267009973526
1325.0,0.4778299927711487
1330.0,0.47834399342536926
1335.0,0.4792639911174774
1340.0,0.4803810119628906
1345.0,0.4801639914512634
1350.0,0.4817669987678528
1355.0,0.48100998997688293
1360.0,0.47918200492858887
1365.0,0.47931501269340515
1370.0,0.4809580147266388
1375.0,0.481891006231308
1380.0,0.4614729881286621
1385.0,0.4323369860649109
1390.0,0.427731990814209
1395.0,0.42564401030540466
1400.0,0.44599899649620056
1405.0,0.4586870074272156
1410.0,0.4684639871120453
1415.0,0.47562700510025024
1420.0,0.4806540012359619
1425.0,0.4827589988708496
1430.0,0.4865480065345764
1435.0,0.4885599911212921
1440.0,0.49096500873565674
1445.0,0.49344000220298767
1450.0,0.4953800141811371
1455.0,0.4969030022621155
1460.0,0.49809300899505615
1465.0,0.4995039999485016
1470.0,0.5001469850540161
1475.0,0.4998660087585449
1480.0,0.5027700066566467
1485.0,0.5046190023422241
1490.0,0.50484299659729
1495.0,0.5065270066261292
1500.0,0.5073969960212708
1505.0,0.5082970261573792
1510.0,0.5090510249137878
1515.0,0.5109080076217651
1520.0,0.5109879970550537
1525.0,0.5119100213050842
1530.0,0.5121809840202332
1535.0,0.5128999948501587
1540.0,0.513342022895813
1545.0,0.514743983745575
1550.0,0.515205979347229
1555.0,0.5157830119132996
1560.0,0.5164250135421753
1565.0,0.5182330012321472
1570.0,0.5186970233917236
1575.0,0.5196549892425537
1580.0,0.5194650292396545
1585.0,0.5211210250854492
1590.0,0.5200719833374023
1595.0,0.5210070013999939
1600.0,0.5224019885063171
1605.0,0.521694004535675
1610.0,0.5233960151672363
1615.0,0.5245100259780884
1620.0,0.5237879753112793
1625.0,0.524321973323822
1630.0,0.5248849987983704
1635.0,0.52538001537323
1640.0,0.526386022567749
1645.0,0.526881992816925
1650.0,0.5277379751205444
1655.0,0.5273330211639404
1660.0,0.5277619957923889
1665.0,0.5288029909133911
1670.0,0.5289149880409241
1675.0,0.5290319919586182
1680.0,0.5301060080528259
1685.0,0.5306609869003296
1690.0,0.5301679968833923
1695.0,0.5311679840087891
1700.0,0.5322229862213135
1705.0,0.5309929847717285
1710.0,0.5311160087585449
1715.0,0.5314189791679382
1720.0,0.5311959981918335
1725.0,0.5317760109901428
1730.0,0.5322030186653137
1735.0,0.5329390168190002
1740.0,0.5313420295715332
1745.0,0.5318940281867981
1750.0,0.5317490100860596
1755.0,0.530780017375946
1760.0,0.5310969948768616
1765.0,0.5307009816169739
1770.0,0.5302029848098755
1775.0,0.5303099751472473
1780.0,0.5293279886245728
1785.0,0.5295150279998779
1790.0,0.5305820107460022
1795.0,0.5306280255317688
1800.0,0.53084397315979
1805.0,0.5311369895935059
1810.0,0.5305230021476746
1815.0,0.5308319926261902
1820.0,0.5306779742240906
1825.0,0.5298749804496765
1830.0,0.5316269993782043
1835.0,0.5318040251731873
1840.0,0.5315999984741211
1845.0,0.5295680165290833
1850.0,0.5286269783973694
1855.0,0.5283420085906982
1860.0,0.5271679759025574
1865.0,0.5270959734916687
1870.0,0.5303900241851807
1875.0,0.5237269997596741
1880.0,0.519199013710022
1885.0,0.5173280239105225
1890.0,0.5143960118293762
1895.0,0.5079540014266968
1900.0,0.5028849840164185
1905.0,0.4966050088405609
1910.0,0.4881719946861267
1915.0,0.48767000436782837
1920.0,0.4852840006351471
1925.0,0.48511698842048645
1930.0,0.48624300956726074
1935.0,0.4866180121898651
1940.0,0.48791998624801636
1945.0,0.4875969886779785
1950.0,0.4876289963722229
1955.0,0.4875510036945343
1960.0,0.4881890118122101
1965.0,0.48725199699401855
1970.0,0.48677799105644226
1975.0,0.48634400963783264
1980.0,0.4860779941082001
1985.0,0.4860230088233948
1990.0,0.4873430132865906
1995.0,0.48901399970054626
2000.0,0.49074700474739075
2005.0,0.49152401089668274
2009.9999999999998,0.4935460090637207
2015.0000000000002,0.49504199624061584
2020.0,0.4964959919452667
2025.0,0.4969730079174042
2029.9999999999998,0.498524010181427
2035.0000000000002,0.499904990196228
2040.0,0.5008209943771362
2045.0,0.5018219947814941
2050.0,0.5041450262069702
2055.0,0.5061870217323303
2060.0,0.5077850222587585
2065.0,0.5075479745864868
2070.0,0.507535994052887
2075.0,0.5064550042152405
2080.0,0.5075740218162537
2085.0,0.5059540271759033
2090.0,0.5022649765014648
2095.0,0.49996599555015564
2100.0,0.4986740052700043
2105.0,0.4972139894962311
2110.0,0.4968149960041046
2115.0,0.49595901370048523
2120.0,0.49575600028038025
2125.0,0.4964900016784668
2130.0,0.4947200119495392
2135.0,0.4945650100708008
2140.0,0.4949150085449219
2145.0,0.49674099683761597
2150.0,0.5000020265579224
2155.0,0.501645028591156
2160.0,0.5033770203590393
2165.0,0.5026440024375916
2170.0,0.5026509761810303
2175.0,0.504518985748291
2180.0,0.5023940205574036
2185.0,0.502659022808075
2190.0,0.5025219917297363
2195.0,0.5014700293540955
2200.0,0.5001279711723328
2205.0,0.500889003276825
2210.0,0.497855007648468
2215.0,0.49529099464416504
2220.0,0.4941120147705078
2225.0,0.49059799313545227
2230.0,0.48545700311660767
2235.0,0.47639599442481995
2240.0,0.4678710103034973
2245.0,0.4599579870700836
2250.0,0.4567840099334717
2255.0,0.45260798931121826
2260.0,0.4530799984931946
2265.0,0.4466690123081207
2270.0,0.4349609911441803
2275.0,0.42958301305770874
2280.0,0.42681899666786194
2285.0,0.4230870008468628
2290.0,0.41726601123809814
2295.0,0.40984898805618286
2300.0,0.40523800253868103
2305.0,0.39794498682022095
2310.0,0.3872849941253662
2315.0,0.3753739893436432
2320.0,0.36118900775909424
2325.0,0.3522610068321228
2330.0,0.3499999940395355
2335.0,0.3507609963417053
2340.0,0.3562749922275543
2345.0,0.3718760013580322
2350.0,0.39023301005363464
2355.0,0.40296000242233276
2360.0,0.4099830090999603
2365.0,0.41242000460624695
2370.0,0.40956801176071167
2375.0,0.40414300560951233
2380.0,0.3998810052871704
2385.0,0.3980939984321594
2390.0,0.3959589898586273
2395.0,0.39423900842666626
2400.0,0.39189401268959045
2405.0,0.3930650055408478
2410.0,0.3912639915943146
2415.0,0.38997599482536316
2420.0,0.387035995721817
2425.0,0.38370800018310547
2430.0,0.3815009891986847
2435.0,0.37578698992729187
2440.0,0.37456798553466797
2445.0,0.3762820065021515
2450.0,0.37918099761009216
2455.0,0.3819020092487335
2460.0,0.38330399990081787
2465.0,0.3822300136089325
2470.0,0.3786790072917938
2475.0,0.37362998723983765
2480.0,0.3676469922065735
2485.0,0.3634290099143982
2490.0,0.3599649965763092
2495.0,0.3568190038204193
2500.0,0.34973201155662537
2505.0,0.3446662127971649
2510.0,0.3422747552394867
2515.0,0.3436068296432495
2520.0,0.3469853103160858
2525.0,0.3510649800300598
2530.0,0.35456520318984985
2531.32,0.3550400137901306
2532.55,0.3552750051021576
2533.7900000000004,0.35526999831199646
2535.0299999999997,0.35567501187324524
2536.27,0.35556501150131226
2537.51,0.35553601384162903
2538.75,0.3554989993572235
2540.0,0.355446994304657
2541.2400000000002,0.3551650047302246
2542.49,0.3550269901752472
2543.7400000000002,0.35511499643325806
2544.99,0.3553119897842407
2546.2400000000002,0.35538700222969055
2547.49,0.3552669882774353
2548.74,0.35488998889923096
2549.9900000000002,0.3546069860458374
2551.25,0.35430198907852173
2552.5,0.3536059856414795
2553.76,0.35295799374580383
2555.02,0.3526279926300049
2556.28,0.3520129919052124
2557.54,0.3514249920845032
2558.8,0.3509570062160492
2560.07,0.35052400827407837
2561.33,0.3504979908466339
2562.6000000000004,0.3508149981498718
2563.86,0.3513309955596924
2565.13,0.3519130051136017
2566.3999999999996,0.35240501165390015
2567.67,0.35325801372528076
2568.9500000000003,0.3541269898414612
2570.22,0.35489600896835327
2571.5,0.3553380072116852
2572.77,0.35588398575782776
2574.05,0.3566640019416809
2575.33,0.35749000310897827
2576.61,0.358271986246109
2577.89,0.3589029908180237
2579.17,0.3593679964542389
2580.46,0.35975000262260437
2581.74,0.3601129949092865
2583.0299999999997,0.36051198840141296
2584.31,0.36085399985313416
2585.6,0.3613719940185547
2586.89,0.3623659908771515
2588.19,0.36316901445388794
2589.48,0.3636159896850586
2590.77,0.36444199085235596
2592.07,0.36513298749923706
2593.36,0.3655009865760803
2594.6600000000003,0.3661220073699951
2595.96,0.3669559955596924
2597.2599999999998,0.36744800209999084
2598.56,0.3677459955215454
2599.8700000000003,0.36784300208091736
2601.17,0.3678840100765228
2602.48,0.36787500977516174
2603.78,0.36785298585891724
2605.09,0.3678719997406006
2606.3999999999996,0.3680360019207001
2607.71,0.3682509958744049
2609.03,0.36860400438308716
2610.3399999999997,0.36849600076675415
2611.6600000000003,0.36871299147605896
2612.97,0.3686769902706146
2614.29,0.36880001425743103
2615.61,0.36888399720191956
2616.93,0.3687559962272644
2618.25,0.36910301446914673
2619.57,0.36961299180984497
2620.8999999999996,0.36945199966430664
2622.22,0.36942198872566223
2623.5499999999997,0.36934399604797363
2624.88,0.36949101090431213
2626.21,0.36927101016044617
2627.5400000000004,0.36896198987960815
2628.87,0.368476003408432
2630.21,0.36814600229263306
2631.5400000000004,0.3675839900970459
2632.88,0.3672569990158081
2634.21,0.3664720058441162
2635.5499999999997,0.3657110035419464
2636.8900000000003,0.36489999294281006
2638.2400000000002,0.36384299397468567
2639.58,0.36231300234794617
2640.92,0.3609499931335449
2642.27,0.3595379889011383
2643.62,0.3578149974346161
2644.97,0.3555710017681122
2646.3199999999997,0.353208988904953
2647.67,0.35052400827407837
2649.02,0.347896009683609
2650.38,0.3450010120868683
2651.73,0.3424629867076874
2653.09,0.3397639989852905
2654.4500000000003,0.33761900663375854
2655.81,0.33575400710105896
2657.1699999999996,0.334320992231369
2658.5299999999997,0.33271199464797974
2659.89,0.3310379981994629
2661.2599999999998,0.3289099931716919
2662.63,0.32645300030708313
2664.0,0.3237389922142029
2665.36,0.32121598720550537
2666.74,0.3178290128707886
2668.11,0.31398698687553406
2669.48,0.30932900309562683
2670.8599999999997,0.3042359948158264
2672.23,0.29715898633003235
2673.61,0.2894609868526459
2674.9900000000002,0.2802770137786865
2676.37,0.26965001225471497
2677.76,0.2568019926548004
2679.14,0.24269899725914001
2680.52,0.22735300660133362
2681.91,0.21204900741577148
2683.3,0.1975730061531067
2684.6899999999996,0.18311500549316406
2686.08,0.16863900423049927
2687.47,0.15499399602413177
2688.87,0.14155800640583038
2690.2599999999998,0.12885400652885437
2691.6600000000003,0.11611799895763397
2693.06,0.10422199964523315
2694.46,0.09233900159597397
2695.86,0.0806260034441948
2697.26,0.06879399716854095
2698.66,0.056804001331329346
2700.07,0.045322999358177185
2701.48,0.03685399889945984
2702.89,0.03180599957704544
2704.2999999999997,0.028804000467061996
2705.71,0.02601500041782856
2707.1200000000003,0.02371099963784218
2708.53,0.021624000743031502
2709.9500000000003,0.02006400004029274
2711.37,0.018907999619841576
2712.79,0.018411999568343163
2714.21,0.01858999952673912
2715.63,0.019185999408364296
2717.05,0.019943999126553535
2718.48,0.02080499939620495
2719.9,0.021825000643730164
2721.33,0.023158999159932137
2722.76,0.02429099939763546
2724.19,0.02519400045275688
2725.6200000000003,0.026288999244570732
2727.06,0.02745399996638298
2728.49,0.028179999440908432
2729.93,0.028906000778079033
2731.37,0.029577000066637993
2732.8100000000004,0.03027000091969967
2734.25,0.030983999371528625
2735.69,0.0316770002245903
2737.1400000000003,0.03214399889111519
2738.58,0.03264499828219414
2740.0299999999997,0.03333599865436554
2741.48,0.03397100046277046
2742.93,0.03479599952697754
2744.38,0.03581300005316734
2745.8300000000004,0.036646999418735504
2747.29,0.03758599981665611
2748.75,0.03876800090074539
2750.2,0.04010799899697304
2751.6600000000003,0.04138199985027313
2753.13,0.042736999690532684
2754.5899999999997,0.04401800036430359
2756.05,0.04512999951839447
2757.52,0.04610100015997887
2758.99,0.047217000275850296
2760.46,0.048229001462459564
2761.93,0.04910799860954285
2763.3999999999996,0.05003900080919266
2764.8700000000003,0.05094499886035919
2766.35,0.05163700133562088
2767.82,0.052170999348163605
2769.2999999999997,0.0527539998292923
2770.7799999999997,0.05342099815607071
2772.26,0.05386099964380264
2773.75,0.05438999831676483
2775.23,0.05494600161910057
2776.7200000000003,0.05536700040102005
2778.21,0.055640000849962234
2779.7000000000003,0.056007999926805496
2781.19,0.056536998599767685
2782.68,0.057082999497652054
2784.1800000000003,0.05750200152397156
2785.67,0.05787400156259537
2787.17,0.058577001094818115
2788.67,0.059356000274419785
2790.1699999999996,0.05986599996685982
2791.67,0.060201000422239304
2793.18,0.06055400148034096
2794.68,0.060982998460531235
2796.19,0.06152699887752533
2797.7,0.062098000198602676
2799.21,0.06258700042963028
2800.7200000000003,0.0630130022764206
2802.24,0.06342300027608871
2803.75,0.0639519989490509
2805.27,0.06442999839782715
2806.79,0.06484899669885635
2808.31,0.06537699699401855
2809.83,0.06589800119400024
2811.35,0.06660500168800354
2812.8799999999997,0.06748100370168686
2814.41,0.06807900220155716
2815.93,0.06857699900865555
2817.46,0.06930600106716156
2819.0,0.07010599970817566
2820.53,0.07066600024700165
2822.07,0.0711980015039444
2823.6,0.07189299911260605
2825.1400000000003,0.0728290006518364
2826.6800000000003,0.073744997382164
2828.22,0.07438299804925919
2829.77,0.07501000165939331
2831.3100000000004,0.07568100094795227
2832.86,0.07625400274991989
2834.4100000000003,0.07676400244235992
2835.96,0.07746999710798264
2837.5099999999998,0.07818300276994705
2839.07,0.07875700294971466
2840.62,0.07934299856424332
2842.18,0.08001700043678284
2843.74,0.08058200031518936
2845.2999999999997,0.08124600350856781
2846.86,0.08192899823188782
2848.43,0.08250399678945541
2849.9900000000002,0.08292099833488464
2851.56,0.08324699848890305
2853.13,0.08390700072050095
2854.7,0.08463100343942642
2856.27,0.08498100191354752
2857.85,0.08543899655342102
2859.42,0.08602999895811081
2861.0,0.0866290032863617
2862.58,0.08715199679136276
2864.16,0.08765800297260284
2865.75,0.08814900368452072
2867.33,0.08871100097894669
2868.92,0.08931100368499756
2870.5099999999998,0.08984100073575974
2872.1,0.09033100306987762
2873.69,0.09072999656200409
2875.28,0.09102900326251984
2876.88,0.09164900332689285
2878.48,0.09217499941587448
2880.0699999999997,0.09253799915313721
2881.68,0.09294900298118591
2883.28,0.09341199696063995
2884.88,0.09386499971151352
2886.49,0.09424400329589844
2888.1,0.09464400261640549
2889.71,0.09517200291156769
2891.3199999999997,0.09563499689102173
2892.93,0.09606099873781204
2894.55,0.09664499759674072
2896.16,0.09706799685955048
2897.78,0.09738799929618835
2899.4,0.09785500168800354
2901.03,0.0984330028295517
2902.65,0.09878099709749222
2904.2799999999997,0.09907399863004684
2905.91,0.09938099980354309
2907.54,0.09974999725818634
2909.17,0.10031100362539291
2910.8,0.10090599954128265
2912.44,0.10122700035572052
2914.07,0.101453997194767
2915.7099999999996,0.10190500319004059
2917.35,0.1023700013756752
2918.99,0.10277000069618225
2920.6400000000003,0.10304199904203415
2922.29,0.10341700166463852
2923.93,0.10386399924755096
2925.58,0.10437899827957153
2927.24,0.10496699810028076
2928.89,0.1053680032491684
2930.55,0.10587500035762787
2932.2,0.10628300160169601
2933.86,0.10679800063371658
2935.52,0.1074260026216507
2937.19,0.10791599750518799
2938.85,0.10833200067281723
2940.52,0.10873600095510483
2942.19,0.10916899889707565
2943.86,0.10959699749946594
2945.53,0.11004699766635895
2947.21,0.11055000126361847
2948.88,0.11099900305271149
2950.56,0.11148799955844879
2952.2400000000002,0.11231999844312668
2953.92,0.11285600066184998
2955.61,0.11330299824476242
2957.29,0.11396600306034088
2958.98,0.11445900052785873
2960.67,0.11487799882888794
2962.3599999999997,0.11528900265693665
2964.06,0.11579599976539612
2965.75,0.11647699773311615
2967.45,0.11700399965047836
2969.15,0.117467001080513
2970.85,0.11801999807357788
2972.55,0.11868199706077576
2974.26,0.11938799917697906
2975.97,0.11999999731779099
2977.68,0.1203560009598732
2979.39,0.12071599811315536
2981.1,0.12128300219774246
2982.8199999999997,0.12181200087070465
2984.5299999999997,0.12236999720335007
2986.25,0.1229650005698204
2987.97,0.12360899895429611
2989.7,0.12422099709510803
2991.42,0.12475399672985077
2993.15,0.12523899972438812
2994.88,0.12573100626468658
2996.61,0.12625400722026825
2998.3399999999997,0.12679700553417206
3000.08,0.1273539960384369
3001.8199999999997,0.12797899544239044
3003.55,0.1285109966993332
3005.3,0.1290999948978424
3007.04,0.1297450065612793
3008.7799999999997,0.13036300241947174
3010.53,0.13089099526405334
3012.28,0.13122600317001343
3014.03,0.1317099928855896
3015.79,0.1323769986629486
3017.54,0.13299700617790222
3019.2999999999997,0.13343000411987305
3021.06,0.1338990032672882
3022.8199999999997,0.13436700403690338
3024.58,0.13478800654411316
3026.35,0.13535599410533905
3028.12,0.13596799969673157
3029.89,0.1365409940481186
3031.66,0.13709299266338348
3033.4300000000003,0.137596994638443
3035.21,0.13795499503612518
3036.99,0.13840800523757935
3038.77,0.13897599279880524
3040.55,0.1394360065460205
3042.3300000000004,0.1399260014295578
3044.12,0.1404689997434616
3045.9100000000003,0.14100299775600433
3047.7,0.14148099720478058
3049.4900000000002,0.1420229971408844
3051.29,0.14253300428390503
3053.08,0.14297200739383698
3054.8799999999997,0.14351099729537964
3056.6800000000003,0.14383000135421753
3058.49,0.14422300457954407
3060.29,0.14472800493240356
3062.1,0.14529600739479065
3063.91,0.14594200253486633
3065.72,0.1464730054140091
3067.54,0.14681999385356903
3069.35,0.14717300236225128
3071.17,0.14761599898338318
3072.99,0.14796799421310425
3074.81,0.14848099648952484
3076.64,0.14900699257850647
3078.47,0.1493310034275055
3080.2900000000004,0.14953699707984924
3082.1299999999997,0.1500449925661087
3083.96,0.15047100186347961
3085.79,0.15076500177383423
3087.6299999999997,0.15113100409507751
3089.47,0.15157300233840942
3091.31,0.15201200544834137
3093.1600000000003,0.15216700732707977
3095.0099999999998,0.15256699919700623
3096.85,0.15301600098609924
3098.71,0.15331700444221497
3100.5600000000004,0.15379899740219116
3102.41,0.1542849987745285
3104.27,0.15473300218582153
3106.1299999999997,0.15515300631523132
3107.9900000000002,0.15547999739646912
3109.8599999999997,0.15585200488567352
3111.73,0.15627799928188324
3113.5899999999997,0.15670199692249298
3115.4700000000003,0.15708699822425842
3117.34,0.1574999988079071
3119.21,0.15793399512767792
3121.09,0.15829500555992126
3122.97,0.1585959941148758
3124.86,0.1590300053358078
3126.74,0.15953199565410614
3128.6299999999997,0.1599079966545105
3130.52,0.1603669971227646
3132.4100000000003,0.16076700389385223
3134.3,0.16105900704860687
3136.2000000000003,0.1614370048046112
3138.1,0.1619199961423874
3140.0,0.16244399547576904
3141.9,0.1629370003938675
3143.8100000000004,0.1634189933538437
3145.7099999999996,0.16396300494670868
3147.62,0.16443699598312378
3149.54,0.16491800546646118
3151.4500000000003,0.16533400118350983
3153.37,0.16579599678516388
3155.29,0.1662980020046234
3157.21,0.1667799949645996
3159.13,0.16742099821567535
3161.06,0.16793400049209595
3162.9900000000002,0.16831600666046143
3164.92,0.16872000694274902
3166.8500000000004,0.16913899779319763
3168.79,0.16954700648784637
3170.7200000000003,0.17000499367713928
3172.67,0.17038500308990479
3174.61,0.17079800367355347
3176.55,0.1712689995765686
3178.5,0.17169399559497833
3180.45,0.17216099798679352
3182.4,0.1724880039691925
3184.3599999999997,0.172885000705719
3186.3199999999997,0.17332099378108978
3188.27,0.1737380027770996
3190.2400000000002,0.17426900565624237
3192.2000000000003,0.17465099692344666
3194.17,0.1749819964170456
3196.1400000000003,0.17546099424362183
3198.1099999999997,0.17592400312423706
3200.08,0.17618100345134735
3202.06,0.17647600173950195
3204.04,0.17671899497509003
3206.02,0.17691099643707275
3208.0,0.17726899683475494
3209.99,0.1775979995727539
3211.98,0.17782600224018097
3213.9700000000003,0.17818200588226318
3215.96,0.17836500704288483
3217.96,0.17832499742507935
3219.96,0.17846399545669556
3221.96,0.1787640005350113
3223.96,0.17882999777793884
3225.97,0.1789429932832718
3227.98,0.17906099557876587
3229.99,0.1792140007019043
3232.0,0.17943699657917023
3234.02,0.17954899370670319
3236.04,0.17957599461078644
3238.06,0.17985300719738007
3240.08,0.18030999600887299
3242.1099999999997,0.18053799867630005
3244.14,0.18059100210666656
3246.17,0.18079900741577148
3248.2000000000003,0.18111899495124817
3250.24,0.18143600225448608
3252.2799999999997,0.18178799748420715
3254.3199999999997,0.18220899999141693
3256.37,0.18250299990177155
3258.41,0.18281899392604828
3260.46,0.18304699659347534
3262.5099999999998,0.18331000208854675
3264.57,0.18361100554466248
3266.63,0.18383899331092834
3268.69,0.184239000082016
3270.75,0.18456900119781494
3272.8100000000004,0.1848440021276474
3274.88,0.1852390021085739
3276.95,0.18559899926185608
3279.02,0.18584300577640533
3281.1,0.18609899282455444
3283.1800000000003,0.1864359974861145
3285.26,0.18681299686431885
3287.34,0.1870190054178238
3289.43,0.18731699883937836
3291.51,0.18773700296878815
3293.61,0.1882299929857254
3295.7000000000003,0.18854199349880219
3297.8,0.18879899382591248
3299.9,0.18921899795532227
3302.0,0.18959300220012665
3304.1,0.19009099900722504
3306.21,0.19059500098228455
3308.32,0.19095100462436676
3310.4300000000003,0.1912509948015213
3312.5499999999997,0.19159899652004242
3314.66,0.19205400347709656
3316.79,0.19245199859142303
3318.91,0.19280500710010529
3321.0299999999997,0.19322699308395386
3323.1600000000003,0.1936900019645691
3325.29,0.1942490041255951
3327.4300000000003,0.19454999268054962
3329.5699999999997,0.19492100179195404
3331.71,0.19528500735759735
3333.85,0.19558900594711304
3335.99,0.19588600099086761
3338.1400000000003,0.19629399478435516
3340.29,0.19674499332904816
3342.45,0.19696100056171417
3344.6,0.19727100431919098
3346.76,0.19759899377822876
3348.92,0.19776399433612823
3351.09,0.1981080025434494
3353.26,0.19853900372982025
3355.4300000000003,0.19885000586509705
3357.6000000000004,0.1991879940032959
3359.78,0.19951499998569489
3361.96,0.19983899593353271
3364.14,0.20008499920368195
3366.32,0.2003459930419922
3368.51,0.20063599944114685
3370.7,0.20091600716114044
3372.89,0.20123299956321716
3375.09,0.20161700248718262
3377.29,0.2019290030002594
3379.4900000000002,0.2021850049495697
3381.69,0.2024729996919632
3383.9,0.20285700261592865
3386.11,0.20309799909591675
3388.32,0.20329099893569946
3390.54,0.20362399518489838
3392.76,0.2039320021867752
3394.98,0.20414899289608002
3397.21,0.20437400043010712
3399.4300000000003,0.20457099378108978
3401.6600000000003,0.2048339992761612
3403.9,0.20509399473667145
3406.13,0.20529299974441528
3408.3700000000003,0.20558300614356995
3410.61,0.20592300593852997
3412.8599999999997,0.2062159925699234
3415.1099999999997,0.20659300684928894
3417.36,0.2070630043745041
3419.61,0.20750199258327484
3421.8700000000003,0.20805400609970093
3424.13,0.20862999558448792
3426.39,0.2090429961681366
3428.66,0.20931799709796906
3430.93,0.20972000062465668
3433.2,0.2100220024585724
3435.48,0.2104559987783432
3437.7599999999998,0.21099700033664703
3440.0400000000004,0.2113180011510849
3442.32,0.21159100532531738
3444.61,0.21190999448299408
3446.8999999999996,0.2123039960861206
3449.19,0.21274100244045258
3451.4900000000002,0.2131049931049347
3453.79,0.21336400508880615
3456.09,0.2135709971189499
3458.4,0.2139890044927597
3460.7000000000003,0.21434499323368073
3463.0200000000004,0.21467700600624084
3465.33,0.21507500112056732
3467.65,0.21536700427532196
3469.97,0.21562999486923218
3472.29,0.21580900251865387
3474.62,0.21599000692367554
3476.95,0.21627600491046906
3479.2900000000004,0.21647900342941284
3481.62,0.21659700572490692
3483.96,0.2169550061225891
3486.3,0.2172739952802658
3488.6499999999996,0.2175379991531372
3491.0,0.21792900562286377
3493.35,0.2182680070400238
3495.71,0.21851900219917297
3498.0699999999997,0.21884700655937195
3500.4300000000003,0.21932299435138702
3502.79,0.21972599625587463
3505.16,0.22022199630737305
3507.53,0.22075100243091583
3509.9100000000003,0.22111999988555908
3512.29,0.2214459925889969
3514.67,0.22184400260448456
3517.0499999999997,0.2220740020275116
3519.44,0.2222830057144165
3521.83,0.22265799343585968
3524.23,0.22298499941825867
3526.62,0.22335800528526306
3529.02,0.2238530069589615
3531.43,0.22422899305820465
3533.83,0.22464999556541443
3536.24,0.2252259999513626
3538.6600000000003,0.22588500380516052
3541.08,0.22639699280261993
3543.5,0.22676600515842438
3545.92,0.22719499468803406
3548.35,0.22758500277996063
3550.78,0.22794699668884277
3553.21,0.22842200100421906
3555.65,0.2288849949836731
3558.09,0.22933700680732727
3560.5299999999997,0.22970899939537048
3562.98,0.23011499643325806
3565.4300000000003,0.23045499622821808
3567.88,0.23079699277877808
3570.3399999999997,0.23105299472808838
3572.8,0.23129700124263763
3575.27,0.23154500126838684
3577.73,0.23166599869728088
3580.2000000000003,0.23182299733161926
3582.68,0.23208199441432953
3585.1600000000003,0.23221300542354584
3587.64,0.23228299617767334
3590.1200000000003,0.23246900737285614
3592.61,0.2327360063791275
3595.1,0.23298199474811554
3597.6,0.23330099880695343
3600.0899999999997,0.23363299667835236
3602.6,0.23384900391101837
3605.1000000000004,0.2340639978647232
3607.61,0.23435400426387787
3610.1200000000003,0.2347099930047989
3612.64,0.23502400517463684
3615.16,0.23534099757671356
3617.68,0.23573000729084015
3620.21,0.2360450029373169
3622.74,0.23646600544452667
3625.27,0.23700100183486938
3627.8100000000004,0.23756399750709534
3630.35,0.23811499774456024
3632.8900000000003,0.23874300718307495
3635.44,0.2394469976425171
3637.99,0.2400979995727539
3640.54,0.2406419962644577
3643.1,0.2411240041255951
3645.66,0.241457998752594
3648.23,0.2418529987335205
3650.7999999999997,0.24231700599193573
3653.37,0.24266499280929565
3655.95,0.2430099993944168
3658.5299999999997,0.24338699877262115
3661.1099999999997,0.24377399682998657
3663.7,0.24406099319458008
3666.29,0.2443149983882904
3668.8900000000003,0.24462099373340607
3671.48,0.2449450045824051
3674.09,0.24517999589443207
3676.6899999999996,0.245388001203537
3679.3,0.24560700356960297
3681.91,0.24583199620246887
3684.53,0.24601000547409058
3687.15,0.24617399275302887
3689.7799999999997,0.24636800587177277
3692.4,0.2465279996395111
3695.04,0.24668000638484955
3697.67,0.24684999883174896
3700.31,0.2472810000181198
3702.95,0.24780599772930145
3705.6,0.24834099411964417
3708.25,0.24873800575733185
3710.9100000000003,0.2490379959344864
3713.5600000000004,0.24920399487018585
3716.23,0.24935799837112427
3718.89,0.24956700205802917
3721.5600000000004,0.24972200393676758
3724.23,0.2499230057001114
3726.9100000000003,0.2501260042190552
3729.59,0.25029200315475464
3732.2799999999997,0.25065499544143677
3734.9700000000003,0.25126001238822937
3737.66,0.2518010139465332
3740.36,0.25214800238609314
3743.06,0.2526319921016693
3745.76,0.2531610131263733
3748.4700000000003,0.2537359893321991
3751.1800000000003,0.254366010427475
3753.8999999999996,0.2549630105495453
3756.62,0.2554660141468048
3759.3399999999997,0.25589999556541443
3762.07,0.2561900019645691
3764.8,0.25660499930381775
3767.54,0.25705599784851074
3770.28,0.2574560046195984
3773.02,0.257876992225647
3775.77,0.2582870125770569
3778.52,0.2586190104484558
3781.28,0.25897300243377686
3784.04,0.25934699177742004
3786.7999999999997,0.25964799523353577
3789.5699999999997,0.2599540054798126
3792.3399999999997,0.26036399602890015
3795.12,0.2607229948043823
3797.8999999999996,0.2610960006713867
3800.69,0.2614629864692688
3803.47,0.26180601119995117
3806.27,0.2621240019798279
3809.06,0.2624860107898712
3811.8599999999997,0.26282599568367004
3814.67,0.2632310092449188
3817.48,0.2635689973831177
3820.29,0.26393699645996094
3823.1099999999997,0.26441100239753723
3825.93,0.2647539973258972
3828.7599999999998,0.2650130093097687
3831.5899999999997,0.2653450071811676
3834.42,0.2657049894332886
3837.26,0.26607099175453186
3840.1,0.26639100909233093
3842.9500000000003,0.2666960060596466
3845.8,0.2670229971408844
3848.65,0.26737698912620544
3851.51,0.2677139937877655
3854.38,0.2681019902229309
3857.24,0.268451988697052
3860.1200000000003,0.2688229978084564
3862.99,0.26914799213409424
3865.8700000000003,0.26946601271629333
3868.7599999999998,0.26972800493240356
3871.6499999999996,0.27004799246788025
3874.54,0.2703610062599182
3877.44,0.2706719934940338
3880.3399999999997,0.27102500200271606
3883.25,0.2714119851589203
3886.16,0.2717610001564026
3889.0699999999997,0.2720479965209961
3891.99,0.27232301235198975
3894.92,0.27261900901794434
3897.85,0.2728959918022156
3900.78,0.273142009973526
3903.72,0.2733660042285919
3906.66,0.27376899123191833
3909.6000000000004,0.27409300208091736
3912.55,0.27433499693870544
3915.5099999999998,0.2746120095252991
3918.4700000000003,0.2749040126800537
3921.43,0.27521800994873047
3924.4,0.2754479944705963
3927.3799999999997,0.2755720019340515
3930.35,0.275858998298645
3933.3300000000004,0.2760840058326721
3936.3199999999997,0.2762939929962158
3939.31,0.27649998664855957
3942.31,0.27674400806427
3945.31,0.27692699432373047
3948.3100000000004,0.2771329879760742
3951.32,0.2773819863796234
3954.34,0.27755600214004517
3957.35,0.27767500281333923
3960.3799999999997,0.2778970003128052
3963.4100000000003,0.2781189978122711
3966.44,0.27836498618125916
3969.48,0.27856600284576416
3972.52,0.27873098850250244
3975.5600000000004,0.2789109945297241
3978.61,0.279123991727829
3981.6699999999996,0.279356986284256
3984.73,0.2795259952545166
3987.8,0.2796410024166107
3990.8700000000003,0.27984800934791565
3993.9399999999996,0.28006500005722046
3997.02,0.28023800253868103
4000.1,0.28042900562286377
4003.19,0.2806529998779297
4006.29,0.28077200055122375
4009.39,0.2809549868106842
4012.49,0.2810620069503784
4015.6,0.28112900257110596
4018.7099999999996,0.2812100052833557
4021.8299999999995,0.28137099742889404
4024.9499999999994,0.28150901198387146
4028.08,0.28165799379348755
4031.2099999999996,0.2817389965057373
4034.35,0.2818810045719147
4037.4900000000002,0.2820500135421753
4040.64,0.2821809947490692
4043.7900000000004,0.2822909951210022
4046.94,0.282353013753891
4050.11,0.28240400552749634
4053.2700000000004,0.28252899646759033
4056.44,0.2825869917869568
4059.62,0.28264400362968445
4062.8,0.28269898891448975
4065.9900000000002,0.2828350067138672
4069.1800000000003,0.28289300203323364
4072.38,0.2829129993915558
4075.5800000000004,0.28299400210380554
4078.78,0.2830440104007721
4082.0,0.2830129861831665
4085.21,0.2830910086631775
4088.43,0.2830600142478943
4091.66,0.28303900361061096
4094.8900000000003,0.2830759882926941
4098.13,0.28310900926589966
4101.37,0.28310999274253845
4104.62,0.28316399455070496
4107.87,0.2832069993019104
4111.13,0.28320398926734924
4114.39,0.28314700722694397
4117.66,0.28317299485206604
4120.93,0.2831830084323883
4124.21,0.28321200609207153
4127.5,0.2831900119781494
4130.79,0.2831360101699829
4134.08,0.2831119894981384
4137.38,0.28307801485061646
4140.679999999999,0.2829810082912445
4143.99,0.28308698534965515
4147.31,0.2831360101699829
4150.629999999999,0.2830449938774109
4153.95,0.28302299976348877
4157.29,0.28306201100349426
4160.62,0.2830440104007721
4163.96,0.2830210030078888
4167.3099999999995,0.28299200534820557
4170.66,0.2830440104007721
4174.0199999999995,0.2830289900302887
4177.39,0.28291401267051697
4180.75,0.28286200761795044
4184.13,0.2828480005264282
4187.509999999999,0.2828480005264282
4190.889999999999,0.2828199863433838
4194.28,0.28280699253082275
4197.68,0.2828119993209839
4201.08,0.28282201290130615
4204.49,0.2828029990196228
4207.900000000001,0.2828350067138672
4211.32,0.28302401304244995
4214.74,0.283160001039505
4218.17,0.28327199816703796
4221.61,0.2833299934864044
4225.05,0.2834259867668152
4228.5,0.2835310101509094
4231.950000000001,0.28356999158859253
4235.400000000001,0.28359299898147583
4238.870000000001,0.2836900055408478
4242.34,0.2835550010204315
4245.8099999999995,0.28341901302337646
4249.29,0.28325599431991577
4252.78,0.2830440104007721
4256.2699999999995,0.2826699912548065
4259.7699999999995,0.2824299931526184
4263.27,0.28249698877334595
4266.78,0.282696008682251
4270.29,0.2828660011291504
4273.81,0.28301599621772766
4277.34,0.2830449938774109
4280.87,0.283051997423172
4284.41,0.2829740047454834
4287.950000000001,0.2828980088233948
4291.5,0.2828199863433838
4295.06,0.28277501463890076
4298.62,0.2826470136642456
4302.1900000000005,0.2825680077075958
4305.76,0.28253498673439026
4309.34,0.2825160026550293
4312.92,0.2824450135231018
4316.5199999999995,0.2824009954929352
4320.11,0.2823149859905243
4323.719999999999,0.2822830080986023
4327.320000000001,0.2821919918060303
4330.94,0.282151997089386
4334.5599999999995,0.28214699029922485
4338.19,0.28222501277923584
4341.820000000001,0.28220200538635254
4345.46,0.28218600153923035
4349.11,0.28211599588394165
4352.76,0.2821440100669861
4356.42,0.282150000333786
4360.08,0.2821440100669861
4363.75,0.28213998675346375
4367.429999999999,0.28222501277923584
4371.11,0.2821969985961914
4374.799999999999,0.2821060121059418
4378.49,0.28212401270866394
4382.19,0.28215301036834717
4385.900000000001,0.2820740044116974
4389.610000000001,0.28208500146865845
4393.33,0.2821579873561859
4397.0599999999995,0.2822049856185913
4400.79,0.2821449935436249
4404.530000000001,0.28212299942970276
4408.280000000001,0.28214898705482483
4412.03,0.28218400478363037
4415.79,0.2821579873561859
4419.55,0.28223899006843567
4423.320000000001,0.28225699067115784
4427.1,0.28222501277923584
4430.88,0.28215301036834717
4434.68,0.2821289896965027
4438.469999999999,0.282151997089386
4442.280000000001,0.28214699029922485
4446.08,0.2821420133113861
4449.900000000001,0.2822290062904358
4453.719999999999,0.282151997089386
4457.55,0.2821129858493805
4461.389999999999,0.2820979952812195
4465.2300000000005,0.28206101059913635
4469.08,0.28197500109672546
4472.9400000000005,0.28196099400520325
4476.8,0.281904011964798
4480.67,0.28186801075935364
4484.549999999999,0.28179100155830383
4488.43,0.2817099988460541
4492.320000000001,0.28157201409339905
4496.21,0.2815040051937103
4500.12,0.28141701221466064
4504.030000000001,0.28131601214408875
4507.94,0.2812440097332001
4511.87,0.2811160087585449
4515.799999999999,0.28091299533843994
4519.7300000000005,0.28082600235939026
4523.679999999999,0.2806999981403351
4527.63,0.2804830074310303
4531.589999999999,0.2801930010318756
4535.55,0.27997100353240967
4539.52,0.2797819972038269
4543.5,0.2795970141887665
4547.49,0.2793689966201782
4551.48,0.27914199233055115
4555.4800000000005,0.2789030075073242
4559.490000000001,0.27869200706481934
4563.5,0.27845099568367004
4567.52,0.2781899869441986
4571.55,0.277878999710083
4575.580000000001,0.2776069939136505
4579.63,0.27738699316978455
4583.67,0.27720698714256287
4587.73,0.27691400051116943
4591.79,0.27665698528289795
4595.86,0.2763670086860657
4599.9400000000005,0.27613401412963867
4604.03,0.27589601278305054
4608.120000000001,0.2755950093269348
4612.219999999999,0.27529698610305786
4616.33,0.27506598830223083
4620.4400000000005,0.27478501200675964
4624.5599999999995,0.27451398968696594
4628.69,0.27424800395965576
4632.83,0.27394500374794006
4636.97,0.2736490070819855
4641.12,0.27340900897979736
4645.28,0.2730970084667206
4649.45,0.2728019952774048
4653.62,0.2725209891796112
4657.8,0.27228298783302307
4661.990000000001,0.27193599939346313
4666.1900000000005,0.27156201004981995
4670.39,0.27115100622177124
4674.599999999999,0.27087199687957764
4678.82,0.27054500579833984
4683.049999999999,0.27019599080085754
4687.280000000001,0.2697719931602478
4691.5199999999995,0.2693980038166046
4695.77,0.2689949870109558
4700.03,0.2685779929161072
4704.3,0.2681010067462921
4708.57,0.2676849961280823
4712.85,0.26723799109458923
4717.139999999999,0.26677700877189636
4721.429999999999,0.2662079930305481
4725.74,0.2655999958515167
4730.05,0.2649100124835968
4734.37,0.26434001326560974
4738.7,0.2637749910354614
4743.03,0.2631100118160248
4747.38,0.26236799359321594
4751.7300000000005,0.26165398955345154
4756.09,0.26090899109840393
4760.45,0.2601189911365509
4764.83,0.2592659890651703
4769.21,0.25849199295043945
4773.6,0.25761300325393677
4778.0,0.25668400526046753
4782.41,0.2557609975337982
4786.83,0.25487399101257324
4791.25,0.2538900077342987
4795.68,0.2529749870300293
4800.13,0.25203800201416016
4804.57,0.2511279881000519
4809.03,0.2502099871635437
4813.5,0.24943600594997406
4817.97,0.24877899885177612
4822.45,0.24822799861431122
4826.94,0.24776799976825714
4831.44,0.24754199385643005
4835.950000000001,0.24741199612617493
4840.46,0.24740900099277496
4844.99,0.24746400117874146
4849.52,0.24757100641727448
4854.0599999999995,0.24762700498104095
4858.61,0.24771499633789062
4863.17,0.24775099754333496
4867.73,0.24776999652385712
4872.3099999999995,0.24770000576972961
4876.89,0.24748000502586365
4881.48,0.24720199406147003
4886.08,0.24686700105667114
4890.6900000000005,0.24638600647449493
4895.31,0.24586600065231323
4899.94,0.24525099992752075
4904.57,0.24456000328063965
4909.22,0.2437569946050644
4913.87,0.24297800660133362
4918.53,0.2421880066394806
4923.21,0.24138499796390533
4927.88,0.24056200683116913
4932.57,0.23983900249004364
4937.2699999999995,0.2391519993543625
4941.9800000000005,0.23847700655460358
4946.6900000000005,0.2378460019826889
4951.42,0.23737600445747375
4956.15,0.2368759959936142
4960.9,0.23637700080871582
4965.650000000001,0.23582400381565094
4970.41,0.2352679967880249
4975.18,0.23462200164794922
4979.96,0.23395100235939026
4984.75,0.23319600522518158
4989.54,0.23247599601745605
4994.349999999999,0.2316790074110031
4999.17,0.23094099760055542
5003.99,0.23021699488162994
5008.83,0.22957099974155426
5013.67,0.22898800671100616
5018.5199999999995,0.22848999500274658
5023.39,0.22801700234413147
5028.26,0.22767400741577148
5033.14,0.227402001619339
5038.03,0.22722700238227844
5042.93,0.22706399857997894
5047.84,0.22694699466228485
5052.76,0.2268580049276352
5057.69,0.22682100534439087
5062.63,0.22678500413894653
5067.580000000001,0.22680899500846863
5072.54,0.2268040031194687
5077.51,0.2268030047416687
5082.49,0.2268040031194687
5087.469999999999,0.226842999458313
5092.469999999999,0.22682100534439087
5097.48,0.22684800624847412
5102.5,0.2268040031194687
5107.52,0.22676099836826324
5112.56,0.22665099799633026
5117.61,0.22663499414920807
5122.66,0.2265309989452362
5127.73,0.22642700374126434
5132.81,0.2262589931488037
5137.889999999999,0.22611799836158752
5142.99,0.22603200376033783
5148.1,0.22601300477981567
5153.22,0.22591200470924377
5158.34,0.2258249968290329
5163.48,0.22578099370002747
5168.63,0.22578899562358856
5173.79,0.22570499777793884
5178.96,0.22560499608516693
5184.13,0.2254830002784729
5189.320000000001,0.22540700435638428
5194.5199999999995,0.22521600127220154
5199.73,0.22501400113105774
5204.96,0.22476600110530853
5210.19,0.2244970053434372
5215.429999999999,0.22419199347496033
5220.679999999999,0.22380800545215607
5225.94,0.22334599494934082
5231.22,0.2229039967060089
5236.5,0.22236000001430511
5241.79,0.22186799347400665
5247.099999999999,0.22129200398921967
5252.42,0.22070099413394928
5257.74,0.22007299959659576
5263.080000000001,0.21943999826908112
5268.43,0.2187740057706833
5273.79,0.2180909961462021
5279.16,0.21737200021743774
5284.54,0.2166920006275177
5289.93,0.21598200500011444
5295.34,0.21528400480747223
5300.75,0.21440300345420837
5306.18,0.21359699964523315
5311.61,0.212801992893219
5317.0599999999995,0.21201999485492706
5322.5199999999995,0.2111389935016632
5327.99,0.21025100350379944
5333.47,0.2093539983034134
5338.96,0.2084919959306717
5344.47,0.20757800340652466
5349.9800000000005,0.20670700073242188
5355.51,0.2057649940252304
5361.049999999999,0.2047799974679947
5366.6,0.20383800566196442
5372.16,0.20287300646305084
5377.73,0.20192399621009827
5383.320000000001,0.2010360062122345
5388.91,0.20012399554252625
5394.52,0.19930300116539001
5400.14,0.19856199622154236
5405.77,0.19786399602890015
5411.41,0.1972469985485077
5417.07,0.19675800204277039
5422.74,0.19630199670791626
5428.410000000001,0.19574999809265137
5434.1,0.19514299929141998
5439.8099999999995,0.19483299553394318
5445.52,0.19448399543762207
5451.25,0.19411000609397888
5456.98,0.19362199306488037
5462.73,0.1932010054588318
5468.5,0.19274799525737762
5474.2699999999995,0.19221100211143494
5480.0599999999995,0.1917860060930252
5485.86,0.19129300117492676
5491.67,0.19068600237369537
5497.49,0.19024400413036346
5503.33,0.18971599638462067
5509.179999999999,0.18921400606632233
5515.04,0.18858399987220764
5520.91,0.18803200125694275
5526.799999999999,0.1874220073223114
5532.69,0.18679800629615784
5538.610000000001,0.18612299859523773
5544.53,0.18551300466060638
5550.469999999999,0.18489499390125275
5556.41,0.1843169927597046
5562.38,0.1836010068655014
5568.349999999999,0.18296599388122559
5574.34,0.1823900043964386
5580.339999999999,0.18189899623394012
5586.35,0.18122799694538116
5592.38,0.18064500391483307
5598.42,0.1801770031452179
5604.47,0.17977699637413025
5610.54,0.179298996925354
5616.61,0.1788170039653778
5622.71,0.17830200493335724
5628.8099999999995,0.17782099545001984
5634.929999999999,0.17740200459957123
5641.06,0.17706699669361115
5647.21,0.17656800150871277
5653.360000000001,0.17593400180339813
5659.54,0.17549200356006622
5665.72,0.17495599389076233
5671.92,0.1744769960641861
5678.13,0.17405900359153748
5684.36,0.17338399589061737
5690.599999999999,0.17282499372959137
5696.85,0.17231400310993195
5703.12,0.17165599763393402
5709.4,0.17121000587940216
5715.6900000000005,0.17068199813365936
5722.0,0.16992199420928955
5728.33,0.16934800148010254
5734.66,0.16874900460243225
5741.01,0.16816100478172302
5747.38,0.1675339937210083
5753.76,0.166921004652977
5760.150000000001,0.16610699892044067
5766.56,0.16575799882411957
5772.98,0.16498500108718872
5779.410000000001,0.16392399370670319
5785.86,0.1633709967136383
5792.33,0.16274400055408478
5798.8099999999995,0.16205599904060364
5805.3,0.16141299903392792
5811.81,0.1606770008802414
5818.33,0.1601649969816208
5824.87,0.15963199734687805
5831.419999999999,0.15867899358272552
5837.99,0.15780900418758392
5844.57,0.15717799961566925
5851.17,0.15648199617862701
5857.78,0.15580199658870697
5864.410000000001,0.15500900149345398
5871.05,0.15414400398731232
5877.7,0.1533070057630539
5884.38,0.15272299945354462
5891.06,0.15129999816417694
5897.76,0.1504559963941574
5904.4800000000005,0.14928999543190002
5911.21,0.14791299402713776
5917.96,0.14701899886131287
5924.7300000000005,0.14590799808502197
5931.5,0.14481599628925323
5938.3,0.14397099614143372
5945.11,0.1424729973077774
5951.93,0.14102399349212646
5958.78,0.13997499644756317
5965.63,0.1388159990310669
5972.51,0.13771499693393707
5979.39,0.13629800081253052
5986.3,0.135125994682312
5993.22,0.1340080052614212
6000.16,0.13255199790000916
6007.11,0.13135099411010742
6014.08,0.1303730010986328
6021.06,0.12919600307941437
6028.06,0.12790699303150177
6035.08,0.1267929971218109
6042.12,0.12571999430656433
6049.17,0.12495599687099457
6056.2300000000005,0.12356799840927124
6063.32,0.12184800207614899
6070.42,0.12111300230026245
6077.530000000001,0.12029000371694565
6084.67,0.11919400095939636
6091.820000000001,0.11829700320959091
6098.9800000000005,0.11763300001621246
6106.17,0.11704099923372269
6113.37,0.11660899966955185
6120.58,0.11598700284957886
6127.82,0.11527100205421448
6135.07,0.11497700214385986
6142.34,0.11472100019454956
6149.63,0.11449100077152252
6156.93,0.11435800045728683
6164.25,0.11434700340032578
6171.59,0.11423499882221222
6178.950000000001,0.11431799829006195
6186.320000000001,0.11457499861717224
6193.71,0.11448000371456146
6201.120000000001,0.11426399648189545
6208.54,0.11434400081634521
6215.99,0.11430499702692032
6223.45,0.11419100314378738
6230.93,0.11396799981594086
6238.43,0.11369899660348892
6245.95,0.11340100318193436
6253.48,0.11320099979639053
6261.03,0.11294800043106079
6268.6,0.11277499794960022
6276.19,0.11266499757766724
6283.8,0.11258500069379807
6291.43,0.11256100237369537
6299.070000000001,0.1126519963145256
6306.73,0.11282800137996674
6314.42,0.11313799768686295
6322.12,0.11346600204706192
6329.84,0.11387600004673004
6337.570000000001,0.11439500004053116
6345.33,0.11515499651432037
6353.11,0.11567000299692154
6360.9,0.11615200340747833
6368.719999999999,0.11703000217676163
6376.55,0.11779499799013138
6384.400000000001,0.1183760017156601
6392.2699999999995,0.11902700364589691
6400.17,0.11967000365257263
6408.08,0.12045200169086456
6416.01,0.1213650032877922
6423.96,0.12160000205039978
6431.93,0.12189000099897385
6439.92,0.12253700196743011
6447.93,0.12299700081348419
6455.96,0.1235940009355545
6464.01,0.12408000230789185
6472.08,0.12461300194263458
6480.17,0.12514500319957733
6488.28,0.12567999958992004
6496.41,0.1262979954481125
6504.5599999999995,0.12655100226402283
6512.7300000000005,0.1268240064382553
6520.92,0.12767599523067474
6529.14,0.12828099727630615
6537.37,0.1287200003862381
6545.63,0.1294260025024414
6553.9,0.13008800148963928
6562.2,0.13062100112438202
6570.509999999999,0.13118599355220795
6578.85,0.13182799518108368
6587.21,0.1320970058441162
6595.589999999999,0.13259899616241455
6603.99,0.13294999301433563
6612.42,0.13324199616909027
6620.860000000001,0.1335349977016449
6629.330000000001,0.13374799489974976
6637.82,0.1341180056333542
6646.33,0.13403500616550446
6654.860000000001,0.1336210072040558
6663.41,0.1336819976568222
6671.99,0.13375699520111084
6680.589999999999,0.1336980015039444
6689.21,0.13345499336719513
6697.849999999999,0.13306200504302979
6706.509999999999,0.13296499848365784
6715.200000000001,0.1328269988298416
6723.91,0.13241000473499298
6732.64,0.13201600313186646
6741.4,0.13167500495910645
6750.18,0.13138000667095184
6758.9800000000005,0.13099899888038635
6767.8,0.13053500652313232
6776.65,0.13012400269508362
6785.52,0.12968499958515167
6794.41,0.12928499281406403
6803.33,0.12858200073242188
6812.2699999999995,0.12806899845600128
6821.23,0.1278340071439743
6830.219999999999,0.12751899659633636
6839.23,0.12701499462127686
6848.26,0.1266690045595169
6857.32,0.12658099830150604
6866.4,0.1264840066432953
6875.51,0.12582699954509735
6884.64,0.12534099817276
6893.799999999999,0.12524400651454926
6902.9800000000005,0.12491100281476974
6912.18,0.12447000294923782
6921.41,0.12386199831962585
6930.66,0.12331599742174149
6939.94,0.1227250024676323
6949.24,0.12214899808168411
6958.57,0.1216920018196106
6967.92,0.12108200043439865
6977.299999999999,0.12022700160741806
6986.7,0.11978700011968613
6996.13,0.11937899887561798
7005.59,0.118927001953125
7015.07,0.11851099878549576
7024.57,0.1181579977273941
7034.099999999999,0.11775299906730652
7043.66,0.11751200258731842
7053.25,0.11718299984931946
7062.85,0.11657500267028809
7072.49,0.11625699698925018
7082.150000000001,0.11594200134277344
7091.84,0.11562299728393555
7101.549999999999,0.11531700193881989
7111.3,0.11499900370836258
7121.0599999999995,0.11467400193214417
7130.860000000001,0.11433599889278412
7140.679999999999,0.11403899639844894
7150.53,0.1138089969754219
7160.41,0.1134520024061203
7170.3099999999995,0.11313799768686295
7180.240000000001,0.11278799921274185
7190.2,0.11241699755191803
7200.1900000000005,0.11217600107192993
7210.200000000001,0.11192800104618073
7220.240000000001,0.11139900237321854
7230.31,0.11087899655103683
7240.41,0.11054400354623795
7250.54,0.1101749986410141
7260.6900000000005,0.10971300303936005
7270.88,0.10916300117969513
7281.09,0.10854600369930267
7291.33,0.10775300115346909
7301.599999999999,0.106904998421669
7311.9,0.10601600259542465
7322.219999999999,0.10507199913263321
7332.58,0.10430099815130234
7342.97,0.10368099808692932
7353.379999999999,0.10298699885606766
7363.83,0.10228600353002548
7374.3,0.10164500027894974
7384.8099999999995,0.10094200074672699
7395.34,0.1001409962773323
7405.910000000001,0.09926600009202957
7416.5,0.0983320027589798
7427.13,0.0973149985074997
7437.78,0.09629099816083908
7448.47,0.09530799835920334
7459.1900000000005,0.09471099823713303
7469.9400000000005,0.09451600164175034
7480.71,0.09433499723672867
7491.52,0.09405999630689621
7502.37,0.09371799975633621
7513.24,0.09333299845457077
7524.14,0.09295099973678589
7535.08,0.09252200275659561
7546.05,0.0920410007238388
7557.05,0.09151999652385712
7568.08,0.09099499881267548
7579.150000000001,0.09049499779939651
7590.24,0.08998999744653702
7601.37,0.08945400267839432
7612.53,0.08889699727296829
7623.7300000000005,0.08833400160074234
7634.96,0.08781500160694122
7646.219999999999,0.08724100142717361
7657.51,0.08665800094604492
7668.84,0.08606699854135513
7680.2,0.08547600358724594
7691.59,0.08486200124025345
7703.02,0.0842600017786026
7714.49,0.08364800363779068
7725.98,0.08304599672555923
7737.5199999999995,0.08243100345134735
7749.08,0.0818059965968132
7760.679999999999,0.08113999664783478
7772.32,0.0804700031876564
7783.99,0.07978499680757523
7795.69,0.07905899733304977
7807.43,0.07829300314188004
7819.21,0.07753200083971024
7831.0199999999995,0.07670299708843231
7842.87,0.07587199658155441
7854.75,0.07498999685049057
7866.67,0.07415799796581268
7878.62,0.07331400364637375
7890.62,0.07248900085687637
7902.64,0.07166299968957901
7914.71,0.07078900188207626
7926.8099999999995,0.06990499794483185
7938.95,0.06900499761104584
7951.13,0.06804999709129333
7963.339999999999,0.06712400168180466
7975.59,0.06616199761629105
7987.879999999999,0.06516499817371368
8000.209999999999,0.06414499878883362
8012.570000000001,0.0631679967045784
8024.98,0.062189001590013504
8037.419999999999,0.06115100160241127
8049.899999999999,0.06010200083255768
8062.419999999999,0.05910800024867058
8074.9800000000005,0.05807400122284889
8087.57,0.05706699937582016
8100.210000000001,0.05605600029230118
8112.89,0.05504800006747246
8125.6,0.05405699834227562
8138.360000000001,0.05306899920105934
8151.160000000001,0.05203299969434738
8163.99,0.05100499838590622
8176.869999999999,0.049984000623226166
8189.79,0.049031998962163925
8202.75,0.048020001500844955
8215.75,0.04699999839067459
8228.79,0.04596399888396263
8241.87,0.04499199986457825
8254.99,0.04405000060796738
8268.16,0.04320000112056732
8281.37,0.04230299964547157
8294.62,0.041471000760793686
8307.91,0.040709998458623886
8321.24,0.0399169996380806
8334.619999999999,0.03909299895167351
8348.039999999999,0.03834500163793564
8361.51,0.03759099915623665
8375.019999999999,0.036896001547575
8388.57,0.03617699816823006
8402.16,0.03549899905920029
8415.800000000001,0.03481600061058998
8429.49,0.03416299819946289
8443.22,0.03353999927639961
8456.99,0.03293599933385849
8470.81,0.0323139987885952
8484.67,0.03174800053238869
8498.58,0.031161999329924583
8512.539999999999,0.03057200089097023
8526.54,0.029944000765681267
8540.58,0.02937299944460392
8554.68,0.02879299968481064
8568.82,0.028239000588655472
8583.0,0.027677999809384346
8597.24,0.027219999581575394
8611.52,0.026750000193715096
8625.85,0.02638299949467182
8640.230000000001,0.026027999818325043
8654.65,0.025698000565171242
8669.119999999999,0.025405999273061752
8683.640000000001,0.02515999972820282
8698.21,0.024971000850200653
8712.83,0.02491600066423416
8727.5,0.02487199939787388
8742.22,0.024893000721931458
8756.99,0.02497600018978119
8771.800000000001,0.025262000039219856
8786.67,0.025640999898314476
8801.589999999998,0.02622400037944317
8816.560000000001,0.026991000398993492
8831.58,0.02802399918437004
8846.65,0.029221000149846077
8861.77,0.030618000775575638
8876.939999999999,0.03230300173163414
8892.17,0.03426000103354454
8907.45,0.036386001855134964
8922.779999999999,0.03874799981713295
8938.16,0.041266001760959625
8953.6,0.043921999633312225
8969.09,0.04660800099372864
8984.640000000001,0.049274999648332596
9000.23,0.051663000136613846
9015.890000000001,0.05368100106716156
9031.59,0.05518399924039841
9047.359999999999,0.05593299865722656
9063.17,0.05591399967670441
9079.050000000001,0.055261000990867615
9094.97,0.054065000265836716
9110.960000000001,0.05266299843788147
9127.0,0.05133499950170517
9143.1,0.0501680001616478
9159.25,0.04907200112938881
9175.46,0.04812999814748764
9191.73,0.047366999089717865
9208.06,0.04677800089120865
9224.439999999999,0.04636000096797943
9240.880000000001,0.046126000583171844
9257.38,0.04610100015997887
9273.94,0.04624199867248535
9290.56,0.04642400145530701
9307.24,0.04674600064754486
9323.980000000001,0.04718099907040596
9340.78,0.04774300009012222
9357.64,0.04835699871182442
9374.57,0.049084000289440155
9391.550000000001,0.049908000975847244
9408.59,0.050825998187065125
9425.7,0.05169999971985817
9442.869999999999,0.052682001143693924
9460.1,0.053658999502658844
9477.4,0.054531000554561615
9494.75,0.05531499907374382
9512.17,0.05601099878549576
9529.66,0.05651799961924553
9547.21,0.056807998567819595
9564.83,0.056804001331329346
9582.5,0.056588999927043915
9600.25,0.056081999093294144
9618.06,0.055383000522851944
9635.94,0.0544620007276535
9653.88,0.0534529983997345
9671.89,0.05248299986124039
9689.970000000001,0.051601000130176544
9708.119999999999,0.0507190003991127
9726.33,0.049963001161813736
9744.619999999999,0.04934399947524071
9762.97,0.04879400134086609
9781.39,0.048156000673770905
9799.88,0.04756699874997139
9818.44,0.046973999589681625
9837.070000000002,0.04642999917268753
9855.77,0.04589400067925453
9874.539999999999,0.04538699984550476
9893.39,0.04492399841547012
9912.3,0.044537000358104706
9931.29,0.044183000922203064
9950.36,0.043866999447345734
9969.49,0.043529000133275986
9988.699999999999,0.04329099878668785
10007.98,0.043032001703977585
10027.34,0.04275299981236458
10046.77,0.042472001165151596
10066.28,0.042281001806259155
10085.869999999999,0.04208799824118614
10105.53,0.041882000863552094
10125.26,0.041703000664711
10145.08,0.04158499836921692
10164.970000000001,0.04146600142121315
10184.939999999999,0.04136800020933151
10204.99,0.04127499833703041
10225.12,0.04119399935007095
10245.33,0.041106998920440674
10265.61,0.041078999638557434
10285.98,0.04108300060033798
10306.43,0.04104899987578392
10326.96,0.04101099818944931
10347.57,0.04104100167751312
10368.27,0.04100299999117851
10389.05,0.04091599956154823
10409.91,0.04081200063228607
10430.859999999999,0.04072599858045578
10451.88,0.04072500020265579
10473.0,0.040713999420404434
10494.199999999999,0.040578000247478485
10515.49,0.04050099849700928
10536.86,0.04046899825334549
10558.32,0.0404449999332428
10579.869999999999,0.04036499932408333
10601.5,0.040337998420000076
10623.23,0.04037399962544441
10645.039999999999,0.04049000144004822
10666.94,0.040608000010252
10688.94,0.04079899936914444
10711.02,0.04106200113892555
10733.2,0.041397999972105026
10755.470000000001,0.04175800085067749
10777.83,0.04217199981212616
10800.28,0.042674001306295395
10822.83,0.04328799992799759
10845.470000000001,0.04398500174283981
10868.21,0.044753000140190125
10891.04,0.04558200016617775
10913.970000000001,0.0464790016412735
10936.99,0.04735799878835678
10960.119999999999,0.048399001359939575
10983.34,0.04949599876999855
11006.66,0.050533998757600784
11030.07,0.05157700181007385
11053.59,0.052618999034166336
11077.21,0.053568001836538315
11100.93,0.054485999047756195
11124.75,0.05536799877882004
11148.68,0.05615000054240227
11172.710000000001,0.05685500055551529
11196.84,0.05747099965810776
11221.07,0.05798500031232834
11245.41,0.05847200006246567
11269.859999999999,0.05887800082564354
11294.41,0.059209998697042465
11319.07,0.05953900143504143
11343.84,0.05981900170445442
11368.72,0.06004500016570091
11393.7,0.060231998562812805
11418.8,0.06036299839615822
11444.01,0.06048300117254257
11469.33,0.060516998171806335
11494.76,0.060534000396728516
11520.300000000001,0.0604729987680912
11545.96,0.06036100164055824
11571.730000000001,0.06019600108265877
11597.619999999999,0.05998200178146362
11623.62,0.059748999774456024
11649.74,0.05948900058865547
11675.98,0.05918300151824951
11702.34,0.05878400057554245
11728.81,0.05833899974822998
11755.41,0.05789199844002724
11782.130000000001,0.05741500109434128
11808.960000000001,0.056905001401901245
11835.92,0.05640900135040283
11863.009999999998,0.05585400015115738
11890.22,0.05532899871468544
11917.550000000001,0.05482599884271622
11945.01,0.05427199974656105
11972.6,0.05373600125312805
12000.310000000001,0.053178999572992325
12028.16,0.052577000111341476
12056.13,0.051993001252412796
12084.23,0.05140800029039383
12112.460000000001,0.05081399902701378
12140.83,0.05018400028347969
12169.33,0.04953699931502342
12197.960000000001,0.04883899912238121
12226.73,0.04814799875020981
12255.64,0.04750699922442436
12284.68,0.04676700010895729
12313.86,0.04607899859547615
12343.18,0.04554000124335289
12372.640000000001,0.04503500089049339
12402.240000000002,0.04449399933218956
12431.98,0.0439630001783371
12461.86,0.04340900108218193
12491.89,0.042897000908851624
12522.07,0.04233400151133537
12552.38,0.0418270006775856
12582.85,0.041384000331163406
12613.47,0.0408799983561039
12644.23,0.040348999202251434
12675.15,0.03986699879169464
12706.210000000001,0.03924800083041191
12737.43,0.038603998720645905
12768.81,0.03809700161218643
12800.33,0.03756000101566315
12832.02,0.03699300065636635
12863.86,0.03639400005340576
12895.86,0.03576600179076195
12928.02,0.035151999443769455
12960.34,0.03446599841117859
12992.82,0.03388600051403046
13025.460000000001,0.033323001116514206
13058.27,0.03280799835920334
13091.25,0.032221999019384384
13124.39,0.03158099949359894
13157.7,0.03095800057053566
13191.179999999998,0.030427999794483185
13224.83,0.029910000041127205
13258.660000000002,0.02934500016272068
13292.65,0.02877900004386902
13326.83,0.028250999748706818
13361.17,0.027679000049829483
13395.699999999999,0.027094999328255653
13430.400000000001,0.026500999927520752
13465.289999999999,0.02601500041782856
13500.349999999999,0.025465000420808792
13535.6,0.024893000721931458
13571.03,0.024368999525904655
13606.65,0.023925000801682472
13642.46,0.023416999727487564
13678.46,0.022991999983787537
13714.64,0.02254199981689453
13751.02,0.022074000909924507
13787.59,0.02157600037753582
13824.36,0.02117300033569336
13861.32,0.020817000418901443
13898.49,0.020495999604463577
13935.85,0.020188000053167343
13973.41,0.01992899924516678
14011.17,0.019669000059366226
14049.15,0.01942400075495243
14087.32,0.019164999946951866
14125.71,0.019037000834941864
14164.300000000001,0.019020000472664833
14203.11,0.019034000113606453
14242.13,0.019078999757766724
14281.359999999999,0.019238000735640526
14320.81,0.019486000761389732
14360.49,0.019780000671744347
14400.380000000001,0.020186999812722206
14440.49,0.020759999752044678
14480.82,0.021443000063300133
14521.39,0.022241000086069107
14562.18,0.023037999868392944
14603.199999999999,0.02384999953210354
14644.45,0.02475699968636036
14685.93,0.025753000751137733
14727.66,0.026711000129580498
14769.619999999999,0.027737999334931374
14811.81,0.028744999319314957
14854.25,0.029843999072909355
14896.94,0.030876999720931053
14939.87,0.03192399814724922
14983.050000000001,0.0329429991543293
15026.48,0.03383899852633476
15070.16,0.03451099991798401
15114.1,0.03515100106596947
15158.289999999999,0.03582800179719925
15202.74,0.03645100072026253
15247.460000000001,0.03685399889945984
15292.43,0.037234000861644745
15337.68,0.03752300143241882
15383.19,0.0378200002014637
15428.97,0.038075000047683716
15475.03,0.03815599903464317
15521.359999999999,0.03813000023365021
15567.970000000001,0.03820599988102913
15614.869999999999,0.038245998322963715
15662.039999999999,0.03826100006699562
15709.5,0.03818099945783615
15757.25,0.03805200010538101
15805.289999999999,0.03798599913716316
15853.619999999999,0.03788699954748154
15902.26,0.03769100084900856
15951.19,0.037418998777866364
16000.419999999998,0.03720699995756149
16049.949999999999,0.037060998380184174
16099.799999999997,0.03675200045108795
16149.95,0.036490000784397125
16200.420000000002,0.036260999739170074
16251.208999999999,0.03606100007891655
16302.311,0.03584500029683113
16353.741,0.03563300147652626
16405.491,0.03540999814867973
16457.569,0.03524100035429001
16509.979000000003,0.035041000694036484
16562.731,0.03471900150179863
16615.82,0.034338001161813736
16669.240999999998,0.03399199992418289
16723.021,0.03360600024461746
16777.14,0.03316900134086609
16831.61,0.03273199871182442
16886.431,0.032402001321315765
16941.62,0.0320810005068779
16997.16,0.031863998621702194
17053.08,0.03167299926280975
17109.36,0.03151499852538109
17166.01,0.03131699934601784
17223.04,0.0311840008944273
17280.451,0.031199000775814056
17338.239999999998,0.03123299963772297
17396.429,0.03127000108361244
17455.0,0.031404998153448105
17513.969,0.03147700056433678
17573.339,0.031567998230457306
17633.109999999997,0.03169799968600273
17693.290999999997,0.0320889987051487
17753.889,0.03242599964141846
17814.899,0.03262399882078171
17876.328999999998,0.03272100165486336
17938.181,0.032846998423337936
18000.468999999997,0.03295399993658066
18063.19,0.033153001219034195
18126.35,0.03333299979567528
18189.951,0.03350599855184555
18254.0,0.033626001328229904
18318.501,0.033608000725507736
18383.459,0.033626001328229904
18448.879,0.03365999832749367
18514.771,0.03375500068068504
18581.129,0.034070998430252075
18647.97,0.03403199836611748
18715.29,0.03379200026392937
18783.100000000002,0.03373900055885315
18851.4,0.033984001725912094
18920.2,0.03425600007176399
18989.51,0.034568000584840775
19059.32,0.03491799905896187
19129.65,0.03554699942469597
19200.5,0.03642699867486954
19271.878999999997,0.037641000002622604
19343.789999999997,0.03940200060606003
19416.240999999998,0.041439998894929886
19489.229000000003,0.04370399937033653
19562.771,0.045736998319625854
19636.880999999998,0.047603998333215714
19711.54,0.0494999997317791
19786.779,0.05109800025820732
19862.590999999997,0.05249100178480148
19938.98,0.05362600088119507
20015.961,0.05454299971461296
20093.55,0.05546100065112114
20171.73,0.05668500065803528
20250.530000000002,0.05787299945950508
20329.941000000003,0.05897499993443489
20409.981,0.059873998165130615
20490.649999999998,0.060676999390125275
20571.96,0.06105700135231018
20653.918999999998,0.06167399883270264
20736.54,0.062410999089479446
20819.82,0.06300300359725952
20903.77,0.06333000212907791
20988.399999999998,0.06316199898719788
21073.720999999998,0.06333400309085846
21159.731,0.06367000192403793
21246.46,0.06358599662780762
21333.891,0.06322699785232544
21422.041,0.06318499892950058
21510.929,0.06321100145578384
21600.559,0.06320899724960327
21690.941,0.06300000101327896
21782.08,0.06256899982690811
21873.989,0.062410999089479446
21966.668999999998,0.06235099956393242
22060.15,0.062275998294353485
22154.421,0.06223899871110916
22249.510000000002,0.062261998653411865
22345.409,0.062275998294353485
22442.141,0.06267099827528
22539.721,0.06335599720478058
22638.14,0.06437300145626068
22737.431,0.06511799991130829
22837.601,0.06524399667978287
22938.649999999998,0.06556300073862076
23040.600000000002,0.06570900231599808
23143.459,0.065249003469944
23247.24,0.06497400254011154
23351.959000000003,0.06406199932098389
23457.63,0.06347399950027466
23564.251,0.06282699853181839
23671.85,0.0619949996471405
23780.439000000002,0.060881998389959335
23890.02,0.05952399969100952
24000.629,0.05822300165891647
24112.261,0.05700799822807312
24224.93,0.05556299909949303
24338.659,0.0556269995868206
24453.47,0.05591399967670441
24569.361,0.055532000958919525
24686.359,0.055723000317811966
24804.469999999998,0.056028999388217926
24923.731,0.05638999864459038
25044.129999999997,0.05716700106859207
25165.71,0.05647600069642067
25288.46,0.0552389994263649
25412.43,0.05542699992656708
25537.609,0.056386999785900116
25664.04,0.05644499883055687
25791.719,0.05662599951028824
25920.679,0.059071000665426254
