Sample ID,5_Granby_00003
Species,5_Granby
Subgroup,5_Granby
Group,5_Granby
Library,EXM_MRS
Sample Description,Sample 5
Date Added,"02/20/2024,02/20/2024"
Viewing Geometry,
Other Information,"Acquired with 1    RS-3500_SN17580H8 [3]
Name: Instrument, dtype: object; 7,32,30,100,50,30 integration times; 100,100 scans averaged"
Composition,
Resolution,2.8nm@700nm 8nm@1500nm 6nm@2100nm
Grain Size,
Locality,
Database of Origin,ExoMars Mission Reference Samples
Wavelength,Response
350.0,0.040875
351.0,0.040347999999999995
352.0,0.039886
353.0,0.039517000000000004
354.0,0.039179
355.0,0.038809
356.0,0.038287
357.0,0.03768
358.0,0.037169
359.0,0.036659000000000004
360.0,0.036153
361.0,0.035731
362.0,0.035344
363.0,0.034975
364.0,0.034725
365.0,0.034478
366.0,0.034147
367.0,0.033952
368.0,0.033835000000000004
369.0,0.033727
370.0,0.033593000000000005
371.0,0.033446
372.0,0.033324
373.0,0.033167
374.0,0.03297
375.0,0.032764
376.0,0.032549999999999996
377.0,0.032328
378.0,0.032052
379.0,0.031726000000000004
380.0,0.031352000000000005
381.0,0.031049000000000004
382.0,0.030787
383.0,0.030518999999999998
384.0,0.030304
385.0,0.03016
386.0,0.030128
387.0,0.030085999999999998
388.0,0.030034
389.0,0.030062000000000002
390.0,0.030062000000000002
391.0,0.030008
392.0,0.030011
393.0,0.030066000000000002
394.0,0.030173000000000002
395.0,0.030293999999999998
396.0,0.030432
397.0,0.030587
398.0,0.030662
399.0,0.03068
400.0,0.030689
401.0,0.030511
402.0,0.030196999999999998
403.0,0.029884
404.0,0.029645
405.0,0.029473
406.0,0.029317000000000003
407.0,0.029223
408.0,0.029189
409.0,0.029162
410.0,0.029164
411.0,0.029201
412.0,0.029258000000000003
413.0,0.029338000000000003
414.0,0.029442
415.0,0.029494
416.0,0.029512
417.0,0.029507
418.0,0.029507
419.0,0.029522
420.0,0.029558
421.0,0.029617
422.0,0.029681000000000003
423.0,0.029715
424.0,0.029754999999999997
425.0,0.0298
426.0,0.029819
427.0,0.029869
428.0,0.029967999999999998
429.0,0.030133999999999998
430.0,0.030278
431.0,0.030387
432.0,0.030517
433.0,0.030647
434.0,0.030775999999999998
435.0,0.030941
436.0,0.031121
437.0,0.031306
438.0,0.031488
439.0,0.031673
440.0,0.031863
441.0,0.032045
442.0,0.032226
443.0,0.03241
444.0,0.03259
445.0,0.032766
446.0,0.032938999999999996
447.0,0.033093
448.0,0.033238
449.0,0.033386
450.0,0.033569
451.0,0.033771
452.0,0.033944999999999996
453.0,0.034101
454.0,0.034246
455.0,0.034396
456.0,0.034522
457.0,0.034620000000000005
458.0,0.034691
459.0,0.034755
460.0,0.034816
461.0,0.034866
462.0,0.034897
463.0,0.034913
464.0,0.034945
465.0,0.034996
466.0,0.03506
467.0,0.035102
468.0,0.035133
469.0,0.03516
470.0,0.03522
471.0,0.035291
472.0,0.035362
473.0,0.03542
474.0,0.035493000000000004
475.0,0.035590000000000004
476.0,0.035681
477.0,0.035758
478.0,0.035817
479.0,0.035831
480.0,0.035868000000000004
481.0,0.035955
482.0,0.036025
483.0,0.03612
484.0,0.036248
485.0,0.036356
486.0,0.036475
487.0,0.036617000000000004
488.0,0.036772
489.0,0.036936
490.0,0.037106
491.0,0.037273
492.0,0.03744
493.0,0.037611
494.0,0.037805
495.0,0.038010999999999996
496.0,0.038224
497.0,0.038433
498.0,0.038649
499.0,0.038876
500.0,0.039117
501.0,0.039353
502.0,0.039579
503.0,0.039846
504.0,0.040137
505.0,0.040438999999999996
506.0,0.040709999999999996
507.0,0.040986
508.0,0.041271
509.0,0.041557000000000004
510.0,0.041840999999999996
511.0,0.042123999999999995
512.0,0.042415
513.0,0.042712
514.0,0.043017
515.0,0.043349
516.0,0.043683
517.0,0.044012
518.0,0.044325
519.0,0.044645000000000004
520.0,0.044974
521.0,0.045312
522.0,0.045631000000000005
523.0,0.045946999999999995
524.0,0.046308999999999996
525.0,0.046666
526.0,0.047016999999999996
527.0,0.047362
528.0,0.047717999999999997
529.0,0.048085
530.0,0.048465999999999995
531.0,0.048846
532.0,0.04923
533.0,0.04962
534.0,0.049985999999999996
535.0,0.050364000000000006
536.0,0.050773
537.0,0.051111000000000004
538.0,0.051453
539.0,0.05183
540.0,0.052253999999999995
541.0,0.052657999999999996
542.0,0.05303
543.0,0.053402000000000005
544.0,0.053787
545.0,0.054169999999999996
546.0,0.054497
547.0,0.054806999999999995
548.0,0.055116
549.0,0.055446
550.0,0.055766
551.0,0.05608
552.0,0.0564
553.0,0.056695999999999996
554.0,0.05699099999999999
555.0,0.057304
556.0,0.057641
557.0,0.057968
558.0,0.058269
559.0,0.058578
560.0,0.058854
561.0,0.059095
562.0,0.059351
563.0,0.059603
564.0,0.059852999999999996
565.0,0.060110000000000004
566.0,0.060355
567.0,0.060597000000000005
568.0,0.060850999999999995
569.0,0.061118
570.0,0.061384999999999995
571.0,0.061639
572.0,0.061881000000000005
573.0,0.062112999999999995
574.0,0.062336
575.0,0.06255899999999999
576.0,0.062782
577.0,0.063001
578.0,0.063205
579.0,0.063413
580.0,0.063621
581.0,0.063814
582.0,0.064019
583.0,0.064221
584.0,0.064403
585.0,0.064609
586.0,0.064813
587.0,0.065001
588.0,0.065187
589.0,0.06537799999999999
590.0,0.065568
591.0,0.065745
592.0,0.065912
593.0,0.066073
594.0,0.066231
595.0,0.06638
596.0,0.066523
597.0,0.066666
598.0,0.066826
599.0,0.066986
600.0,0.067138
601.0,0.067286
602.0,0.067439
603.0,0.067594
604.0,0.06774
605.0,0.067891
606.0,0.06804199999999999
607.0,0.068189
608.0,0.068308
609.0,0.068422
610.0,0.068544
611.0,0.068692
612.0,0.068818
613.0,0.068948
614.0,0.069115
615.0,0.069284
616.0,0.069434
617.0,0.06956000000000001
618.0,0.069705
619.0,0.069848
620.0,0.069994
621.0,0.070157
622.0,0.07031799999999999
623.0,0.070472
624.0,0.070618
625.0,0.070773
626.0,0.070918
627.0,0.07105800000000001
628.0,0.071224
629.0,0.071382
630.0,0.071535
631.0,0.071687
632.0,0.071857
633.0,0.072026
634.0,0.07218200000000001
635.0,0.07234
636.0,0.07249
637.0,0.072639
638.0,0.072806
639.0,0.072979
640.0,0.073143
641.0,0.073293
642.0,0.073451
643.0,0.073617
644.0,0.073783
645.0,0.073938
646.0,0.074097
647.0,0.074262
648.0,0.074433
649.0,0.074616
650.0,0.074781
651.0,0.074931
652.0,0.075084
653.0,0.075241
654.0,0.075375
655.0,0.075497
656.0,0.07567
657.0,0.075858
658.0,0.07604
659.0,0.076193
660.0,0.076346
661.0,0.076499
662.0,0.07664900000000001
663.0,0.076784
664.0,0.076926
665.0,0.077065
666.0,0.077195
667.0,0.07732599999999999
668.0,0.07745300000000001
669.0,0.077595
670.0,0.077779
671.0,0.07794
672.0,0.078106
673.0,0.07828
674.0,0.078437
675.0,0.078598
676.0,0.078765
677.0,0.078934
678.0,0.07907499999999999
679.0,0.079224
680.0,0.079368
681.0,0.079481
682.0,0.079637
683.0,0.079801
684.0,0.079955
685.0,0.080069
686.0,0.08021
687.0,0.08037100000000001
688.0,0.08054
689.0,0.080722
690.0,0.0809
691.0,0.081072
692.0,0.081236
693.0,0.08139099999999999
694.0,0.081541
695.0,0.081693
696.0,0.081859
697.0,0.08200900000000001
698.0,0.082189
699.0,0.082381
700.0,0.082514
701.0,0.08266899999999999
702.0,0.082814
703.0,0.08293900000000001
704.0,0.083071
705.0,0.08321999999999999
706.0,0.083369
707.0,0.083513
708.0,0.083684
709.0,0.08385400000000001
710.0,0.08403000000000001
711.0,0.08421799999999999
712.0,0.084396
713.0,0.08456200000000001
714.0,0.084711
715.0,0.084839
716.0,0.084991
717.0,0.08512499999999999
718.0,0.08526500000000001
719.0,0.085436
720.0,0.085586
721.0,0.085733
722.0,0.08589000000000001
723.0,0.086067
724.0,0.086238
725.0,0.08639
726.0,0.08654
727.0,0.086716
728.0,0.08689399999999999
729.0,0.08704700000000001
730.0,0.08720499999999999
731.0,0.08739699999999999
732.0,0.087585
733.0,0.08774900000000001
734.0,0.087881
735.0,0.087994
736.0,0.088165
737.0,0.088363
738.0,0.088559
739.0,0.088731
740.0,0.088866
741.0,0.089041
742.0,0.089244
743.0,0.089452
744.0,0.08961499999999999
745.0,0.08978
746.0,0.08994300000000001
747.0,0.0901
748.0,0.09025
749.0,0.090388
750.0,0.090507
751.0,0.090661
752.0,0.09090400000000001
753.0,0.091097
754.0,0.09124
755.0,0.091369
756.0,0.091522
757.0,0.091742
758.0,0.091864
759.0,0.09198600000000001
760.0,0.092152
761.0,0.09235099999999999
762.0,0.092553
763.0,0.09272
764.0,0.09285
765.0,0.092968
766.0,0.09317500000000001
767.0,0.0934
768.0,0.09359500000000001
769.0,0.09375299999999999
770.0,0.09391
771.0,0.094118
772.0,0.094287
773.0,0.094416
774.0,0.094541
775.0,0.094711
776.0,0.094863
777.0,0.09503
778.0,0.095205
779.0,0.095335
780.0,0.095518
781.0,0.09564399999999999
782.0,0.09575900000000001
783.0,0.095898
784.0,0.095988
785.0,0.09606999999999999
786.0,0.096194
787.0,0.09635400000000001
788.0,0.09651199999999999
789.0,0.096597
790.0,0.096722
791.0,0.09682
792.0,0.096864
793.0,0.096884
794.0,0.096927
795.0,0.097005
796.0,0.097103
797.0,0.09720000000000001
798.0,0.097277
799.0,0.09731999999999999
800.0,0.097392
801.0,0.097484
802.0,0.09754
803.0,0.09750600000000001
804.0,0.09755599999999999
805.0,0.097555
806.0,0.09754099999999999
807.0,0.097551
808.0,0.097593
809.0,0.097612
810.0,0.097661
811.0,0.09768700000000001
812.0,0.09769800000000001
813.0,0.09772299999999999
814.0,0.097729
815.0,0.097812
816.0,0.097872
817.0,0.097888
818.0,0.097874
819.0,0.09788000000000001
820.0,0.097882
821.0,0.097928
822.0,0.097902
823.0,0.097814
824.0,0.097775
825.0,0.097759
826.0,0.097784
827.0,0.097752
828.0,0.09772
829.0,0.09771
830.0,0.09766400000000001
831.0,0.097615
832.0,0.09755000000000001
833.0,0.097528
834.0,0.097519
835.0,0.097489
836.0,0.09749000000000001
837.0,0.097499
838.0,0.097468
839.0,0.09742200000000001
840.0,0.09737
841.0,0.097325
842.0,0.097323
843.0,0.097313
844.0,0.097361
845.0,0.097402
846.0,0.097386
847.0,0.09731899999999999
848.0,0.097256
849.0,0.097253
850.0,0.097173
851.0,0.09706
852.0,0.096995
853.0,0.09696999999999999
854.0,0.096953
855.0,0.09695000000000001
856.0,0.096915
857.0,0.09688100000000001
858.0,0.096865
859.0,0.09686299999999999
860.0,0.096903
861.0,0.096954
862.0,0.096868
863.0,0.09679
864.0,0.096735
865.0,0.0967
866.0,0.09667999999999999
867.0,0.09664199999999999
868.0,0.096615
869.0,0.096653
870.0,0.096551
871.0,0.09657199999999999
872.0,0.096539
873.0,0.09648999999999999
874.0,0.096482
875.0,0.096442
876.0,0.09633699999999999
877.0,0.09629599999999999
878.0,0.096368
879.0,0.096347
880.0,0.09629099999999999
881.0,0.096254
882.0,0.096293
883.0,0.09631600000000001
884.0,0.09634499999999999
885.0,0.09643800000000001
886.0,0.09640900000000001
887.0,0.09639400000000001
888.0,0.09633900000000001
889.0,0.096323
890.0,0.096331
891.0,0.096224
892.0,0.09612899999999999
893.0,0.096141
894.0,0.09617300000000001
895.0,0.096204
896.0,0.09625299999999999
897.0,0.096192
898.0,0.096212
899.0,0.096203
900.0,0.096212
901.0,0.096191
902.0,0.096209
903.0,0.096242
904.0,0.096275
905.0,0.096314
906.0,0.09633599999999999
907.0,0.096443
908.0,0.096431
909.0,0.09651300000000002
910.0,0.09655699999999999
911.0,0.096603
912.0,0.09656599999999999
913.0,0.096595
914.0,0.09666499999999999
915.0,0.09670999999999999
916.0,0.09670400000000001
917.0,0.096693
918.0,0.096707
919.0,0.096769
920.0,0.09684699999999999
921.0,0.096838
922.0,0.09685
923.0,0.09692600000000001
924.0,0.09691000000000001
925.0,0.096855
926.0,0.09696400000000001
927.0,0.096992
928.0,0.09696500000000001
929.0,0.09694699999999999
930.0,0.096992
931.0,0.096989
932.0,0.097181
933.0,0.09713699999999999
934.0,0.09716
935.0,0.097174
936.0,0.097229
937.0,0.09721600000000001
938.0,0.09738
939.0,0.097529
940.0,0.097538
941.0,0.09760999999999999
942.0,0.09753
943.0,0.097498
944.0,0.09756500000000001
945.0,0.09765
946.0,0.097764
947.0,0.09765499999999999
948.0,0.097632
949.0,0.097667
950.0,0.097706
951.0,0.09773199999999999
952.0,0.097743
953.0,0.097769
954.0,0.097749
955.0,0.097806
956.0,0.097784
957.0,0.097806
958.0,0.09792899999999999
959.0,0.097839
960.0,0.097873
961.0,0.097874
962.0,0.097927
963.0,0.097869
964.0,0.09794900000000001
965.0,0.098193
966.0,0.098242
967.0,0.09827899999999999
968.0,0.098326
969.0,0.098143
970.0,0.098291
971.0,0.098407
972.0,0.098401
973.0,0.098365
974.0,0.098509
975.0,0.098292
976.0,0.098561
977.0,0.09861
978.0,0.098481
979.0,0.098427
980.0,0.098637
981.0,0.09865700000000001
982.0,0.098774
983.0,0.098946
984.0,0.099116
985.0,0.099285
986.0,0.099452
987.0,0.099619
988.0,0.09978400000000001
989.0,0.099947
990.0,0.10010899999999999
991.0,0.10027
992.0,0.10042899999999999
993.0,0.100587
994.0,0.100744
995.0,0.10084699999999999
996.0,0.10087199999999999
997.0,0.100897
998.0,0.100922
999.0,0.100947
1000.0,0.100972
1001.0,0.100997
1002.0,0.101022
1003.0,0.101044
1004.0,0.10106799999999999
1005.0,0.101096
1006.0,0.101134
1007.0,0.10118
1008.0,0.10122500000000001
1009.0,0.101256
1010.0,0.101263
1011.0,0.101251
1012.0,0.101237
1013.0,0.10124000000000001
1014.0,0.101266
1015.0,0.101304
1016.0,0.101355
1017.0,0.101419
1018.0,0.101507
1019.0,0.101616
1020.0,0.101721
1021.0,0.101798
1022.0,0.101836
1023.0,0.101847
1024.0,0.10185000000000001
1025.0,0.10186
1026.0,0.101868
1027.0,0.101874
1028.0,0.101892
1029.0,0.101935
1030.0,0.102024
1031.0,0.10213900000000001
1032.0,0.102248
1033.0,0.102316
1034.0,0.102332
1035.0,0.10232200000000001
1036.0,0.102311
1037.0,0.102327
1038.0,0.10236700000000001
1039.0,0.10242100000000001
1040.0,0.102483
1041.0,0.102548
1042.0,0.102628
1043.0,0.102714
1044.0,0.102789
1045.0,0.10283899999999999
1046.0,0.102855
1047.0,0.10285899999999999
1048.0,0.102874
1049.0,0.10292299999999999
1050.0,0.103008
1051.0,0.103108
1052.0,0.10320399999999999
1053.0,0.103279
1054.0,0.103339
1055.0,0.103391
1056.0,0.103438
1057.0,0.103481
1058.0,0.10351300000000001
1059.0,0.103543
1060.0,0.103586
1061.0,0.103652
1062.0,0.10373900000000001
1063.0,0.103835
1064.0,0.10393000000000001
1065.0,0.104018
1066.0,0.104107
1067.0,0.104192
1068.0,0.10427
1069.0,0.104339
1070.0,0.10439999999999999
1071.0,0.10445499999999999
1072.0,0.104506
1073.0,0.104554
1074.0,0.104597
1075.0,0.104637
1076.0,0.104673
1077.0,0.104701
1078.0,0.104721
1079.0,0.10474399999999999
1080.0,0.10478199999999999
1081.0,0.104838
1082.0,0.104907
1083.0,0.104985
1084.0,0.10507
1085.0,0.10517
1086.0,0.10528
1087.0,0.10538700000000001
1088.0,0.105478
1089.0,0.105549
1090.0,0.10561
1091.0,0.105671
1092.0,0.105741
1093.0,0.105814
1094.0,0.105891
1095.0,0.105976
1096.0,0.106074
1097.0,0.106191
1098.0,0.106318
1099.0,0.106441
1100.0,0.106546
1101.0,0.10663700000000001
1102.0,0.10672100000000001
1103.0,0.106801
1104.0,0.106881
1105.0,0.106955
1106.0,0.107028
1107.0,0.10710900000000001
1108.0,0.107205
1109.0,0.10731500000000001
1110.0,0.10743
1111.0,0.107544
1112.0,0.10765000000000001
1113.0,0.107752
1114.0,0.10785399999999999
1115.0,0.10796099999999999
1116.0,0.108077
1117.0,0.10820199999999999
1118.0,0.10832800000000001
1119.0,0.108449
1120.0,0.10856199999999999
1121.0,0.108672
1122.0,0.108778
1123.0,0.10888400000000001
1124.0,0.108987
1125.0,0.10908699999999999
1126.0,0.10918900000000001
1127.0,0.109298
1128.0,0.10940799999999999
1129.0,0.109521
1130.0,0.10964399999999999
1131.0,0.109786
1132.0,0.109957
1133.0,0.110144
1134.0,0.110325
1135.0,0.110478
1136.0,0.110608
1137.0,0.110722
1138.0,0.110823
1139.0,0.11091200000000001
1140.0,0.110982
1141.0,0.111041
1142.0,0.111099
1143.0,0.111165
1144.0,0.111228
1145.0,0.111295
1146.0,0.111373
1147.0,0.11147
1148.0,0.111586
1149.0,0.11171099999999999
1150.0,0.11183299999999999
1151.0,0.11194599999999999
1152.0,0.112056
1153.0,0.112164
1154.0,0.112271
1155.0,0.112373
1156.0,0.112468
1157.0,0.112567
1158.0,0.112681
1159.0,0.112814
1160.0,0.11296099999999999
1161.0,0.113117
1162.0,0.113275
1163.0,0.113438
1164.0,0.113607
1165.0,0.113778
1166.0,0.113947
1167.0,0.11411400000000001
1168.0,0.11428100000000001
1169.0,0.11444599999999999
1170.0,0.114606
1171.0,0.114763
1172.0,0.11491699999999999
1173.0,0.115066
1174.0,0.11521200000000001
1175.0,0.115354
1176.0,0.115491
1177.0,0.115625
1178.0,0.11575300000000001
1179.0,0.11587199999999999
1180.0,0.11598800000000001
1181.0,0.11611
1182.0,0.116243
1183.0,0.11638
1184.0,0.116524
1185.0,0.116678
1186.0,0.11684599999999999
1187.0,0.11703
1188.0,0.117217
1189.0,0.117393
1190.0,0.11754899999999999
1191.0,0.11769299999999999
1192.0,0.117835
1193.0,0.117988
1194.0,0.118158
1195.0,0.118337
1196.0,0.11851800000000001
1197.0,0.11869099999999999
1198.0,0.11885899999999999
1199.0,0.119024
1200.0,0.119184
1201.0,0.119337
1202.0,0.119481
1203.0,0.119618
1204.0,0.119756
1205.0,0.1199
1206.0,0.120047
1207.0,0.12019600000000001
1208.0,0.120346
1209.0,0.120494
1210.0,0.120643
1211.0,0.12079100000000001
1212.0,0.12093899999999999
1213.0,0.121085
1214.0,0.121228
1215.0,0.121372
1216.0,0.121521
1217.0,0.121677
1218.0,0.121837
1219.0,0.121999
1220.0,0.122162
1221.0,0.122323
1222.0,0.12248300000000001
1223.0,0.12264599999999999
1224.0,0.122813
1225.0,0.12298500000000001
1226.0,0.12316
1227.0,0.123338
1228.0,0.123519
1229.0,0.12370300000000001
1230.0,0.12389099999999999
1231.0,0.12408
1232.0,0.124268
1233.0,0.12446
1234.0,0.124651
1235.0,0.124839
1236.0,0.125021
1237.0,0.125198
1238.0,0.125371
1239.0,0.125544
1240.0,0.125717
1241.0,0.125889
1242.0,0.126061
1243.0,0.12623499999999999
1244.0,0.126414
1245.0,0.12659700000000002
1246.0,0.126777
1247.0,0.126944
1248.0,0.127095
1249.0,0.127235
1250.0,0.12737199999999999
1251.0,0.12751200000000001
1252.0,0.12765100000000001
1253.0,0.12779
1254.0,0.127935
1255.0,0.128093
1256.0,0.128266
1257.0,0.128446
1258.0,0.128627
1259.0,0.128803
1260.0,0.12898099999999998
1261.0,0.129156
1262.0,0.129323
1263.0,0.129478
1264.0,0.129621
1265.0,0.12975899999999999
1266.0,0.129901
1267.0,0.13005
1268.0,0.13019999999999998
1269.0,0.130352
1270.0,0.130507
1271.0,0.130667
1272.0,0.130831
1273.0,0.130994
1274.0,0.131151
1275.0,0.131301
1276.0,0.131447
1277.0,0.131596
1278.0,0.13175499999999998
1279.0,0.131921
1280.0,0.132092
1281.0,0.132267
1282.0,0.132444
1283.0,0.132629
1284.0,0.132813
1285.0,0.132989
1286.0,0.13315
1287.0,0.133301
1288.0,0.133444
1289.0,0.133577
1290.0,0.133693
1291.0,0.133791
1292.0,0.133895
1293.0,0.134029
1294.0,0.134201
1295.0,0.13439600000000002
1296.0,0.134599
1297.0,0.134795
1298.0,0.134996
1299.0,0.135198
1300.0,0.135383
1301.0,0.135536
1302.0,0.135652
1303.0,0.135754
1304.0,0.13587
1305.0,0.136027
1306.0,0.136213
1307.0,0.136412
1308.0,0.136606
1309.0,0.136789
1310.0,0.136969
1311.0,0.137143
1312.0,0.137301
1313.0,0.137438
1314.0,0.137558
1315.0,0.137674
1316.0,0.1378
1317.0,0.137936
1318.0,0.138075
1319.0,0.138214
1320.0,0.138348
1321.0,0.138478
1322.0,0.138606
1323.0,0.138735
1324.0,0.138864
1325.0,0.138992
1326.0,0.13912000000000002
1327.0,0.139251
1328.0,0.139387
1329.0,0.13952799999999999
1330.0,0.139668
1331.0,0.1398
1332.0,0.13992000000000002
1333.0,0.140034
1334.0,0.14014300000000002
1335.0,0.14025
1336.0,0.140352
1337.0,0.140451
1338.0,0.140554
1339.0,0.14066900000000002
1340.0,0.140798
1341.0,0.140933
1342.0,0.14106
1343.0,0.141172
1344.0,0.14126899999999998
1345.0,0.14136100000000001
1346.0,0.141454
1347.0,0.141552
1348.0,0.141649
1349.0,0.14174799999999999
1350.0,0.141851
1351.0,0.141964
1352.0,0.142081
1353.0,0.142192
1354.0,0.142282
1355.0,0.142348
1356.0,0.142401
1357.0,0.142456
1358.0,0.14252599999999999
1359.0,0.142603
1360.0,0.142687
1361.0,0.142778
1362.0,0.14288299999999998
1363.0,0.143004
1364.0,0.143126
1365.0,0.143238
1366.0,0.14333600000000002
1367.0,0.143427
1368.0,0.14350300000000002
1369.0,0.143554
1370.0,0.143575
1371.0,0.143575
1372.0,0.143563
1373.0,0.14354699999999998
1374.0,0.14352600000000001
1375.0,0.143495
1376.0,0.143452
1377.0,0.143394
1378.0,0.143325
1379.0,0.14324199999999998
1380.0,0.143142
1381.0,0.143028
1382.0,0.142904
1383.0,0.142754
1384.0,0.142562
1385.0,0.142329
1386.0,0.14206
1387.0,0.141755
1388.0,0.141415
1389.0,0.141041
1390.0,0.140632
1391.0,0.140183
1392.0,0.139688
1393.0,0.139129
1394.0,0.138541
1395.0,0.137962
1396.0,0.137415
1397.0,0.136879
1398.0,0.136348
1399.0,0.135816
1400.0,0.13527799999999998
1401.0,0.134738
1402.0,0.13420500000000002
1403.0,0.133684
1404.0,0.133164
1405.0,0.132653
1406.0,0.13217
1407.0,0.131727
1408.0,0.131305
1409.0,0.130923
1410.0,0.130605
1411.0,0.13036799999999998
1412.0,0.13019999999999998
1413.0,0.130085
1414.0,0.13001
1415.0,0.129975
1416.0,0.129985
1417.0,0.130035
1418.0,0.130115
1419.0,0.130228
1420.0,0.130375
1421.0,0.130558
1422.0,0.130779
1423.0,0.131042
1424.0,0.131339
1425.0,0.131664
1426.0,0.132015
1427.0,0.13239900000000002
1428.0,0.132802
1429.0,0.133208
1430.0,0.13361900000000002
1431.0,0.13404
1432.0,0.134463
1433.0,0.13488
1434.0,0.135293
1435.0,0.135704
1436.0,0.136113
1437.0,0.136523
1438.0,0.136933
1439.0,0.137341
1440.0,0.137744
1441.0,0.138143
1442.0,0.138541
1443.0,0.138929
1444.0,0.139297
1445.0,0.139644
1446.0,0.139973
1447.0,0.14028600000000002
1448.0,0.14058299999999999
1449.0,0.140858
1450.0,0.141119
1451.0,0.141375
1452.0,0.14163800000000001
1453.0,0.141904
1454.0,0.142164
1455.0,0.142407
1456.0,0.14263
1457.0,0.142839
1458.0,0.14303100000000002
1459.0,0.143206
1460.0,0.143346
1461.0,0.14346899999999999
1462.0,0.143604
1463.0,0.143773
1464.0,0.143963
1465.0,0.144174
1466.0,0.144414
1467.0,0.14468999999999999
1468.0,0.145001
1469.0,0.14533300000000002
1470.0,0.145674
1471.0,0.146029
1472.0,0.146401
1473.0,0.14677199999999999
1474.0,0.147128
1475.0,0.147466
1476.0,0.147797
1477.0,0.14813
1478.0,0.14847200000000002
1479.0,0.14882199999999998
1480.0,0.149171
1481.0,0.149513
1482.0,0.149847
1483.0,0.150176
1484.0,0.15049300000000002
1485.0,0.15079
1486.0,0.151059
1487.0,0.151312
1488.0,0.151565
1489.0,0.151836
1490.0,0.152121
1491.0,0.152409
1492.0,0.152686
1493.0,0.152937
1494.0,0.153167
1495.0,0.153401
1496.0,0.153665
1497.0,0.153969
1498.0,0.154298
1499.0,0.154632
1500.0,0.15495699999999998
1501.0,0.155286
1502.0,0.155613
1503.0,0.155921
1504.0,0.156198
1505.0,0.156448
1506.0,0.156686
1507.0,0.156925
1508.0,0.157166
1509.0,0.157404
1510.0,0.157645
1511.0,0.157894
1512.0,0.15815200000000001
1513.0,0.158416
1514.0,0.158683
1515.0,0.158952
1516.0,0.15922599999999998
1517.0,0.1595
1518.0,0.15976800000000002
1519.0,0.16003299999999998
1520.0,0.160297
1521.0,0.160549
1522.0,0.16078
1523.0,0.16098500000000002
1524.0,0.161174
1525.0,0.16136299999999998
1526.0,0.16156099999999998
1527.0,0.16176400000000002
1528.0,0.161966
1529.0,0.162163
1530.0,0.162354
1531.0,0.16254200000000002
1532.0,0.162722
1533.0,0.16288799999999998
1534.0,0.163034
1535.0,0.16317
1536.0,0.16331299999999999
1537.0,0.163475
1538.0,0.16365200000000002
1539.0,0.163835
1540.0,0.16401800000000002
1541.0,0.16419799999999998
1542.0,0.16438
1543.0,0.16455999999999998
1544.0,0.164738
1545.0,0.16491499999999998
1546.0,0.16509000000000001
1547.0,0.16525600000000001
1548.0,0.16540400000000002
1549.0,0.16553
1550.0,0.165653
1551.0,0.165793
1552.0,0.165963
1553.0,0.16615400000000002
1554.0,0.166346
1555.0,0.16652699999999998
1556.0,0.166706
1557.0,0.166879
1558.0,0.16702999999999998
1559.0,0.167136
1560.0,0.16718599999999997
1561.0,0.16723500000000002
1562.0,0.16734400000000002
1563.0,0.167543
1564.0,0.167795
1565.0,0.168067
1566.0,0.168324
1567.0,0.16859300000000002
1568.0,0.16886099999999998
1569.0,0.169089
1570.0,0.169241
1571.0,0.169326
1572.0,0.169393
1573.0,0.169491
1574.0,0.16963699999999998
1575.0,0.16980699999999999
1576.0,0.169988
1577.0,0.170173
1578.0,0.170372
1579.0,0.170576
1580.0,0.17076899999999998
1581.0,0.170941
1582.0,0.171099
1583.0,0.171245
1584.0,0.171375
1585.0,0.17148
1586.0,0.171569
1587.0,0.171659
1588.0,0.17176100000000002
1589.0,0.171867
1590.0,0.171979
1591.0,0.17210699999999998
1592.0,0.172259
1593.0,0.17243200000000003
1594.0,0.172611
1595.0,0.172777
1596.0,0.17292300000000002
1597.0,0.173064
1598.0,0.173217
1599.0,0.173396
1600.0,0.173595
1601.0,0.17380600000000002
1602.0,0.174018
1603.0,0.17424199999999998
1604.0,0.17447500000000002
1605.0,0.174691
1606.0,0.17486100000000002
1607.0,0.174982
1608.0,0.175074
1609.0,0.175152
1610.0,0.17522
1611.0,0.17526399999999998
1612.0,0.175312
1613.0,0.175397
1614.0,0.175536
1615.0,0.175705
1616.0,0.17587399999999997
1617.0,0.176016
1618.0,0.176142
1619.0,0.17626
1620.0,0.176375
1621.0,0.17648499999999998
1622.0,0.176587
1623.0,0.176695
1624.0,0.17681899999999998
1625.0,0.17695699999999998
1626.0,0.17710499999999998
1627.0,0.177266
1628.0,0.177446
1629.0,0.177652
1630.0,0.17785499999999999
1631.0,0.17802700000000002
1632.0,0.17816500000000002
1633.0,0.17828
1634.0,0.17837499999999998
1635.0,0.178445
1636.0,0.178474
1637.0,0.178495
1638.0,0.17854399999999998
1639.0,0.178643
1640.0,0.17877400000000002
1641.0,0.178916
1642.0,0.17905000000000001
1643.0,0.17918
1644.0,0.179311
1645.0,0.179441
1646.0,0.17956399999999997
1647.0,0.179678
1648.0,0.179798
1649.0,0.179941
1650.0,0.180119
1651.0,0.180316
1652.0,0.18050999999999998
1653.0,0.18068
1654.0,0.180838
1655.0,0.18098299999999998
1656.0,0.181114
1657.0,0.181224
1658.0,0.18131699999999998
1659.0,0.181401
1660.0,0.181482
1661.0,0.18156300000000003
1662.0,0.181638
1663.0,0.18170000000000003
1664.0,0.18174700000000002
1665.0,0.181781
1666.0,0.181803
1667.0,0.181813
1668.0,0.181786
1669.0,0.18174800000000002
1670.0,0.181751
1671.0,0.181843
1672.0,0.182013
1673.0,0.182216
1674.0,0.182407
1675.0,0.18257500000000002
1676.0,0.182739
1677.0,0.18289999999999998
1678.0,0.18305800000000003
1679.0,0.183212
1680.0,0.183365
1681.0,0.183522
1682.0,0.183699
1683.0,0.183891
1684.0,0.184059
1685.0,0.184164
1686.0,0.18418700000000002
1687.0,0.184173
1688.0,0.184174
1689.0,0.18421800000000002
1690.0,0.184279
1691.0,0.18435600000000002
1692.0,0.18445
1693.0,0.18457
1694.0,0.184706
1695.0,0.184837
1696.0,0.18495799999999998
1697.0,0.18508400000000003
1698.0,0.185189
1699.0,0.185249
1700.0,0.18523499999999998
1701.0,0.185177
1702.0,0.18513200000000002
1703.0,0.18514
1704.0,0.185178
1705.0,0.185238
1706.0,0.185319
1707.0,0.185441
1708.0,0.185593
1709.0,0.18572399999999997
1710.0,0.18578399999999998
1711.0,0.185776
1712.0,0.18574400000000002
1713.0,0.18573599999999998
1714.0,0.185781
1715.0,0.185854
1716.0,0.185924
1717.0,0.185965
1718.0,0.185979
1719.0,0.18598099999999998
1720.0,0.185984
1721.0,0.18598900000000002
1722.0,0.18599
1723.0,0.186001
1724.0,0.186038
1725.0,0.186115
1726.0,0.186205
1727.0,0.18627300000000002
1728.0,0.186298
1729.0,0.186296
1730.0,0.18627400000000002
1731.0,0.186235
1732.0,0.186168
1733.0,0.186087
1734.0,0.186015
1735.0,0.185971
1736.0,0.185944
1737.0,0.185925
1738.0,0.185906
1739.0,0.185889
1740.0,0.18587599999999999
1741.0,0.18586
1742.0,0.185838
1743.0,0.185808
1744.0,0.185782
1745.0,0.185769
1746.0,0.18578
1747.0,0.18580100000000002
1748.0,0.185808
1749.0,0.18578399999999998
1750.0,0.185739
1751.0,0.18568400000000002
1752.0,0.185631
1753.0,0.18557200000000001
1754.0,0.185511
1755.0,0.185463
1756.0,0.185443
1757.0,0.185446
1758.0,0.185453
1759.0,0.185444
1760.0,0.185434
1761.0,0.185413
1762.0,0.185355
1763.0,0.185229
1764.0,0.18503699999999998
1765.0,0.184837
1766.0,0.184686
1767.0,0.184588
1768.0,0.184519
1769.0,0.18447
1770.0,0.184441
1771.0,0.184442
1772.0,0.184446
1773.0,0.18442599999999998
1774.0,0.184371
1775.0,0.184302
1776.0,0.18424800000000002
1777.0,0.184232
1778.0,0.18424600000000002
1779.0,0.184266
1780.0,0.184269
1781.0,0.184255
1782.0,0.184232
1783.0,0.184208
1784.0,0.18418199999999998
1785.0,0.184148
1786.0,0.184124
1787.0,0.184131
1788.0,0.184178
1789.0,0.18424800000000002
1790.0,0.18431999999999998
1791.0,0.184389
1792.0,0.184467
1793.0,0.184529
1794.0,0.184549
1795.0,0.184513
1796.0,0.184452
1797.0,0.184407
1798.0,0.184398
1799.0,0.184404
1800.0,0.184429
1801.0,0.184479
1802.0,0.184567
1803.0,0.18467199999999998
1804.0,0.184766
1805.0,0.18482600000000002
1806.0,0.18486899999999998
1807.0,0.184924
1808.0,0.18502500000000002
1809.0,0.185184
1810.0,0.185357
1811.0,0.185495
1812.0,0.185579
1813.0,0.185632
1814.0,0.185674
1815.0,0.18571400000000002
1816.0,0.18573599999999998
1817.0,0.185761
1818.0,0.185818
1819.0,0.185933
1820.0,0.18607600000000002
1821.0,0.186192
1822.0,0.186235
1823.0,0.18622
1824.0,0.18617799999999998
1825.0,0.186142
1826.0,0.186104
1827.0,0.186062
1828.0,0.186025
1829.0,0.18601099999999998
1830.0,0.186023
1831.0,0.186014
1832.0,0.185933
1833.0,0.185767
1834.0,0.185558
1835.0,0.185356
1836.0,0.185178
1837.0,0.185
1838.0,0.184851
1839.0,0.18476800000000002
1840.0,0.184775
1841.0,0.184806
1842.0,0.184785
1843.0,0.18468099999999998
1844.0,0.184531
1845.0,0.184364
1846.0,0.184203
1847.0,0.184038
1848.0,0.18386399999999997
1849.0,0.18367899999999998
1850.0,0.183491
1851.0,0.183293
1852.0,0.183063
1853.0,0.182787
1854.0,0.182473
1855.0,0.18212599999999998
1856.0,0.18174900000000002
1857.0,0.181331
1858.0,0.180886
1859.0,0.180435
1860.0,0.180002
1861.0,0.179573
1862.0,0.17910900000000002
1863.0,0.17857399999999998
1864.0,0.177995
1865.0,0.17735199999999998
1866.0,0.17661200000000002
1867.0,0.17573799999999998
1868.0,0.17476299999999997
1869.0,0.173752
1870.0,0.17275600000000002
1871.0,0.17174199999999998
1872.0,0.170717
1873.0,0.169693
1874.0,0.16872399999999999
1875.0,0.167743
1876.0,0.166632
1877.0,0.16532699999999997
1878.0,0.163882
1879.0,0.162301
1880.0,0.160571
1881.0,0.158041
1882.0,0.15420899999999998
1883.0,0.150624
1884.0,0.14707900000000002
1885.0,0.143192
1886.0,0.138877
1887.0,0.13419499999999998
1888.0,0.129186
1889.0,0.124301
1890.0,0.120558
1891.0,0.118567
1892.0,0.116523
1893.0,0.114398
1894.0,0.11225099999999999
1895.0,0.110028
1896.0,0.107607
1897.0,0.10537
1898.0,0.103816
1899.0,0.10291499999999999
1900.0,0.10178599999999999
1901.0,0.09981899999999999
1902.0,0.09743399999999999
1903.0,0.09517400000000001
1904.0,0.093018
1905.0,0.09104799999999999
1906.0,0.089706
1907.0,0.089139
1908.0,0.08892099999999999
1909.0,0.088657
1910.0,0.08845800000000001
1911.0,0.08837500000000001
1912.0,0.088428
1913.0,0.088605
1914.0,0.088885
1915.0,0.08921099999999998
1916.0,0.08965899999999999
1917.0,0.090419
1918.0,0.09161799999999999
1919.0,0.092919
1920.0,0.093947
1921.0,0.094768
1922.0,0.095501
1923.0,0.096164
1924.0,0.09675
1925.0,0.097443
1926.0,0.098383
1927.0,0.099422
1928.0,0.10033500000000001
1929.0,0.101121
1930.0,0.101821
1931.0,0.10241600000000001
1932.0,0.102873
1933.0,0.103346
1934.0,0.103944
1935.0,0.104611
1936.0,0.10534800000000001
1937.0,0.10618999999999999
1938.0,0.10709400000000001
1939.0,0.10796
1940.0,0.108821
1941.0,0.109607
1942.0,0.110197
1943.0,0.110609
1944.0,0.11098599999999999
1945.0,0.11142400000000001
1946.0,0.11187200000000001
1947.0,0.112287
1948.0,0.11261499999999999
1949.0,0.11294
1950.0,0.11340199999999999
1951.0,0.11402200000000001
1952.0,0.114675
1953.0,0.11526199999999999
1954.0,0.11581799999999999
1955.0,0.116331
1956.0,0.11674
1957.0,0.117102
1958.0,0.11762800000000001
1959.0,0.118436
1960.0,0.11929600000000001
1961.0,0.11994099999999999
1962.0,0.120405
1963.0,0.120803
1964.0,0.121181
1965.0,0.12151899999999999
1966.0,0.121896
1967.0,0.12233100000000001
1968.0,0.122805
1969.0,0.123331
1970.0,0.123934
1971.0,0.124551
1972.0,0.12509499999999998
1973.0,0.12557600000000002
1974.0,0.126114
1975.0,0.12679500000000002
1976.0,0.127558
1977.0,0.128301
1978.0,0.12906499999999999
1979.0,0.129765
1980.0,0.130238
1981.0,0.130469
1982.0,0.130684
1983.0,0.131035
1984.0,0.131447
1985.0,0.131921
1986.0,0.13248200000000002
1987.0,0.13309100000000001
1988.0,0.133674
1989.0,0.134241
1990.0,0.134799
1991.0,0.135323
1992.0,0.13581300000000002
1993.0,0.136411
1994.0,0.13727
1995.0,0.138206
1996.0,0.13888299999999998
1997.0,0.139298
1998.0,0.139598
1999.0,0.139821
2000.0,0.139933
2001.0,0.14024
2002.0,0.14097099999999999
2003.0,0.141891
2004.0,0.142636
2005.0,0.143185
2006.0,0.143646
2007.0,0.144058
2008.0,0.144396
2009.0,0.14476
2010.0,0.145204
2011.0,0.145684
2012.0,0.146168
2013.0,0.14666
2014.0,0.147155
2015.0,0.14763099999999998
2016.0,0.148081
2017.0,0.148608
2018.0,0.149316
2019.0,0.150088
2020.0,0.150713
2021.0,0.151169
2022.0,0.15154
2023.0,0.15184799999999998
2024.0,0.152063
2025.0,0.152385
2026.0,0.152951
2027.0,0.15363
2028.0,0.154246
2029.0,0.154815
2030.0,0.15531599999999998
2031.0,0.155667
2032.0,0.155891
2033.0,0.156174
2034.0,0.15662399999999999
2035.0,0.157141
2036.0,0.157622
2037.0,0.158105
2038.0,0.158505
2039.0,0.158681
2040.0,0.15867599999999998
2041.0,0.158797
2042.0,0.159159
2043.0,0.159634
2044.0,0.160145
2045.0,0.160745
2046.0,0.16128699999999999
2047.0,0.1616
2048.0,0.16177499999999997
2049.0,0.16203399999999998
2050.0,0.162443
2051.0,0.16288799999999998
2052.0,0.163279
2053.0,0.163638
2054.0,0.163946
2055.0,0.16416899999999998
2056.0,0.16433499999999998
2057.0,0.164506
2058.0,0.164645
2059.0,0.16484000000000001
2060.0,0.16520700000000002
2061.0,0.16572099999999998
2062.0,0.16631900000000002
2063.0,0.16707999999999998
2064.0,0.167864
2065.0,0.168296
2066.0,0.16835699999999998
2067.0,0.168263
2068.0,0.168096
2069.0,0.167834
2070.0,0.167729
2071.0,0.167828
2072.0,0.16805900000000001
2073.0,0.168413
2074.0,0.168905
2075.0,0.169423
2076.0,0.16996
2077.0,0.17049199999999998
2078.0,0.17086300000000001
2079.0,0.170983
2080.0,0.171115
2081.0,0.171525
2082.0,0.172122
2083.0,0.172711
2084.0,0.17332699999999998
2085.0,0.173853
2086.0,0.17397500000000002
2087.0,0.17366800000000002
2088.0,0.173373
2089.0,0.173351
2090.0,0.173451
2091.0,0.173629
2092.0,0.17393799999999998
2093.0,0.174226
2094.0,0.174329
2095.0,0.174326
2096.0,0.174336
2097.0,0.174385
2098.0,0.17443
2099.0,0.174421
2100.0,0.174355
2101.0,0.17439
2102.0,0.17465
2103.0,0.175007
2104.0,0.175262
2105.0,0.175408
2106.0,0.17554999999999998
2107.0,0.175764
2108.0,0.17601299999999998
2109.0,0.176246
2110.0,0.176494
2111.0,0.17667000000000002
2112.0,0.17660299999999998
2113.0,0.176342
2114.0,0.176362
2115.0,0.17698
2116.0,0.17773
2117.0,0.178064
2118.0,0.178112
2119.0,0.177982
2120.0,0.177544
2121.0,0.17701699999999998
2122.0,0.176994
2123.0,0.177575
2124.0,0.17813500000000002
2125.0,0.178232
2126.0,0.178143
2127.0,0.1782
2128.0,0.17849
2129.0,0.178733
2130.0,0.178721
2131.0,0.178547
2132.0,0.178254
2133.0,0.177708
2134.0,0.17723199999999997
2135.0,0.177284
2136.0,0.17771599999999999
2137.0,0.178006
2138.0,0.17796299999999998
2139.0,0.177799
2140.0,0.177648
2141.0,0.17746800000000001
2142.0,0.177347
2143.0,0.177391
2144.0,0.177469
2145.0,0.177356
2146.0,0.177073
2147.0,0.17671299999999998
2148.0,0.176236
2149.0,0.17572700000000002
2150.0,0.175568
2151.0,0.175824
2152.0,0.176107
2153.0,0.176213
2154.0,0.176226
2155.0,0.176041
2156.0,0.175623
2157.0,0.17514600000000002
2158.0,0.17473
2159.0,0.174322
2160.0,0.17393799999999998
2161.0,0.173595
2162.0,0.173244
2163.0,0.17284300000000002
2164.0,0.17241099999999998
2165.0,0.17197099999999998
2166.0,0.171495
2167.0,0.171066
2168.0,0.17076
2169.0,0.170548
2170.0,0.170441
2171.0,0.17045000000000002
2172.0,0.17054
2173.0,0.170707
2174.0,0.17095400000000002
2175.0,0.171094
2176.0,0.17114200000000002
2177.0,0.171011
2178.0,0.17051100000000002
2179.0,0.16970500000000002
2180.0,0.168901
2181.0,0.16810099999999997
2182.0,0.167368
2183.0,0.166856
2184.0,0.166514
2185.0,0.166248
2186.0,0.166102
2187.0,0.16595
2188.0,0.165601
2189.0,0.16511900000000002
2190.0,0.16468800000000003
2191.0,0.16436
2192.0,0.16399
2193.0,0.163475
2194.0,0.16285699999999997
2195.0,0.162121
2196.0,0.161198
2197.0,0.160301
2198.0,0.159596
2199.0,0.159026
2200.0,0.15870599999999999
2201.0,0.158702
2202.0,0.158812
2203.0,0.158938
2204.0,0.159088
2205.0,0.159079
2206.0,0.158891
2207.0,0.15867
2208.0,0.158506
2209.0,0.158347
2210.0,0.158145
2211.0,0.157873
2212.0,0.157667
2213.0,0.157601
2214.0,0.157622
2215.0,0.15770699999999999
2216.0,0.157871
2217.0,0.158047
2218.0,0.158226
2219.0,0.158394
2220.0,0.158535
2221.0,0.158661
2222.0,0.158551
2223.0,0.158104
2224.0,0.157516
2225.0,0.156923
2226.0,0.15629099999999999
2227.0,0.15587099999999998
2228.0,0.155677
2229.0,0.15567999999999999
2230.0,0.155963
2231.0,0.15645
2232.0,0.156771
2233.0,0.156965
2234.0,0.156959
2235.0,0.156603
2236.0,0.156031
2237.0,0.15551500000000001
2238.0,0.155009
2239.0,0.154605
2240.0,0.15438000000000002
2241.0,0.154225
2242.0,0.15403
2243.0,0.153826
2244.0,0.15352
2245.0,0.153012
2246.0,0.152536
2247.0,0.152357
2248.0,0.152343
2249.0,0.15221600000000002
2250.0,0.151909
2251.0,0.151631
2252.0,0.151587
2253.0,0.15160099999999999
2254.0,0.151341
2255.0,0.150845
2256.0,0.15013500000000002
2257.0,0.14907600000000001
2258.0,0.147959
2259.0,0.14718299999999998
2260.0,0.146628
2261.0,0.14619400000000002
2262.0,0.1459
2263.0,0.14566800000000002
2264.0,0.145447
2265.0,0.145242
2266.0,0.145001
2267.0,0.144759
2268.0,0.144288
2269.0,0.14345
2270.0,0.142422
2271.0,0.141314
2272.0,0.14010999999999998
2273.0,0.139189
2274.0,0.138635
2275.0,0.138217
2276.0,0.13783
2277.0,0.137495
2278.0,0.1371
2279.0,0.13664500000000002
2280.0,0.13624
2281.0,0.135975
2282.0,0.135702
2283.0,0.13523
2284.0,0.134619
2285.0,0.134016
2286.0,0.133413
2287.0,0.13283799999999998
2288.0,0.132342
2289.0,0.13186
2290.0,0.131286
2291.0,0.13064299999999998
2292.0,0.12994899999999998
2293.0,0.129155
2294.0,0.128415
2295.0,0.127862
2296.0,0.127436
2297.0,0.127131
2298.0,0.12695499999999998
2299.0,0.126848
2300.0,0.126805
2301.0,0.126805
2302.0,0.126813
2303.0,0.126836
2304.0,0.126854
2305.0,0.12687400000000001
2306.0,0.126862
2307.0,0.126799
2308.0,0.12670299999999998
2309.0,0.126551
2310.0,0.126366
2311.0,0.126384
2312.0,0.126626
2313.0,0.126944
2314.0,0.127344
2315.0,0.127719
2316.0,0.127799
2317.0,0.12767099999999998
2318.0,0.127584
2319.0,0.127575
2320.0,0.127547
2321.0,0.12748400000000001
2322.0,0.127361
2323.0,0.12707100000000002
2324.0,0.12665300000000002
2325.0,0.126337
2326.0,0.126158
2327.0,0.126029
2328.0,0.125897
2329.0,0.125822
2330.0,0.125878
2331.0,0.12604300000000002
2332.0,0.12631399999999998
2333.0,0.12673199999999998
2334.0,0.127074
2335.0,0.127249
2336.0,0.127257
2337.0,0.126976
2338.0,0.126446
2339.0,0.125772
2340.0,0.12491
2341.0,0.124108
2342.0,0.12346399999999999
2343.0,0.122927
2344.0,0.122553
2345.0,0.122274
2346.0,0.12178599999999999
2347.0,0.121068
2348.0,0.120647
2349.0,0.120735
2350.0,0.12097200000000001
2351.0,0.121117
2352.0,0.121287
2353.0,0.12153800000000001
2354.0,0.121859
2355.0,0.122402
2356.0,0.12325599999999999
2357.0,0.12412200000000001
2358.0,0.124921
2359.0,0.125556
2360.0,0.125712
2361.0,0.12548
2362.0,0.124998
2363.0,0.12422599999999999
2364.0,0.12336499999999999
2365.0,0.12239000000000001
2366.0,0.12153499999999999
2367.0,0.121132
2368.0,0.120913
2369.0,0.12041299999999999
2370.0,0.11970900000000001
2371.0,0.11908200000000001
2372.0,0.1185
2373.0,0.11822800000000001
2374.0,0.118565
2375.0,0.11901300000000001
2376.0,0.11905099999999999
2377.0,0.118878
2378.0,0.118609
2379.0,0.118207
2380.0,0.11805
2381.0,0.118266
2382.0,0.11848800000000001
2383.0,0.11852299999999999
2384.0,0.11847099999999999
2385.0,0.11836600000000001
2386.0,0.11818400000000001
2387.0,0.117813
2388.0,0.117243
2389.0,0.116704
2390.0,0.116202
2391.0,0.115806
2392.0,0.115622
2393.0,0.11552199999999999
2394.0,0.115327
2395.0,0.115123
2396.0,0.115076
2397.0,0.115174
2398.0,0.11544700000000001
2399.0,0.11600400000000001
2400.0,0.116372
2401.0,0.11639300000000001
2402.0,0.11602399999999999
2403.0,0.114931
2404.0,0.113508
2405.0,0.112597
2406.0,0.112061
2407.0,0.11174300000000001
2408.0,0.111687
2409.0,0.111578
2410.0,0.11135500000000001
2411.0,0.110969
2412.0,0.110324
2413.0,0.10950900000000001
2414.0,0.10850199999999999
2415.0,0.107391
2416.0,0.107004
2417.0,0.107343
2418.0,0.107544
2419.0,0.10758
2420.0,0.10712999999999999
2421.0,0.105598
2422.0,0.104175
2423.0,0.104076
2424.0,0.104657
2425.0,0.10534800000000001
2426.0,0.106289
2427.0,0.107729
2428.0,0.109718
2429.0,0.111255
2430.0,0.112223
2431.0,0.112627
2432.0,0.11230000000000001
2433.0,0.111538
2434.0,0.11042400000000001
2435.0,0.109224
2436.0,0.108606
2437.0,0.10816200000000001
2438.0,0.106889
2439.0,0.10494500000000001
2440.0,0.102993
2441.0,0.100937
2442.0,0.099576
2443.0,0.099441
2444.0,0.09936500000000001
2445.0,0.09864200000000001
2446.0,0.097986
2447.0,0.097759
2448.0,0.09799899999999999
2449.0,0.099453
2450.0,0.101671
2451.0,0.10259800000000001
2452.0,0.102509
2453.0,0.101825
2454.0,0.100422
2455.0,0.099265
2456.0,0.098635
2457.0,0.097907
2458.0,0.096766
2459.0,0.095605
2460.0,0.094536
2461.0,0.09374
2462.0,0.093726
2463.0,0.094198
2464.0,0.09466200000000001
2465.0,0.095122
2466.0,0.094778
2467.0,0.09361599999999999
2468.0,0.092812
2469.0,0.092403
2470.0,0.092486
2471.0,0.093445
2472.0,0.094039
2473.0,0.093453
2474.0,0.09251
2475.0,0.091655
2476.0,0.090714
2477.0,0.089642
2478.0,0.088521
2479.0,0.087484
2480.0,0.08654099999999999
2481.0,0.085938
2482.0,0.085637
2483.0,0.085421
2484.0,0.085281
2485.0,0.085712
2486.0,0.086829
2487.0,0.08781800000000001
2488.0,0.088501
2489.0,0.08916600000000001
2490.0,0.089878
2491.0,0.090591
2492.0,0.09138099999999999
2493.0,0.091985
2494.0,0.09219
2495.0,0.092067
2496.0,0.09163299999999999
2497.0,0.09082499999999999
2498.0,0.089358
2499.0,0.087562
2500.0,0.086393
