Data ID,GYPSUM LASF41A
Sample ID,LASF41A
Mineral Name,gypsum
Sample Description,
Date Added,
Viewing Geometry,
Other Information,
Grain Size,
Database of Origin,MICA Files (USGS/RELAB)
Wavelength,Response
300.0,
305.0,
310.0,
315.0,
320.0,
325.0,
330.0,
335.0,
340.0,
345.0,
350.0,0.8266310095787048
355.0,0.8322510123252869
360.0,0.8358309864997864
365.0,0.8411139845848083
370.0,0.8461660146713257
375.0,0.8505740165710449
380.0,0.8550630211830139
385.0,0.8609340190887451
390.0,0.8641679883003235
395.0,0.8690189719200134
400.0,0.8723880052566528
405.0,0.8762140274047852
410.0,0.8791540265083313
415.0,0.8827170133590698
420.0,0.8857139945030212
425.0,0.8897309899330139
430.0,0.893435001373291
435.0,0.8968380093574524
440.0,0.8997970223426819
445.0,0.902754008769989
450.0,0.9060850143432617
455.0,0.9076910018920898
460.0,0.9092699885368347
465.0,0.9114220142364502
470.0,0.9127230048179626
475.0,0.9143059849739075
480.0,0.9163050055503845
485.0,0.917822003364563
490.0,0.921019971370697
495.0,0.9236069917678833
500.0,0.923039972782135
505.0,0.9275000095367432
510.0,0.9268199801445007
515.0,0.9323679804801941
520.0,0.9325460195541382
525.0,0.9362670183181763
530.0,0.936083972454071
535.0,0.9387239813804626
540.0,0.9387980103492737
545.0,0.9405890107154846
550.0,0.9414370059967041
555.0,0.9422569870948792
560.0,0.9429550170898438
565.0,0.9431959986686707
570.0,0.9445480108261108
575.0,0.9454540014266968
580.0,0.9454079866409302
585.0,0.9462119936943054
590.0,0.9462379813194275
595.0,0.9473109841346741
600.0,0.9476400017738342
605.0,0.9453700184822083
610.0,0.9476199746131897
615.0,0.9480779767036438
620.0,0.9476379752159119
625.0,0.9472770094871521
630.0,0.9490759968757629
635.0,0.9478269815444946
640.0,0.9470270276069641
645.0,0.9473839998245239
650.0,0.9479069709777832
655.0,0.9474800229072571
660.0,0.948764979839325
665.0,0.9475250244140625
670.0,0.9476950168609619
675.0,0.9462329745292664
680.0,0.947475016117096
685.0,0.9477530121803284
690.0,0.9481679797172546
695.0,0.948514997959137
700.0,0.9472740292549133
705.0,0.9492329955101013
710.0,0.9467949867248535
715.0,0.9498149752616882
720.0,0.9467790126800537
725.0,0.9507859945297241
730.0,0.9478110074996948
735.0,0.950078010559082
740.0,0.9478070139884949
745.0,0.9495829939842224
750.0,0.9477949738502502
755.0,0.9477630257606506
760.0,0.947816014289856
765.0,0.9471250176429749
770.0,0.9479590058326721
775.0,0.9467039704322815
780.0,0.9481289982795715
785.0,0.9471169710159302
790.0,0.9463809728622437
795.0,0.9461519718170166
800.0,0.9498800039291382
805.0,0.9460920095443726
810.0,0.9476199746131897
815.0,0.9475719928741455
820.0,0.9480940103530884
825.0,0.9485960006713867
830.0,0.9466490149497986
835.0,0.9488890171051025
840.0,0.9481430053710938
845.0,0.9487540125846863
850.0,0.947022020816803
855.0,0.942654013633728
860.0,0.9442690014839172
865.0,0.9437209963798523
870.0,0.9439259767532349
875.0,0.9428859949111938
880.0,0.9444209933280945
885.0,0.9459159970283508
890.0,0.9461119771003723
895.0,0.9452999830245972
900.0,0.9445520639419556
905.0,0.9441270232200623
910.0,0.9436809420585632
915.0,0.942781388759613
920.0,0.9440624117851257
925.0,0.9423392415046692
930.0,0.9416952729225159
935.0,0.9425101280212402
940.0,0.9439592361450195
945.0,0.9414772391319275
950.0,0.9403514266014099
955.0,0.9411699771881104
960.0,0.936665952205658
965.0,0.9372362494468689
970.0,0.9338904619216919
975.0,0.9329598546028137
980.0,0.9315555095672607
985.0,0.9277116060256958
990.0,0.9269264936447144
995.0,0.923762857913971
1000.0,0.924713134765625
1004.9999999999999,0.9260979890823364
1010.0,0.9298689961433411
1014.9999999999999,0.9325569868087769
1020.0,0.9328140020370483
1025.0,0.9334080219268799
1030.0,0.937807023525238
1035.0,0.9384409785270691
1040.0,0.9400119781494141
1045.0,0.9426419734954834
1050.0,0.9416769742965698
1055.0,0.9427729845046997
1060.0,0.9419400095939636
1065.0,0.9431869983673096
1070.0,0.9430779814720154
1075.0,0.9445180296897888
1080.0,0.9429020285606384
1085.0,0.9443140029907227
1090.0,0.9421939849853516
1095.0,0.9403489828109741
1100.0,0.9407070279121399
1105.0,0.9409350156784058
1110.0,0.9406660199165344
1115.0,0.9388870000839233
1120.0,0.9390119910240173
1125.0,0.9385190010070801
1130.0,0.9370880126953125
1135.0,0.936011016368866
1140.0,0.9347919821739197
1145.0,0.9330509901046753
1150.0,0.9300469756126404
1155.0,0.9231950044631958
1160.0,0.9200249910354614
1165.0,0.9112120270729065
1170.0,0.9031500220298767
1175.0,0.8955190181732178
1180.0,0.8953059911727905
1185.0,0.8917829990386963
1190.0,0.891156017780304
1195.0,0.8909940123558044
1200.0,0.8910199999809265
1205.0,0.8898029923439026
1210.0,0.8888700008392334
1215.0,0.8946490287780762
1220.0,0.8977310061454773
1225.0,0.898377001285553
1230.0,0.8976380228996277
1235.0,0.8994789719581604
1240.0,0.9034079909324646
1245.0,0.9072604775428772
1250.0,0.9088335037231445
1255.0,0.9111654758453369
1260.0,0.9127070307731628
1265.0,0.9142924547195435
1270.0,0.9131277799606323
1275.0,0.9148476719856262
1280.0,0.9139277935028076
1285.0,0.9144072532653809
1290.0,0.9154919981956482
1295.0,0.9145818948745728
1300.0,0.9146185517311096
1305.0,0.9124090671539307
1310.0,0.9117264151573181
1315.0,0.909767210483551
1320.0,0.90742027759552
1325.0,0.903204619884491
1330.0,0.8992828130722046
1335.0,0.8942633271217346
1340.0,0.8884122967720032
1345.0,0.8841734528541565
1350.0,0.8766646981239319
1355.0,0.8700128197669983
1360.0,0.8643010258674622
1365.0,0.8601040244102478
1370.0,0.8554434180259705
1375.0,0.8514910340309143
1380.0,0.8475779294967651
1385.0,0.845143735408783
1390.0,0.8450422286987305
1395.0,0.8425709009170532
1400.0,0.8340466022491455
1405.0,0.8243075609207153
1410.0,0.8088492155075073
1415.0,0.7924712300300598
1420.0,0.7711859345436096
1425.0,0.7483840584754944
1430.0,0.736068606376648
1435.0,0.71555095911026
1440.0,0.6805164813995361
1445.0,0.642258882522583
1450.0,0.6398590207099915
1455.0,0.6688874959945679
1460.0,0.6907258629798889
1465.0,0.6994830369949341
1470.0,0.7062378525733948
1475.0,0.7094388604164124
1480.0,0.7110328674316406
1485.0,0.7075386643409729
1490.0,0.6959221363067627
1495.0,0.6978573203086853
1500.0,0.7129855751991272
1505.0,0.7329401969909668
1510.0,0.7439947724342346
1515.0,0.7509223818778992
1520.0,0.7500336766242981
1525.0,0.7484720349311829
1530.0,0.7444260716438293
1535.0,0.7389322519302368
1540.0,0.738086998462677
1545.0,0.7447381019592285
1550.0,0.756947934627533
1555.0,0.772627592086792
1560.0,0.7861090302467346
1565.0,0.7951375842094421
1570.0,0.8044214844703674
1575.0,0.8078928589820862
1580.0,0.8162998557090759
1585.0,0.8221769332885742
1590.0,0.8275020718574524
1595.0,0.8318940997123718
1600.0,0.8383602499961853
1605.0,0.8439688086509705
1610.0,0.8494643568992615
1615.0,0.8556379675865173
1620.0,0.8607931137084961
1625.0,0.863010823726654
1630.0,0.8681405186653137
1635.0,0.8715469241142273
1640.0,0.8763788938522339
1645.0,0.8796577453613281
1650.0,0.8817925453186035
1655.0,0.8847068548202515
1660.0,0.8865614533424377
1665.0,0.8881285786628723
1670.0,0.8895070552825928
1675.0,0.8898948431015015
1680.0,0.8887054324150085
1685.0,0.8847761750221252
1690.0,0.8843583464622498
1695.0,0.8770156502723694
1700.0,0.8710529804229736
1705.0,0.8605718612670898
1710.0,0.8505204319953918
1715.0,0.8373019695281982
1720.0,0.8217981457710266
1725.0,0.807075560092926
1730.0,0.7907456755638123
1735.0,0.7748228311538696
1740.0,0.7598597407341003
1745.0,0.7483735084533691
1750.0,0.7427864670753479
1755.0,0.7428719401359558
1760.0,0.7497105598449707
1765.0,0.7564586997032166
1770.0,0.7593779563903809
1775.0,0.7630171179771423
1780.0,0.7657032012939453
1785.0,0.7721853852272034
1790.0,0.7800372242927551
1795.0,0.7902074456214905
1800.0,0.7997360825538635
1805.0,0.805787205696106
1810.0,0.8116233348846436
1815.0,0.8153113722801208
1820.0,0.8183305263519287
1825.0,0.8204789757728577
1830.0,0.822109580039978
1835.0,0.8218686580657959
1840.0,0.8205128312110901
1845.0,0.8160922527313232
1850.0,0.812454879283905
1855.0,0.8052783608436584
1860.0,0.7949177622795105
1865.0,0.7804996371269226
1870.0,0.7654324173927307
1875.0,0.739470899105072
1880.0,0.7121884226799011
1885.0,0.6874822378158569
1890.0,0.6588385105133057
1895.0,0.6280819177627563
1900.0,0.6012665033340454
1905.0,0.5678519010543823
1910.0,0.5368784666061401
1915.0,0.5052561163902283
1920.0,0.46965181827545166
1925.0,0.42947790026664734
1930.0,0.3867628276348114
1935.0,0.342803418636322
1940.0,0.31374478340148926
1945.0,0.30358070135116577
1950.0,0.3065377473831177
1955.0,0.3248748779296875
1960.0,0.3623008728027344
1965.0,0.393156498670578
1970.0,0.4024946987628937
1975.0,0.4082036018371582
1980.0,0.41980093717575073
1985.0,0.43366119265556335
1990.0,0.44987601041793823
1995.0,0.480644166469574
2000.0,0.5264917612075806
2005.0,0.5727949738502502
2009.9999999999998,0.6081823110580444
2015.0000000000002,0.6333310008049011
2020.0,0.6531096696853638
2025.0,0.6660378575325012
2029.9999999999998,0.6776190400123596
2035.0000000000002,0.6859567165374756
2040.0,0.6929591298103333
2045.0,0.6994832158088684
2050.0,0.7025543451309204
2055.0,0.7054268717765808
2060.0,0.7045136094093323
2065.0,0.7024853229522705
2070.0,0.7013035416603088
2075.0,0.70176100730896
2080.0,0.7029468417167664
2085.0,0.7018299102783203
2090.0,0.6986756324768066
2095.0,0.6941680908203125
2100.0,0.6901727914810181
2105.0,0.6841245293617249
2110.0,0.6786836385726929
2115.0,0.6728883981704712
2120.0,0.665451169013977
2125.0,0.6612910628318787
2130.0,0.6546655893325806
2135.0,0.6503018736839294
2140.0,0.6451062560081482
2145.0,0.6412920951843262
2150.0,0.6358299255371094
2155.0,0.6300060153007507
2160.0,0.6231929063796997
2165.0,0.6171950101852417
2170.0,0.6113778352737427
2175.0,0.6065402626991272
2180.0,0.6032636761665344
2185.0,0.6021084189414978
2190.0,0.6005330681800842
2195.0,0.5974618792533875
2200.0,0.5941583514213562
2205.0,0.5860867500305176
2210.0,0.5792686343193054
2215.0,0.5719282627105713
2220.0,0.568341851234436
2225.0,0.5731276869773865
2230.0,0.5863791108131409
2235.0,0.5965167284011841
2240.0,0.6027581691741943
2245.0,0.6069870591163635
2250.0,0.6070597767829895
2255.0,0.6070392727851868
2260.0,0.6025336980819702
2265.0,0.5982744693756104
2270.0,0.5939646363258362
2275.0,0.596807599067688
2280.0,0.6091612577438354
2285.0,0.6172655820846558
2290.0,0.6230846047401428
2295.0,0.6276476383209229
2300.0,0.6309585571289062
2305.0,0.6320179104804993
2310.0,0.6328750252723694
2315.0,0.6320697069168091
2320.0,0.6313758492469788
2325.0,0.630154550075531
2330.0,0.6283491849899292
2335.0,0.6258847117424011
2340.0,0.6203650236129761
2345.0,0.6149815320968628
2350.0,0.6068726778030396
2355.0,0.6001780033111572
2360.0,0.5904986262321472
2365.0,0.5812222957611084
2370.0,0.5696656703948975
2375.0,0.5570292472839355
2380.0,0.5416007041931152
2385.0,0.5257429480552673
2390.0,0.5068655610084534
2395.0,0.4863843321800232
2400.0,0.4634661078453064
2405.0,0.4429040253162384
2410.0,0.4230572581291199
2415.0,0.40898463129997253
2420.0,0.39790311455726624
2425.0,0.3906979262828827
2430.0,0.38550278544425964
2435.0,0.3804531693458557
2440.0,0.37644097208976746
2445.0,0.374102920293808
2450.0,0.37308603525161743
2455.0,0.3709021806716919
2460.0,0.36640721559524536
2465.0,0.36176028847694397
2470.0,0.35532981157302856
2475.0,0.3486974239349365
2480.0,0.34382516145706177
2485.0,0.3428274989128113
2490.0,0.343112975358963
2495.0,0.34474045038223267
2500.0,0.3471197783946991
2505.0,0.3501337170600891
2510.0,0.353598415851593
2515.0,0.35615745186805725
2520.0,0.36144545674324036
2525.0,0.36283522844314575
2530.0,0.36489441990852356
2531.32,0.36476635932922363
2532.55,0.36463257670402527
2533.7900000000004,0.3644995093345642
2535.0299999999997,0.36436644196510315
2536.27,0.36438456177711487
2537.51,0.3644026517868042
2538.75,0.36441928148269653
2540.0,0.3644360303878784
2541.2400000000002,0.3643328845500946
2542.49,0.3642258644104004
2543.7400000000002,0.36410975456237793
2544.99,0.3639933168888092
2546.2400000000002,0.36312782764434814
2547.49,0.36223769187927246
2548.74,0.36135804653167725
2549.9900000000002,0.3604787290096283
2551.25,0.360482782125473
2552.5,0.3605158030986786
2553.76,0.360859215259552
2555.02,0.3612101972103119
2556.28,0.36043134331703186
2557.54,0.35964125394821167
2558.8,0.3586035370826721
2560.07,0.3575671315193176
2561.33,0.3568311929702759
2562.6000000000004,0.3561423718929291
2563.86,0.3565182685852051
2565.13,0.3568730652332306
2566.3999999999996,0.35691121220588684
2567.67,0.3567797839641571
2568.9500000000003,0.35515108704566956
2570.22,0.35373881459236145
2571.5,0.3535604178905487
2572.77,0.3533991575241089
2574.05,0.3533084988594055
2575.33,0.3532136082649231
2576.61,0.35310420393943787
2577.89,0.3528229892253876
2579.17,0.352085143327713
2580.46,0.3515971004962921
2581.74,0.3516380488872528
2583.0299999999997,0.3515109121799469
2584.31,0.35111185908317566
2585.6,0.35108160972595215
2586.89,0.3515363037586212
2588.19,0.3518228828907013
2589.48,0.351936936378479
2590.77,0.3517993688583374
2592.07,0.3514661192893982
2593.36,0.35078102350234985
2594.6600000000003,0.3498856723308563
2595.96,0.3503398001194
2597.2599999999998,0.35135164856910706
2598.56,0.35011225938796997
2599.8700000000003,0.34824126958847046
2601.17,0.3483029305934906
2602.48,0.3486558496952057
2603.78,0.3485267162322998
2605.09,0.3483486771583557
2606.3999999999996,0.34755003452301025
2607.71,0.34684446454048157
2609.03,0.34676143527030945
2610.3399999999997,0.3465794026851654
2611.6600000000003,0.34605830907821655
2612.97,0.3455455005168915
2614.29,0.34503796696662903
2615.61,0.344626784324646
2616.93,0.3443423807621002
2618.25,0.34420815110206604
2619.57,0.34420281648635864
2620.8999999999996,0.3437606692314148
2622.22,0.3430848717689514
2623.5499999999997,0.3426457643508911
2624.88,0.3422831594944
2626.21,0.3412986993789673
2627.5400000000004,0.34022900462150574
2628.87,0.3408980071544647
2630.21,0.34150320291519165
2631.5400000000004,0.34163370728492737
2632.88,0.3412263095378876
2634.21,0.3392486572265625
2635.5499999999997,0.33779919147491455
2636.8900000000003,0.3372329771518707
2638.2400000000002,0.33706238865852356
2639.58,0.33726179599761963
2640.92,0.33636102080345154
2642.27,0.3348739445209503
2643.62,0.3329911530017853
2644.97,0.3310093879699707
2646.3199999999997,0.3300122022628784
2647.67,0.3290500044822693
2649.02,0.32790836691856384
2650.38,0.32681038975715637
2651.73,0.3258756995201111
2653.09,0.3243994116783142
2654.4500000000003,0.3221356272697449
2655.81,0.3203493654727936
2657.1699999999996,0.318929523229599
2658.5299999999997,0.3171658217906952
2659.89,0.31527361273765564
2661.2599999999998,0.3130326569080353
2662.63,0.3107580244541168
2664.0,0.3085958659648895
2665.36,0.3066026568412781
2666.74,0.3050851821899414
2668.11,0.3032323122024536
2669.48,0.30089271068573
2670.8599999999997,0.29856500029563904
2672.23,0.2962735593318939
2673.61,0.29462358355522156
2674.9900000000002,0.29316431283950806
2676.37,0.29147598147392273
2677.76,0.2896019220352173
2679.14,0.2868698537349701
2680.52,0.28459033370018005
2681.91,0.28314754366874695
2683.3,0.2813319265842438
2684.6899999999996,0.27920737862586975
2686.08,0.2765301764011383
2687.47,0.27366703748703003
2688.87,0.27086037397384644
2690.2599999999998,0.26817214488983154
2691.6600000000003,0.26597023010253906
2693.06,0.2633941173553467
2694.46,0.26018476486206055
2695.86,0.2569253146648407
2697.26,0.25363045930862427
2698.66,0.25018900632858276
2700.07,0.24668094515800476
2701.48,0.24293772876262665
2702.89,0.239319309592247
2704.2999999999997,0.23607882857322693
2705.71,0.2323828637599945
2707.1200000000003,0.228183776140213
2708.53,0.22408896684646606
2709.9500000000003,0.2200096696615219
2711.37,0.21559956669807434
2712.79,0.21121850609779358
2714.21,0.20707818865776062
2715.63,0.20248785614967346
2717.05,0.19726459681987762
2718.48,0.19273705780506134
2719.9,0.18862099945545197
2721.33,0.18531738221645355
2722.76,0.18201832473278046
2724.19,0.17824116349220276
2725.6200000000003,0.174510195851326
2727.06,0.17082126438617706
2728.49,0.16747334599494934
2729.93,0.16426292061805725
2731.37,0.1603146195411682
2732.8100000000004,0.15626905858516693
2734.25,0.15206679701805115
2735.69,0.14789459109306335
2737.1400000000003,0.14373081922531128
2738.58,0.1398971974849701
2740.0299999999997,0.1361539214849472
2741.48,0.13224858045578003
2742.93,0.12839287519454956
2744.38,0.1246728003025055
2745.8300000000004,0.12113244086503983
2747.29,0.11771934479475021
2748.75,0.11408504098653793
2750.2,0.11040817201137543
2751.6600000000003,0.10652568936347961
2753.13,0.10254058986902237
2754.5899999999997,0.09846846014261246
2756.05,0.09522095322608948
2757.52,0.09232141822576523
2758.99,0.08876559138298035
2760.46,0.08537454158067703
2761.93,0.08241631090641022
2763.3999999999996,0.08020108193159103
2764.8700000000003,0.0785132572054863
2766.35,0.07665222883224487
2767.82,0.0748467892408371
2769.2999999999997,0.07330059260129929
2770.7799999999997,0.07168378680944443
2772.26,0.06999664008617401
2773.75,0.0681450217962265
2775.23,0.06639944016933441
2776.7200000000003,0.06551960110664368
2778.21,0.06464970111846924
2779.7000000000003,0.0637916699051857
2781.19,0.06247618794441223
2782.68,0.06109098345041275
2784.1800000000003,0.0603356659412384
2785.67,0.05964590236544609
2787.17,0.05903489515185356
2788.67,0.057877883315086365
2790.1699999999996,0.05661511421203613
2791.67,0.05611955747008324
2793.18,0.05574575066566467
2794.68,0.055543165653944016
2796.19,0.054729290306568146
2797.7,0.053850267082452774
2799.21,0.05403156951069832
2800.7200000000003,0.053752295672893524
2802.24,0.05290531367063522
2803.75,0.05207619443535805
2805.27,0.05135441944003105
2806.79,0.051247160881757736
2808.31,0.05080323666334152
2809.83,0.05003149062395096
2811.35,0.049636296927928925
2812.8799999999997,0.04932225123047829
2814.41,0.04908838868141174
2815.93,0.04871733859181404
2817.46,0.048244889825582504
2819.0,0.04858465492725372
2820.53,0.0484788753092289
2822.07,0.04733053967356682
2823.6,0.04648120328783989
2825.1400000000003,0.0457800067961216
2826.6800000000003,0.04541545361280441
2828.22,0.04519196227192879
2829.77,0.04514656960964203
2831.3100000000004,0.04464417323470116
2832.86,0.044234469532966614
2834.4100000000003,0.04456966742873192
2835.96,0.044190533459186554
2837.5099999999998,0.043321892619132996
2839.07,0.04280973598361015
2840.62,0.04217209666967392
2842.18,0.04130183905363083
2843.74,0.041228994727134705
2845.2999999999997,0.04126746952533722
2846.86,0.04066598415374756
2848.43,0.03974374383687973
2849.9900000000002,0.038586825132369995
2851.56,0.038466352969408035
2853.13,0.03798264265060425
2854.7,0.03683861345052719
2856.27,0.03639578819274902
2857.85,0.0363088957965374
2859.42,0.036888476461172104
2861.0,0.03673248365521431
2862.58,0.03611920773983002
2864.16,0.03627588227391243
2865.75,0.036726273596286774
2867.33,0.037534356117248535
2868.92,0.037742819637060165
2870.5099999999998,0.03804679214954376
2872.1,0.03879721835255623
2873.69,0.03971289098262787
2875.28,0.04067473113536835
2876.88,0.041544970124959946
2878.48,0.04164866730570793
2880.0699999999997,0.04123655706644058
2881.68,0.04186651483178139
2883.28,0.04233727976679802
2884.88,0.04262760281562805
2886.49,0.043134015053510666
2888.1,0.043484512716531754
2889.71,0.04349838197231293
2891.3199999999997,0.043866030871868134
2892.93,0.044306300580501556
2894.55,0.04469083249568939
2896.16,0.044758666306734085
2897.78,0.044671665877103806
2899.4,0.04448745772242546
2901.03,0.04487141966819763
2902.65,0.0456567145884037
2904.2799999999997,0.04697110503911972
2905.91,0.04781407117843628
2907.54,0.04824500158429146
2909.17,0.04876146838068962
2910.8,0.04943274334073067
2912.44,0.05028633773326874
2914.07,0.050658416002988815
2915.7099999999996,0.05124857649207115
2917.35,0.0521964430809021
2918.99,0.05312438681721687
2920.6400000000003,0.05408734083175659
2922.29,0.05510597303509712
2923.93,0.05542943626642227
2925.58,0.05534674599766731
2927.24,0.054677192121744156
2928.89,0.05409220606088638
2930.55,0.05374988168478012
2932.2,0.05392074957489967
2933.86,0.054305173456668854
2935.52,0.0545039176940918
2937.19,0.05410934239625931
2938.85,0.05345473065972328
2940.52,0.052927691489458084
2942.19,0.05290203168988228
2943.86,0.05309026688337326
2945.53,0.05314430221915245
2947.21,0.052736155688762665
2948.88,0.052681948989629745
2950.56,0.052441272884607315
2952.2400000000002,0.05159114673733711
2953.92,0.051345545798540115
2955.61,0.0515555776655674
2957.29,0.0523989200592041
2958.98,0.05272843316197395
2960.67,0.05319792032241821
2962.3599999999997,0.05405469983816147
2964.06,0.054373156279325485
2965.75,0.05495459958910942
2967.45,0.055996060371398926
2969.15,0.0564359612762928
2970.85,0.056669846177101135
2972.55,0.05671703815460205
2974.26,0.05721106380224228
2975.97,0.05735074356198311
2977.68,0.05726349726319313
2979.39,0.05796303600072861
2981.1,0.05871644616127014
2982.8199999999997,0.059419453144073486
2984.5299999999997,0.05966930463910103
2986.25,0.05977548286318779
2987.97,0.05998273938894272
2989.7,0.0606805756688118
2991.42,0.061195388436317444
2993.15,0.06152743101119995
2994.88,0.06159991770982742
2996.61,0.06172207370400429
2998.3399999999997,0.06183936819434166
3000.08,0.06195850297808647
3001.8199999999997,0.06281866133213043
3003.55,0.06348404288291931
3005.3,0.06401146203279495
3007.04,0.0645027831196785
3008.7799999999997,0.06497534364461899
3010.53,0.06544983386993408
3012.28,0.0659429281949997
3014.03,0.06620903313159943
3015.79,0.06685898452997208
3017.54,0.06808628141880035
3019.2999999999997,0.06806198507547379
3021.06,0.06837978214025497
3022.8199999999997,0.06900021433830261
3024.58,0.06985923647880554
3026.35,0.07040631771087646
3028.12,0.07087884843349457
3029.89,0.07143551111221313
3031.66,0.07197782397270203
3033.4300000000003,0.07256603240966797
3035.21,0.0732475221157074
3036.99,0.07435352355241776
3038.77,0.07495449483394623
3040.55,0.0753801017999649
3042.3300000000004,0.0759502500295639
3044.12,0.07680553197860718
3045.9100000000003,0.07755115628242493
3047.7,0.07812163978815079
3049.4900000000002,0.07853827625513077
3051.29,0.07884261757135391
3053.08,0.07918129116296768
3054.8799999999997,0.07973097264766693
3056.6800000000003,0.0808168426156044
3058.49,0.0813821405172348
3060.29,0.08144491165876389
3062.1,0.08174964040517807
3063.91,0.08226519823074341
3065.72,0.0826767235994339
3067.54,0.08279328793287277
3069.35,0.08297707885503769
3071.17,0.08298587054014206
3072.99,0.08277498930692673
3074.81,0.08222068846225739
3076.64,0.0820310041308403
3078.47,0.08166113495826721
3080.2900000000004,0.081123948097229
3082.1299999999997,0.08099670708179474
3083.96,0.08125010132789612
3085.79,0.08185407519340515
3087.6299999999997,0.08286023885011673
3089.47,0.08489948511123657
3091.31,0.08665399998426437
3093.1600000000003,0.08841749280691147
3095.0099999999998,0.09044872224330902
3096.85,0.09248365461826324
3098.71,0.09458772093057632
3100.5600000000004,0.09668516367673874
3102.41,0.09872283041477203
3104.27,0.10057107359170914
3106.1299999999997,0.10238078981637955
3107.9900000000002,0.1039377972483635
3109.8599999999997,0.10473466664552689
3111.73,0.10634483397006989
3113.5899999999997,0.10820002853870392
3115.4700000000003,0.10990209877490997
3117.34,0.11054877191781998
3119.21,0.11106660962104797
3121.09,0.1118546575307846
3122.97,0.11297261714935303
3124.86,0.11444773524999619
3126.74,0.11587712168693542
3128.6299999999997,0.11728236824274063
3130.52,0.1186106950044632
3132.4100000000003,0.11976827681064606
3134.3,0.1211925521492958
3136.2000000000003,0.1224006935954094
3138.1,0.1236388087272644
3140.0,0.12534338235855103
3141.9,0.12763552367687225
3143.8100000000004,0.13006527721881866
3145.7099999999996,0.13253502547740936
3147.62,0.1349823921918869
3149.54,0.1366807520389557
3151.4500000000003,0.1385250687599182
3153.37,0.14065013825893402
3155.29,0.1431654840707779
3157.21,0.14640024304389954
3159.13,0.14905112981796265
3161.06,0.15144209563732147
3162.9900000000002,0.15370972454547882
3164.92,0.15601463615894318
3166.8500000000004,0.15846160054206848
3168.79,0.16106532514095306
3170.7200000000003,0.16370144486427307
3172.67,0.16631563007831573
3174.61,0.16901856660842896
3176.55,0.1716611236333847
3178.5,0.17384037375450134
3180.45,0.17563357949256897
3182.4,0.17780427634716034
3184.3599999999997,0.1805652379989624
3186.3199999999997,0.18282021582126617
3188.27,0.18471065163612366
3190.2400000000002,0.1865573525428772
3192.2000000000003,0.1886710226535797
3194.17,0.19064511358737946
3196.1400000000003,0.19267602264881134
3198.1099999999997,0.19485364854335785
3200.08,0.19720609486103058
3202.06,0.19873641431331635
3204.04,0.200266033411026
3206.02,0.20212414860725403
3208.0,0.20425140857696533
3209.99,0.20614074170589447
3211.98,0.2078685760498047
3213.9700000000003,0.20985832810401917
3215.96,0.211817666888237
3217.96,0.21357408165931702
3219.96,0.215144082903862
3221.96,0.21663780510425568
3223.96,0.21826060116291046
3225.97,0.21988463401794434
3227.98,0.22143656015396118
3229.99,0.2229985147714615
3232.0,0.22494468092918396
3234.02,0.226626917719841
3236.04,0.22812221944332123
3238.06,0.22966188192367554
3240.08,0.23157668113708496
3242.1099999999997,0.23319099843502045
3244.14,0.2347274273633957
3246.17,0.23665012419223785
3248.2000000000003,0.23895610868930817
3250.24,0.24130424857139587
3252.2799999999997,0.24286119639873505
3254.3199999999997,0.24398672580718994
3256.37,0.24547407031059265
3258.41,0.24714186787605286
3260.46,0.24880467355251312
3262.5099999999998,0.25066035985946655
3264.57,0.25243136286735535
3266.63,0.2540968060493469
3268.69,0.2555413842201233
3270.75,0.2570398449897766
3272.8100000000004,0.2588748633861542
3274.88,0.26026201248168945
3276.95,0.2616974711418152
3279.02,0.2632874548435211
3281.1,0.2649618685245514
3283.1800000000003,0.2667984962463379
3285.26,0.26896336674690247
3287.34,0.2710362672805786
3289.43,0.2730426490306854
3291.51,0.2750922739505768
3293.61,0.2772911489009857
3295.7000000000003,0.2795592248439789
3297.8,0.2817997336387634
3299.9,0.2841074466705322
3302.0,0.2861480712890625
3304.1,0.2881355583667755
3306.21,0.2900616526603699
3308.32,0.29192090034484863
3310.4300000000003,0.2937732934951782
3312.5499999999997,0.2957490086555481
3314.66,0.2977368235588074
3316.79,0.2995692193508148
3318.91,0.3013775050640106
3321.0299999999997,0.30314522981643677
3323.1600000000003,0.3048264980316162
3325.29,0.30641013383865356
3327.4300000000003,0.30785584449768066
3329.5699999999997,0.3090475797653198
3331.71,0.31070026755332947
3333.85,0.3125481903553009
3335.99,0.31430697441101074
3338.1400000000003,0.3158401548862457
3340.29,0.3172030448913574
3342.45,0.3187181055545807
3344.6,0.32014742493629456
3346.76,0.3215489387512207
3348.92,0.3227020800113678
3351.09,0.32381778955459595
3353.26,0.32516366243362427
3355.4300000000003,0.32677897810935974
3357.6000000000004,0.32845205068588257
3359.78,0.33013543486595154
3361.96,0.33147040009498596
3364.14,0.3326662480831146
3366.32,0.3338054120540619
3368.51,0.3351539671421051
3370.7,0.33679330348968506
3372.89,0.33845412731170654
3375.09,0.3401273190975189
3377.29,0.341558039188385
3379.4900000000002,0.34278160333633423
3381.69,0.34421074390411377
3383.9,0.34580743312835693
3386.11,0.347316175699234
3388.32,0.3486388623714447
3390.54,0.3500387668609619
3392.76,0.3518819212913513
3394.98,0.3533889055252075
3397.21,0.35450682044029236
3399.4300000000003,0.35582563281059265
3401.6600000000003,0.3571483790874481
3403.9,0.3583987057209015
3406.13,0.3596549928188324
3408.3700000000003,0.3607921004295349
3410.61,0.3616168200969696
3412.8599999999997,0.36248713731765747
3415.1099999999997,0.3636201322078705
3417.36,0.36511582136154175
3419.61,0.36625707149505615
3421.8700000000003,0.36714479327201843
3424.13,0.367969810962677
3426.39,0.3688368797302246
3428.66,0.36975324153900146
3430.93,0.3706906735897064
3433.2,0.3716404139995575
3435.48,0.3726426362991333
3437.7599999999998,0.37380194664001465
3440.0400000000004,0.3746374249458313
3442.32,0.375509113073349
3444.61,0.37627702951431274
3446.8999999999996,0.3770308196544647
3449.19,0.3779529333114624
3451.4900000000002,0.37904587388038635
3453.79,0.3802339732646942
3456.09,0.3812563121318817
3458.4,0.38195040822029114
3460.7000000000003,0.3825375437736511
3463.0200000000004,0.38327187299728394
3465.33,0.38403385877609253
3467.65,0.3848153352737427
3469.97,0.38558295369148254
3472.29,0.3865559697151184
3474.62,0.3873880207538605
3476.95,0.3881109654903412
3479.2900000000004,0.38900384306907654
3481.62,0.3900369107723236
3483.96,0.39093440771102905
3486.3,0.39168092608451843
3488.6499999999996,0.3925321400165558
3491.0,0.3934634029865265
3493.35,0.3941862881183624
3495.71,0.3947563171386719
3498.0699999999997,0.3955415189266205
3500.4300000000003,0.3965536952018738
3502.79,0.3972513973712921
3505.16,0.39804062247276306
3507.53,0.39879289269447327
3509.9100000000003,0.3998289406299591
3512.29,0.4004637897014618
3514.67,0.40091028809547424
3517.0499999999997,0.4012991786003113
3519.44,0.4019496440887451
3521.83,0.4024522006511688
3524.23,0.40294408798217773
3526.62,0.4034300148487091
3529.02,0.40403929352760315
3531.43,0.40460261702537537
3533.83,0.40509188175201416
3536.24,0.4055761992931366
3538.6600000000003,0.40585261583328247
3541.08,0.4061752259731293
3543.5,0.40698108077049255
3545.92,0.4078752398490906
3548.35,0.40853235125541687
3550.78,0.4091913402080536
3553.21,0.40987372398376465
3555.65,0.41048505902290344
3558.09,0.4112018644809723
3560.5299999999997,0.41214126348495483
3562.98,0.41310054063796997
3565.4300000000003,0.41338521242141724
3567.88,0.4133087694644928
3570.3399999999997,0.41394421458244324
3572.8,0.4153110384941101
3575.27,0.41596412658691406
3577.73,0.41603371500968933
3580.2000000000003,0.41658127307891846
3582.68,0.4174138009548187
3585.1600000000003,0.41805869340896606
3587.64,0.41912519931793213
3590.1200000000003,0.42055079340934753
3592.61,0.42221346497535706
3595.1,0.42321357131004333
3597.6,0.42380648851394653
3600.0899999999997,0.42436718940734863
3602.6,0.4254392385482788
3605.1000000000004,0.4262920916080475
3607.61,0.42782750725746155
3610.1200000000003,0.4291348159313202
3612.64,0.4297064542770386
3615.16,0.4305247664451599
3617.68,0.43149831891059875
3620.21,0.43259772658348083
3622.74,0.4332093596458435
3625.27,0.433842271566391
3627.8100000000004,0.43457603454589844
3630.35,0.43536561727523804
3632.8900000000003,0.4363992512226105
3635.44,0.43751633167266846
3637.99,0.43824684619903564
3640.54,0.43875691294670105
3643.1,0.43942931294441223
3645.66,0.44027695059776306
3648.23,0.4413476586341858
3650.7999999999997,0.44253024458885193
3653.37,0.44340428709983826
3655.95,0.4440830945968628
3658.5299999999997,0.4447992444038391
3661.1099999999997,0.445393830537796
3663.7,0.4460185766220093
3666.29,0.4467381238937378
3668.8900000000003,0.4473471939563751
3671.48,0.4479214549064636
3674.09,0.4487850069999695
3676.6899999999996,0.4497453272342682
3679.3,0.45050331950187683
3681.91,0.4510291814804077
3684.53,0.45153486728668213
3687.15,0.4519900977611542
3689.7799999999997,0.45260870456695557
3692.4,0.4529396593570709
3695.04,0.453399658203125
3697.67,0.4538379907608032
3700.31,0.4545440971851349
3702.95,0.45515865087509155
3705.6,0.4556843936443329
3708.25,0.4560159742832184
3710.9100000000003,0.456203430891037
3713.5600000000004,0.45641860365867615
3716.23,0.45677754282951355
3718.89,0.4571593999862671
3721.5600000000004,0.4576147794723511
3724.23,0.4581787586212158
3726.9100000000003,0.4586006999015808
3729.59,0.4586319029331207
3732.2799999999997,0.4589424729347229
3734.9700000000003,0.45967525243759155
3737.66,0.46024835109710693
3740.36,0.4606735408306122
3743.06,0.460913747549057
3745.76,0.46119847893714905
3748.4700000000003,0.46161210536956787
3751.1800000000003,0.46193450689315796
3753.8999999999996,0.46210232377052307
3756.62,0.4622628688812256
3759.3399999999997,0.4624857008457184
3762.07,0.46284353733062744
3764.8,0.463289350271225
3767.54,0.46369263529777527
3770.28,0.46405068039894104
3773.02,0.46449241042137146
3775.77,0.46501070261001587
3778.52,0.46539103984832764
3781.28,0.4654836356639862
3784.04,0.46549466252326965
3786.7999999999997,0.4658665359020233
3789.5699999999997,0.46650341153144836
3792.3399999999997,0.4669840633869171
3795.12,0.4667731523513794
3797.8999999999996,0.4669977128505707
3800.69,0.4674229919910431
3803.47,0.4676220715045929
3806.27,0.4677075743675232
3809.06,0.46800607442855835
3811.8599999999997,0.4683617651462555
3814.67,0.4687650501728058
3817.48,0.4691861867904663
3820.29,0.46920374035835266
3823.1099999999997,0.46923714876174927
3825.93,0.46928173303604126
3828.7599999999998,0.4691835641860962
3831.5899999999997,0.4692799746990204
3834.42,0.46961143612861633
3837.26,0.46956491470336914
3840.1,0.4688705801963806
3842.9500000000003,0.46881797909736633
3845.8,0.4689672291278839
3848.65,0.4689252972602844
3851.51,0.4685176908969879
3854.38,0.4677390456199646
3857.24,0.46682268381118774
3860.1200000000003,0.46595004200935364
3862.99,0.4646437466144562
3865.8700000000003,0.46320754289627075
3868.7599999999998,0.4619695544242859
3871.6499999999996,0.46115732192993164
3874.54,0.4609757363796234
3877.44,0.46188756823539734
3880.3399999999997,0.4630163609981537
3883.25,0.4640311300754547
3886.16,0.46520546078681946
3889.0699999999997,0.466338187456131
3891.99,0.46701779961586
3894.92,0.46736741065979004
3897.85,0.4678511917591095
3900.78,0.46792545914649963
3903.72,0.4678097069263458
3906.66,0.467619389295578
3909.6000000000004,0.4673195779323578
3912.55,0.4671640694141388
3915.5099999999998,0.4665037989616394
3918.4700000000003,0.46613577008247375
3921.43,0.46591195464134216
3924.4,0.46556925773620605
3927.3799999999997,0.46510010957717896
3930.35,0.46448925137519836
3933.3300000000004,0.46351319551467896
3936.3199999999997,0.46269071102142334
3939.31,0.4619820713996887
3942.31,0.4610557556152344
3945.31,0.4601079523563385
3948.3100000000004,0.45901843905448914
3951.32,0.457780659198761
3954.34,0.45645013451576233
3957.35,0.45478275418281555
3960.3799999999997,0.45320022106170654
3963.4100000000003,0.45148295164108276
3966.44,0.44962093234062195
3969.48,0.44780874252319336
3972.52,0.4462776482105255
3975.5600000000004,0.4450206458568573
3978.61,0.4446777105331421
3981.6699999999996,0.44518059492111206
3984.73,0.44590258598327637
3987.8,0.4461439549922943
3990.8700000000003,0.44635432958602905
3993.9399999999996,0.44674524664878845
3997.02,0.4470899999141693
4000.1,0.4470777213573456
4003.19,0.44656822085380554
4006.29,0.445665568113327
4009.39,0.44480040669441223
4012.49,0.44394153356552124
4015.6,0.4430670142173767
4018.7099999999996,0.4423082768917084
4021.8299999999995,0.4416392743587494
4024.9499999999994,0.4408881366252899
4028.08,0.4398106336593628
4031.2099999999996,0.43853428959846497
4034.35,0.4374181032180786
4037.4900000000002,0.43623074889183044
4040.64,0.4350201189517975
4043.7900000000004,0.43394795060157776
4046.94,0.4328716993331909
4050.11,0.4315922260284424
4053.2700000000004,0.43017828464508057
4056.44,0.42868292331695557
4059.62,0.4273850917816162
4062.8,0.4261089563369751
4065.9900000000002,0.4243320822715759
4069.1800000000003,0.422577828168869
4072.38,0.42120346426963806
4075.5800000000004,0.4199732840061188
4078.78,0.4185820519924164
4082.0,0.41706645488739014
4085.21,0.41553542017936707
4088.43,0.413743257522583
4091.66,0.412114679813385
4094.8900000000003,0.4108579456806183
4098.13,0.4093279540538788
4101.37,
4104.62,
4107.87,
4111.13,
4114.39,
4117.66,
4120.93,
4124.21,
4127.5,
4130.79,
4134.08,
4137.38,
4140.679999999999,
4143.99,
4147.31,
4150.629999999999,
4153.95,
4157.29,
4160.62,
4163.96,
4167.3099999999995,
4170.66,
4174.0199999999995,
4177.39,
4180.75,
4184.13,
4187.509999999999,
4190.889999999999,
4194.28,
4197.68,
4201.08,
4204.49,
4207.900000000001,
4211.32,
4214.74,
4218.17,
4221.61,
4225.05,
4228.5,
4231.950000000001,
4235.400000000001,
4238.870000000001,
4242.34,
4245.8099999999995,
4249.29,
4252.78,
4256.2699999999995,
4259.7699999999995,
4263.27,
4266.78,
4270.29,
4273.81,
4277.34,
4280.87,
4284.41,
4287.950000000001,
4291.5,
4295.06,
4298.62,
4302.1900000000005,
4305.76,
4309.34,
4312.92,
4316.5199999999995,
4320.11,
4323.719999999999,
4327.320000000001,
4330.94,
4334.5599999999995,
4338.19,
4341.820000000001,
4345.46,
4349.11,
4352.76,
4356.42,
4360.08,
4363.75,
4367.429999999999,
4371.11,
4374.799999999999,
4378.49,
4382.19,
4385.900000000001,
4389.610000000001,
4393.33,
4397.0599999999995,
4400.79,
4404.530000000001,
4408.280000000001,
4412.03,
4415.79,
4419.55,
4423.320000000001,
4427.1,
4430.88,
4434.68,
4438.469999999999,
4442.280000000001,
4446.08,
4449.900000000001,
4453.719999999999,
4457.55,
4461.389999999999,
4465.2300000000005,
4469.08,
4472.9400000000005,
4476.8,
4480.67,
4484.549999999999,
4488.43,
4492.320000000001,
4496.21,
4500.12,
4504.030000000001,
4507.94,
4511.87,
4515.799999999999,
4519.7300000000005,
4523.679999999999,
4527.63,
4531.589999999999,
4535.55,
4539.52,
4543.5,
4547.49,
4551.48,
4555.4800000000005,
4559.490000000001,
4563.5,
4567.52,
4571.55,
4575.580000000001,
4579.63,
4583.67,
4587.73,
4591.79,
4595.86,
4599.9400000000005,
4604.03,
4608.120000000001,
4612.219999999999,
4616.33,
4620.4400000000005,
4624.5599999999995,
4628.69,
4632.83,
4636.97,
4641.12,
4645.28,
4649.45,
4653.62,
4657.8,
4661.990000000001,
4666.1900000000005,
4670.39,
4674.599999999999,
4678.82,
4683.049999999999,
4687.280000000001,
4691.5199999999995,
4695.77,
4700.03,
4704.3,
4708.57,
4712.85,
4717.139999999999,
4721.429999999999,
4725.74,
4730.05,
4734.37,
4738.7,
4743.03,
4747.38,
4751.7300000000005,
4756.09,
4760.45,
4764.83,
4769.21,
4773.6,
4778.0,
4782.41,
4786.83,
4791.25,
4795.68,
4800.13,
4804.57,
4809.03,
4813.5,
4817.97,
4822.45,
4826.94,
4831.44,
4835.950000000001,
4840.46,
4844.99,
4849.52,
4854.0599999999995,
4858.61,
4863.17,
4867.73,
4872.3099999999995,
4876.89,
4881.48,
4886.08,
4890.6900000000005,
4895.31,
4899.94,
4904.57,
4909.22,
4913.87,
4918.53,
4923.21,
4927.88,
4932.57,
4937.2699999999995,
4941.9800000000005,
4946.6900000000005,
4951.42,
4956.15,
4960.9,
4965.650000000001,
4970.41,
4975.18,
4979.96,
4984.75,
4989.54,
4994.349999999999,
4999.17,
5003.99,
5008.83,
5013.67,
5018.5199999999995,
5023.39,
5028.26,
5033.14,
5038.03,
5042.93,
5047.84,
5052.76,
5057.69,
5062.63,
5067.580000000001,
5072.54,
5077.51,
5082.49,
5087.469999999999,
5092.469999999999,
5097.48,
5102.5,
5107.52,
5112.56,
5117.61,
5122.66,
5127.73,
5132.81,
5137.889999999999,
5142.99,
5148.1,
5153.22,
5158.34,
5163.48,
5168.63,
5173.79,
5178.96,
5184.13,
5189.320000000001,
5194.5199999999995,
5199.73,
5204.96,
5210.19,
5215.429999999999,
5220.679999999999,
5225.94,
5231.22,
5236.5,
5241.79,
5247.099999999999,
5252.42,
5257.74,
5263.080000000001,
5268.43,
5273.79,
5279.16,
5284.54,
5289.93,
5295.34,
5300.75,
5306.18,
5311.61,
5317.0599999999995,
5322.5199999999995,
5327.99,
5333.47,
5338.96,
5344.47,
5349.9800000000005,
5355.51,
5361.049999999999,
5366.6,
5372.16,
5377.73,
5383.320000000001,
5388.91,
5394.52,
5400.14,
5405.77,
5411.41,
5417.07,
5422.74,
5428.410000000001,
5434.1,
5439.8099999999995,
5445.52,
5451.25,
5456.98,
5462.73,
5468.5,
5474.2699999999995,
5480.0599999999995,
5485.86,
5491.67,
5497.49,
5503.33,
5509.179999999999,
5515.04,
5520.91,
5526.799999999999,
5532.69,
5538.610000000001,
5544.53,
5550.469999999999,
5556.41,
5562.38,
5568.349999999999,
5574.34,
5580.339999999999,
5586.35,
5592.38,
5598.42,
5604.47,
5610.54,
5616.61,
5622.71,
5628.8099999999995,
5634.929999999999,
5641.06,
5647.21,
5653.360000000001,
5659.54,
5665.72,
5671.92,
5678.13,
5684.36,
5690.599999999999,
5696.85,
5703.12,
5709.4,
5715.6900000000005,
5722.0,
5728.33,
5734.66,
5741.01,
5747.38,
5753.76,
5760.150000000001,
5766.56,
5772.98,
5779.410000000001,
5785.86,
5792.33,
5798.8099999999995,
5805.3,
5811.81,
5818.33,
5824.87,
5831.419999999999,
5837.99,
5844.57,
5851.17,
5857.78,
5864.410000000001,
5871.05,
5877.7,
5884.38,
5891.06,
5897.76,
5904.4800000000005,
5911.21,
5917.96,
5924.7300000000005,
5931.5,
5938.3,
5945.11,
5951.93,
5958.78,
5965.63,
5972.51,
5979.39,
5986.3,
5993.22,
6000.16,
6007.11,
6014.08,
6021.06,
6028.06,
6035.08,
6042.12,
6049.17,
6056.2300000000005,
6063.32,
6070.42,
6077.530000000001,
6084.67,
6091.820000000001,
6098.9800000000005,
6106.17,
6113.37,
6120.58,
6127.82,
6135.07,
6142.34,
6149.63,
6156.93,
6164.25,
6171.59,
6178.950000000001,
6186.320000000001,
6193.71,
6201.120000000001,
6208.54,
6215.99,
6223.45,
6230.93,
6238.43,
6245.95,
6253.48,
6261.03,
6268.6,
6276.19,
6283.8,
6291.43,
6299.070000000001,
6306.73,
6314.42,
6322.12,
6329.84,
6337.570000000001,
6345.33,
6353.11,
6360.9,
6368.719999999999,
6376.55,
6384.400000000001,
6392.2699999999995,
6400.17,
6408.08,
6416.01,
6423.96,
6431.93,
6439.92,
6447.93,
6455.96,
6464.01,
6472.08,
6480.17,
6488.28,
6496.41,
6504.5599999999995,
6512.7300000000005,
6520.92,
6529.14,
6537.37,
6545.63,
6553.9,
6562.2,
6570.509999999999,
6578.85,
6587.21,
6595.589999999999,
6603.99,
6612.42,
6620.860000000001,
6629.330000000001,
6637.82,
6646.33,
6654.860000000001,
6663.41,
6671.99,
6680.589999999999,
6689.21,
6697.849999999999,
6706.509999999999,
6715.200000000001,
6723.91,
6732.64,
6741.4,
6750.18,
6758.9800000000005,
6767.8,
6776.65,
6785.52,
6794.41,
6803.33,
6812.2699999999995,
6821.23,
6830.219999999999,
6839.23,
6848.26,
6857.32,
6866.4,
6875.51,
6884.64,
6893.799999999999,
6902.9800000000005,
6912.18,
6921.41,
6930.66,
6939.94,
6949.24,
6958.57,
6967.92,
6977.299999999999,
6986.7,
6996.13,
7005.59,
7015.07,
7024.57,
7034.099999999999,
7043.66,
7053.25,
7062.85,
7072.49,
7082.150000000001,
7091.84,
7101.549999999999,
7111.3,
7121.0599999999995,
7130.860000000001,
7140.679999999999,
7150.53,
7160.41,
7170.3099999999995,
7180.240000000001,
7190.2,
7200.1900000000005,
7210.200000000001,
7220.240000000001,
7230.31,
7240.41,
7250.54,
7260.6900000000005,
7270.88,
7281.09,
7291.33,
7301.599999999999,
7311.9,
7322.219999999999,
7332.58,
7342.97,
7353.379999999999,
7363.83,
7374.3,
7384.8099999999995,
7395.34,
7405.910000000001,
7416.5,
7427.13,
7437.78,
7448.47,
7459.1900000000005,
7469.9400000000005,
7480.71,
7491.52,
7502.37,
7513.24,
7524.14,
7535.08,
7546.05,
7557.05,
7568.08,
7579.150000000001,
7590.24,
7601.37,
7612.53,
7623.7300000000005,
7634.96,
7646.219999999999,
7657.51,
7668.84,
7680.2,
7691.59,
7703.02,
7714.49,
7725.98,
7737.5199999999995,
7749.08,
7760.679999999999,
7772.32,
7783.99,
7795.69,
7807.43,
7819.21,
7831.0199999999995,
7842.87,
7854.75,
7866.67,
7878.62,
7890.62,
7902.64,
7914.71,
7926.8099999999995,
7938.95,
7951.13,
7963.339999999999,
7975.59,
7987.879999999999,
8000.209999999999,
8012.570000000001,
8024.98,
8037.419999999999,
8049.899999999999,
8062.419999999999,
8074.9800000000005,
8087.57,
8100.210000000001,
8112.89,
8125.6,
8138.360000000001,
8151.160000000001,
8163.99,
8176.869999999999,
8189.79,
8202.75,
8215.75,
8228.79,
8241.87,
8254.99,
8268.16,
8281.37,
8294.62,
8307.91,
8321.24,
8334.619999999999,
8348.039999999999,
8361.51,
8375.019999999999,
8388.57,
8402.16,
8415.800000000001,
8429.49,
8443.22,
8456.99,
8470.81,
8484.67,
8498.58,
8512.539999999999,
8526.54,
8540.58,
8554.68,
8568.82,
8583.0,
8597.24,
8611.52,
8625.85,
8640.230000000001,
8654.65,
8669.119999999999,
8683.640000000001,
8698.21,
8712.83,
8727.5,
8742.22,
8756.99,
8771.800000000001,
8786.67,
8801.589999999998,
8816.560000000001,
8831.58,
8846.65,
8861.77,
8876.939999999999,
8892.17,
8907.45,
8922.779999999999,
8938.16,
8953.6,
8969.09,
8984.640000000001,
9000.23,
9015.890000000001,
9031.59,
9047.359999999999,
9063.17,
9079.050000000001,
9094.97,
9110.960000000001,
9127.0,
9143.1,
9159.25,
9175.46,
9191.73,
9208.06,
9224.439999999999,
9240.880000000001,
9257.38,
9273.94,
9290.56,
9307.24,
9323.980000000001,
9340.78,
9357.64,
9374.57,
9391.550000000001,
9408.59,
9425.7,
9442.869999999999,
9460.1,
9477.4,
9494.75,
9512.17,
9529.66,
9547.21,
9564.83,
9582.5,
9600.25,
9618.06,
9635.94,
9653.88,
9671.89,
9689.970000000001,
9708.119999999999,
9726.33,
9744.619999999999,
9762.97,
9781.39,
9799.88,
9818.44,
9837.070000000002,
9855.77,
9874.539999999999,
9893.39,
9912.3,
9931.29,
9950.36,
9969.49,
9988.699999999999,
10007.98,
10027.34,
10046.77,
10066.28,
10085.869999999999,
10105.53,
10125.26,
10145.08,
10164.970000000001,
10184.939999999999,
10204.99,
10225.12,
10245.33,
10265.61,
10285.98,
10306.43,
10326.96,
10347.57,
10368.27,
10389.05,
10409.91,
10430.859999999999,
10451.88,
10473.0,
10494.199999999999,
10515.49,
10536.86,
10558.32,
10579.869999999999,
10601.5,
10623.23,
10645.039999999999,
10666.94,
10688.94,
10711.02,
10733.2,
10755.470000000001,
10777.83,
10800.28,
10822.83,
10845.470000000001,
10868.21,
10891.04,
10913.970000000001,
10936.99,
10960.119999999999,
10983.34,
11006.66,
11030.07,
11053.59,
11077.21,
11100.93,
11124.75,
11148.68,
11172.710000000001,
11196.84,
11221.07,
11245.41,
11269.859999999999,
11294.41,
11319.07,
11343.84,
11368.72,
11393.7,
11418.8,
11444.01,
11469.33,
11494.76,
11520.300000000001,
11545.96,
11571.730000000001,
11597.619999999999,
11623.62,
11649.74,
11675.98,
11702.34,
11728.81,
11755.41,
11782.130000000001,
11808.960000000001,
11835.92,
11863.009999999998,
11890.22,
11917.550000000001,
11945.01,
11972.6,
12000.310000000001,
12028.16,
12056.13,
12084.23,
12112.460000000001,
12140.83,
12169.33,
12197.960000000001,
12226.73,
12255.64,
12284.68,
12313.86,
12343.18,
12372.640000000001,
12402.240000000002,
12431.98,
12461.86,
12491.89,
12522.07,
12552.38,
12582.85,
12613.47,
12644.23,
12675.15,
12706.210000000001,
12737.43,
12768.81,
12800.33,
12832.02,
12863.86,
12895.86,
12928.02,
12960.34,
12992.82,
13025.460000000001,
13058.27,
13091.25,
13124.39,
13157.7,
13191.179999999998,
13224.83,
13258.660000000002,
13292.65,
13326.83,
13361.17,
13395.699999999999,
13430.400000000001,
13465.289999999999,
13500.349999999999,
13535.6,
13571.03,
13606.65,
13642.46,
13678.46,
13714.64,
13751.02,
13787.59,
13824.36,
13861.32,
13898.49,
13935.85,
13973.41,
14011.17,
14049.15,
14087.32,
14125.71,
14164.300000000001,
14203.11,
14242.13,
14281.359999999999,
14320.81,
14360.49,
14400.380000000001,
14440.49,
14480.82,
14521.39,
14562.18,
14603.199999999999,
14644.45,
14685.93,
14727.66,
14769.619999999999,
14811.81,
14854.25,
14896.94,
14939.87,
14983.050000000001,
15026.48,
15070.16,
15114.1,
15158.289999999999,
15202.74,
15247.460000000001,
15292.43,
15337.68,
15383.19,
15428.97,
15475.03,
15521.359999999999,
15567.970000000001,
15614.869999999999,
15662.039999999999,
15709.5,
15757.25,
15805.289999999999,
15853.619999999999,
15902.26,
15951.19,
16000.419999999998,
16049.949999999999,
16099.799999999997,
16149.95,
16200.420000000002,
16251.208999999999,
16302.311,
16353.741,
16405.491,
16457.569,
16509.979000000003,
16562.731,
16615.82,
16669.240999999998,
16723.021,
16777.14,
16831.61,
16886.431,
16941.62,
16997.16,
17053.08,
17109.36,
17166.01,
17223.04,
17280.451,
17338.239999999998,
17396.429,
17455.0,
17513.969,
17573.339,
17633.109999999997,
17693.290999999997,
17753.889,
17814.899,
17876.328999999998,
17938.181,
18000.468999999997,
18063.19,
18126.35,
18189.951,
18254.0,
18318.501,
18383.459,
18448.879,
18514.771,
18581.129,
18647.97,
18715.29,
18783.100000000002,
18851.4,
18920.2,
18989.51,
19059.32,
19129.65,
19200.5,
19271.878999999997,
19343.789999999997,
19416.240999999998,
19489.229000000003,
19562.771,
19636.880999999998,
19711.54,
19786.779,
19862.590999999997,
19938.98,
20015.961,
20093.55,
20171.73,
20250.530000000002,
20329.941000000003,
20409.981,
20490.649999999998,
20571.96,
20653.918999999998,
20736.54,
20819.82,
20903.77,
20988.399999999998,
21073.720999999998,
21159.731,
21246.46,
21333.891,
21422.041,
21510.929,
21600.559,
21690.941,
21782.08,
21873.989,
21966.668999999998,
22060.15,
22154.421,
22249.510000000002,
22345.409,
22442.141,
22539.721,
22638.14,
22737.431,
22837.601,
22938.649999999998,
23040.600000000002,
23143.459,
23247.24,
23351.959000000003,
23457.63,
23564.251,
23671.85,
23780.439000000002,
23890.02,
24000.629,
24112.261,
24224.93,
24338.659,
24453.47,
24569.361,
24686.359,
24804.469999999998,
24923.731,
25044.129999999997,
25165.71,
25288.46,
25412.43,
25537.609,
25664.04,
25791.719,
25920.679,
