Sample ID,3_Sabtha_00004
Species,3_Sabtha
Subgroup,3_Sabtha
Group,3_Sabtha
Library,EXM_MRS
Sample Description,Sample 3
Date Added,"02/20/2024,02/20/2024"
Viewing Geometry,
Other Information,"Acquired with 1    RS-3500_SN17580H8 [3]
Name: Instrument, dtype: object; 7,32,30,20,50,30 integration times; 100,100 scans averaged"
Composition,
Resolution,2.8nm@700nm 8nm@1500nm 6nm@2100nm
Grain Size,
Locality,
Database of Origin,ExoMars Mission Reference Samples
Wavelength,Response
350.0,0.325206
351.0,0.324689
352.0,0.324195
353.0,0.32353499999999996
354.0,0.322954
355.0,0.322825
356.0,0.32229599999999997
357.0,0.32148200000000005
358.0,0.320805
359.0,0.319986
360.0,0.31902200000000003
361.0,0.318123
362.0,0.317194
363.0,0.316222
364.0,0.315407
365.0,0.314815
366.0,0.314496
367.0,0.314403
368.0,0.314529
369.0,0.314848
370.0,0.31533100000000003
371.0,0.315909
372.0,0.316462
373.0,0.316791
374.0,0.31691199999999997
375.0,0.317197
376.0,0.317322
377.0,0.317178
378.0,0.316941
379.0,0.31670000000000004
380.0,0.316536
381.0,0.316504
382.0,0.316631
383.0,0.31693899999999997
384.0,0.317464
385.0,0.318157
386.0,0.318894
387.0,0.31964
388.0,0.32039700000000004
389.0,0.321207
390.0,0.322102
391.0,0.323086
392.0,0.324019
393.0,0.324982
394.0,0.325994
395.0,0.32695500000000005
396.0,0.327891
397.0,0.32882599999999995
398.0,0.329561
399.0,0.330137
400.0,0.33063499999999996
401.0,0.330778
402.0,0.330645
403.0,0.33043300000000003
404.0,0.33048
405.0,0.330775
406.0,0.331199
407.0,0.331781
408.0,0.332494
409.0,0.333247
410.0,0.33405900000000005
411.0,0.33492400000000005
412.0,0.33574800000000005
413.0,0.336671
414.0,0.33777500000000005
415.0,0.338775
416.0,0.339719
417.0,0.340634
418.0,0.34154
419.0,0.342435
420.0,0.343317
421.0,0.34415399999999996
422.0,0.34497
423.0,0.34584200000000004
424.0,0.34663400000000005
425.0,0.347372
426.0,0.34814900000000004
427.0,0.34901400000000005
428.0,0.349974
429.0,0.350997
430.0,0.352033
431.0,0.35308700000000004
432.0,0.35428600000000005
433.0,0.355496
434.0,0.356648
435.0,0.357635
436.0,0.358624
437.0,0.359709
438.0,0.360829
439.0,0.36196399999999995
440.0,0.36309600000000003
441.0,0.364156
442.0,0.365199
443.0,0.366278
444.0,0.36731699999999995
445.0,0.368373
446.0,0.369514
447.0,0.370835
448.0,0.3722
449.0,0.373438
450.0,0.374574
451.0,0.375634
452.0,0.376634
453.0,0.378016
454.0,0.37961399999999995
455.0,0.380962
456.0,0.382141
457.0,0.383187
458.0,0.38418100000000005
459.0,0.385069
460.0,0.38581200000000004
461.0,0.38626399999999994
462.0,0.386689
463.0,0.38712
464.0,0.387411
465.0,0.387752
466.0,0.388181
467.0,0.388679
468.0,0.389169
469.0,0.38965299999999997
470.0,0.39026099999999997
471.0,0.390938
472.0,0.391668
473.0,0.39250999999999997
474.0,0.393295
475.0,0.393887
476.0,0.39374499999999996
477.0,0.39359099999999997
478.0,0.393748
479.0,0.394231
480.0,0.394989
481.0,0.395941
482.0,0.39655500000000005
483.0,0.39708799999999994
484.0,0.397648
485.0,0.39840400000000004
486.0,0.39911499999999994
487.0,0.399699
488.0,0.40035200000000004
489.0,0.401002
490.0,0.40163400000000005
491.0,0.40234299999999995
492.0,0.40308900000000003
493.0,0.40384099999999995
494.0,0.404466
495.0,0.405064
496.0,0.405685
497.0,0.406436
498.0,0.40720999999999996
499.0,0.407969
500.0,0.40878100000000006
501.0,0.409561
502.0,0.410289
503.0,0.411119
504.0,0.411891
505.0,0.412547
506.0,0.41316
507.0,0.413852
508.0,0.414617
509.0,0.415298
510.0,0.415966
511.0,0.416626
512.0,0.417235
513.0,0.417837
514.0,0.41844299999999995
515.0,0.41906
516.0,0.41964
517.0,0.420224
518.0,0.42092799999999997
519.0,0.42161000000000004
520.0,0.422268
521.0,0.422934
522.0,0.423591
523.0,0.424225
524.0,0.424805
525.0,0.425301
526.0,0.42579500000000003
527.0,0.426404
528.0,0.426937
529.0,0.42741300000000004
530.0,0.427857
531.0,0.428406
532.0,0.429
533.0,0.429595
534.0,0.430143
535.0,0.43073900000000004
536.0,0.431453
537.0,0.43215200000000004
538.0,0.432746
539.0,0.433166
540.0,0.43321800000000005
541.0,0.43324399999999996
542.0,0.43339700000000003
543.0,0.43380899999999994
544.0,0.43428100000000003
545.0,0.434782
546.0,0.435374
547.0,0.435875
548.0,0.436304
549.0,0.43674799999999997
550.0,0.437225
551.0,0.43768700000000005
552.0,0.438071
553.0,0.43847
554.0,0.43886400000000003
555.0,0.43924
556.0,0.43963500000000005
557.0,0.440019
558.0,0.44038
559.0,0.44074599999999997
560.0,0.441067
561.0,0.441331
562.0,0.441517
563.0,0.441737
564.0,0.44199599999999994
565.0,0.44226
566.0,0.442498
567.0,0.442758
568.0,0.443128
569.0,0.443405
570.0,0.44364800000000004
571.0,0.443923
572.0,0.444212
573.0,0.444488
574.0,0.444743
575.0,0.445041
576.0,0.445307
577.0,0.445523
578.0,0.445713
579.0,0.44588500000000003
580.0,0.44602600000000003
581.0,0.446113
582.0,0.446196
583.0,0.446263
584.0,0.44630200000000003
585.0,0.446397
586.0,0.446548
587.0,0.446729
588.0,0.446764
589.0,0.446851
590.0,0.44699599999999995
591.0,0.447065
592.0,0.447145
593.0,0.447235
594.0,0.447326
595.0,0.44744700000000004
596.0,0.447553
597.0,0.447615
598.0,0.44771299999999997
599.0,0.44775
600.0,0.447744
601.0,0.447849
602.0,0.447892
603.0,0.44785600000000003
604.0,0.447749
605.0,0.44760399999999995
606.0,0.447451
607.0,0.44732
608.0,0.447293
609.0,0.44722900000000004
610.0,0.447129
611.0,0.447141
612.0,0.447106
613.0,0.447057
614.0,0.447045
615.0,0.447009
616.0,0.446987
617.0,0.447
618.0,0.447072
619.0,0.447067
620.0,0.447005
621.0,0.44697899999999996
622.0,0.446908
623.0,0.44682299999999997
624.0,0.44676499999999997
625.0,0.44677900000000004
626.0,0.446789
627.0,0.446788
628.0,0.446845
629.0,0.44687699999999997
630.0,0.44685
631.0,0.446744
632.0,0.44669600000000004
633.0,0.44667999999999997
634.0,0.446685
635.0,0.446734
636.0,0.44667900000000005
637.0,0.446539
638.0,0.446389
639.0,0.446243
640.0,0.446119
641.0,0.446036
642.0,0.446038
643.0,0.446015
644.0,0.445982
645.0,0.445999
646.0,0.44594900000000004
647.0,0.44586
648.0,0.44576099999999996
649.0,0.445724
650.0,0.445667
651.0,0.445571
652.0,0.44542499999999996
653.0,0.44530200000000003
654.0,0.445197
655.0,0.44510800000000006
656.0,0.44504600000000005
657.0,0.444959
658.0,0.44487699999999997
659.0,0.44483199999999995
660.0,0.444737
661.0,0.444636
662.0,0.44455399999999995
663.0,0.444531
664.0,0.44447499999999995
665.0,0.44443699999999997
666.0,0.44443699999999997
667.0,0.44433799999999996
668.0,0.44428199999999995
669.0,0.444268
670.0,0.444253
671.0,0.444202
672.0,0.444169
673.0,0.444133
674.0,0.443962
675.0,0.44382599999999994
676.0,0.443761
677.0,0.44376899999999997
678.0,0.443643
679.0,0.44353200000000004
680.0,0.443466
681.0,0.44345
682.0,0.443474
683.0,0.443467
684.0,0.443414
685.0,0.443349
686.0,0.443229
687.0,0.44304499999999997
688.0,0.442836
689.0,0.442778
690.0,0.44278799999999996
691.0,0.442817
692.0,0.442828
693.0,0.442812
694.0,0.442809
695.0,0.442832
696.0,0.44287999999999994
697.0,0.442874
698.0,0.44297
699.0,0.44311799999999996
700.0,0.443091
701.0,0.44321
702.0,0.443307
703.0,0.44331400000000004
704.0,0.44338500000000003
705.0,0.443359
706.0,0.443289
707.0,0.443215
708.0,0.443032
709.0,0.442995
710.0,0.443037
711.0,0.443072
712.0,0.443088
713.0,0.443132
714.0,0.44317100000000004
715.0,0.443174
716.0,0.44319000000000003
717.0,0.44318399999999997
718.0,0.443191
719.0,0.443226
720.0,0.443027
721.0,0.44291800000000003
722.0,0.44291600000000003
723.0,0.442954
724.0,0.443042
725.0,0.443089
726.0,0.443078
727.0,0.44302100000000005
728.0,0.442929
729.0,0.44297
730.0,0.443068
731.0,0.443129
732.0,0.44311300000000003
733.0,0.443155
734.0,0.443179
735.0,0.443128
736.0,0.443027
737.0,0.443123
738.0,0.443284
739.0,0.44339
740.0,0.443484
741.0,0.443484
742.0,0.443626
743.0,0.443895
744.0,0.443959
745.0,0.443879
746.0,0.443751
747.0,0.443639
748.0,0.443577
749.0,0.44352600000000003
750.0,0.443438
751.0,0.44343200000000005
752.0,0.443628
753.0,0.443656
754.0,0.443831
755.0,0.444036
756.0,0.444195
757.0,0.44447899999999996
758.0,0.444648
759.0,0.44480800000000004
760.0,0.44495199999999996
761.0,0.44496800000000003
762.0,0.445229
763.0,0.445351
764.0,0.445386
765.0,0.44549999999999995
766.0,0.44541200000000003
767.0,0.445422
768.0,0.445405
769.0,0.44534599999999996
770.0,0.44541600000000003
771.0,0.44555500000000003
772.0,0.44559
773.0,0.445542
774.0,0.445523
775.0,0.445713
776.0,0.445902
777.0,0.446083
778.0,0.44622999999999996
779.0,0.446278
780.0,0.446332
781.0,0.446458
782.0,0.44654200000000005
783.0,0.44656599999999996
784.0,0.446811
785.0,0.447069
786.0,0.447268
787.0,0.44738300000000003
788.0,0.447415
789.0,0.447402
790.0,0.447462
791.0,0.447579
792.0,0.447734
793.0,0.44788200000000006
794.0,0.447749
795.0,0.44777700000000004
796.0,0.44794199999999995
797.0,0.448105
798.0,0.448094
799.0,0.44793799999999995
800.0,0.44785600000000003
801.0,0.447934
802.0,0.448104
803.0,0.448189
804.0,0.44815699999999997
805.0,0.44820099999999996
806.0,0.44823
807.0,0.448275
808.0,0.448431
809.0,0.448496
810.0,0.448496
811.0,0.448494
812.0,0.448587
813.0,0.448793
814.0,0.44876
815.0,0.448795
816.0,0.448712
817.0,0.44866100000000003
818.0,0.44874699999999995
819.0,0.448834
820.0,0.44882599999999995
821.0,0.448899
822.0,0.448854
823.0,0.44866500000000004
824.0,0.44847299999999996
825.0,0.448263
826.0,0.44835299999999995
827.0,0.448438
828.0,0.448361
829.0,0.448228
830.0,0.448305
831.0,0.448056
832.0,0.44798000000000004
833.0,0.448015
834.0,0.447969
835.0,0.447773
836.0,0.447624
837.0,0.44764000000000004
838.0,0.44764000000000004
839.0,0.447692
840.0,0.447688
841.0,0.44756599999999996
842.0,0.44750500000000004
843.0,0.447266
844.0,0.447271
845.0,0.447358
846.0,0.447166
847.0,0.44675
848.0,0.446526
849.0,0.44655700000000004
850.0,0.44646
851.0,0.446296
852.0,0.44616100000000003
853.0,0.44601100000000005
854.0,0.44582700000000003
855.0,0.44571399999999994
856.0,0.445377
857.0,0.44522100000000003
858.0,0.445218
859.0,0.44516500000000003
860.0,0.445033
861.0,0.444904
862.0,0.444781
863.0,0.44445700000000005
864.0,0.44431600000000004
865.0,0.44431800000000005
866.0,0.44427
867.0,0.444245
868.0,0.444313
869.0,0.444249
870.0,0.443992
871.0,0.44382
872.0,0.443782
873.0,0.443717
874.0,0.443603
875.0,0.443448
876.0,0.44333300000000003
877.0,0.443341
878.0,0.443151
879.0,0.44347499999999995
880.0,0.443515
881.0,0.443411
882.0,0.443395
883.0,0.443185
884.0,0.44302199999999997
885.0,0.443272
886.0,0.44325600000000004
887.0,0.443189
888.0,0.443085
889.0,0.442828
890.0,0.442836
891.0,0.442671
892.0,0.442466
893.0,0.44250300000000004
894.0,0.442618
895.0,0.44255099999999997
896.0,0.44244500000000003
897.0,0.442476
898.0,0.442046
899.0,0.44197200000000003
900.0,0.44191
901.0,0.44174599999999997
902.0,0.44159
903.0,0.441597
904.0,0.44155
905.0,0.441313
906.0,0.441262
907.0,0.44127299999999997
908.0,0.44126899999999997
909.0,0.441127
910.0,0.44103499999999995
911.0,0.440792
912.0,0.440936
913.0,0.44073300000000004
914.0,0.440532
915.0,0.44042499999999996
916.0,0.440315
917.0,0.440111
918.0,0.440097
919.0,0.440293
920.0,0.44016599999999995
921.0,0.43998600000000004
922.0,0.44005099999999997
923.0,0.439908
924.0,0.44010599999999994
925.0,0.439845
926.0,0.44000700000000004
927.0,0.440388
928.0,0.44033900000000004
929.0,0.44011
930.0,0.439837
931.0,0.43988999999999995
932.0,0.439883
933.0,0.44005099999999997
934.0,0.44006100000000004
935.0,0.440022
936.0,0.43988999999999995
937.0,0.439903
938.0,0.439976
939.0,0.43981699999999996
940.0,0.439688
941.0,0.439795
942.0,0.43961100000000003
943.0,0.43945900000000004
944.0,0.43923900000000005
945.0,0.438969
946.0,0.43902599999999997
947.0,0.43871299999999996
948.0,0.438607
949.0,0.438882
950.0,0.438665
951.0,0.438075
952.0,0.438006
953.0,0.43812399999999996
954.0,0.43822000000000005
955.0,0.437615
956.0,0.43758899999999995
957.0,0.437902
958.0,0.43811300000000003
959.0,0.43749899999999997
960.0,0.437595
961.0,0.437299
962.0,0.43711599999999995
963.0,0.436925
964.0,0.436417
965.0,0.43640799999999996
966.0,0.435886
967.0,0.436037
968.0,0.43587200000000004
969.0,0.43553800000000004
970.0,0.434925
971.0,0.43491599999999997
972.0,0.434628
973.0,0.434452
974.0,0.434022
975.0,0.43349
976.0,0.43371200000000004
977.0,0.43355499999999997
978.0,0.43356900000000004
979.0,0.433229
980.0,0.432956
981.0,0.432758
982.0,0.431993
983.0,0.430909
984.0,0.42989600000000006
985.0,0.428952
986.0,0.428078
987.0,0.427273
988.0,0.426538
989.0,0.425873
990.0,0.425277
991.0,0.424752
992.0,0.424295
993.0,0.42390900000000004
994.0,0.423592
995.0,0.42353799999999997
996.0,0.42379300000000003
997.0,0.42404800000000004
998.0,0.424304
999.0,0.424559
1000.0,0.424814
1001.0,0.42506900000000003
1002.0,0.42532200000000003
1003.0,0.425571
1004.0,0.425824
1005.0,0.426087
1006.0,0.42637300000000006
1007.0,0.42667900000000003
1008.0,0.426984
1009.0,0.427264
1010.0,0.427501
1011.0,0.42770899999999995
1012.0,0.427909
1013.0,0.42812199999999995
1014.0,0.42835900000000005
1015.0,0.428608
1016.0,0.428861
1017.0,0.42911299999999997
1018.0,0.429375
1019.0,0.429645
1020.0,0.429898
1021.0,0.430105
1022.0,0.430241
1023.0,0.430325
1024.0,0.43040300000000004
1025.0,0.430517
1026.0,0.43066299999999996
1027.0,0.430826
1028.0,0.431012
1029.0,0.431226
1030.0,0.43149299999999996
1031.0,0.431796
1032.0,0.432089
1033.0,0.432326
1034.0,0.43250999999999995
1035.0,0.432661
1036.0,0.43278599999999995
1037.0,0.432892
1038.0,0.432967
1039.0,0.433017
1040.0,0.43306
1041.0,0.433113
1042.0,0.43317300000000003
1043.0,0.433232
1044.0,0.433286
1045.0,0.433329
1046.0,0.433356
1047.0,0.43337800000000004
1048.0,0.433404
1049.0,0.43344499999999997
1050.0,0.43350099999999997
1051.0,0.433564
1052.0,0.433627
1053.0,0.433681
1054.0,0.43373100000000003
1055.0,0.433778
1056.0,0.433823
1057.0,0.433865
1058.0,0.433904
1059.0,0.433941
1060.0,0.433976
1061.0,0.43401
1062.0,0.43404699999999996
1063.0,0.43408
1064.0,0.434099
1065.0,0.434098
1066.0,0.434078
1067.0,0.43404899999999996
1068.0,0.434015
1069.0,0.433977
1070.0,0.433932
1071.0,0.433886
1072.0,0.433846
1073.0,0.433815
1074.0,0.43378900000000004
1075.0,0.43376800000000004
1076.0,0.433755
1077.0,0.433755
1078.0,0.433765
1079.0,0.43377699999999997
1080.0,0.433781
1081.0,0.433776
1082.0,0.433765
1083.0,0.43374899999999994
1084.0,0.43372700000000003
1085.0,0.433701
1086.0,0.43367
1087.0,0.43363
1088.0,0.43357799999999996
1089.0,0.43351799999999996
1090.0,0.433447
1091.0,0.433361
1092.0,0.43325400000000003
1093.0,0.433118
1094.0,0.43296399999999996
1095.0,0.432806
1096.0,0.432656
1097.0,0.43249899999999997
1098.0,0.432343
1099.0,0.432206
1100.0,0.432105
1101.0,0.432046
1102.0,0.432008
1103.0,0.43197
1104.0,0.431912
1105.0,0.431847
1106.0,0.431776
1107.0,0.43170000000000003
1108.0,0.43161900000000003
1109.0,0.431531
1110.0,0.431439
1111.0,0.43134900000000004
1112.0,0.431264
1113.0,0.431181
1114.0,0.4311
1115.0,0.431023
1116.0,0.43095700000000003
1117.0,0.430903
1118.0,0.430844
1119.0,0.430765
1120.0,0.43065600000000004
1121.0,0.430529
1122.0,0.43038600000000005
1123.0,0.430231
1124.0,0.43005299999999996
1125.0,0.42985300000000004
1126.0,0.42966
1127.0,0.42950000000000005
1128.0,0.42938299999999996
1129.0,0.429292
1130.0,0.42921
1131.0,0.429118
1132.0,0.42902799999999996
1133.0,0.428939
1134.0,0.428836
1135.0,0.428709
1136.0,0.42856900000000003
1137.0,0.42841
1138.0,0.42822200000000005
1139.0,0.427992
1140.0,0.427726
1141.0,0.42742600000000003
1142.0,0.427092
1143.0,0.42672400000000005
1144.0,0.42632
1145.0,0.42588299999999996
1146.0,0.425417
1147.0,0.424929
1148.0,0.42442
1149.0,0.423879
1150.0,0.42329500000000003
1151.0,0.422657
1152.0,0.421974
1153.0,0.421247
1154.0,0.420482
1155.0,0.419674
1156.0,0.41881999999999997
1157.0,0.417935
1158.0,0.417034
1159.0,0.41612099999999996
1160.0,0.415185
1161.0,0.414238
1162.0,0.41328899999999996
1163.0,0.41232399999999997
1164.0,0.411346
1165.0,0.410389
1166.0,0.40949199999999997
1167.0,0.408655
1168.0,0.40786
1169.0,0.407095
1170.0,0.406349
1171.0,0.40562
1172.0,0.404917
1173.0,0.404248
1174.0,0.40362000000000003
1175.0,0.403022
1176.0,0.40246299999999996
1177.0,0.401953
1178.0,0.40149999999999997
1179.0,0.401092
1180.0,0.400741
1181.0,0.400464
1182.0,0.40027900000000005
1183.0,0.400186
1184.0,0.400152
1185.0,0.400144
1186.0,0.40015900000000004
1187.0,0.400223
1188.0,0.40029400000000004
1189.0,0.400328
1190.0,0.400302
1191.0,0.40024099999999996
1192.0,0.40016199999999996
1193.0,0.40008299999999997
1194.0,0.40001
1195.0,0.399934
1196.0,0.39984699999999995
1197.0,0.39974400000000004
1198.0,0.39961599999999997
1199.0,0.39947299999999997
1200.0,0.399332
1201.0,0.399207
1202.0,0.399066
1203.0,0.39893500000000004
1204.0,0.39885800000000005
1205.0,0.398878
1206.0,0.398986
1207.0,0.399162
1208.0,0.39939100000000005
1209.0,0.39966999999999997
1210.0,0.400017
1211.0,0.400404
1212.0,0.400799
1213.0,0.401184
1214.0,0.401582
1215.0,0.401982
1216.0,0.402369
1217.0,0.402746
1218.0,0.403118
1219.0,0.403472
1220.0,0.403793
1221.0,0.404082
1222.0,0.404345
1223.0,0.404575
1224.0,0.40476599999999996
1225.0,0.404899
1226.0,0.404989
1227.0,0.405068
1228.0,0.40516399999999997
1229.0,0.405247
1230.0,0.40533299999999994
1231.0,0.405459
1232.0,0.405657
1233.0,0.405912
1234.0,0.40622
1235.0,0.40658299999999997
1236.0,0.40701
1237.0,0.407514
1238.0,0.40806
1239.0,0.40861
1240.0,0.409144
1241.0,0.40969
1242.0,0.41023000000000004
1243.0,0.41074
1244.0,0.411212
1245.0,0.41165799999999997
1246.0,0.41208100000000003
1247.0,0.41248399999999996
1248.0,0.41287199999999996
1249.0,0.413242
1250.0,0.413586
1251.0,0.41389600000000004
1252.0,0.414167
1253.0,0.41440699999999997
1254.0,0.41462699999999997
1255.0,0.414835
1256.0,0.415025
1257.0,0.415199
1258.0,0.415365
1259.0,0.41552700000000004
1260.0,0.41568399999999994
1261.0,0.415832
1262.0,0.415969
1263.0,0.416093
1264.0,0.41620199999999996
1265.0,0.416304
1266.0,0.416406
1267.0,0.416509
1268.0,0.41661000000000004
1269.0,0.41671199999999997
1270.0,0.41682
1271.0,0.41693399999999997
1272.0,0.417052
1273.0,0.417175
1274.0,0.417304
1275.0,0.417444
1276.0,0.417591
1277.0,0.417731
1278.0,0.417854
1279.0,0.41796300000000003
1280.0,0.418062
1281.0,0.418155
1282.0,0.41824300000000003
1283.0,0.418329
1284.0,0.418407
1285.0,0.418472
1286.0,0.41852200000000006
1287.0,0.418562
1288.0,0.418586
1289.0,0.418591
1290.0,0.418568
1291.0,0.41851999999999995
1292.0,0.418463
1293.0,0.41841500000000004
1294.0,0.41838200000000003
1295.0,0.418352
1296.0,0.418316
1297.0,0.41826599999999997
1298.0,0.418215
1299.0,0.418153
1300.0,0.418061
1301.0,0.41792
1302.0,0.41773499999999997
1303.0,0.41751800000000006
1304.0,0.417284
1305.0,0.417041
1306.0,0.416778
1307.0,0.416502
1308.0,0.416222
1309.0,0.41594200000000003
1310.0,0.415658
1311.0,0.415368
1312.0,0.415069
1313.0,0.41476799999999997
1314.0,0.41446399999999994
1315.0,0.414141
1316.0,0.413788
1317.0,0.41340000000000005
1318.0,0.412987
1319.0,0.412558
1320.0,0.412123
1321.0,0.41168
1322.0,0.411224
1323.0,0.410752
1324.0,0.410266
1325.0,0.409769
1326.0,0.409253
1327.0,0.408705
1328.0,0.408112
1329.0,0.407481
1330.0,0.406827
1331.0,0.40617
1332.0,0.40550800000000004
1333.0,0.404834
1334.0,0.40415999999999996
1335.0,0.403494
1336.0,0.402844
1337.0,0.402198
1338.0,0.401546
1339.0,0.400876
1340.0,0.400202
1341.0,0.399514
1342.0,0.39879600000000004
1343.0,0.398029
1344.0,0.397209
1345.0,0.396368
1346.0,0.39553699999999997
1347.0,0.394731
1348.0,0.393932
1349.0,0.393144
1350.0,0.392372
1351.0,0.39161999999999997
1352.0,0.390884
1353.0,0.390154
1354.0,0.389421
1355.0,0.38868600000000003
1356.0,0.387954
1357.0,0.38723100000000005
1358.0,0.38652000000000003
1359.0,0.385818
1360.0,0.385127
1361.0,0.38445500000000005
1362.0,0.383812
1363.0,0.38319899999999996
1364.0,0.382596
1365.0,0.38198099999999996
1366.0,0.381349
1367.0,0.380711
1368.0,0.380057
1369.0,0.37937800000000005
1370.0,0.378671
1371.0,0.37794400000000006
1372.0,0.3772
1373.0,0.37644599999999995
1374.0,0.375689
1375.0,0.37491599999999997
1376.0,0.37410499999999997
1377.0,0.37323799999999996
1378.0,0.372307
1379.0,0.371351
1380.0,0.370411
1381.0,0.369495
1382.0,0.368579
1383.0,0.36769599999999997
1384.0,0.36688299999999996
1385.0,0.366167
1386.0,0.365516
1387.0,0.364879
1388.0,0.364208
1389.0,0.36354
1390.0,0.362861
1391.0,0.362132
1392.0,0.361319
1393.0,0.360424
1394.0,0.359476
1395.0,0.35850299999999996
1396.0,0.357528
1397.0,0.356543
1398.0,0.35551299999999997
1399.0,0.354405
1400.0,0.35320599999999996
1401.0,0.351933
1402.0,0.3506
1403.0,0.34922
1404.0,0.347783
1405.0,0.346293
1406.0,0.34476799999999996
1407.0,0.34320900000000004
1408.0,0.341584
1409.0,0.33994199999999997
1410.0,0.338343
1411.0,0.336824
1412.0,0.33535600000000004
1413.0,0.33391800000000005
1414.0,0.332492
1415.0,0.33106699999999994
1416.0,0.329655
1417.0,0.32827599999999996
1418.0,0.326948
1419.0,0.325666
1420.0,0.324425
1421.0,0.323228
1422.0,0.322079
1423.0,0.320984
1424.0,0.31993099999999997
1425.0,0.318907
1426.0,0.317917
1427.0,0.31697
1428.0,0.316034
1429.0,0.315077
1430.0,0.314104
1431.0,0.313125
1432.0,0.31211
1433.0,0.311027
1434.0,0.309852
1435.0,0.308631
1436.0,0.307425
1437.0,0.306268
1438.0,0.305109
1439.0,0.303993
1440.0,0.302979
1441.0,0.30208100000000004
1442.0,0.301266
1443.0,0.30057500000000004
1444.0,0.30005299999999996
1445.0,0.29970600000000003
1446.0,0.299513
1447.0,0.299467
1448.0,0.299564
1449.0,0.29983899999999997
1450.0,0.300243
1451.0,0.30071000000000003
1452.0,0.3012
1453.0,0.301774
1454.0,0.302377
1455.0,0.30294
1456.0,0.303442
1457.0,0.303917
1458.0,0.304355
1459.0,0.30474599999999996
1460.0,0.305077
1461.0,0.305365
1462.0,0.305631
1463.0,0.30589099999999997
1464.0,0.306129
1465.0,0.306356
1466.0,0.306584
1467.0,0.306825
1468.0,0.307074
1469.0,0.307316
1470.0,0.307539
1471.0,0.307745
1472.0,0.307938
1473.0,0.308104
1474.0,0.30822700000000003
1475.0,0.30829999999999996
1476.0,0.308341
1477.0,0.30837
1478.0,0.308405
1479.0,0.30844
1480.0,0.308464
1481.0,0.308463
1482.0,0.308425
1483.0,0.308354
1484.0,0.308282
1485.0,0.308233
1486.0,0.308184
1487.0,0.308146
1488.0,0.308164
1489.0,0.308275
1490.0,0.308464
1491.0,0.308717
1492.0,0.309021
1493.0,0.309371
1494.0,0.309773
1495.0,0.310226
1496.0,0.31072500000000003
1497.0,0.311296
1498.0,0.31192
1499.0,0.31255099999999997
1500.0,0.313145
1501.0,0.313722
1502.0,0.314286
1503.0,0.314835
1504.0,0.315368
1505.0,0.315892
1506.0,0.316394
1507.0,0.31685800000000003
1508.0,0.317288
1509.0,0.31768799999999997
1510.0,0.318044
1511.0,0.31834
1512.0,0.318562
1513.0,0.318735
1514.0,0.31889500000000004
1515.0,0.319072
1516.0,0.319252
1517.0,0.319413
1518.0,0.31953499999999996
1519.0,0.319618
1520.0,0.319669
1521.0,0.319677
1522.0,0.319627
1523.0,0.319504
1524.0,0.319335
1525.0,0.319154
1526.0,0.318987
1527.0,0.318813
1528.0,0.318637
1529.0,0.31846800000000003
1530.0,0.318297
1531.0,0.318122
1532.0,0.317974
1533.0,0.31788
1534.0,0.31782499999999997
1535.0,0.317812
1536.0,0.317855
1537.0,0.317961
1538.0,0.318111
1539.0,0.318332
1540.0,0.318658
1541.0,0.319123
1542.0,0.319707
1543.0,0.32035800000000003
1544.0,0.321029
1545.0,0.321749
1546.0,0.32250700000000004
1547.0,0.323266
1548.0,0.32399500000000003
1549.0,0.324706
1550.0,0.32541899999999996
1551.0,0.32614800000000005
1552.0,0.326913
1553.0,0.327704
1554.0,0.328486
1555.0,0.329228
1556.0,0.32992699999999997
1557.0,0.330602
1558.0,0.331275
1559.0,0.331959
1560.0,0.33264699999999997
1561.0,0.333335
1562.0,0.33402099999999996
1563.0,0.334709
1564.0,0.335398
1565.0,0.336078
1566.0,0.33674
1567.0,0.33738999999999997
1568.0,0.338025
1569.0,0.338635
1570.0,0.339206
1571.0,0.339734
1572.0,0.34025500000000003
1573.0,0.34080800000000006
1574.0,0.341415
1575.0,0.34205199999999997
1576.0,0.342688
1577.0,0.343296
1578.0,0.34388599999999997
1579.0,0.344463
1580.0,0.34502499999999997
1581.0,0.34556800000000004
1582.0,0.346089
1583.0,0.346601
1584.0,0.347117
1585.0,0.34763599999999995
1586.0,0.348156
1587.0,0.348677
1588.0,0.349201
1589.0,0.349728
1590.0,0.35025799999999996
1591.0,0.35079099999999996
1592.0,0.35133400000000004
1593.0,0.35188699999999995
1594.0,0.352435
1595.0,0.352962
1596.0,0.353448
1597.0,0.35392
1598.0,0.354419
1599.0,0.35498199999999996
1600.0,0.355591
1601.0,0.356232
1602.0,0.35689
1603.0,0.35758
1604.0,0.3583
1605.0,0.359008
1606.0,0.359664
1607.0,0.36026400000000003
1608.0,0.360834
1609.0,0.36139899999999997
1610.0,0.361975
1611.0,0.362551
1612.0,0.36312199999999994
1613.0,0.36368
1614.0,0.364219
1615.0,0.364747
1616.0,0.365274
1617.0,0.365812
1618.0,0.366358
1619.0,0.366906
1620.0,0.367446
1621.0,0.367977
1622.0,0.368504
1623.0,0.36902
1624.0,0.36951900000000004
1625.0,0.369994
1626.0,0.370457
1627.0,0.370925
1628.0,0.371415
1629.0,0.371925
1630.0,0.37242600000000003
1631.0,0.37289
1632.0,0.373303
1633.0,0.373685
1634.0,0.37406
1635.0,0.374445
1636.0,0.374825
1637.0,0.37520899999999996
1638.0,0.37561300000000003
1639.0,0.376048
1640.0,0.37650599999999995
1641.0,0.376968
1642.0,0.37742
1643.0,0.377874
1644.0,0.37832099999999996
1645.0,0.378743
1646.0,0.379125
1647.0,0.379473
1648.0,0.37979999999999997
1649.0,0.380121
1650.0,0.38043
1651.0,0.380727
1652.0,0.38102600000000003
1653.0,0.381339
1654.0,0.381672
1655.0,0.382003
1656.0,0.382309
1657.0,0.38258000000000003
1658.0,0.382827
1659.0,0.38305500000000003
1660.0,0.38327100000000003
1661.0,0.383476
1662.0,0.383664
1663.0,0.38382800000000006
1664.0,0.383971
1665.0,0.384107
1666.0,0.384191
1667.0,0.384176
1668.0,0.38402099999999995
1669.0,0.38378599999999996
1670.0,0.383562
1671.0,0.38341500000000006
1672.0,0.383305
1673.0,0.383222
1674.0,0.383164
1675.0,0.383169
1676.0,0.38321599999999995
1677.0,0.38321399999999994
1678.0,0.383085
1679.0,0.382851
1680.0,0.38255
1681.0,0.38221400000000005
1682.0,0.381867
1683.0,0.38149
1684.0,0.381056
1685.0,0.38053800000000004
1686.0,0.379922
1687.0,0.37923900000000005
1688.0,0.378523
1689.0,0.377795
1690.0,0.37703600000000004
1691.0,0.37624899999999994
1692.0,0.375438
1693.0,0.374604
1694.0,0.373743
1695.0,0.372854
1696.0,0.37194299999999997
1697.0,0.371017
1698.0,0.37005000000000005
1699.0,0.369012
1700.0,0.367885
1701.0,0.366691
1702.0,0.36546799999999996
1703.0,0.364244
1704.0,0.363005
1705.0,0.36174500000000004
1706.0,0.36045699999999997
1707.0,0.359141
1708.0,0.357798
1709.0,0.356432
1710.0,0.35504800000000003
1711.0,0.353646
1712.0,0.35222299999999995
1713.0,0.350774
1714.0,0.349292
1715.0,0.34778
1716.0,0.346252
1717.0,0.344716
1718.0,0.343159
1719.0,0.34159599999999996
1720.0,0.34005
1721.0,0.33852400000000005
1722.0,0.33700899999999995
1723.0,0.335519
1724.0,0.334068
1725.0,0.33265700000000004
1726.0,0.331277
1727.0,0.329921
1728.0,0.328583
1729.0,0.32726999999999995
1730.0,0.325977
1731.0,0.3247
1732.0,0.323409
1733.0,0.322143
1734.0,0.32095799999999997
1735.0,0.319896
1736.0,0.318932
1737.0,0.31805
1738.0,0.317237
1739.0,0.316496
1740.0,0.315828
1741.0,0.315224
1742.0,0.314676
1743.0,0.314187
1744.0,0.313766
1745.0,0.313419
1746.0,0.313149
1747.0,0.312952
1748.0,0.312819
1749.0,0.31275400000000003
1750.0,0.312763
1751.0,0.312824
1752.0,0.31291599999999997
1753.0,0.313036
1754.0,0.31319600000000003
1755.0,0.313399
1756.0,0.313656
1757.0,0.31396799999999997
1758.0,0.314312
1759.0,0.314663
1760.0,0.315046
1761.0,0.315442
1762.0,0.31580400000000003
1763.0,0.316095
1764.0,0.316332
1765.0,0.316544
1766.0,0.316761
1767.0,0.316979
1768.0,0.31719200000000003
1769.0,0.317402
1770.0,0.317605
1771.0,0.317798
1772.0,0.31799700000000003
1773.0,0.318222
1774.0,0.31846599999999997
1775.0,0.31873
1776.0,0.31902200000000003
1777.0,0.31935600000000003
1778.0,0.31973199999999996
1779.0,0.320122
1780.0,0.32049999999999995
1781.0,0.32086
1782.0,0.321218
1783.0,0.32158499999999995
1784.0,0.32195799999999997
1785.0,0.322319
1786.0,0.32272100000000004
1787.0,0.323221
1788.0,0.323857
1789.0,0.324566
1790.0,0.325258
1791.0,0.325888
1792.0,0.326496
1793.0,0.327079
1794.0,0.327632
1795.0,0.32815600000000006
1796.0,0.328652
1797.0,0.32911700000000005
1798.0,0.32954
1799.0,0.32992
1800.0,0.330293
1801.0,0.33069499999999996
1802.0,0.331123
1803.0,0.33156199999999997
1804.0,0.332001
1805.0,0.33244799999999997
1806.0,0.332904
1807.0,0.33333399999999996
1808.0,0.33370199999999994
1809.0,0.33400599999999997
1810.0,0.33427399999999996
1811.0,0.33453499999999997
1812.0,0.334796
1813.0,0.335048
1814.0,0.335287
1815.0,0.33551299999999995
1816.0,0.33572
1817.0,0.33592
1818.0,0.336129
1819.0,0.336369
1820.0,0.33661700000000006
1821.0,0.336829
1822.0,0.336967
1823.0,0.337046
1824.0,0.337085
1825.0,0.337104
1826.0,0.337085
1827.0,0.337041
1828.0,0.33701099999999995
1829.0,0.337037
1830.0,0.33711199999999997
1831.0,0.337163
1832.0,0.33711599999999997
1833.0,0.33699399999999996
1834.0,0.336803
1835.0,0.336529
1836.0,0.336129
1837.0,0.335607
1838.0,0.335075
1839.0,0.334641
1840.0,0.33429000000000003
1841.0,0.333973
1842.0,0.333654
1843.0,0.33334800000000003
1844.0,0.33305399999999996
1845.0,0.332712
1846.0,0.33226999999999995
1847.0,0.331748
1848.0,0.331156
1849.0,0.33049999999999996
1850.0,0.329773
1851.0,0.32898000000000005
1852.0,0.328136
1853.0,0.32725000000000004
1854.0,0.326311
1855.0,0.325332
1856.0,0.32431800000000005
1857.0,0.323229
1858.0,0.32212
1859.0,0.321077
1860.0,0.320159
1861.0,0.31932099999999997
1862.0,0.318496
1863.0,0.31763
1864.0,0.316778
1865.0,0.315886
1866.0,0.314871
1867.0,0.313683
1868.0,0.312374
1869.0,0.311006
1870.0,0.30962
1871.0,0.308186
1872.0,0.306718
1873.0,0.305238
1874.0,0.30376200000000003
1875.0,0.302263
1876.0,0.300708
1877.0,0.299037
1878.0,0.29726199999999997
1879.0,0.295521
1880.0,0.29394
1881.0,0.28994
1882.0,0.28015
1883.0,0.270598
1884.0,0.261151
1885.0,0.251647
1886.0,0.242029
1887.0,0.232348
1888.0,0.222682
1889.0,0.213287
1890.0,0.206825
1891.0,0.206165
1892.0,0.205192
1893.0,0.203674
1894.0,0.202055
1895.0,0.20088899999999998
1896.0,0.200243
1897.0,0.19964200000000001
1898.0,0.198661
1899.0,0.197409
1900.0,0.1961
1901.0,0.194828
1902.0,0.19354
1903.0,0.192272
1904.0,0.190975
1905.0,0.189725
1906.0,0.188691
1907.0,0.187897
1908.0,0.187257
1909.0,0.186738
1910.0,0.186384
1911.0,0.185972
1912.0,0.18529900000000002
1913.0,0.184472
1914.0,0.18370699999999998
1915.0,0.183124
1916.0,0.182607
1917.0,0.18202300000000002
1918.0,0.181402
1919.0,0.180702
1920.0,0.179807
1921.0,0.178664
1922.0,0.177618
1923.0,0.17694700000000002
1924.0,0.176508
1925.0,0.176122
1926.0,0.175745
1927.0,0.17540299999999998
1928.0,0.17502099999999998
1929.0,0.17457799999999998
1930.0,0.17413599999999999
1931.0,0.173767
1932.0,0.17347
1933.0,0.17316900000000002
1934.0,0.17279499999999998
1935.0,0.17238299999999998
1936.0,0.17200800000000002
1937.0,0.171729
1938.0,0.171483
1939.0,0.17116299999999998
1940.0,0.170741
1941.0,0.17030599999999999
1942.0,0.169905
1943.0,0.169485
1944.0,0.169265
1945.0,0.16949899999999998
1946.0,0.17005199999999998
1947.0,0.170439
1948.0,0.170504
1949.0,0.17042300000000002
1950.0,0.17028500000000002
1951.0,0.170033
1952.0,0.169801
1953.0,0.16974499999999998
1954.0,0.16982399999999997
1955.0,0.169963
1956.0,0.170149
1957.0,0.170379
1958.0,0.17055499999999998
1959.0,0.17067
1960.0,0.170736
1961.0,0.170735
1962.0,0.17065000000000002
1963.0,0.170568
1964.0,0.170573
1965.0,0.17062100000000002
1966.0,0.170608
1967.0,0.17047299999999999
1968.0,0.170299
1969.0,0.170191
1970.0,0.170143
1971.0,0.170151
1972.0,0.170233
1973.0,0.17039
1974.0,0.17058
1975.0,0.170809
1976.0,0.17106300000000002
1977.0,0.17123100000000002
1978.0,0.171235
1979.0,0.17123000000000002
1980.0,0.171417
1981.0,0.171785
1982.0,0.172181
1983.0,0.17252900000000002
1984.0,0.17286400000000002
1985.0,0.17308
1986.0,0.17303100000000002
1987.0,0.172941
1988.0,0.173184
1989.0,0.173785
1990.0,0.17448899999999998
1991.0,0.17511700000000002
1992.0,0.175741
1993.0,0.176343
1994.0,0.176863
1995.0,0.17738199999999998
1996.0,0.178083
1997.0,0.179005
1998.0,0.179936
1999.0,0.180688
2000.0,0.181329
2001.0,0.181966
2002.0,0.18261
2003.0,0.18327200000000002
2004.0,0.184065
2005.0,0.185082
2006.0,0.18607700000000002
2007.0,0.186761
2008.0,0.187185
2009.0,0.187634
2010.0,0.18818400000000002
2011.0,0.188807
2012.0,0.189638
2013.0,0.190779
2014.0,0.19195399999999999
2015.0,0.192862
2016.0,0.193578
2017.0,0.19423500000000002
2018.0,0.194891
2019.0,0.195501
2020.0,0.19602599999999998
2021.0,0.196414
2022.0,0.196799
2023.0,0.197328
2024.0,0.197962
2025.0,0.19866599999999998
2026.0,0.199447
2027.0,0.20028500000000002
2028.0,0.201126
2029.0,0.202023
2030.0,0.202839
2031.0,0.203389
2032.0,0.203732
2033.0,0.204102
2034.0,0.20460899999999999
2035.0,0.205161
2036.0,0.205714
2037.0,0.20630800000000002
2038.0,0.206828
2039.0,0.20711500000000002
2040.0,0.20722000000000002
2041.0,0.20741700000000002
2042.0,0.20783000000000001
2043.0,0.208308
2044.0,0.208692
2045.0,0.20895600000000003
2046.0,0.209264
2047.0,0.209758
2048.0,0.210366
2049.0,0.21092199999999997
2050.0,0.211463
2051.0,0.211904
2052.0,0.212041
2053.0,0.211829
2054.0,0.21170000000000003
2055.0,0.211963
2056.0,0.212411
2057.0,0.212788
2058.0,0.21310199999999999
2059.0,0.213357
2060.0,0.213486
2061.0,0.213484
2062.0,0.213556
2063.0,0.213819
2064.0,0.214173
2065.0,0.21453399999999997
2066.0,0.214942
2067.0,0.21529
2068.0,0.215451
2069.0,0.215494
2070.0,0.215582
2071.0,0.215746
2072.0,0.21594000000000002
2073.0,0.21614699999999998
2074.0,0.216369
2075.0,0.216632
2076.0,0.216977
2077.0,0.21735600000000002
2078.0,0.21767
2079.0,0.217892
2080.0,0.218107
2081.0,0.21839099999999997
2082.0,0.218719
2083.0,0.21904099999999999
2084.0,0.219422
2085.0,0.21973199999999998
2086.0,0.21970800000000001
2087.0,0.219342
2088.0,0.218943
2089.0,0.21864999999999998
2090.0,0.21840800000000002
2091.0,0.218376
2092.0,0.218643
2093.0,0.218946
2094.0,0.21907800000000002
2095.0,0.21912600000000002
2096.0,0.219067
2097.0,0.218854
2098.0,0.218591
2099.0,0.218396
2100.0,0.21823399999999998
2101.0,0.218141
2102.0,0.21817599999999998
2103.0,0.218267
2104.0,0.21828499999999998
2105.0,0.21823499999999998
2106.0,0.21814699999999998
2107.0,0.217975
2108.0,0.217765
2109.0,0.217833
2110.0,0.21837900000000002
2111.0,0.218829
2112.0,0.218535
2113.0,0.21771100000000002
2114.0,0.21714
2115.0,0.217077
2116.0,0.217274
2117.0,0.21769
2118.0,0.21838000000000002
2119.0,0.21885000000000002
2120.0,0.21877400000000002
2121.0,0.21846
2122.0,0.21829
2123.0,0.218258
2124.0,0.218231
2125.0,0.2181
2126.0,0.217953
2127.0,0.21800899999999998
2128.0,0.218417
2129.0,0.218719
2130.0,0.218449
2131.0,0.217839
2132.0,0.217374
2133.0,0.217088
2134.0,0.216983
2135.0,0.21727
2136.0,0.217884
2137.0,0.21819400000000003
2138.0,0.217865
2139.0,0.217344
2140.0,0.217108
2141.0,0.21706299999999998
2142.0,0.216982
2143.0,0.216739
2144.0,0.216457
2145.0,0.21628
2146.0,0.21617699999999998
2147.0,0.216174
2148.0,0.216389
2149.0,0.21668900000000002
2150.0,0.216663
2151.0,0.216281
2152.0,0.215799
2153.0,0.215316
2154.0,0.214814
2155.0,0.21446300000000001
2156.0,0.21428
2157.0,0.21413900000000002
2158.0,0.21395299999999998
2159.0,0.213763
2160.0,0.213592
2161.0,0.213458
2162.0,0.213309
2163.0,0.21309699999999998
2164.0,0.212844
2165.0,0.212572
2166.0,0.212266
2167.0,0.211973
2168.0,0.211751
2169.0,0.211569
2170.0,0.211359
2171.0,0.21111000000000002
2172.0,0.210855
2173.0,0.21060199999999998
2174.0,0.21035
2175.0,0.21018799999999999
2176.0,0.210131
2177.0,0.21016100000000001
2178.0,0.21030000000000001
2179.0,0.21053999999999998
2180.0,0.210715
2181.0,0.210812
2182.0,0.210827
2183.0,0.2107
2184.0,0.210453
2185.0,0.210201
2186.0,0.209969
2187.0,0.209726
2188.0,0.20947600000000002
2189.0,0.209215
2190.0,0.20887899999999998
2191.0,0.20844200000000002
2192.0,0.207985
2193.0,0.20754
2194.0,0.207109
2195.0,0.206834
2196.0,0.20674399999999998
2197.0,0.206753
2198.0,0.20686900000000003
2199.0,0.20705600000000002
2200.0,0.206978
2201.0,0.206556
2202.0,0.206027
2203.0,0.205478
2204.0,0.20491700000000002
2205.0,0.204572
2206.0,0.204451
2207.0,0.204452
2208.0,0.20457
2209.0,0.20477299999999998
2210.0,0.20488099999999998
2211.0,0.204899
2212.0,0.204851
2213.0,0.204765
2214.0,0.20459499999999997
2215.0,0.204224
2216.0,0.203642
2217.0,0.203026
2218.0,0.20231200000000002
2219.0,0.201712
2220.0,0.20167200000000002
2221.0,0.20212700000000003
2222.0,0.202504
2223.0,0.20274799999999998
2224.0,0.202831
2225.0,0.202526
2226.0,0.20191800000000001
2227.0,0.20150400000000002
2228.0,0.201282
2229.0,0.20130299999999998
2230.0,0.201767
2231.0,0.202544
2232.0,0.203203
2233.0,0.203762
2234.0,0.204234
2235.0,0.204561
2236.0,0.204799
2237.0,0.20510899999999999
2238.0,0.205516
2239.0,0.205658
2240.0,0.205287
2241.0,0.204754
2242.0,0.20443
2243.0,0.20422
2244.0,0.204357
2245.0,0.204977
2246.0,0.20581
2247.0,0.20674499999999998
2248.0,0.20776
2249.0,0.20826
2250.0,0.208068
2251.0,0.207719
2252.0,0.20754999999999998
2253.0,0.20740100000000003
2254.0,0.20723199999999997
2255.0,0.20704799999999998
2256.0,0.206847
2257.0,0.206626
2258.0,0.206388
2259.0,0.206172
2260.0,0.205958
2261.0,0.20549900000000001
2262.0,0.204738
2263.0,0.20383700000000002
2264.0,0.20279
2265.0,0.201704
2266.0,0.201013
2267.0,0.200671
2268.0,0.20060199999999997
2269.0,0.200825
2270.0,0.201276
2271.0,0.201891
2272.0,0.20267700000000002
2273.0,0.203429
2274.0,0.204169
2275.0,0.20479
2276.0,0.20518899999999998
2277.0,0.205416
2278.0,0.20546199999999998
2279.0,0.20529699999999998
2280.0,0.205172
2281.0,0.205183
2282.0,0.20525
2283.0,0.205351
2284.0,0.20549
2285.0,0.205617
2286.0,0.20573899999999998
2287.0,0.20583300000000002
2288.0,0.20587499999999997
2289.0,0.205888
2290.0,0.205889
2291.0,0.205871
2292.0,0.205903
2293.0,0.205977
2294.0,0.206154
2295.0,0.206542
2296.0,0.20704
2297.0,0.20745000000000002
2298.0,0.207804
2299.0,0.208037
2300.0,0.208085
2301.0,0.208043
2302.0,0.208018
2303.0,0.20796199999999998
2304.0,0.20776599999999998
2305.0,0.207374
2306.0,0.207103
2307.0,0.20710599999999998
2308.0,0.207231
2309.0,0.20738900000000002
2310.0,0.20759899999999998
2311.0,0.20773499999999998
2312.0,0.207808
2313.0,0.207788
2314.0,0.20763500000000001
2315.0,0.20738900000000002
2316.0,0.207088
2317.0,0.206728
2318.0,0.20637699999999998
2319.0,0.20601199999999997
2320.0,0.20574
2321.0,0.205657
2322.0,0.20567799999999997
2323.0,0.20573799999999998
2324.0,0.20584599999999997
2325.0,0.205883
2326.0,0.205852
2327.0,0.20570699999999997
2328.0,0.205342
2329.0,0.20491900000000002
2330.0,0.204651
2331.0,0.2045
2332.0,0.204651
2333.0,0.20512699999999998
2334.0,0.20576
2335.0,0.206511
2336.0,0.207347
2337.0,0.20816800000000002
2338.0,0.208982
2339.0,0.20957599999999998
2340.0,0.209923
2341.0,0.21019400000000002
2342.0,0.210486
2343.0,0.210672
2344.0,0.21060800000000002
2345.0,0.210378
2346.0,0.210203
2347.0,0.210072
2348.0,0.20988800000000002
2349.0,0.20961400000000002
2350.0,0.209326
2351.0,0.209072
2352.0,0.208838
2353.0,0.208646
2354.0,0.208492
2355.0,0.20829599999999998
2356.0,0.208014
2357.0,0.20779699999999998
2358.0,0.207811
2359.0,0.207848
2360.0,0.207564
2361.0,0.20708100000000002
2362.0,0.206847
2363.0,0.206867
2364.0,0.207136
2365.0,0.207808
2366.0,0.20842
2367.0,0.20854399999999998
2368.0,0.208411
2369.0,0.20818799999999998
2370.0,0.20784400000000003
2371.0,0.207576
2372.0,0.20744900000000002
2373.0,0.20726199999999997
2374.0,0.206965
2375.0,0.206531
2376.0,0.20585599999999998
2377.0,0.204994
2378.0,0.20399899999999999
2379.0,0.202816
2380.0,0.202207
2381.0,0.202405
2382.0,0.20275500000000002
2383.0,0.20305499999999999
2384.0,0.20317799999999997
2385.0,0.202591
2386.0,0.201597
2387.0,0.200912
2388.0,0.200489
2389.0,0.200157
2390.0,0.19993099999999997
2391.0,0.19969
2392.0,0.19936199999999998
2393.0,0.198963
2394.0,0.198422
2395.0,0.197806
2396.0,0.197318
2397.0,0.19692
2398.0,0.196967
2399.0,0.197715
2400.0,0.198177
2401.0,0.19778500000000002
2402.0,0.197148
2403.0,0.19655
2404.0,0.196039
2405.0,0.19623200000000002
2406.0,0.197017
2407.0,0.19709900000000002
2408.0,0.196353
2409.0,0.19545500000000002
2410.0,0.194492
2411.0,0.19359500000000002
2412.0,0.19295600000000002
2413.0,0.192423
2414.0,0.19176500000000002
2415.0,0.191111
2416.0,0.19113499999999997
2417.0,0.191846
2418.0,0.19244499999999998
2419.0,0.19284300000000001
2420.0,0.193049
2421.0,0.19295600000000002
2422.0,0.192765
2423.0,0.19270700000000002
2424.0,0.19261199999999998
2425.0,0.192179
2426.0,0.191527
2427.0,0.191138
2428.0,0.191001
2429.0,0.19078399999999998
2430.0,0.190438
2431.0,0.190028
2432.0,0.189554
2433.0,0.189035
2434.0,0.188437
2435.0,0.187882
2436.0,0.187638
2437.0,0.18752500000000003
2438.0,0.18706399999999998
2439.0,0.18633
2440.0,0.18563400000000002
2441.0,0.18498799999999999
2442.0,0.184344
2443.0,0.183633
2444.0,0.183114
2445.0,0.182825
2446.0,0.182951
2447.0,0.183928
2448.0,0.18529900000000002
2449.0,0.186309
2450.0,0.187055
2451.0,0.18705
2452.0,0.186399
2453.0,0.186267
2454.0,0.186735
2455.0,0.18748
2456.0,0.18857600000000002
2457.0,0.18949100000000002
2458.0,0.18989
2459.0,0.190125
2460.0,0.19034199999999998
2461.0,0.190577
2462.0,0.191114
2463.0,0.191682
2464.0,0.191526
2465.0,0.190873
2466.0,0.19026700000000002
2467.0,0.189665
2468.0,0.18946200000000002
2469.0,0.189843
2470.0,0.189573
2471.0,0.188122
2472.0,0.18635100000000002
2473.0,0.184333
2474.0,0.182776
2475.0,0.182726
2476.0,0.183014
2477.0,0.182441
2478.0,0.18156199999999997
2479.0,0.180746
2480.0,0.179963
2481.0,0.179561
2482.0,0.179477
2483.0,0.17933700000000002
2484.0,0.179154
2485.0,0.178923
2486.0,0.178617
2487.0,0.17844200000000002
2488.0,0.17836200000000002
2489.0,0.17875699999999997
2490.0,0.17996700000000002
2491.0,0.181113
2492.0,0.181646
2493.0,0.182127
2494.0,0.182894
2495.0,0.183733
2496.0,0.18465
2497.0,0.185392
2498.0,0.185228
2499.0,0.18463100000000002
2500.0,0.184643
