filter_id,cwl,fwhm,snr
S001,900.0,6.5714867202,19100.0
S002,901.095247787,6.60246328857,19108.7619823
S003,902.195658335,6.63380455049,19117.5652667
S004,903.301292427,6.66551768087,19126.4103394
S005,904.41221204,6.69761005359,19135.2976963
S006,905.528480382,6.73008924864,19144.2278431
S007,906.650161924,6.7629630596,19153.2012954
S008,907.777322434,6.79623950141,19162.2185795
S009,908.910029017,6.82992681852,19171.2802321
S010,910.048350154,6.86403349339,19180.3868012
S011,911.192355736,6.89856825545,19189.5388459
S012,912.342117112,6.93354009036,19198.7369369
S013,913.497707127,6.96895824974,19200.0
S014,914.659200168,7.00483226146,19200.0
S015,915.826672212,7.04117194022,19200.0
S016,917.000200869,7.07798739881,19200.0
S017,918.179865435,7.11528905985,19200.0
S018,919.365746945,7.15308766804,19200.0
S019,920.557928223,7.19139430311,19200.0
S020,921.75649394,7.23022039333,19200.0
S021,922.961530673,7.26957772975,19200.0
S022,924.173126961,7.30947848113,19200.0
S023,925.391373374,7.3499352096,19203.130987
S024,926.616362576,7.39096088721,19212.9309006
S025,927.848189391,7.43256891318,19222.7855151
S026,929.086950876,7.47477313227,19232.695607
S027,930.332746398,7.51758785389,19242.6619712
S028,931.585677707,7.56102787237,19252.6854217
S029,932.845849019,7.6051084883,19262.7667922
S030,934.113367101,7.64984553098,19272.9069368
S031,935.388341356,7.69525538212,19283.1067308
S032,936.670883919,7.7413550009,19293.3670714
S033,937.961109753,7.78816195034,19300.0
S034,939.259136745,7.83569442523,19300.0
S035,940.565085815,7.88397128163,19300.0
S036,941.879081029,7.93301206807,19300.0
S037,943.201249707,7.98283705858,19300.0
S038,944.53172255,8.0334672876,19300.0
S039,945.870633765,8.08492458711,19300.0
S040,947.218121196,8.13723162581,19300.0
S041,948.574326467,8.19041195084,19300.0
S042,949.939395125,8.24449003197,19300.0
S043,951.313476797,8.29949130858,19310.5078144
S044,952.696725349,8.35544223958,19321.5738028
S045,954.089299055,8.41237035651,19332.7143924
S046,955.491360782,8.47030432008,19343.9308863
S047,956.903078168,8.52927398031,19355.2246253
S048,958.324623832,8.58931044077,19366.5969907
S049,959.756175572,8.65044612697,19378.0494046
S050,961.197916593,8.71271485945,19389.5833327
S051,962.650035736,8.77615193183,19400.0
S052,964.112727725,8.84079419429,19400.0
S053,965.586193424,8.90668014285,19400.0
S054,967.070640114,8.97385001506,19400.0
S055,968.566281783,9.04234589251,19400.0
S056,970.073339432,9.11221181081,19400.0
S057,971.592041401,9.18349387777,19400.0
S058,973.122623714,9.2562404003,19400.0
S059,974.665330447,9.33050202105,19400.0
S060,976.220414117,9.40633186551,19400.0
S061,977.788136095,9.48378570056,19400.0
S062,979.368767045,9.56292210561,19400.0
S063,980.962587396,9.64380265749,19400.0
S064,982.569887839,9.72649213035,19400.0
S065,984.19096986,9.81105871212,19400.0
S066,985.826146312,9.83431597344,19400.0
S067,987.465198975,9.85314858871,19400.0
S068,989.107390406,9.87202678778,19400.0
S069,990.752728204,9.89095071993,19400.0
S070,992.401219991,9.90992053509,19400.0
S071,994.052873413,9.92893638388,19400.0
S072,995.707696144,9.94799841755,19400.0
S073,997.36569588,9.96710678804,19400.0
S074,999.026880345,9.98626164797,19400.0
S075,1000.69125729,10.0054631506,19405.5300583
S076,1002.35883448,10.02471145,19418.8706758
S077,1004.02961972,10.0440067007,19432.2369578
S078,1005.70362084,10.063349058,19445.6289667
S079,1007.38084568,10.0827386781,19459.0467654
S080,1009.06130213,10.1021757177,19472.490417
S081,1010.74499808,10.1216603342,19485.9599846
S082,1012.43194147,10.1411926857,19499.4555317
S083,1014.12214025,10.160772931,19500.0
S084,1015.8156024,10.1804012298,19500.0
S085,1017.51233594,10.1974454471,19500.0
S086,1019.21191018,10.2100078488,19500.0
S087,1020.91357816,10.2225747143,19500.0
S088,1022.61734061,10.2351460229,19500.0
S089,1024.32319828,10.247721754,19500.0
S090,1026.03115191,10.2603018868,19508.2492153
S091,1027.74120222,10.2728864006,19521.9296178
S092,1029.45334995,10.2854752746,19535.6267996
S093,1031.16759583,10.2980684882,19549.3407667
S094,1032.88394058,10.3106660205,19563.0715247
S095,1034.60238492,10.3232678508,19576.8190793
S096,1036.32292956,10.3358739583,19590.5834365
S097,1038.04557522,10.3484843221,19604.3646018
S098,1039.77032261,10.3610989216,19618.1625809
S099,1041.49717243,10.3737177358,19631.9773794
S100,1043.22612538,10.3863407439,19645.8090031
S101,1044.95718217,10.3989679251,19659.6574574
S102,1046.69034349,10.4115992586,19673.522748
S103,1048.42561004,10.4242347234,19687.4048803
S104,1050.16298249,10.4368742987,19700.0
S105,1051.90246154,10.4421981549,19700.0
S106,1053.6428279,10.4466840065,19700.0
S107,1055.3839419,10.4511608201,19700.0
S108,1057.12580204,10.4556286181,19700.0
S109,1058.86840681,10.4600874224,19700.0
S110,1060.61175471,10.4645372553,19700.0
S111,1062.35584425,10.4689781387,19700.0
S112,1064.10067394,10.4734100947,19712.8053916
S113,1065.84624229,10.4778331451,19726.7699383
S114,1067.59254782,10.4822473118,19740.7403825
S115,1069.33958904,10.4866526168,19754.7167123
S116,1071.08736447,10.4910490817,19768.6989158
S117,1072.83587265,10.4954367283,19782.6869812
S118,1074.58511211,10.4998155782,19796.6808969
S119,1076.33508137,10.5041856532,19810.680651
S120,1078.08577898,10.5085469747,19824.6862318
S121,1079.83720347,10.5128995643,19838.6976278
S122,1081.5893534,10.5172434435,19852.7148272
S123,1083.34222731,10.5215786336,19866.7378185
S124,1085.09582375,10.5239228805,19880.76659
S125,1086.8498109,10.5248762547,19894.7984872
S126,1088.60395694,10.5258268145,19908.8316555
S127,1090.35826141,10.5267745723,19922.8660913
S128,1092.11272384,10.52771954,19936.9017907
S129,1093.86734376,10.5286617297,19950.9387501
S130,1095.62212071,10.5296011535,19964.9769657
S131,1097.37705424,10.5305378231,19979.0164339
S132,1099.13214388,10.5314717504,19993.057151
S133,1100.88738917,10.5324029473,20007.0991133
S134,1102.64278966,10.5333314254,20021.1423173
S135,1104.3983449,10.5342571963,20035.1867592
S136,1106.15405443,10.5351802716,20049.2324354
S137,1107.90991781,10.5361006629,20063.2793425
S138,1109.66593459,10.5370183816,20077.3274767
S139,1111.42210432,10.537933439,20091.3768345
S140,1113.17842656,10.5388458465,20105.4274124
S141,1114.93490086,10.5397556153,20119.4792069
S142,1116.6915268,10.5406627567,20133.5322144
S143,1118.44830393,10.5537548773,20147.5864314
S144,1120.20726307,10.5790711951,20161.6581046
S145,1121.9704416,10.6044901897,20175.7635328
S146,1123.73785664,10.6300125145,20189.9028531
S147,1125.50952539,10.6556388289,20204.0762031
S148,1127.28546519,10.6813697982,20218.2837215
S149,1129.06569349,10.7072060934,20232.5255479
S150,1130.85022784,10.7331483918,20246.8018227
S151,1132.63908591,10.7591973765,20261.1126873
S152,1134.43228547,10.785353737,20275.4582838
S153,1136.22984443,10.8116181688,20289.8387554
S154,1138.03178079,10.8379913738,20300.0
S155,1139.83811268,10.8644740603,20300.0
S156,1141.64885836,10.8910669428,20300.0
S157,1143.46403618,10.9177707425,20300.0
S158,1145.28366464,10.9445861872,20300.0
S159,1147.10776234,10.9715140113,20300.0
S160,1148.93634801,10.998554956,20300.0
S161,1150.7694405,11.0257097691,20306.155524
S162,1152.60705879,11.0303534134,20320.8564704
S163,1154.44545103,11.012620679,20335.5636082
S164,1156.28088781,10.9950292205,20350.2471025
S165,1158.11339268,10.9775772003,20364.9071414
S166,1159.94298888,10.9602628139,20379.543911
S167,1161.76969935,10.9430842896,20394.1575948
S168,1163.59354673,10.9260398869,20391.2516262
S169,1165.41455338,10.9091278967,20376.683573
S170,1167.23274136,10.8923466398,20362.1380691
S171,1169.04813247,10.8756944667,20347.6149403
S172,1170.86074821,10.8591697568,20333.1140143
S173,1172.67060984,10.8427709178,20318.6351213
S174,1174.47773832,10.8264963849,20304.1780934
S175,1176.28215439,10.8103446203,20300.0
S176,1178.08387849,10.7943141128,20300.0
S177,1179.88293084,10.7784033768,20300.0
S178,1181.67933141,10.7626109522,20300.0
S179,1183.4730999,10.7469354033,20300.0
S180,1185.2642558,10.731375319,20300.0
S181,1187.05281835,10.7233588282,20300.0
S182,1188.84004482,10.7266264849,20267.8389242
S183,1190.62781591,10.7298873067,20224.9324183
S184,1192.41613046,10.7331413127,20182.0128691
S185,1194.20498734,10.7363885217,20139.0803038
S186,1195.99438543,10.7396289524,20096.1347497
S187,1197.78432359,10.7428626236,20053.1762339
S188,1199.57480069,10.746089554,20010.2047834
S189,1201.36581562,10.749309762,19967.2204252
S190,1203.15736724,10.7525232664,19924.2231861
S191,1204.94945445,10.7557300855,19881.2130931
S192,1206.74207614,10.7589302377,19838.1901727
S193,1208.53523118,10.7621237416,19795.1544518
S194,1210.32891847,10.7653106153,19752.1059568
S195,1212.1231369,10.768490877,19709.0447144
S196,1213.91788538,10.7716645451,19756.7154152
S197,1215.71316281,10.7748316377,19828.5265122
S198,1217.50896808,10.7779921727,19900.3587231
S199,1219.30530011,10.7811461683,19972.2120043
S200,1221.1021578,10.7842936423,20044.0863121
S201,1222.89954008,10.7866876437,20115.981603
S202,1224.69732135,10.7890266851,20187.892854
S203,1226.49549246,10.791360385,20223.9278794
S204,1228.29405253,10.7936887603,20252.7048404
S205,1230.09300065,10.7960118278,20281.4880105
S206,1231.89233596,10.7983296044,20310.2773753
S207,1233.69205756,10.8006421069,20339.072921
S208,1235.49216458,10.802949352,20367.8746332
S209,1237.29265614,10.8052513562,20396.6824982
S210,1239.09353136,10.8075481362,20400.0
S211,1240.89478939,10.8098397085,20400.0
S212,1242.69642934,10.8121260895,20400.0
S213,1244.49845035,10.8144072955,20400.0
S214,1246.30085157,10.8166833429,20400.0
S215,1248.10363212,10.818954248,20400.0
S216,1249.90679117,10.8212200268,20400.0
S217,1251.71032784,10.8234806956,20400.0
S218,1253.51424129,10.8257362703,20400.0
S219,1255.31853066,10.8279867671,20400.0
S220,1257.12319513,10.8339732951,20400.0
S221,1258.92885734,10.8433877344,20400.0
S222,1260.73608863,10.8527996792,20400.0
S223,1262.54488858,10.8622091175,20399.6408914
S224,1264.35525676,10.8716160377,20385.1579459
S225,1266.16719277,10.8810204279,20370.6624578
S226,1267.98069617,10.8904222765,20356.1544306
S227,1269.79576655,10.8998215717,20341.6338676
S228,1271.61240348,10.909218302,20327.1007721
S229,1273.43060653,10.9186124556,20312.5551477
S230,1275.25037528,10.9280040209,20297.9969978
S231,1277.07170928,10.9373929865,20283.4263258
S232,1278.89460811,10.9467793406,20268.8431351
S233,1280.71907133,10.9561630719,20254.2474293
S234,1282.54509851,10.9655441688,20239.6392119
S235,1284.37268921,10.9749226199,20225.0184863
S236,1286.20184298,10.9842984136,20210.3852562
S237,1288.03255938,10.9936715388,20191.4790499
S238,1289.86483797,11.0030419838,20162.1625925
S239,1291.6986783,11.0100300189,20132.8211472
S240,1293.5336833,11.0117586276,20103.4610672
S241,1295.36897641,11.0134831498,20074.0963775
S242,1297.20455693,11.0152035992,20044.7270891
S243,1299.0404242,11.0169199896,20015.3532128
S244,1300.87657753,11.0186323347,19985.9747595
S245,1302.71301625,11.0203406479,19956.59174
S246,1304.54973969,11.022044943,19927.2041649
S247,1306.38674718,11.0237452333,19897.812045
S248,1308.22403806,11.0254415322,19868.4153911
S249,1310.06161165,11.0271338532,19839.0142137
S250,1311.89946729,11.0288222095,19809.6085234
S251,1313.73760432,11.0305066144,19770.2974963
S252,1315.57602209,11.0321870812,19726.1754698
S253,1317.41471994,11.0338636228,19682.0467215
S254,1319.25369721,11.0355362525,19637.911267
S255,1321.09295325,11.0372049831,19593.769122
S256,1322.93248742,11.0388698279,19549.620302
S257,1324.77229905,11.0405307995,19505.4648227
S258,1326.61238752,11.0446715927,19461.3026995
S259,1328.45316612,11.0636271333,19417.1240132
S260,1330.29710397,11.0826276861,19372.8695046
S261,1332.14420859,11.1016734051,19328.5389939
S262,1333.99448749,11.120764445,19284.1323003
S263,1335.84794823,11.1399009612,19239.6492425
S264,1337.70459839,11.1590831097,19193.4528515
S265,1339.56444558,11.1783110475,19133.9377416
S266,1341.42749742,11.1975849321,19074.3200827
S267,1343.29376157,11.2169049219,19014.5996297
S268,1345.16324573,11.2362711759,18954.7761368
S269,1347.03595759,11.2556838541,18894.8493572
S270,1348.9119049,11.2751431169,18834.8190433
S271,1350.79109542,11.2946491259,18768.3561833
S272,1352.67353694,11.314202043,18693.0585225
S273,1354.55923728,11.3338020313,18617.6305089
S274,1356.44820428,11.3534492544,18542.0718287
S275,1358.34044583,11.3731438768,18466.382167
S276,1360.23596981,11.3928860637,18390.5612078
S277,1362.13478415,11.4075403928,18314.608634
S278,1364.03604088,11.3937088347,18250.8466918
S279,1365.93499235,11.3799657824,18190.0802447
S280,1367.83165332,11.3663103131,18129.3870938
S281,1369.72603837,11.3527415178,18068.7667722
S282,1371.61816196,11.3392585001,18008.2188174
S283,1373.50803837,11.3258603768,17947.7427721
S284,1375.39568177,11.3125462772,17893.6690917
S285,1377.28110615,11.2993153431,17863.5023016
S286,1379.16432537,11.2861667283,17833.370794
S287,1381.04535316,11.2730995987,17803.2743494
S288,1382.92420309,11.2601131318,17773.2127505
S289,1384.80088862,11.2472065169,17743.1857822
S290,1386.67542303,11.2343789542,17713.1932314
S291,1388.54781953,11.2216296555,17683.2348876
S292,1390.41809114,11.2089578431,17653.3105418
S293,1392.28625078,11.1963627502,17623.4199876
S294,1394.15231124,11.1838436205,17593.5630202
S295,1396.01628517,11.1713997082,17563.7394372
S296,1397.87818512,11.1658077469,17533.949038
S297,1399.73915308,11.1804061038,17504.1735507
S298,1401.6025541,11.1950228497,17500.0
S299,1403.46839124,11.2096580059,17500.0
S300,1405.33666757,11.2243115937,17500.0
S301,1407.20738617,11.2389836347,17500.0
S302,1409.08055011,11.2536741501,17500.0
S303,1410.95616247,11.2683831614,17500.0
S304,1412.83422633,11.2831106901,17481.2833255
S305,1414.71474478,11.2978567577,17375.9742924
S306,1416.59772091,11.3126213857,17270.5276293
S307,1418.4831578,11.3274045955,17164.943163
S308,1420.37105857,11.3422064087,17059.2207201
S309,1422.2614263,11.357026847,16953.360127
S310,1424.15426411,11.3718659317,16847.3612097
S311,1426.0495751,11.3867236846,16749.6203952
S312,1427.94736238,11.4016001273,16658.5266057
S313,1429.84762907,11.4164952814,16567.3138047
S314,1431.75037828,11.4314091686,16475.9818424
S315,1433.65561314,11.4431550821,16384.5305691
S316,1435.56280566,11.4493464023,16292.9853284
S317,1437.47103006,11.4555313121,16201.3905572
S318,1439.38028528,11.4617098152,16260.1691289
S319,1441.29057025,11.4678819155,16321.2982479
S320,1443.2018839,11.4740476169,16382.4602848
S321,1445.11422517,11.480206923,16443.6552054
S322,1447.02759299,11.4863598378,16504.8829756
S323,1448.94198629,11.4925063652,16566.1435614
S324,1450.85740402,11.498646509,16641.1553931
S325,1452.77384511,11.5047802731,16733.1445651
S326,1454.69130849,11.5109076615,16825.1828073
S327,1456.6097931,11.5170286782,16917.2700686
S328,1458.52929788,11.523143327,17009.406298
S329,1460.44982176,11.529251612,17101.5914447
S330,1462.3713637,11.535353537,17193.8254576
S331,1464.29392262,11.5414491062,17185.648619
S332,1466.21749747,11.5475383236,17170.2600202
S333,1468.14208719,11.5536211932,17154.8633025
S334,1470.06769073,11.5581048461,17139.4584742
S335,1471.99404153,11.5623008801,17124.0476677
S336,1473.92109168,11.5664905009,17108.6312666
S337,1475.8488401,11.57067372,17093.2092792
S338,1477.77728572,11.5748505488,17077.7817143
S339,1479.70642748,11.579020999,17062.3485802
S340,1481.63626431,11.5831850821,17046.9098855
S341,1483.56679516,11.5873428094,17031.4656388
S342,1485.49801896,11.5914941925,17016.0158483
S343,1487.42993466,11.5956392428,17000.5605228
S344,1489.3625412,11.5997779717,17000.0
S345,1491.29583752,11.6039103907,17000.0
S346,1493.22982259,11.6080365111,17000.0
S347,1495.16449534,11.6121563444,17000.0
S348,1497.09985473,11.6162699017,17000.0
S349,1499.03589972,11.6203771946,17000.0
S350,1500.97262925,11.6244782343,16992.218966
S351,1502.91004229,11.6285730321,16976.7196617
S352,1504.84813779,11.638321307,16961.2148977
S353,1506.78785801,11.6508776052,16945.6971359
S354,1508.72967094,11.6634421732,16930.1626324
S355,1510.67357797,11.6760150061,16914.6113762
S356,1512.61958047,11.6885960991,16896.1734248
S357,1514.56767982,11.7011854473,16833.8342456
S358,1516.5178774,11.7137830459,16771.4279232
S359,1518.47017457,11.7263888899,16708.9544136
S360,1520.42457272,11.7390029744,16646.4136729
S361,1522.38107322,11.7516252944,16583.805657
S362,1524.33967743,11.7642558451,16521.1303221
S363,1526.30038674,11.7768946213,16479.1938121
S364,1528.26320251,11.7895416182,16447.7887598
S365,1530.22812611,11.8021968306,16416.3499822
S366,1532.19515892,11.8148602536,16384.8774573
S367,1534.16430229,11.827531882,16353.3711633
S368,1536.13555761,11.8402117109,16321.8310783
S369,1538.10892623,11.852899735,16304.8714098
S370,1540.08440952,11.8654590757,16320.6752761
S371,1542.06198603,11.8780233833,16336.4958882
S372,1544.04165659,11.8905953365,16352.3332527
S373,1546.02342248,11.9031749293,16368.1873799
S374,1548.00728497,11.9157621555,16384.0582798
S375,1549.99324533,11.9283570091,16399.9459626
S376,1551.98130483,11.940959484,16289.0469295
S377,1553.97146474,11.953569574,16177.5979743
S378,1555.96372634,11.9661872731,16066.0313249
S379,1557.95809089,11.978812575,15954.3469104
S380,1559.95455965,11.9914454735,15842.5446597
S381,1561.95313389,12.0040859624,15730.6245019
S382,1563.95381489,12.0167340356,15641.8474045
S383,1565.95660389,12.0293896867,15561.7358442
S384,1567.96150218,12.0420529096,15481.539913
S385,1569.96851099,12.0547236979,15401.2595603
S386,1571.97763161,12.0674020453,15320.8947356
S387,1573.98886528,12.0765537139,15240.4453886
S388,1576.00162424,12.0844970952,15200.0
S389,1578.01570709,12.0924358443,15200.0
S390,1580.03111306,12.1003699572,15200.0
S391,1582.04784139,12.1082994299,15200.0
S392,1584.06589129,12.1162242581,15200.0
S393,1586.085262,12.1241444379,15200.0
S394,1588.10595274,12.1320599653,15175.7618904
S395,1590.12796273,12.1399708362,15094.8814906
S396,1592.15129121,12.1478770467,15013.9483517
S397,1594.17593738,12.1557785928,14932.9625047
S398,1596.20190048,12.1636754706,14851.9239808
S399,1598.22917973,12.1715676763,14770.832811
S400,1600.25777434,12.1794552059,14693.8134159
S401,1602.28768354,12.1873380557,14645.0955951
S402,1604.31890655,12.1952162217,14596.3462428
S403,1606.35144259,12.2043533545,14547.565378
S404,1608.38550148,12.2254580519,14498.7479645
S405,1610.42307782,12.2466188237,14449.8461323
S406,1612.46418096,12.2678358961,14400.859657
S407,1614.50882027,12.2891094962,14432.1411244
S408,1616.55700519,12.3104398526,14464.912083
S409,1618.60874516,12.3318271951,14497.7399226
S410,1620.6640497,12.3532717548,14530.6247951
S411,1622.72292832,12.3747737642,14563.5668532
S412,1624.78539062,12.396333457,14596.5662499
S413,1626.85144619,12.4179510681,14555.5652914
S414,1628.9211047,12.439626834,14505.8934871
S415,1630.99437584,12.4613609925,14456.1349798
S416,1633.07126934,12.4831537824,14406.2895358
S417,1635.15179497,12.5050054443,14356.3569207
S418,1637.23596255,12.5269162199,14306.3368989
S419,1639.32378192,12.5985187389,14256.229234
S420,1641.42353504,12.7974411597,14205.8351591
S421,1643.5564419,13.0054945965,14154.6453944
S422,1645.72402433,13.2233970752,14102.623416
S423,1647.92792384,13.4519480378,14049.7298277
S424,1650.16991518,13.692040585,13900.0609097
S425,1652.45192195,13.9446760429,12557.8519663
S426,1654.77603462,14.210981393,11190.8775712
S427,1657.14453152,14.492230255,9797.79768643
S428,1659.55990323,14.7898683074,8377.14742345
S429,1662.02488128,15.1055443007,6927.32017599
S430,1664.542472,15.4411481732,6635.18340239
S431,1667.11599669,15.7988582724,6619.19900106
S432,1669.74913974,16.1812003643,6602.84430462
S433,1672.44600647,16.5911220678,6586.09381446
S434,1675.21119348,16.7464782787,6568.91493129
S435,1678.00227319,16.7659061884,6551.52576001
S436,1680.79659089,16.7853369848,6534.11641523
S437,1683.59414705,16.8047706326,6516.68689394
S438,1686.39494216,16.8242070968,6499.23719318
S439,1689.19897667,16.8436463421,6477.42609054
S440,1692.00625107,16.8630883335,6452.76288401
S441,1694.81676579,16.8825330358,6428.07120967
S442,1697.63052129,16.901980414,6403.35106355
S443,1700.44751803,16.921430433,6378.57035335
S444,1703.26775643,16.9408830578,6353.5910325
S445,1706.09123694,16.9603382532,6328.5829958
S446,1708.91795999,16.9797959842,6303.54623945
S447,1711.74792598,16.9992562159,6278.48075971
S448,1714.58113535,17.0187189133,6253.12483595
S449,1717.41758851,17.0381840413,6227.64519513
S450,1720.25728585,17.057651565,6202.13641201
S451,1723.10022777,17.0771214495,6176.59848301
S452,1725.94641468,17.0965936598,6150.02695774
S453,1728.79584696,17.1160681611,6121.4065729
S454,1731.64852498,17.1355449184,6092.75358696
S455,1734.50444914,17.1517543282,6064.06799615
S456,1737.36307486,17.1660465148,6035.35527013
S457,1740.22408261,17.180327348,6005.89475819
S458,1743.0874705,17.194596817,5976.37332249
S459,1745.95323664,17.2088549112,5946.82736716
S460,1748.82137912,17.2231016202,5917.25691176
S461,1751.69189606,17.2373369334,5885.9658189
S462,1754.56478555,17.2515608405,5853.46629747
S463,1757.44004569,17.2657733314,5820.93995808
S464,1760.31767458,17.2799743959,5788.38682225
S465,1763.19767031,17.294164024,5755.6965281
S466,1766.08003098,17.3083422057,5722.63382502
S467,1768.96475468,17.3225089314,5689.54401632
S468,1771.8518395,17.3366641911,5656.42712391
S469,1774.74128354,17.3508079754,5623.2831697
S470,1777.63308487,17.3649402747,5587.63970852
S471,1780.52724158,17.3790610796,5551.72408294
S472,1783.42375176,17.3931703808,5515.77925152
S473,1786.32261349,17.407268169,5479.80523807
S474,1789.22382485,17.4213544352,5443.15073557
S475,1792.12738392,17.4354291703,5406.02134734
S476,1795.03328878,17.4435128764,5368.86196222
S477,1797.94054093,17.4501183652,5331.68534865
S478,1800.84889399,17.4567099989,5297.58821666
S479,1803.75834566,17.4632878145,5270.98616928
S480,1806.66889363,17.4698518487,5244.37409806
S481,1809.5805356,17.4764021384,5217.75202399
S482,1812.49326929,17.48293872,5191.11996802
S483,1815.40709241,17.4894616302,5160.89493267
S484,1818.32200268,17.4959709052,5130.65032156
S485,1821.23799783,17.5024665814,5100.39445393
S486,1824.1550756,17.5089486951,5070.12735329
S487,1827.07323371,17.5154172822,5035.98478541
S488,1829.99246993,17.5218723788,5000.2541847
S489,1832.91278199,17.5283140208,4964.51041591
S490,1835.83416766,17.5347422439,4928.75350648
S491,1838.7566247,17.5411570839,4899.15664057
S492,1841.68015088,17.5475585762,4877.73532622
S493,1844.60474398,17.5539467565,4856.30619434
S494,1847.53040177,17.5603216601,4834.86926119
S495,1850.45712205,17.5666833222,4812.07624521
S496,1853.3849026,17.5730317781,4781.98816493
S497,1856.31374123,17.5744244999,4751.88921106
S498,1859.24281198,17.5736311202,4721.78787175
S499,1862.1717505,17.5728403433,4691.68789133
S500,1865.10055722,17.5720521564,4636.9047198
S501,1868.02923258,17.5712665465,4579.00839382
S502,1870.95777701,17.5704835009,4521.11465625
S503,1873.88619092,17.5697030071,4463.22349867
S504,1876.81447476,17.5689250524,4431.48040728
S505,1879.74262893,17.5681496244,4415.78733252
S506,1882.67065387,17.5673767106,4400.09495039
S507,1885.59854999,17.5666062988,4384.40325866
S508,1888.52631771,17.5658383767,4373.97125693
S509,1891.45395744,17.5650729321,4373.28259292
S510,1894.38146959,17.5643099531,4372.59395892
S511,1897.30885458,17.5635494275,4371.90535483
S512,1900.23611282,17.5627913435,4369.36180122
S513,1903.16324471,17.5620356892,4345.67675382
S514,1906.09025066,17.5612824528,4321.99272549
S515,1909.01713107,17.5605316228,4298.30971298
S516,1911.94388634,17.5597831873,4274.62771302
S517,1914.87051687,17.5590371351,4253.24340241
S518,1917.79702306,17.5658353987,4232.39876929
S519,1920.72466229,17.5781874231,4211.54606583
S520,1923.6543602,17.5905278187,4190.67869907
S521,1926.58611483,17.6028565847,4147.19128906
S522,1929.51992426,17.6151737204,4084.48182762
S523,1932.45578655,17.6274792249,4021.72848689
S524,1935.39369976,17.6397730976,3958.9313083
S525,1938.33366194,17.652055338,3872.10094784
S526,1941.27567116,17.6643259455,3724.55720922
S527,1944.21972549,17.6765849197,3576.91090739
S528,1947.16582297,17.6888322602,3429.1621396
S529,1950.11396168,17.7010679668,3283.99571446
S530,1953.06413968,17.713292039,3205.54265299
S531,1956.01635502,17.7255044769,3127.03541311
S532,1958.97060576,17.7377052802,3048.47404637
S533,1961.92688998,17.749894449,2969.85860434
S534,1964.88520572,17.7620719832,3013.83697797
S535,1967.84555105,17.7742378829,3087.3351937
S536,1970.80792403,17.7863921483,3160.88375108
S537,1973.77232272,17.7985347796,3234.48260196
S538,1976.73874518,17.8106657771,3276.90071498
S539,1979.70718948,17.8173739707,3297.28142278
S540,1982.67675181,17.8178406603,3317.66980676
S541,1985.64639192,17.8183059905,3338.05872476
S542,1988.61610958,17.8187699673,3273.34132031
S543,1991.58590458,17.8192325964,3067.27512249
S544,1994.55577668,17.8196938837,2861.20357456
S545,1997.52572566,17.820153835,2655.12669205
S546,2000.4957513,17.8206124561,2465.15153273
S547,2003.46585337,17.8210697527,2355.5631392
S548,2006.43603166,17.8215257305,2245.97193351
S549,2009.40628595,17.8219803951,2136.37792377
S550,2012.37661602,17.8224337522,2026.78111806
S551,2015.34702164,17.8228858074,2153.52302059
S552,2018.31750261,17.8233365663,2290.51094522
S553,2021.28805871,17.8237860343,2427.50233441
S554,2024.25868971,17.824234217,2564.49717825
S555,2027.22939542,17.8246811199,2660.1351447
S556,2030.2001756,17.8251267483,2742.02218347
S557,2033.17103006,17.8255711078,2823.91126946
S558,2036.14195858,17.8260142037,2905.80239685
S559,2039.11296095,17.8264560413,2919.1790743
S560,2042.08403695,17.8270618109,2874.86681811
S561,2045.05521392,17.828118957,2830.55305612
S562,2048.02656708,17.8291732231,2786.23666632
S563,2050.99809595,17.8302246207,2745.71318178
S564,2053.96980005,17.8312731614,2712.6922548
S565,2056.94167891,17.8323188566,2679.66938597
S566,2059.91373206,17.8333617177,2646.64458054
S567,2062.88595901,17.834401756,2622.00969548
S568,2065.8583593,17.8354389829,2653.60950818
S569,2068.83093247,17.8364734095,2685.21115868
S570,2071.80367803,17.8375050469,2716.81464204
S571,2074.77659554,17.8385339064,2748.41995329
S572,2077.74968453,17.8395599989,2783.36098256
S573,2080.72294453,17.8405833354,2818.57490725
S574,2083.69637508,17.8416039268,2853.79085193
S575,2086.66997574,17.842621784,2889.00881118
S576,2089.64374603,17.8436369179,2919.52491785
S577,2092.61768552,17.8446493391,2948.22139687
S578,2095.59179374,17.8456590584,2976.91950408
S579,2098.56607025,17.8466660865,3005.61923513
S580,2101.5405146,17.8476704338,3027.58828734
S581,2104.51512634,17.848672111,3043.29171795
S582,2107.48990503,17.8660760793,3058.99602989
S583,2110.46758437,17.8838195547,3074.71565486
S584,2113.44822096,17.9015657608,3086.53845133
S585,2116.43181526,17.9193146746,3089.97873867
S586,2119.4183677,17.9370662733,3093.42243697
S587,2122.40787875,17.954820534,3096.86954673
S588,2125.40034884,17.9725774339,3098.7560876
S589,2128.39577841,17.99033695,3090.50824057
S590,2131.3941679,18.0080990597,3082.25224347
S591,2134.39551775,18.0258637399,3073.9880951
S592,2137.39982837,18.0436309679,3065.7157943
S593,2140.4071002,18.0614007208,3045.24237838
S594,2143.41733365,18.0791729758,3024.32824612
S595,2146.43052915,18.0969477102,3003.39353455
S596,2149.4466871,18.1147249009,2982.43824079
S597,2152.46580792,18.1325045254,2968.23016121
S598,2155.487892,18.1502865607,2955.52828159
S599,2158.51293976,18.168070984,2942.8139456
S600,2161.54095159,18.1858577727,2930.08715156
S601,2164.57192789,18.2036469037,2927.70162795
S602,2167.60586904,18.2214383545,2930.11096557
S603,2170.64277543,18.2392321022,2932.52265797
S604,2173.68264745,18.2570281241,2934.93670545
S605,2176.72548547,18.2748263974,2932.86416318
S606,2179.77128987,18.2926268993,2927.35909444
S607,2182.82006102,18.3104296071,2921.84866351
S608,2185.87179929,18.3282344981,2916.33286973
S609,2188.92650504,18.3460415495,2908.74670079
S610,2191.98417863,18.3638507387,2898.7938847
S611,2195.04482042,18.3816620428,2888.83140704
S612,2198.10843076,18.3994754392,2878.85926666
S613,2201.17501,18.4172909053,2869.91849553
S614,2204.24455848,18.4351084182,2862.64657899
S615,2207.31707655,18.4529279554,2855.36762735
S616,2210.39256454,18.4707494941,2848.08163982
S617,2213.47102279,18.4885730117,2840.83372698
S618,2216.55245163,18.5063984855,2833.67682108
S619,2219.63685138,18.5242258929,2826.51301495
S620,2222.72422236,18.5420552112,2819.34230786
S621,2225.81456489,18.5598864179,2811.90799896
S622,2228.9078793,18.5777194903,2803.74866779
S623,2232.00416588,18.5955544057,2795.58149681
S624,2235.10342495,18.6121531374,2787.40648522
S625,2238.20545047,18.6283277588,2778.80740653
S626,2241.31017176,18.6444996628,2768.78376267
S627,2244.41758837,18.6606688295,2758.75141694
S628,2247.52769984,18.676835239,2748.7103708
S629,2250.64050572,18.6929988713,2738.33461196
S630,2253.75600553,18.7091597067,2726.69039777
S631,2256.87419881,18.7253177252,2715.03611669
S632,2259.9950851,18.7414729073,2703.37177049
S633,2263.11866392,18.757625233,2691.52172392
S634,2266.24493479,18.7737746828,2678.94971297
S635,2269.37389724,18.7899212369,2666.3668781
S636,2272.50555078,18.8060648757,2653.77322126
S637,2275.63989492,18.8222055797,2640.87982834
S638,2278.77692919,18.8383433293,2626.84814537
S639,2281.91665308,18.8544781049,2612.80443195
S640,2285.05906609,18.8706098871,2598.74869027
S641,2288.20416774,18.8867386566,2584.48018296
S642,2291.35195752,18.9028643937,2569.50303975
S643,2294.50243492,18.9189870793,2554.51310886
S644,2297.65559943,18.9351066939,2539.51039272
S645,2300.81145054,18.9398381174,2524.1713274
S646,2303.96809023,18.9428413893,2507.89336459
S647,2307.12523046,18.9458378662,2491.6128206
S648,2310.28287011,18.9488275699,2475.32970126
S649,2313.44100804,18.9518105221,2457.73805345
S650,2316.59964312,18.9547867446,2437.06615311
S651,2319.75877425,18.957756259,2416.39100641
S652,2322.91840029,18.9607190866,2395.71262069
S653,2326.07852014,18.963675249,2374.91763566
S654,2329.23913268,18.9666247675,2353.9005691
S655,2332.40023681,18.9695676633,2332.88023366
S656,2335.56183142,18.9725039575,2311.85663665
S657,2338.72391541,18.9754336712,2289.44192115
S658,2341.88648769,18.9783568254,2264.82561021
S659,2345.04954716,18.981273441,2240.20550715
S660,2348.21309273,18.9841835388,2215.58162045
S661,2351.37712332,18.9870871395,2188.463615
S662,2354.54163785,18.9899842638,2158.10958461
S663,2357.70663522,18.9928749322,2127.75092267
S664,2360.87211438,18.9957591652,2097.38763952
S665,2364.03807424,18.9986369832,2067.30283047
S666,2367.20451374,19.0015084065,2037.51312398
S667,2370.3714318,19.0043734553,2007.71891512
S668,2373.53882738,19.0072321498,1977.92021388
S669,2376.70669941,19.01008451,1949.44008628
S670,2379.87504682,19.012930556,1922.08857515
S671,2383.04386858,19.0157703076,1894.73296916
S672,2386.21316363,19.0186037846,1867.37327737
S673,2389.38293093,19.0214310069,1836.99816975
S674,2392.55316943,19.024251994,1804.56022549
S675,2395.7238781,19.0270667656,1772.1174705
S676,2398.89505589,19.0298753412,1739.66991538
S677,2402.06670178,19.0326777401,1702.49042619
S678,2405.23881474,19.0354739819,1662.77776301
S679,2408.41139374,19.0382640857,1623.05926533
S680,2411.58443775,19.0410480707,1583.33494596
S681,2414.75794576,19.0438259561,1543.75682311
S682,2417.93191676,19.0465977609,1504.23457109
S683,2421.10634972,19.0493635041,1464.70656667
S684,2424.28124363,19.0521232046,1425.1728224
S685,2427.4565975,19.0548768811,1378.93536996
S686,2430.63241031,19.0576245526,1330.73124233
S687,2433.80868107,19.0603662376,1282.52016376
S688,2436.98540878,19.0631019547,1234.30214941
S689,2440.16259244,19.0658317224,1181.55989881
S690,2443.34023106,19.0685555593,1127.93692272
S691,2446.51832365,19.0712734836,1074.30628579
S692,2449.69686923,19.0739855138,1020.66800465
S693,2452.87586682,19.076691668,987.451409053
S694,2456.05531543,19.0793919644,956.383758246
S695,2459.23521409,19.082086421,925.311709828
S696,2462.41556183,19.084775056,894.23527331
S697,2465.59635767,19.0874578872,851.78709268
S698,2468.77760065,19.0901349326,809.022911455
S699,2471.95928981,19.0928062099,766.252732487
S700,2475.14142417,19.0954717369,723.244881361
S701,2478.3240028,19.0981315313,675.248904566
S702,2481.50702472,19.1007856106,627.246242446
S703,2484.69048899,19.1034339924,579.236909367
S704,2487.87439465,19.1060766941,533.870363257
S705,2491.05874077,19.1087137332,508.382095379
S706,2494.24352639,19.1113451269,482.890309585
S707,2497.42875058,19.1139708926,457.395013408
S708,2500.61441239,19.1165910474,431.912389375
