Data ID,Epidote GDS26
Sample ID,GDS26
Mineral Name,epidote
Sample Description,
Date Added,
Viewing Geometry,
Other Information,
Grain Size,
Database of Origin,MICA Files (USGS/RELAB)
Wavelength,Response
300.0,
305.0,
310.0,
315.0,
320.0,
325.0,
330.0,
335.0,
340.0,
345.0,
350.0,
355.0,
360.0,
365.0,
370.0,
375.0,
380.0,
385.0,
390.0,
395.0,
400.0,0.03375489264726639
405.0,0.03387733921408653
410.0,0.03363865613937378
415.0,0.034961603581905365
420.0,0.03587045893073082
425.0,0.038190629333257675
430.0,0.04071209207177162
435.0,0.04370434954762459
440.0,0.04673559218645096
445.0,0.04911951348185539
450.0,0.04853790998458862
455.0,0.042707521468400955
460.0,0.042961664497852325
465.0,0.04557953029870987
470.0,0.0435677245259285
475.0,0.04263095557689667
480.0,0.04524719715118408
485.0,0.05076921358704567
490.0,0.058344338089227676
495.0,0.06801269948482513
500.0,0.07903418689966202
505.0,0.0901084616780281
510.0,0.09925836324691772
515.0,0.10837031155824661
520.0,0.11541792750358582
525.0,0.12118904292583466
530.0,0.12507694959640503
535.0,0.1281602382659912
540.0,0.12924990057945251
545.0,0.13015149533748627
550.0,0.1292528212070465
555.0,0.12763075530529022
560.0,0.12611299753189087
565.0,0.1240975633263588
570.0,0.12222138047218323
575.0,0.12053510546684265
580.0,0.11864902824163437
585.0,0.11677608639001846
590.0,0.11561836302280426
595.0,0.11435241997241974
600.0,0.11347676813602448
605.0,0.11294139176607132
610.0,0.11351311206817627
615.0,0.11419392377138138
620.0,0.11498848348855972
625.0,0.1167900413274765
630.0,0.11960991472005844
635.0,0.12205983698368073
640.0,0.1253371387720108
645.0,0.12987017631530762
650.0,0.13399024307727814
655.0,0.13868017494678497
660.0,0.1435212641954422
665.0,0.14875063300132751
670.0,0.15402920544147491
675.0,0.1591348648071289
680.0,0.16509558260440826
685.0,0.1696208417415619
690.0,0.17432084679603577
695.0,0.1794891506433487
700.0,0.183476984500885
705.0,0.1872951090335846
710.0,0.1912032961845398
715.0,0.19442827999591827
720.0,0.19729280471801758
725.0,0.20025067031383514
730.0,0.20340600609779358
735.0,0.20639395713806152
740.0,0.20805950462818146
745.0,0.21158930659294128
750.0,0.2140948325395584
755.0,0.21780705451965332
760.0,0.21972136199474335
765.0,0.2233816236257553
770.0,0.22599679231643677
775.0,0.22917944192886353
780.0,0.23252546787261963
785.0,0.23511970043182373
790.0,0.23777131736278534
795.0,0.24066926538944244
800.0,0.2432876080274582
805.0,0.24528345465660095
810.0,0.24764108657836914
815.0,0.24975770711898804
820.0,0.25168824195861816
825.0,0.2531099319458008
830.0,0.25415703654289246
835.0,0.2551524043083191
840.0,0.25569963455200195
845.0,0.2566438913345337
850.0,0.2581835687160492
855.0,0.2599121928215027
860.0,0.2610980272293091
865.0,0.2599236071109772
870.0,0.25874918699264526
875.0,0.25921329855918884
880.0,0.2600870430469513
885.0,0.26048746705055237
890.0,0.260177880525589
895.0,0.25953683257102966
900.0,0.2575700581073761
905.0,0.2558247148990631
910.0,0.2549651861190796
915.0,0.25374796986579895
920.0,0.25109997391700745
925.0,0.2485923171043396
930.0,0.24664588272571564
935.0,0.24510841071605682
940.0,0.24418440461158752
945.0,0.24202734231948853
950.0,0.24002303183078766
955.0,0.23986265063285828
960.0,0.2382834255695343
965.0,0.23598209023475647
970.0,0.2345760017633438
975.0,0.23175890743732452
980.0,0.23191337287425995
985.0,0.23078793287277222
990.0,0.22959929704666138
995.0,0.22992520034313202
1000.0,0.2285977005958557
1004.9999999999999,0.22751320898532867
1010.0,0.22574062645435333
1014.9999999999999,0.22606435418128967
1020.0,0.22722600400447845
1025.0,0.22688204050064087
1030.0,0.22650234401226044
1035.0,0.22776377201080322
1040.0,0.22751875221729279
1045.0,0.22835113108158112
1050.0,0.22870337963104248
1055.0,0.2305992692708969
1060.0,0.23096522688865662
1065.0,0.23286733031272888
1070.0,0.23452921211719513
1075.0,0.23706068098545074
1080.0,0.23902007937431335
1085.0,0.23988087475299835
1090.0,0.24377813935279846
1095.0,0.24633637070655823
1100.0,0.25003549456596375
1105.0,0.2542564868927002
1110.0,0.2585907578468323
1115.0,0.2626451551914215
1120.0,0.2666837275028229
1125.0,0.2705073058605194
1130.0,0.27476537227630615
1135.0,0.27905482053756714
1140.0,0.28288790583610535
1145.0,0.2877315878868103
1150.0,0.29205650091171265
1155.0,0.29799360036849976
1160.0,0.30232444405555725
1165.0,0.30623817443847656
1170.0,0.31119102239608765
1175.0,0.31686288118362427
1180.0,0.3226407766342163
1185.0,0.3291422724723816
1190.0,0.3351784944534302
1195.0,0.3419610261917114
1200.0,0.34620189666748047
1205.0,0.35073643922805786
1210.0,0.357498437166214
1215.0,0.3613938093185425
1220.0,0.36661297082901
1225.0,0.37162452936172485
1230.0,0.3767748177051544
1235.0,0.37968188524246216
1240.0,0.38337355852127075
1245.0,0.38657936453819275
1250.0,0.38966405391693115
1255.0,0.392814964056015
1260.0,0.3964773416519165
1265.0,0.39813804626464844
1270.0,0.39939117431640625
1275.0,0.40108227729797363
1280.0,0.4035978317260742
1285.0,0.4043779969215393
1290.0,0.4056757688522339
1295.0,0.4082757234573364
1300.0,0.40860435366630554
1305.0,0.40970534086227417
1310.0,0.409498393535614
1315.0,0.4102731943130493
1320.0,0.4109971225261688
1325.0,0.4132732152938843
1330.0,0.41393521428108215
1335.0,0.4142853915691376
1340.0,0.41416555643081665
1345.0,0.4153248965740204
1350.0,0.41622787714004517
1355.0,0.41831326484680176
1360.0,0.4202669858932495
1365.0,0.42114874720573425
1370.0,0.42265668511390686
1375.0,0.42273226380348206
1380.0,0.4218435287475586
1385.0,0.4225483238697052
1390.0,0.4245990812778473
1395.0,0.42558175325393677
1400.0,0.4268202781677246
1405.0,0.42975980043411255
1410.0,0.4315272867679596
1415.0,0.4313177168369293
1420.0,0.43163979053497314
1425.0,0.4329511821269989
1430.0,0.4333374798297882
1435.0,0.4339924156665802
1440.0,0.43552103638648987
1445.0,0.4358617961406708
1450.0,0.43583858013153076
1455.0,0.43648502230644226
1460.0,0.4370455741882324
1465.0,0.43791940808296204
1470.0,0.4386756718158722
1475.0,0.43812692165374756
1480.0,0.4364496171474457
1485.0,0.4360387921333313
1490.0,0.4370284080505371
1495.0,0.43410322070121765
1500.0,0.432142049074173
1505.0,0.42878830432891846
1510.0,0.42565667629241943
1515.0,0.42353540658950806
1520.0,0.42035162448883057
1525.0,0.4169241786003113
1530.0,0.41365617513656616
1535.0,0.4081902503967285
1540.0,0.4026966094970703
1545.0,0.40469151735305786
1550.0,0.409454882144928
1555.0,0.41691163182258606
1560.0,0.42472684383392334
1565.0,0.4308716356754303
1570.0,0.4361889958381653
1575.0,0.44051477313041687
1580.0,0.445107638835907
1585.0,0.4500048756599426
1590.0,0.45424580574035645
1595.0,0.4582344889640808
1600.0,0.4618944525718689
1605.0,0.46503961086273193
1610.0,0.46874579787254333
1615.0,0.47159498929977417
1620.0,0.47361159324645996
1625.0,0.4764077663421631
1630.0,0.47982949018478394
1635.0,0.48303690552711487
1640.0,0.485118567943573
1645.0,0.4886234998703003
1650.0,0.4918997287750244
1655.0,0.4948079586029053
1660.0,0.49788591265678406
1665.0,0.4995419383049011
1670.0,0.5008757710456848
1675.0,0.5028797388076782
1680.0,0.5039384365081787
1685.0,0.506087064743042
1690.0,0.5135408639907837
1695.0,0.5193183422088623
1700.0,0.5239784717559814
1705.0,0.5246146321296692
1710.0,0.5258751511573792
1715.0,0.5280721783638
1720.0,0.5312834978103638
1725.0,0.5348451137542725
1730.0,0.5387934446334839
1735.0,0.542645275592804
1740.0,0.5464326739311218
1745.0,0.5497193932533264
1750.0,0.5521063804626465
1755.0,0.5531436204910278
1760.0,0.5557659864425659
1765.0,0.5583540797233582
1770.0,0.5592197179794312
1775.0,0.5611577033996582
1780.0,0.563810408115387
1785.0,0.571363091468811
1790.0,0.5760645866394043
1795.0,0.5764891505241394
1800.0,0.577930748462677
1805.0,0.5796266198158264
1810.0,0.57615727186203
1815.0,0.5726878046989441
1820.0,0.5654321908950806
1825.0,0.558176577091217
1830.0,0.5559818744659424
1835.0,0.5537871718406677
1840.0,0.5632822513580322
1845.0,0.572777271270752
1850.0,0.5824712514877319
1855.0,0.5921652913093567
1860.0,0.5934982895851135
1865.0,0.5948312878608704
1870.0,0.5955013036727905
1875.0,0.5961713194847107
1880.0,0.5974897742271423
1885.0,0.598808228969574
1890.0,0.6047524213790894
1895.0,0.6106966137886047
1900.0,0.6163418292999268
1905.0,0.621986985206604
1910.0,0.6234349012374878
1915.0,0.6248828768730164
1920.0,0.625063419342041
1925.0,0.6252440214157104
1930.0,0.6224502325057983
1935.0,0.619656503200531
1940.0,0.6094649434089661
1945.0,0.5992736220359802
1950.0,0.6007601022720337
1955.0,0.6022465229034424
1960.0,0.6155428886413574
1965.0,0.6288391947746277
1970.0,0.6386998891830444
1975.0,0.6485605239868164
1980.0,0.6494326591491699
1985.0,0.6503047943115234
1990.0,0.6520646810531616
1995.0,0.6538246273994446
2000.0,0.6538059115409851
2005.0,0.6537871956825256
2009.9999999999998,0.6570836305618286
2015.0000000000002,0.6603801846504211
2020.0,0.6578112244606018
2025.0,0.6552420854568481
2029.9999999999998,0.6593291163444519
2035.0000000000002,0.6634163856506348
2040.0,0.6640534996986389
2045.0,0.6646906733512878
2050.0,0.6662707328796387
2055.0,0.667850911617279
2060.0,0.6701287627220154
2065.0,0.6724066734313965
2070.0,0.6722757816314697
2075.0,0.672144889831543
2080.0,0.672275960445404
2085.0,0.6724070906639099
2090.0,0.6718294620513916
2095.0,0.6712517738342285
2100.0,0.6728408336639404
2105.0,0.6744300127029419
2110.0,0.6731252074241638
2115.0,0.6718202829360962
2120.0,0.6730100512504578
2125.0,0.6741998791694641
2130.0,0.674019992351532
2135.0,0.6738401055335999
2140.0,0.6736566424369812
2145.0,0.6734731793403625
2150.0,0.6686484217643738
2155.0,0.6638239026069641
2160.0,0.6607010364532471
2165.0,0.6575782895088196
2170.0,0.6502788662910461
2175.0,0.6429798007011414
2180.0,0.6390982270240784
2185.0,0.6352168917655945
2190.0,0.6303257346153259
2195.0,0.6254348158836365
2200.0,0.6173893213272095
2205.0,0.6093441843986511
2210.0,0.6022400259971619
2215.0,0.5951362252235413
2220.0,0.5792545676231384
2225.0,0.5633736848831177
2230.0,0.5338439345359802
2235.0,0.5043156147003174
2240.0,0.4513717591762543
2245.0,0.39843040704727173
2250.0,0.36606156826019287
2255.0,0.3336926996707916
2260.0,0.3530401587486267
2265.0,0.3723885118961334
2270.0,0.3876844048500061
2275.0,0.4029810130596161
2280.0,0.3918130695819855
2285.0,0.3806445896625519
2290.0,0.3599853515625
2295.0,0.33932510018348694
2300.0,0.30598053336143494
2305.0,0.2726343870162964
2310.0,0.23922239243984222
2315.0,0.20580880343914032
2320.0,0.18351683020591736
2325.0,0.16122379899024963
2330.0,0.14742128551006317
2335.0,0.13361810147762299
2340.0,0.1392790675163269
2345.0,0.1449403017759323
2350.0,0.17838335037231445
2355.0,0.21182799339294434
2360.0,0.2635357081890106
2365.0,0.3152458965778351
2370.0,0.3659617304801941
2375.0,0.4166800081729889
2380.0,0.4472377300262451
2385.0,0.47779402136802673
2390.0,0.4990762770175934
2395.0,0.5180390477180481
2400.0,0.537002682685852
2405.0,0.5466141104698181
2410.0,0.5562259554862976
2415.0,0.5658373236656189
2420.0,0.5720446705818176
2425.0,0.5731452703475952
2430.0,0.5742459297180176
2435.0,0.5753465294837952
2440.0,0.5764471888542175
2445.0,0.5728579759597778
2450.0,0.5692686438560486
2455.0,0.5656794309616089
2460.0,0.5620900392532349
2465.0,0.5585008859634399
2470.0,0.551583468914032
2475.0,0.5438342690467834
2480.0,0.5360847115516663
2485.0,0.5283355116844177
2490.0,0.5205859541893005
2495.0,0.512836754322052
2500.0,0.5067924857139587
2505.0,0.5011746287345886
2510.0,0.4955570101737976
2515.0,0.4899391531944275
2520.0,0.4843215346336365
2525.0,0.47870367765426636
2530.0,0.47470521926879883
2531.32,0.4742908179759979
2532.55,0.47390469908714294
2533.7900000000004,0.47351542115211487
2535.0299999999997,0.47312623262405396
2536.27,0.47273698449134827
2537.51,0.4723477065563202
2538.75,0.4719584584236145
2540.0,0.4715660512447357
2541.2400000000002,0.47117677330970764
2542.49,0.47078436613082886
2543.7400000000002,0.4703919589519501
2544.99,0.4699995517730713
2546.2400000000002,0.4696071445941925
2547.49,0.4692148268222809
2548.74,0.4688224196434021
2549.9900000000002,0.4684300124645233
2551.25,0.46803444623947144
2552.5,0.46764203906059265
2553.76,0.46724650263786316
2555.02,0.4668509364128113
2556.28,0.46645545959472656
2557.54,0.46605992317199707
2558.8,0.4656643867492676
2560.07,
2561.33,
2562.6000000000004,
2563.86,
2565.13,
2566.3999999999996,
2567.67,
2568.9500000000003,
2570.22,
2571.5,
2572.77,
2574.05,
2575.33,
2576.61,
2577.89,
2579.17,
2580.46,
2581.74,
2583.0299999999997,
2584.31,
2585.6,
2586.89,
2588.19,
2589.48,
2590.77,
2592.07,
2593.36,
2594.6600000000003,
2595.96,
2597.2599999999998,
2598.56,
2599.8700000000003,
2601.17,
2602.48,
2603.78,
2605.09,
2606.3999999999996,
2607.71,
2609.03,
2610.3399999999997,
2611.6600000000003,
2612.97,
2614.29,
2615.61,
2616.93,
2618.25,
2619.57,
2620.8999999999996,
2622.22,
2623.5499999999997,
2624.88,
2626.21,
2627.5400000000004,
2628.87,
2630.21,
2631.5400000000004,
2632.88,
2634.21,
2635.5499999999997,
2636.8900000000003,
2638.2400000000002,
2639.58,
2640.92,
2642.27,
2643.62,
2644.97,
2646.3199999999997,
2647.67,
2649.02,
2650.38,
2651.73,
2653.09,
2654.4500000000003,
2655.81,
2657.1699999999996,
2658.5299999999997,
2659.89,
2661.2599999999998,
2662.63,
2664.0,
2665.36,
2666.74,
2668.11,
2669.48,
2670.8599999999997,
2672.23,
2673.61,
2674.9900000000002,
2676.37,
2677.76,
2679.14,
2680.52,
2681.91,
2683.3,
2684.6899999999996,
2686.08,
2687.47,
2688.87,
2690.2599999999998,
2691.6600000000003,
2693.06,
2694.46,
2695.86,
2697.26,
2698.66,
2700.07,
2701.48,
2702.89,
2704.2999999999997,
2705.71,
2707.1200000000003,
2708.53,
2709.9500000000003,
2711.37,
2712.79,
2714.21,
2715.63,
2717.05,
2718.48,
2719.9,
2721.33,
2722.76,
2724.19,
2725.6200000000003,
2727.06,
2728.49,
2729.93,
2731.37,
2732.8100000000004,
2734.25,
2735.69,
2737.1400000000003,
2738.58,
2740.0299999999997,
2741.48,
2742.93,
2744.38,
2745.8300000000004,
2747.29,
2748.75,
2750.2,
2751.6600000000003,
2753.13,
2754.5899999999997,
2756.05,
2757.52,
2758.99,
2760.46,
2761.93,
2763.3999999999996,
2764.8700000000003,
2766.35,
2767.82,
2769.2999999999997,
2770.7799999999997,
2772.26,
2773.75,
2775.23,
2776.7200000000003,
2778.21,
2779.7000000000003,
2781.19,
2782.68,
2784.1800000000003,
2785.67,
2787.17,
2788.67,
2790.1699999999996,
2791.67,
2793.18,
2794.68,
2796.19,
2797.7,
2799.21,
2800.7200000000003,
2802.24,
2803.75,
2805.27,
2806.79,
2808.31,
2809.83,
2811.35,
2812.8799999999997,
2814.41,
2815.93,
2817.46,
2819.0,
2820.53,
2822.07,
2823.6,
2825.1400000000003,
2826.6800000000003,
2828.22,
2829.77,
2831.3100000000004,
2832.86,
2834.4100000000003,
2835.96,
2837.5099999999998,
2839.07,
2840.62,
2842.18,
2843.74,
2845.2999999999997,
2846.86,
2848.43,
2849.9900000000002,
2851.56,
2853.13,
2854.7,
2856.27,
2857.85,
2859.42,
2861.0,
2862.58,
2864.16,
2865.75,
2867.33,
2868.92,
2870.5099999999998,
2872.1,
2873.69,
2875.28,
2876.88,
2878.48,
2880.0699999999997,
2881.68,
2883.28,
2884.88,
2886.49,
2888.1,
2889.71,
2891.3199999999997,
2892.93,
2894.55,
2896.16,
2897.78,
2899.4,
2901.03,
2902.65,
2904.2799999999997,
2905.91,
2907.54,
2909.17,
2910.8,
2912.44,
2914.07,
2915.7099999999996,
2917.35,
2918.99,
2920.6400000000003,
2922.29,
2923.93,
2925.58,
2927.24,
2928.89,
2930.55,
2932.2,
2933.86,
2935.52,
2937.19,
2938.85,
2940.52,
2942.19,
2943.86,
2945.53,
2947.21,
2948.88,
2950.56,
2952.2400000000002,
2953.92,
2955.61,
2957.29,
2958.98,
2960.67,
2962.3599999999997,
2964.06,
2965.75,
2967.45,
2969.15,
2970.85,
2972.55,
2974.26,
2975.97,
2977.68,
2979.39,
2981.1,
2982.8199999999997,
2984.5299999999997,
2986.25,
2987.97,
2989.7,
2991.42,
2993.15,
2994.88,
2996.61,
2998.3399999999997,
3000.08,
3001.8199999999997,
3003.55,
3005.3,
3007.04,
3008.7799999999997,
3010.53,
3012.28,
3014.03,
3015.79,
3017.54,
3019.2999999999997,
3021.06,
3022.8199999999997,
3024.58,
3026.35,
3028.12,
3029.89,
3031.66,
3033.4300000000003,
3035.21,
3036.99,
3038.77,
3040.55,
3042.3300000000004,
3044.12,
3045.9100000000003,
3047.7,
3049.4900000000002,
3051.29,
3053.08,
3054.8799999999997,
3056.6800000000003,
3058.49,
3060.29,
3062.1,
3063.91,
3065.72,
3067.54,
3069.35,
3071.17,
3072.99,
3074.81,
3076.64,
3078.47,
3080.2900000000004,
3082.1299999999997,
3083.96,
3085.79,
3087.6299999999997,
3089.47,
3091.31,
3093.1600000000003,
3095.0099999999998,
3096.85,
3098.71,
3100.5600000000004,
3102.41,
3104.27,
3106.1299999999997,
3107.9900000000002,
3109.8599999999997,
3111.73,
3113.5899999999997,
3115.4700000000003,
3117.34,
3119.21,
3121.09,
3122.97,
3124.86,
3126.74,
3128.6299999999997,
3130.52,
3132.4100000000003,
3134.3,
3136.2000000000003,
3138.1,
3140.0,
3141.9,
3143.8100000000004,
3145.7099999999996,
3147.62,
3149.54,
3151.4500000000003,
3153.37,
3155.29,
3157.21,
3159.13,
3161.06,
3162.9900000000002,
3164.92,
3166.8500000000004,
3168.79,
3170.7200000000003,
3172.67,
3174.61,
3176.55,
3178.5,
3180.45,
3182.4,
3184.3599999999997,
3186.3199999999997,
3188.27,
3190.2400000000002,
3192.2000000000003,
3194.17,
3196.1400000000003,
3198.1099999999997,
3200.08,
3202.06,
3204.04,
3206.02,
3208.0,
3209.99,
3211.98,
3213.9700000000003,
3215.96,
3217.96,
3219.96,
3221.96,
3223.96,
3225.97,
3227.98,
3229.99,
3232.0,
3234.02,
3236.04,
3238.06,
3240.08,
3242.1099999999997,
3244.14,
3246.17,
3248.2000000000003,
3250.24,
3252.2799999999997,
3254.3199999999997,
3256.37,
3258.41,
3260.46,
3262.5099999999998,
3264.57,
3266.63,
3268.69,
3270.75,
3272.8100000000004,
3274.88,
3276.95,
3279.02,
3281.1,
3283.1800000000003,
3285.26,
3287.34,
3289.43,
3291.51,
3293.61,
3295.7000000000003,
3297.8,
3299.9,
3302.0,
3304.1,
3306.21,
3308.32,
3310.4300000000003,
3312.5499999999997,
3314.66,
3316.79,
3318.91,
3321.0299999999997,
3323.1600000000003,
3325.29,
3327.4300000000003,
3329.5699999999997,
3331.71,
3333.85,
3335.99,
3338.1400000000003,
3340.29,
3342.45,
3344.6,
3346.76,
3348.92,
3351.09,
3353.26,
3355.4300000000003,
3357.6000000000004,
3359.78,
3361.96,
3364.14,
3366.32,
3368.51,
3370.7,
3372.89,
3375.09,
3377.29,
3379.4900000000002,
3381.69,
3383.9,
3386.11,
3388.32,
3390.54,
3392.76,
3394.98,
3397.21,
3399.4300000000003,
3401.6600000000003,
3403.9,
3406.13,
3408.3700000000003,
3410.61,
3412.8599999999997,
3415.1099999999997,
3417.36,
3419.61,
3421.8700000000003,
3424.13,
3426.39,
3428.66,
3430.93,
3433.2,
3435.48,
3437.7599999999998,
3440.0400000000004,
3442.32,
3444.61,
3446.8999999999996,
3449.19,
3451.4900000000002,
3453.79,
3456.09,
3458.4,
3460.7000000000003,
3463.0200000000004,
3465.33,
3467.65,
3469.97,
3472.29,
3474.62,
3476.95,
3479.2900000000004,
3481.62,
3483.96,
3486.3,
3488.6499999999996,
3491.0,
3493.35,
3495.71,
3498.0699999999997,
3500.4300000000003,
3502.79,
3505.16,
3507.53,
3509.9100000000003,
3512.29,
3514.67,
3517.0499999999997,
3519.44,
3521.83,
3524.23,
3526.62,
3529.02,
3531.43,
3533.83,
3536.24,
3538.6600000000003,
3541.08,
3543.5,
3545.92,
3548.35,
3550.78,
3553.21,
3555.65,
3558.09,
3560.5299999999997,
3562.98,
3565.4300000000003,
3567.88,
3570.3399999999997,
3572.8,
3575.27,
3577.73,
3580.2000000000003,
3582.68,
3585.1600000000003,
3587.64,
3590.1200000000003,
3592.61,
3595.1,
3597.6,
3600.0899999999997,
3602.6,
3605.1000000000004,
3607.61,
3610.1200000000003,
3612.64,
3615.16,
3617.68,
3620.21,
3622.74,
3625.27,
3627.8100000000004,
3630.35,
3632.8900000000003,
3635.44,
3637.99,
3640.54,
3643.1,
3645.66,
3648.23,
3650.7999999999997,
3653.37,
3655.95,
3658.5299999999997,
3661.1099999999997,
3663.7,
3666.29,
3668.8900000000003,
3671.48,
3674.09,
3676.6899999999996,
3679.3,
3681.91,
3684.53,
3687.15,
3689.7799999999997,
3692.4,
3695.04,
3697.67,
3700.31,
3702.95,
3705.6,
3708.25,
3710.9100000000003,
3713.5600000000004,
3716.23,
3718.89,
3721.5600000000004,
3724.23,
3726.9100000000003,
3729.59,
3732.2799999999997,
3734.9700000000003,
3737.66,
3740.36,
3743.06,
3745.76,
3748.4700000000003,
3751.1800000000003,
3753.8999999999996,
3756.62,
3759.3399999999997,
3762.07,
3764.8,
3767.54,
3770.28,
3773.02,
3775.77,
3778.52,
3781.28,
3784.04,
3786.7999999999997,
3789.5699999999997,
3792.3399999999997,
3795.12,
3797.8999999999996,
3800.69,
3803.47,
3806.27,
3809.06,
3811.8599999999997,
3814.67,
3817.48,
3820.29,
3823.1099999999997,
3825.93,
3828.7599999999998,
3831.5899999999997,
3834.42,
3837.26,
3840.1,
3842.9500000000003,
3845.8,
3848.65,
3851.51,
3854.38,
3857.24,
3860.1200000000003,
3862.99,
3865.8700000000003,
3868.7599999999998,
3871.6499999999996,
3874.54,
3877.44,
3880.3399999999997,
3883.25,
3886.16,
3889.0699999999997,
3891.99,
3894.92,
3897.85,
3900.78,
3903.72,
3906.66,
3909.6000000000004,
3912.55,
3915.5099999999998,
3918.4700000000003,
3921.43,
3924.4,
3927.3799999999997,
3930.35,
3933.3300000000004,
3936.3199999999997,
3939.31,
3942.31,
3945.31,
3948.3100000000004,
3951.32,
3954.34,
3957.35,
3960.3799999999997,
3963.4100000000003,
3966.44,
3969.48,
3972.52,
3975.5600000000004,
3978.61,
3981.6699999999996,
3984.73,
3987.8,
3990.8700000000003,
3993.9399999999996,
3997.02,
4000.1,
4003.19,
4006.29,
4009.39,
4012.49,
4015.6,
4018.7099999999996,
4021.8299999999995,
4024.9499999999994,
4028.08,
4031.2099999999996,
4034.35,
4037.4900000000002,
4040.64,
4043.7900000000004,
4046.94,
4050.11,
4053.2700000000004,
4056.44,
4059.62,
4062.8,
4065.9900000000002,
4069.1800000000003,
4072.38,
4075.5800000000004,
4078.78,
4082.0,
4085.21,
4088.43,
4091.66,
4094.8900000000003,
4098.13,
4101.37,
4104.62,
4107.87,
4111.13,
4114.39,
4117.66,
4120.93,
4124.21,
4127.5,
4130.79,
4134.08,
4137.38,
4140.679999999999,
4143.99,
4147.31,
4150.629999999999,
4153.95,
4157.29,
4160.62,
4163.96,
4167.3099999999995,
4170.66,
4174.0199999999995,
4177.39,
4180.75,
4184.13,
4187.509999999999,
4190.889999999999,
4194.28,
4197.68,
4201.08,
4204.49,
4207.900000000001,
4211.32,
4214.74,
4218.17,
4221.61,
4225.05,
4228.5,
4231.950000000001,
4235.400000000001,
4238.870000000001,
4242.34,
4245.8099999999995,
4249.29,
4252.78,
4256.2699999999995,
4259.7699999999995,
4263.27,
4266.78,
4270.29,
4273.81,
4277.34,
4280.87,
4284.41,
4287.950000000001,
4291.5,
4295.06,
4298.62,
4302.1900000000005,
4305.76,
4309.34,
4312.92,
4316.5199999999995,
4320.11,
4323.719999999999,
4327.320000000001,
4330.94,
4334.5599999999995,
4338.19,
4341.820000000001,
4345.46,
4349.11,
4352.76,
4356.42,
4360.08,
4363.75,
4367.429999999999,
4371.11,
4374.799999999999,
4378.49,
4382.19,
4385.900000000001,
4389.610000000001,
4393.33,
4397.0599999999995,
4400.79,
4404.530000000001,
4408.280000000001,
4412.03,
4415.79,
4419.55,
4423.320000000001,
4427.1,
4430.88,
4434.68,
4438.469999999999,
4442.280000000001,
4446.08,
4449.900000000001,
4453.719999999999,
4457.55,
4461.389999999999,
4465.2300000000005,
4469.08,
4472.9400000000005,
4476.8,
4480.67,
4484.549999999999,
4488.43,
4492.320000000001,
4496.21,
4500.12,
4504.030000000001,
4507.94,
4511.87,
4515.799999999999,
4519.7300000000005,
4523.679999999999,
4527.63,
4531.589999999999,
4535.55,
4539.52,
4543.5,
4547.49,
4551.48,
4555.4800000000005,
4559.490000000001,
4563.5,
4567.52,
4571.55,
4575.580000000001,
4579.63,
4583.67,
4587.73,
4591.79,
4595.86,
4599.9400000000005,
4604.03,
4608.120000000001,
4612.219999999999,
4616.33,
4620.4400000000005,
4624.5599999999995,
4628.69,
4632.83,
4636.97,
4641.12,
4645.28,
4649.45,
4653.62,
4657.8,
4661.990000000001,
4666.1900000000005,
4670.39,
4674.599999999999,
4678.82,
4683.049999999999,
4687.280000000001,
4691.5199999999995,
4695.77,
4700.03,
4704.3,
4708.57,
4712.85,
4717.139999999999,
4721.429999999999,
4725.74,
4730.05,
4734.37,
4738.7,
4743.03,
4747.38,
4751.7300000000005,
4756.09,
4760.45,
4764.83,
4769.21,
4773.6,
4778.0,
4782.41,
4786.83,
4791.25,
4795.68,
4800.13,
4804.57,
4809.03,
4813.5,
4817.97,
4822.45,
4826.94,
4831.44,
4835.950000000001,
4840.46,
4844.99,
4849.52,
4854.0599999999995,
4858.61,
4863.17,
4867.73,
4872.3099999999995,
4876.89,
4881.48,
4886.08,
4890.6900000000005,
4895.31,
4899.94,
4904.57,
4909.22,
4913.87,
4918.53,
4923.21,
4927.88,
4932.57,
4937.2699999999995,
4941.9800000000005,
4946.6900000000005,
4951.42,
4956.15,
4960.9,
4965.650000000001,
4970.41,
4975.18,
4979.96,
4984.75,
4989.54,
4994.349999999999,
4999.17,
5003.99,
5008.83,
5013.67,
5018.5199999999995,
5023.39,
5028.26,
5033.14,
5038.03,
5042.93,
5047.84,
5052.76,
5057.69,
5062.63,
5067.580000000001,
5072.54,
5077.51,
5082.49,
5087.469999999999,
5092.469999999999,
5097.48,
5102.5,
5107.52,
5112.56,
5117.61,
5122.66,
5127.73,
5132.81,
5137.889999999999,
5142.99,
5148.1,
5153.22,
5158.34,
5163.48,
5168.63,
5173.79,
5178.96,
5184.13,
5189.320000000001,
5194.5199999999995,
5199.73,
5204.96,
5210.19,
5215.429999999999,
5220.679999999999,
5225.94,
5231.22,
5236.5,
5241.79,
5247.099999999999,
5252.42,
5257.74,
5263.080000000001,
5268.43,
5273.79,
5279.16,
5284.54,
5289.93,
5295.34,
5300.75,
5306.18,
5311.61,
5317.0599999999995,
5322.5199999999995,
5327.99,
5333.47,
5338.96,
5344.47,
5349.9800000000005,
5355.51,
5361.049999999999,
5366.6,
5372.16,
5377.73,
5383.320000000001,
5388.91,
5394.52,
5400.14,
5405.77,
5411.41,
5417.07,
5422.74,
5428.410000000001,
5434.1,
5439.8099999999995,
5445.52,
5451.25,
5456.98,
5462.73,
5468.5,
5474.2699999999995,
5480.0599999999995,
5485.86,
5491.67,
5497.49,
5503.33,
5509.179999999999,
5515.04,
5520.91,
5526.799999999999,
5532.69,
5538.610000000001,
5544.53,
5550.469999999999,
5556.41,
5562.38,
5568.349999999999,
5574.34,
5580.339999999999,
5586.35,
5592.38,
5598.42,
5604.47,
5610.54,
5616.61,
5622.71,
5628.8099999999995,
5634.929999999999,
5641.06,
5647.21,
5653.360000000001,
5659.54,
5665.72,
5671.92,
5678.13,
5684.36,
5690.599999999999,
5696.85,
5703.12,
5709.4,
5715.6900000000005,
5722.0,
5728.33,
5734.66,
5741.01,
5747.38,
5753.76,
5760.150000000001,
5766.56,
5772.98,
5779.410000000001,
5785.86,
5792.33,
5798.8099999999995,
5805.3,
5811.81,
5818.33,
5824.87,
5831.419999999999,
5837.99,
5844.57,
5851.17,
5857.78,
5864.410000000001,
5871.05,
5877.7,
5884.38,
5891.06,
5897.76,
5904.4800000000005,
5911.21,
5917.96,
5924.7300000000005,
5931.5,
5938.3,
5945.11,
5951.93,
5958.78,
5965.63,
5972.51,
5979.39,
5986.3,
5993.22,
6000.16,
6007.11,
6014.08,
6021.06,
6028.06,
6035.08,
6042.12,
6049.17,
6056.2300000000005,
6063.32,
6070.42,
6077.530000000001,
6084.67,
6091.820000000001,
6098.9800000000005,
6106.17,
6113.37,
6120.58,
6127.82,
6135.07,
6142.34,
6149.63,
6156.93,
6164.25,
6171.59,
6178.950000000001,
6186.320000000001,
6193.71,
6201.120000000001,
6208.54,
6215.99,
6223.45,
6230.93,
6238.43,
6245.95,
6253.48,
6261.03,
6268.6,
6276.19,
6283.8,
6291.43,
6299.070000000001,
6306.73,
6314.42,
6322.12,
6329.84,
6337.570000000001,
6345.33,
6353.11,
6360.9,
6368.719999999999,
6376.55,
6384.400000000001,
6392.2699999999995,
6400.17,
6408.08,
6416.01,
6423.96,
6431.93,
6439.92,
6447.93,
6455.96,
6464.01,
6472.08,
6480.17,
6488.28,
6496.41,
6504.5599999999995,
6512.7300000000005,
6520.92,
6529.14,
6537.37,
6545.63,
6553.9,
6562.2,
6570.509999999999,
6578.85,
6587.21,
6595.589999999999,
6603.99,
6612.42,
6620.860000000001,
6629.330000000001,
6637.82,
6646.33,
6654.860000000001,
6663.41,
6671.99,
6680.589999999999,
6689.21,
6697.849999999999,
6706.509999999999,
6715.200000000001,
6723.91,
6732.64,
6741.4,
6750.18,
6758.9800000000005,
6767.8,
6776.65,
6785.52,
6794.41,
6803.33,
6812.2699999999995,
6821.23,
6830.219999999999,
6839.23,
6848.26,
6857.32,
6866.4,
6875.51,
6884.64,
6893.799999999999,
6902.9800000000005,
6912.18,
6921.41,
6930.66,
6939.94,
6949.24,
6958.57,
6967.92,
6977.299999999999,
6986.7,
6996.13,
7005.59,
7015.07,
7024.57,
7034.099999999999,
7043.66,
7053.25,
7062.85,
7072.49,
7082.150000000001,
7091.84,
7101.549999999999,
7111.3,
7121.0599999999995,
7130.860000000001,
7140.679999999999,
7150.53,
7160.41,
7170.3099999999995,
7180.240000000001,
7190.2,
7200.1900000000005,
7210.200000000001,
7220.240000000001,
7230.31,
7240.41,
7250.54,
7260.6900000000005,
7270.88,
7281.09,
7291.33,
7301.599999999999,
7311.9,
7322.219999999999,
7332.58,
7342.97,
7353.379999999999,
7363.83,
7374.3,
7384.8099999999995,
7395.34,
7405.910000000001,
7416.5,
7427.13,
7437.78,
7448.47,
7459.1900000000005,
7469.9400000000005,
7480.71,
7491.52,
7502.37,
7513.24,
7524.14,
7535.08,
7546.05,
7557.05,
7568.08,
7579.150000000001,
7590.24,
7601.37,
7612.53,
7623.7300000000005,
7634.96,
7646.219999999999,
7657.51,
7668.84,
7680.2,
7691.59,
7703.02,
7714.49,
7725.98,
7737.5199999999995,
7749.08,
7760.679999999999,
7772.32,
7783.99,
7795.69,
7807.43,
7819.21,
7831.0199999999995,
7842.87,
7854.75,
7866.67,
7878.62,
7890.62,
7902.64,
7914.71,
7926.8099999999995,
7938.95,
7951.13,
7963.339999999999,
7975.59,
7987.879999999999,
8000.209999999999,
8012.570000000001,
8024.98,
8037.419999999999,
8049.899999999999,
8062.419999999999,
8074.9800000000005,
8087.57,
8100.210000000001,
8112.89,
8125.6,
8138.360000000001,
8151.160000000001,
8163.99,
8176.869999999999,
8189.79,
8202.75,
8215.75,
8228.79,
8241.87,
8254.99,
8268.16,
8281.37,
8294.62,
8307.91,
8321.24,
8334.619999999999,
8348.039999999999,
8361.51,
8375.019999999999,
8388.57,
8402.16,
8415.800000000001,
8429.49,
8443.22,
8456.99,
8470.81,
8484.67,
8498.58,
8512.539999999999,
8526.54,
8540.58,
8554.68,
8568.82,
8583.0,
8597.24,
8611.52,
8625.85,
8640.230000000001,
8654.65,
8669.119999999999,
8683.640000000001,
8698.21,
8712.83,
8727.5,
8742.22,
8756.99,
8771.800000000001,
8786.67,
8801.589999999998,
8816.560000000001,
8831.58,
8846.65,
8861.77,
8876.939999999999,
8892.17,
8907.45,
8922.779999999999,
8938.16,
8953.6,
8969.09,
8984.640000000001,
9000.23,
9015.890000000001,
9031.59,
9047.359999999999,
9063.17,
9079.050000000001,
9094.97,
9110.960000000001,
9127.0,
9143.1,
9159.25,
9175.46,
9191.73,
9208.06,
9224.439999999999,
9240.880000000001,
9257.38,
9273.94,
9290.56,
9307.24,
9323.980000000001,
9340.78,
9357.64,
9374.57,
9391.550000000001,
9408.59,
9425.7,
9442.869999999999,
9460.1,
9477.4,
9494.75,
9512.17,
9529.66,
9547.21,
9564.83,
9582.5,
9600.25,
9618.06,
9635.94,
9653.88,
9671.89,
9689.970000000001,
9708.119999999999,
9726.33,
9744.619999999999,
9762.97,
9781.39,
9799.88,
9818.44,
9837.070000000002,
9855.77,
9874.539999999999,
9893.39,
9912.3,
9931.29,
9950.36,
9969.49,
9988.699999999999,
10007.98,
10027.34,
10046.77,
10066.28,
10085.869999999999,
10105.53,
10125.26,
10145.08,
10164.970000000001,
10184.939999999999,
10204.99,
10225.12,
10245.33,
10265.61,
10285.98,
10306.43,
10326.96,
10347.57,
10368.27,
10389.05,
10409.91,
10430.859999999999,
10451.88,
10473.0,
10494.199999999999,
10515.49,
10536.86,
10558.32,
10579.869999999999,
10601.5,
10623.23,
10645.039999999999,
10666.94,
10688.94,
10711.02,
10733.2,
10755.470000000001,
10777.83,
10800.28,
10822.83,
10845.470000000001,
10868.21,
10891.04,
10913.970000000001,
10936.99,
10960.119999999999,
10983.34,
11006.66,
11030.07,
11053.59,
11077.21,
11100.93,
11124.75,
11148.68,
11172.710000000001,
11196.84,
11221.07,
11245.41,
11269.859999999999,
11294.41,
11319.07,
11343.84,
11368.72,
11393.7,
11418.8,
11444.01,
11469.33,
11494.76,
11520.300000000001,
11545.96,
11571.730000000001,
11597.619999999999,
11623.62,
11649.74,
11675.98,
11702.34,
11728.81,
11755.41,
11782.130000000001,
11808.960000000001,
11835.92,
11863.009999999998,
11890.22,
11917.550000000001,
11945.01,
11972.6,
12000.310000000001,
12028.16,
12056.13,
12084.23,
12112.460000000001,
12140.83,
12169.33,
12197.960000000001,
12226.73,
12255.64,
12284.68,
12313.86,
12343.18,
12372.640000000001,
12402.240000000002,
12431.98,
12461.86,
12491.89,
12522.07,
12552.38,
12582.85,
12613.47,
12644.23,
12675.15,
12706.210000000001,
12737.43,
12768.81,
12800.33,
12832.02,
12863.86,
12895.86,
12928.02,
12960.34,
12992.82,
13025.460000000001,
13058.27,
13091.25,
13124.39,
13157.7,
13191.179999999998,
13224.83,
13258.660000000002,
13292.65,
13326.83,
13361.17,
13395.699999999999,
13430.400000000001,
13465.289999999999,
13500.349999999999,
13535.6,
13571.03,
13606.65,
13642.46,
13678.46,
13714.64,
13751.02,
13787.59,
13824.36,
13861.32,
13898.49,
13935.85,
13973.41,
14011.17,
14049.15,
14087.32,
14125.71,
14164.300000000001,
14203.11,
14242.13,
14281.359999999999,
14320.81,
14360.49,
14400.380000000001,
14440.49,
14480.82,
14521.39,
14562.18,
14603.199999999999,
14644.45,
14685.93,
14727.66,
14769.619999999999,
14811.81,
14854.25,
14896.94,
14939.87,
14983.050000000001,
15026.48,
15070.16,
15114.1,
15158.289999999999,
15202.74,
15247.460000000001,
15292.43,
15337.68,
15383.19,
15428.97,
15475.03,
15521.359999999999,
15567.970000000001,
15614.869999999999,
15662.039999999999,
15709.5,
15757.25,
15805.289999999999,
15853.619999999999,
15902.26,
15951.19,
16000.419999999998,
16049.949999999999,
16099.799999999997,
16149.95,
16200.420000000002,
16251.208999999999,
16302.311,
16353.741,
16405.491,
16457.569,
16509.979000000003,
16562.731,
16615.82,
16669.240999999998,
16723.021,
16777.14,
16831.61,
16886.431,
16941.62,
16997.16,
17053.08,
17109.36,
17166.01,
17223.04,
17280.451,
17338.239999999998,
17396.429,
17455.0,
17513.969,
17573.339,
17633.109999999997,
17693.290999999997,
17753.889,
17814.899,
17876.328999999998,
17938.181,
18000.468999999997,
18063.19,
18126.35,
18189.951,
18254.0,
18318.501,
18383.459,
18448.879,
18514.771,
18581.129,
18647.97,
18715.29,
18783.100000000002,
18851.4,
18920.2,
18989.51,
19059.32,
19129.65,
19200.5,
19271.878999999997,
19343.789999999997,
19416.240999999998,
19489.229000000003,
19562.771,
19636.880999999998,
19711.54,
19786.779,
19862.590999999997,
19938.98,
20015.961,
20093.55,
20171.73,
20250.530000000002,
20329.941000000003,
20409.981,
20490.649999999998,
20571.96,
20653.918999999998,
20736.54,
20819.82,
20903.77,
20988.399999999998,
21073.720999999998,
21159.731,
21246.46,
21333.891,
21422.041,
21510.929,
21600.559,
21690.941,
21782.08,
21873.989,
21966.668999999998,
22060.15,
22154.421,
22249.510000000002,
22345.409,
22442.141,
22539.721,
22638.14,
22737.431,
22837.601,
22938.649999999998,
23040.600000000002,
23143.459,
23247.24,
23351.959000000003,
23457.63,
23564.251,
23671.85,
23780.439000000002,
23890.02,
24000.629,
24112.261,
24224.93,
24338.659,
24453.47,
24569.361,
24686.359,
24804.469999999998,
24923.731,
25044.129999999997,
25165.71,
25288.46,
25412.43,
25537.609,
25664.04,
25791.719,
25920.679,
