Data ID,Plagioclase NCLS04
Sample ID,NCLS04
Mineral Name,plagioclase
Sample Description,
Date Added,
Viewing Geometry,
Other Information,
Grain Size,
Database of Origin,MICA Files (USGS/RELAB)
Wavelength,Response
300.0,0.10629799962043762
305.0,0.11489500105381012
310.0,0.1223049983382225
315.0,0.13181999325752258
320.0,0.13975100219249725
325.0,0.14938600361347198
330.0,0.1582220047712326
335.0,0.16647100448608398
340.0,0.1750199943780899
345.0,0.18334299325942993
350.0,0.1907079964876175
355.0,0.19758599996566772
360.0,0.20429299771785736
365.0,0.2104959934949875
370.0,0.2163729965686798
375.0,0.2218720018863678
380.0,0.22705799341201782
385.0,0.23176799714565277
390.0,0.23705600202083588
395.0,0.24191699922084808
400.0,0.24616500735282898
405.0,0.25
410.0,0.25077399611473083
415.0,0.2538039982318878
420.0,0.2562060058116913
425.0,0.2577820122241974
430.0,0.2601270079612732
435.0,0.26154500246047974
440.0,0.26310598850250244
445.0,0.26395198702812195
450.0,0.2645780146121979
455.0,0.26627200841903687
460.0,0.2672559916973114
465.0,0.26778098940849304
470.0,0.26797598600387573
475.0,0.2685390114784241
480.0,0.26950499415397644
485.0,0.2691119909286499
490.0,0.2689320147037506
495.0,0.26982200145721436
500.0,0.270224004983902
505.0,0.2712849974632263
510.0,0.27150198817253113
515.0,0.27347901463508606
520.0,0.2735379934310913
525.0,0.27440398931503296
530.0,0.27499398589134216
535.0,0.2759450078010559
540.0,0.2766929864883423
545.0,0.27753499150276184
550.0,0.27850499749183655
555.0,0.2793090045452118
560.0,0.2805800139904022
565.0,0.2811009883880615
570.0,0.2819550037384033
575.0,0.2829599976539612
580.0,0.2837960124015808
585.0,0.2852810025215149
590.0,0.28630301356315613
595.0,0.2874700129032135
600.0,0.28888198733329773
605.0,0.2897459864616394
610.0,0.29129698872566223
615.0,0.29234400391578674
620.0,0.2939929962158203
625.0,0.29524001479148865
630.0,0.29755899310112
635.0,0.29875099658966064
640.0,0.2999989986419678
645.0,0.30115601420402527
650.0,0.3024959862232208
655.0,0.30395299196243286
660.0,0.3048889935016632
665.0,0.3065659999847412
670.0,0.30791500210762024
675.0,0.3087339997291565
680.0,0.31009501218795776
685.0,0.3109239935874939
690.0,0.3125630021095276
695.0,0.3133719861507416
700.0,0.31421101093292236
705.0,0.3153029978275299
710.0,0.3161120116710663
715.0,0.3169730007648468
720.0,0.31832799315452576
725.0,0.3194360136985779
730.0,0.3198769986629486
735.0,0.32054099440574646
740.0,0.3213140070438385
745.0,0.3224569857120514
750.0,0.3227829933166504
755.0,0.32350701093673706
760.0,0.32513999938964844
765.0,0.32624301314353943
770.0,0.3264180123806
775.0,0.32662901282310486
780.0,0.3274900019168854
785.0,0.3275969922542572
790.0,0.3281539976596832
795.0,0.3293749988079071
800.0,0.33002999424934387
805.0,0.3307810127735138
810.0,0.330949991941452
815.0,0.33077099919319153
820.0,0.331061989068985
825.0,0.33114200830459595
830.0,0.3314000070095062
835.0,0.33118200302124023
840.0,0.33156999945640564
845.0,0.33089399337768555
850.0,0.33118900656700134
855.0,0.33081498742103577
860.0,0.3313539922237396
865.0,0.33141300082206726
870.0,0.3317070007324219
875.0,0.3310689926147461
880.0,0.3313930034637451
885.0,0.3307960033416748
890.0,0.3305090069770813
895.0,0.33018800616264343
900.0,0.3300420045852661
905.0,0.3301590085029602
910.0,0.329692006111145
915.0,0.3296549916267395
920.0,0.32987698912620544
925.0,0.3295210003852844
930.0,0.32851698994636536
935.0,0.32877498865127563
940.0,0.32800599932670593
945.0,0.3273249864578247
950.0,0.3259980082511902
955.0,0.3257269859313965
960.0,0.32476499676704407
965.0,0.3243289887905121
970.0,0.3231219947338104
975.0,0.3219499886035919
980.0,0.3205919861793518
985.0,0.3204439878463745
990.0,0.3193269968032837
995.0,0.31751400232315063
1000.0,0.31593701243400574
1004.9999999999999,0.3154419958591461
1010.0,0.31398099660873413
1014.9999999999999,0.31279700994491577
1020.0,0.3121410012245178
1025.0,0.3108470141887665
1030.0,0.30976399779319763
1035.0,0.3092750012874603
1040.0,0.30799800157546997
1045.0,0.30690398812294006
1050.0,0.3057500123977661
1055.0,0.3051519989967346
1060.0,0.3044160008430481
1065.0,0.3036330044269562
1070.0,0.30254098773002625
1075.0,0.3015339970588684
1080.0,0.3010079860687256
1085.0,0.3000069856643677
1090.0,0.2991720139980316
1095.0,0.29908499121665955
1100.0,0.29838699102401733
1105.0,0.2976900041103363
1110.0,0.2972710132598877
1115.0,0.2967340052127838
1120.0,0.2960300147533417
1125.0,0.2955760061740875
1130.0,0.29524898529052734
1135.0,0.29436299204826355
1140.0,0.29411500692367554
1145.0,0.2935140132904053
1150.0,0.29291000962257385
1155.0,0.29272499680519104
1160.0,0.2918969988822937
1165.0,0.29144901037216187
1170.0,0.29036998748779297
1175.0,0.29001399874687195
1180.0,0.2899630069732666
1185.0,0.28951001167297363
1190.0,0.28879499435424805
1195.0,0.28809699416160583
1200.0,0.28739801049232483
1205.0,0.287445992231369
1210.0,0.28679999709129333
1215.0,0.28710100054740906
1220.0,0.2865059971809387
1225.0,0.2859970033168793
1230.0,0.2859419882297516
1235.0,0.28584200143814087
1240.0,0.2853749990463257
1245.0,0.2851170003414154
1250.0,0.2850469946861267
1255.0,0.2848379909992218
1260.0,0.28467801213264465
1265.0,0.28471699357032776
1270.0,0.28433099389076233
1275.0,0.2845030128955841
1280.0,0.28433099389076233
1285.0,0.28456300497055054
1290.0,0.28495898842811584
1295.0,0.28541299700737
1300.0,0.2854520082473755
1305.0,0.2857550084590912
1310.0,0.28635698556900024
1315.0,0.28673699498176575
1320.0,0.28741100430488586
1325.0,0.2876800000667572
1330.0,0.2882620096206665
1335.0,0.288004994392395
1340.0,0.2889600098133087
1345.0,0.2893039882183075
1350.0,0.2901049852371216
1355.0,0.29040399193763733
1360.0,0.2910960018634796
1365.0,0.29142001271247864
1370.0,0.2925800085067749
1375.0,0.29426100850105286
1380.0,0.2943339943885803
1385.0,0.295074999332428
1390.0,0.29631298780441284
1395.0,0.29636698961257935
1400.0,0.2978360056877136
1405.0,0.2981190085411072
1410.0,0.29937198758125305
1415.0,0.3009679913520813
1420.0,0.30137699842453003
1425.0,0.302390992641449
1430.0,0.303413987159729
1435.0,0.3045080006122589
1440.0,0.30496400594711304
1445.0,0.3061240017414093
1450.0,0.30707699060440063
1455.0,0.308214008808136
1460.0,0.3087419867515564
1465.0,0.3096739947795868
1470.0,0.3104340136051178
1475.0,0.311149001121521
1480.0,0.3123910129070282
1485.0,0.31333300471305847
1490.0,0.31458500027656555
1495.0,0.3154830038547516
1500.0,0.31576699018478394
1505.0,0.31680700182914734
1510.0,0.3176949918270111
1515.0,0.31858301162719727
1520.0,0.3188660144805908
1525.0,0.32052698731422424
1530.0,0.3208490014076233
1535.0,0.3216109871864319
1540.0,0.3218440115451813
1545.0,0.32358500361442566
1550.0,0.3236069977283478
1555.0,0.32392799854278564
1560.0,0.3243440091609955
1565.0,0.32585200667381287
1570.0,0.32512998580932617
1575.0,0.32613900303840637
1580.0,0.32646799087524414
1585.0,0.32714998722076416
1590.0,0.32687199115753174
1595.0,0.32770800590515137
1600.0,0.32836300134658813
1605.0,0.329012006521225
1610.0,0.3296779990196228
1615.0,0.3303689956665039
1620.0,0.330469012260437
1625.0,0.33031898736953735
1630.0,0.33052700757980347
1635.0,0.3307639956474304
1640.0,0.3304100036621094
1645.0,0.331400990486145
1650.0,0.3306620121002197
1655.0,0.33139899373054504
1660.0,0.33213600516319275
1665.0,0.33138999342918396
1670.0,0.3315789997577667
1675.0,0.33225101232528687
1680.0,0.33323800563812256
1685.0,0.33313098549842834
1690.0,0.3328540027141571
1695.0,0.3332900106906891
1700.0,0.333840012550354
1705.0,0.3341600000858307
1710.0,0.3343780040740967
1715.0,0.33422398567199707
1720.0,0.3344019949436188
1725.0,0.334306001663208
1730.0,0.334989994764328
1735.0,0.33476901054382324
1740.0,0.33475300669670105
1745.0,0.33483898639678955
1750.0,0.3347949981689453
1755.0,0.33434000611305237
1760.0,0.33427301049232483
1765.0,0.3342919945716858
1770.0,0.3339970111846924
1775.0,0.3341670036315918
1780.0,0.3339579999446869
1785.0,0.33413100242614746
1790.0,0.3344610035419464
1795.0,0.33416301012039185
1800.0,0.3340100049972534
1805.0,0.3341209888458252
1810.0,0.33437201380729675
1815.0,0.3343279957771301
1820.0,0.33354300260543823
1825.0,0.33387699723243713
1830.0,0.3338969945907593
1835.0,0.333965003490448
1840.0,0.33365899324417114
1845.0,0.3337770104408264
1850.0,0.3337610065937042
1855.0,0.33383798599243164
1860.0,0.33366701006889343
1865.0,0.3341740071773529
1870.0,0.3335689902305603
1875.0,0.3330230116844177
1880.0,0.3339489996433258
1885.0,0.3333980143070221
1890.0,0.33313000202178955
1895.0,0.33384498953819275
1900.0,0.33321401476860046
1905.0,0.3329080045223236
1910.0,0.33374500274658203
1915.0,0.3334279954433441
1920.0,0.33329200744628906
1925.0,0.3332200050354004
1930.0,0.33314600586891174
1935.0,0.3334830105304718
1940.0,0.3333300054073334
1945.0,0.3335629999637604
1950.0,0.33375200629234314
1955.0,0.3331489861011505
1960.0,0.33340001106262207
1965.0,0.3335759937763214
1970.0,0.3333300054073334
1975.0,0.3338620066642761
1980.0,0.33344098925590515
1985.0,0.3335709869861603
1990.0,0.33344700932502747
1995.0,0.33358898758888245
2000.0,0.3338260054588318
2005.0,0.33394700288772583
2009.9999999999998,0.3340350091457367
2015.0000000000002,0.33386799693107605
2020.0,0.3337790071964264
2025.0,0.33389800786972046
2029.9999999999998,0.3339790105819702
2035.0000000000002,0.33389100432395935
2040.0,0.3345299959182739
2045.0,0.33427301049232483
2050.0,0.33425799012184143
2055.0,0.33392199873924255
2060.0,0.33402401208877563
2065.0,0.33407899737358093
2070.0,0.333842009305954
2075.0,0.334526002407074
2080.0,0.3344070017337799
2085.0,0.33445098996162415
2090.0,0.3347359895706177
2095.0,0.3349910080432892
2100.0,0.3347649872303009
2105.0,0.33466199040412903
2110.0,0.3348360061645508
2115.0,0.3349820077419281
2120.0,0.33480000495910645
2125.0,0.3354249894618988
2130.0,0.3350119888782501
2135.0,0.33516401052474976
2140.0,0.33499398827552795
2145.0,0.3354179859161377
2150.0,0.3353959918022156
2155.0,0.33537501096725464
2160.0,0.33552899956703186
2165.0,0.33550700545310974
2170.0,0.3356190025806427
2175.0,0.3356339931488037
2180.0,0.3358669877052307
2185.0,0.33590400218963623
2190.0,0.3366389870643616
2195.0,0.3368299901485443
2200.0,0.3369939923286438
2205.0,0.3369530141353607
2210.0,0.3375900089740753
2215.0,0.33774399757385254
2220.0,0.3380649983882904
2225.0,0.33803999423980713
2230.0,0.3383519947528839
2235.0,0.33812299370765686
2240.0,0.3387239873409271
2245.0,0.3388490080833435
2250.0,0.33865299820899963
2255.0,0.3392469882965088
2260.0,0.33940500020980835
2265.0,0.3396280109882355
2270.0,0.33971700072288513
2275.0,0.3399060070514679
2280.0,0.3400689959526062
2285.0,0.34053701162338257
2290.0,0.34083500504493713
2295.0,0.3412579894065857
2300.0,0.3417460024356842
2305.0,0.3417379856109619
2310.0,0.3417989909648895
2315.0,0.3418950140476227
2320.0,0.3422369956970215
2325.0,0.34240201115608215
2330.0,0.34239399433135986
2335.0,0.3422659933567047
2340.0,0.34231799840927124
2345.0,0.3424539864063263
2350.0,0.341964989900589
2355.0,0.342492014169693
2360.0,0.34273698925971985
2365.0,0.342833012342453
2370.0,0.34305301308631897
2375.0,0.34362199902534485
2380.0,0.34347501397132874
2385.0,0.3439289927482605
2390.0,0.3440819978713989
2395.0,0.34474700689315796
2400.0,0.34532099962234497
2405.0,0.34571900963783264
2410.0,0.3459410071372986
2415.0,0.34588199853897095
2420.0,0.3462199866771698
2425.0,0.34649500250816345
2430.0,0.34661799669265747
2435.0,0.34668201208114624
2440.0,0.3469119966030121
2445.0,0.34736698865890503
2450.0,0.3479369878768921
2455.0,0.34789401292800903
2460.0,0.34823501110076904
2465.0,0.34833601117134094
2470.0,0.34879401326179504
2475.0,0.34802499413490295
2480.0,0.3487919867038727
2485.0,0.34879299998283386
2490.0,0.34866100549697876
2495.0,0.3490610122680664
2500.0,0.3497140109539032
2505.0,0.3495413362979889
2510.0,0.35021355748176575
2515.0,0.34944990277290344
2520.0,0.3497723937034607
2525.0,0.3502058982849121
2530.0,0.3500479459762573
2531.32,0.35053199529647827
2532.55,0.3505699932575226
2533.7900000000004,0.35002401471138
2535.0299999999997,0.34950000047683716
2536.27,0.3492969870567322
2537.51,0.3496829867362976
2538.75,0.35012900829315186
2540.0,0.3500950038433075
2541.2400000000002,0.35008901357650757
2542.49,0.34990400075912476
2543.7400000000002,0.3495909869670868
2544.99,0.35001298785209656
2546.2400000000002,0.35008901357650757
2547.49,0.34972700476646423
2548.74,0.3490850031375885
2549.9900000000002,0.34859499335289
2551.25,0.3485659956932068
2552.5,0.3491230010986328
2553.76,0.349494993686676
2555.02,0.3497680127620697
2556.28,0.34955599904060364
2557.54,0.3491939902305603
2558.8,0.3492029905319214
2560.07,0.3496690094470978
2561.33,0.3501709997653961
2562.6000000000004,0.35008201003074646
2563.86,0.3498319983482361
2565.13,0.3498170077800751
2566.3999999999996,0.3492859899997711
2567.67,0.34913599491119385
2568.9500000000003,0.34902700781822205
2570.22,0.34890198707580566
2571.5,0.3487130105495453
2572.77,0.34825998544692993
2574.05,0.3479500114917755
2575.33,0.3490560054779053
2576.61,0.34938400983810425
2577.89,0.34893798828125
2579.17,0.34845200181007385
2580.46,0.348812997341156
2581.74,0.349139004945755
2583.0299999999997,0.3484269976615906
2584.31,0.34779199957847595
2585.6,0.3477430045604706
2586.89,0.3481779992580414
2588.19,0.3475640118122101
2589.48,0.3477430045604706
2590.77,0.34847599267959595
2592.07,0.34880000352859497
2593.36,0.34922298789024353
2594.6600000000003,0.34871700406074524
2595.96,0.3474709987640381
2597.2599999999998,0.34752899408340454
2598.56,0.34816598892211914
2599.8700000000003,0.3486570119857788
2601.17,0.3484809994697571
2602.48,0.348019003868103
2603.78,0.3476710021495819
2605.09,0.3472830057144165
2606.3999999999996,0.34733501076698303
2607.71,0.3475149869918823
2609.03,0.3481149971485138
2610.3399999999997,0.34800100326538086
2611.6600000000003,0.34782499074935913
2612.97,0.34817299246788025
2614.29,0.3488059937953949
2615.61,0.34847599267959595
2616.93,0.3479749858379364
2618.25,0.3473590016365051
2619.57,0.348006010055542
2620.8999999999996,0.3485170006752014
2622.22,0.3485659956932068
2623.5499999999997,0.34867700934410095
2624.88,0.3483250141143799
2626.21,0.3482379913330078
2627.5400000000004,0.3476330041885376
2628.87,0.3473609983921051
2630.21,0.3476400077342987
2631.5400000000004,0.3478209972381592
2632.88,0.34866398572921753
2634.21,0.34907400608062744
2635.5499999999997,0.3482710123062134
2636.8900000000003,0.3477430045604706
2638.2400000000002,0.347804993391037
2639.58,0.3479459881782532
2640.92,0.3482019901275635
2642.27,0.34794801473617554
2643.62,0.3472740054130554
2644.97,0.3474929928779602
2646.3199999999997,0.3477959930896759
2647.67,0.34774500131607056
2649.02,0.34848299622535706
2650.38,0.3488509953022003
2651.73,0.348145991563797
2653.09,0.3475329875946045
2654.4500000000003,0.3474310040473938
2655.81,0.3471069931983948
2657.1699999999996,0.3471609950065613
2658.5299999999997,0.34747999906539917
2659.89,0.34746798872947693
2661.2599999999998,0.34779199957847595
2662.63,0.3479810059070587
2664.0,0.3475460112094879
2665.36,0.34689998626708984
2666.74,0.3466610014438629
2668.11,0.34691300988197327
2669.48,0.34734800457954407
2670.8599999999997,0.347339004278183
2672.23,0.34673699736595154
2673.61,0.34766900539398193
2674.9900000000002,0.3476090133190155
2676.37,0.3471989929676056
2677.76,0.34651800990104675
2679.14,0.34658798575401306
2680.52,0.3468109965324402
2681.91,0.34695300459861755
2683.3,0.3465610146522522
2684.6899999999996,0.34582701325416565
2686.08,0.34580299258232117
2687.47,0.3456529974937439
2688.87,0.34592100977897644
2690.2599999999998,0.3461419939994812
2691.6600000000003,0.3459390103816986
2693.06,0.3459630012512207
2694.46,0.3455750048160553
2695.86,0.3456999957561493
2697.26,0.34575098752975464
2698.66,0.34571799635887146
2700.07,0.3456999957561493
2701.48,0.34530800580978394
2702.89,0.34544599056243896
2704.2999999999997,0.3454880118370056
2705.71,0.34503600001335144
2707.1200000000003,0.34508898854255676
2708.53,0.3452790081501007
2709.9500000000003,0.34497299790382385
2711.37,0.3446919918060303
2712.79,0.34456899762153625
2714.21,0.3444580137729645
2715.63,0.3440609872341156
2717.05,0.3443799912929535
2718.48,0.34458300471305847
2719.9,0.34440699219703674
2721.33,0.34404999017715454
2722.76,0.34370601177215576
2724.19,0.3441550135612488
2725.6200000000003,0.3443729877471924
2727.06,0.3439289927482605
2728.49,0.3434860110282898
2729.93,0.3434300124645233
2731.37,0.3432669937610626
2732.8100000000004,0.34306401014328003
2734.25,0.3427810072898865
2735.69,0.34244200587272644
2737.1400000000003,0.34248000383377075
2738.58,0.3424549996852875
2740.0299999999997,0.3415659964084625
2741.48,0.34116700291633606
2742.93,0.3414030075073242
2744.38,0.34195399284362793
2745.8300000000004,0.3419179916381836
2747.29,0.34134000539779663
2748.75,0.34109699726104736
2750.2,0.34092798829078674
2751.6600000000003,0.34049999713897705
2753.13,0.340023010969162
2754.5899999999997,0.33998000621795654
2756.05,0.34000900387763977
2757.52,0.33960801362991333
2758.99,0.3395499885082245
2760.46,0.339493989944458
2761.93,0.3396660089492798
2763.3999999999996,0.33953601121902466
2764.8700000000003,0.33899199962615967
2766.35,0.3384209871292114
2767.82,0.3381739854812622
2769.2999999999997,0.33822500705718994
2770.7799999999997,0.3381580114364624
2772.26,0.3374670147895813
2773.75,0.3377009928226471
2775.23,0.3378170132637024
2776.7200000000003,0.33737799525260925
2778.21,0.3371570110321045
2779.7000000000003,0.3372749984264374
2781.19,0.337101012468338
2782.68,0.3366999924182892
2784.1800000000003,0.33620500564575195
2785.67,0.3361940085887909
2787.17,0.3364099860191345
2788.67,0.33614200353622437
2790.1699999999996,0.3359239995479584
2791.67,0.3357119858264923
2793.18,0.3353239893913269
2794.68,0.3354800045490265
2796.19,0.33556899428367615
2797.7,0.3353689908981323
2799.21,0.33518800139427185
2800.7200000000003,0.33486199378967285
2802.24,0.3346570134162903
2803.75,0.3343139886856079
2805.27,0.3341509997844696
2806.79,0.33428001403808594
2808.31,0.3338879942893982
2809.83,0.33403098583221436
2811.35,0.3339410126209259
2812.8799999999997,0.33366501331329346
2814.41,0.333732008934021
2815.93,0.33374500274658203
2817.46,0.33340901136398315
2819.0,0.3328759968280792
2820.53,0.33246099948883057
2822.07,0.3324359953403473
2823.6,0.3320859968662262
2825.1400000000003,0.33163100481033325
2826.6800000000003,0.331510990858078
2828.22,0.33127400279045105
2829.77,0.3311609923839569
2831.3100000000004,0.33123400807380676
2832.86,0.33123400807380676
2834.4100000000003,0.3315820097923279
2835.96,0.3313260078430176
2837.5099999999998,0.33103400468826294
2839.07,0.3304400146007538
2840.62,0.3299809992313385
2842.18,0.3298270106315613
2843.74,0.32983800768852234
2845.2999999999997,0.3296220004558563
2846.86,0.3294900059700012
2848.43,0.32927000522613525
2849.9900000000002,0.3289310038089752
2851.56,0.3286939859390259
2853.13,0.3286449909210205
2854.7,0.3283329904079437
2856.27,0.3281190097332001
2857.85,0.32832399010658264
2859.42,0.32802799344062805
2861.0,0.32747000455856323
2862.58,0.32739898562431335
2864.16,0.3271760046482086
2865.75,0.3271709978580475
2867.33,0.3268570005893707
2868.92,0.3263840079307556
2870.5099999999998,0.32662299275398254
2872.1,0.3265630006790161
2873.69,0.326339989900589
2875.28,0.32642900943756104
2876.88,0.32611900568008423
2878.48,0.325547993183136
2880.0699999999997,0.325219988822937
2881.68,0.3251290023326874
2883.28,0.3248409926891327
2884.88,0.3246380090713501
2886.49,0.3243680000305176
2888.1,0.32464900612831116
2889.71,0.3251439929008484
2891.3199999999997,0.3250350058078766
2892.93,0.32470500469207764
2894.55,0.32454898953437805
2896.16,0.32427000999450684
2897.78,0.3241809904575348
2899.4,0.3239380121231079
2901.03,0.3239290118217468
2902.65,0.3238379955291748
2904.2799999999997,0.3238779902458191
2905.91,0.3239710032939911
2907.54,0.32347801327705383
2909.17,0.3232179880142212
2910.8,0.32340899109840393
2912.44,0.32328900694847107
2914.07,0.3232469856739044
2915.7099999999996,0.3230839967727661
2917.35,0.3228699862957001
2918.99,0.32284098863601685
2920.6400000000003,0.32300999760627747
2922.29,0.3232310116291046
2923.93,0.3229460120201111
2925.58,0.32261601090431213
2927.24,0.32268500328063965
2928.89,0.3226819932460785
2930.55,0.32223600149154663
2932.2,0.3218660056591034
2933.86,0.3219259977340698
2935.52,0.3220759928226471
2937.19,0.3219510018825531
2938.85,0.32180601358413696
2940.52,0.32193100452423096
2942.19,0.3217119872570038
2943.86,0.32156699895858765
2945.53,0.32155200839042664
2947.21,0.32138898968696594
2948.88,0.3214249908924103
2950.56,0.3213669955730438
2952.2400000000002,0.32144901156425476
2953.92,0.3214850127696991
2955.61,0.32123300433158875
2957.29,0.32109901309013367
2958.98,0.32119300961494446
2960.67,0.321274995803833
2962.3599999999997,0.3210099935531616
2964.06,0.32101699709892273
2965.75,0.3211880028247833
2967.45,0.3211120069026947
2969.15,0.32067999243736267
2970.85,0.32072699069976807
2972.55,0.3207800090312958
2974.26,0.32079800963401794
2975.97,0.3210369944572449
2977.68,0.3209030032157898
2979.39,0.3202959895133972
2981.1,0.32016700506210327
2982.8199999999997,0.32048800587654114
2984.5299999999997,0.3206169903278351
2986.25,0.32047900557518005
2987.97,0.3204750120639801
2989.7,0.32055699825286865
2991.42,0.3203519880771637
2993.15,0.32016900181770325
2994.88,0.3198699951171875
2996.61,0.31970998644828796
2998.3399999999997,0.31992200016975403
3000.08,0.3196539878845215
3001.8199999999997,0.31980401277542114
3003.55,0.32020699977874756
3005.3,0.3202579915523529
3007.04,0.3198930025100708
3008.7799999999997,0.3199569880962372
3010.53,0.3200890123844147
3012.28,0.3196850121021271
3014.03,0.31955400109291077
3015.79,0.3198080062866211
3017.54,0.31965601444244385
3019.2999999999997,0.3195360004901886
3021.06,0.31984999775886536
3022.8199999999997,0.31987500190734863
3024.58,0.31947600841522217
3026.35,0.31975001096725464
3028.12,0.3198080062866211
3029.89,0.31978800892829895
3031.66,0.3197050094604492
3033.4300000000003,0.31943100690841675
3035.21,0.3190160095691681
3036.99,0.31903600692749023
3038.77,0.3194800019264221
3040.55,0.3197369873523712
3042.3300000000004,0.31955400109291077
3044.12,0.31928199529647827
3045.9100000000003,0.31929299235343933
3047.7,0.31922098994255066
3049.4900000000002,0.3189989924430847
3051.29,0.3189760148525238
3053.08,0.31932199001312256
3054.8799999999997,0.3192079961299896
3056.6800000000003,0.319130003452301
3058.49,0.3192969858646393
3060.29,0.3194330036640167
3062.1,0.319581001996994
3063.91,0.3193640112876892
3065.72,0.3192709982395172
3067.54,0.3193640112876892
3069.35,0.31943801045417786
3071.17,0.31925299763679504
3072.99,0.3190680146217346
3074.81,0.3189049959182739
3076.64,0.31885799765586853
3078.47,0.3188619911670685
3080.2900000000004,0.3188849985599518
3082.1299999999997,0.31874901056289673
3083.96,0.3189989924430847
3085.79,0.31929299235343933
3087.6299999999997,0.31924399733543396
3089.47,0.31899601221084595
3091.31,0.3188129961490631
3093.1600000000003,0.31868401169776917
3095.0099999999998,0.31887999176979065
3096.85,0.3191699981689453
3098.71,0.3191950023174286
3100.5600000000004,0.3190099895000458
3102.41,0.31885600090026855
3104.27,0.31863901019096375
3106.1299999999997,0.31846100091934204
3107.9900000000002,0.3185029923915863
3109.8599999999997,0.3187220096588135
3111.73,0.31894901394844055
3113.5899999999997,0.3190940022468567
3115.4700000000003,0.3192079961299896
3117.34,0.31899601221084595
3119.21,0.31884899735450745
3121.09,0.31894099712371826
3122.97,0.31892699003219604
3124.86,0.31863299012184143
3126.74,0.31858599185943604
3128.6299999999997,0.318462997674942
3130.52,0.3185259997844696
3132.4100000000003,0.3190520107746124
3134.3,0.3190850019454956
3136.2000000000003,0.31882500648498535
3138.1,0.31877601146698
3140.0,0.31869301199913025
3141.9,0.31869998574256897
3143.8100000000004,0.3189449906349182
3145.7099999999996,0.31915000081062317
3147.62,0.31919899582862854
3149.54,0.31922999024391174
3151.4500000000003,0.31893399357795715
3153.37,0.3188509941101074
3155.29,0.31888699531555176
3157.21,0.31889599561691284
3159.13,0.3190610110759735
3161.06,0.31901198625564575
3162.9900000000002,0.31886500120162964
3164.92,0.3186529874801636
3166.8500000000004,0.31880199909210205
3168.79,0.31900501251220703
3170.7200000000003,0.3191410005092621
3172.67,0.31876400113105774
3174.61,0.31850799918174744
3176.55,0.31855300068855286
3178.5,0.31861698627471924
3180.45,0.31855300068855286
3182.4,0.31873100996017456
3184.3599999999997,0.31898999214172363
3186.3199999999997,0.31905001401901245
3188.27,0.31895801424980164
3190.2400000000002,0.3187839984893799
3192.2000000000003,0.3189670145511627
3194.17,0.3190940022468567
3196.1400000000003,0.3185440003871918
3198.1099999999997,0.31816399097442627
3200.08,0.31804901361465454
3202.06,0.318325012922287
3204.04,0.31846800446510315
3206.02,0.31831198930740356
3208.0,0.31819599866867065
3209.99,0.31816399097442627
3211.98,0.3182139992713928
3213.9700000000003,0.3184249997138977
3215.96,0.3186059892177582
3217.96,0.31841200590133667
3219.96,0.31848999857902527
3221.96,0.3184030055999756
3223.96,0.3178589940071106
3225.97,0.3178209960460663
3227.98,0.3180460035800934
3229.99,0.31814900040626526
3232.0,0.31795498728752136
3234.02,0.3179300129413605
3236.04,0.3177720010280609
3238.06,0.3174000084400177
3240.08,0.3173620104789734
3242.1099999999997,0.3175579905509949
3244.14,0.317564994096756
3246.17,0.3174059987068176
3248.2000000000003,0.31676000356674194
3250.24,0.31678199768066406
3252.2799999999997,0.3171429932117462
3254.3199999999997,0.31686899065971375
3256.37,0.31680598855018616
3258.41,0.3168199956417084
3260.46,0.3164919912815094
3262.5099999999998,0.3163110017776489
3264.57,0.3164210021495819
3266.63,0.31657901406288147
3268.69,0.3164379894733429
3270.75,0.31624698638916016
3272.8100000000004,0.3160009980201721
3274.88,0.3160040080547333
3276.95,0.3160710036754608
3279.02,0.3158409893512726
3281.1,0.31566500663757324
3283.1800000000003,0.31544598937034607
3285.26,0.31548601388931274
3287.34,0.31573599576950073
3289.43,0.3155759871006012
3291.51,0.31548601388931274
3293.61,0.3152810037136078
3295.7000000000003,0.3150070011615753
3297.8,0.3147619962692261
3299.9,0.31442299485206604
3302.0,0.31433600187301636
3304.1,0.3142639994621277
3306.21,0.3141860067844391
3308.32,0.3140900135040283
3310.4300000000003,0.31401199102401733
3312.5499999999997,0.3137359917163849
3314.66,0.3133769929409027
3316.79,0.31338798999786377
3318.91,0.3133859932422638
3321.0299999999997,0.31322500109672546
3323.1600000000003,0.31282201409339905
3325.29,0.3126629889011383
3327.4300000000003,0.312610000371933
3329.5699999999997,0.31230899691581726
3331.71,0.311955988407135
3333.85,0.3118000030517578
3335.99,0.3115589916706085
3338.1400000000003,0.31146299839019775
3340.29,0.311271995306015
3342.45,0.31099700927734375
3344.6,0.31060299277305603
3346.76,0.31031298637390137
3348.92,0.3098689913749695
3351.09,0.3096640110015869
3353.26,0.3094249963760376
3355.4300000000003,0.3089570105075836
3357.6000000000004,0.3084149956703186
3359.78,0.30796700716018677
3361.96,0.30751898884773254
3364.14,0.30672699213027954
3366.32,0.305990993976593
3368.51,0.30535098910331726
3370.7,0.30472201108932495
3372.89,0.3041270077228546
3375.09,0.3033199906349182
3377.29,0.3028540015220642
3379.4900000000002,0.3025299906730652
3381.69,0.3023500144481659
3383.9,0.3025929927825928
3386.11,0.3026599884033203
3388.32,0.3025769889354706
3390.54,0.302700012922287
3392.76,0.3024829924106598
3394.98,0.30173900723457336
3397.21,0.3009510040283203
3399.4300000000003,0.3003779947757721
3401.6600000000003,0.2997719943523407
3403.9,0.29894399642944336
3406.13,0.2979539930820465
3408.3700000000003,0.29700198769569397
3410.61,0.2962239980697632
3412.8599999999997,0.2954860031604767
3415.1099999999997,0.2948319911956787
3417.36,0.2944819927215576
3419.61,0.2945759892463684
3421.8700000000003,0.2947629988193512
3424.13,0.2950890064239502
3426.39,0.29566898941993713
3428.66,0.2962909936904907
3430.93,0.29680800437927246
3433.2,0.2974349856376648
3435.48,0.29818400740623474
3437.7599999999998,0.29875001311302185
3440.0400000000004,0.29942598938941956
3442.32,0.2998560070991516
3444.61,0.300027996301651
3446.8999999999996,0.30022698640823364
3449.19,0.3002690076828003
3451.4900000000002,0.3002910017967224
3453.79,0.3005790114402771
3456.09,0.30060601234436035
3458.4,0.3009830117225647
3460.7000000000003,0.3013969957828522
3463.0200000000004,0.3013170063495636
3465.33,0.30090200901031494
3467.65,0.30060601234436035
3469.97,0.3005770146846771
3472.29,0.30034300684928894
3474.62,0.30008798837661743
3476.95,0.29982998967170715
3479.2900000000004,0.2996070086956024
3481.62,0.29947298765182495
3483.96,0.29920101165771484
3486.3,0.29886600375175476
3488.6499999999996,0.29840001463890076
3491.0,0.2981080114841461
3493.35,0.29798799753189087
3495.71,0.29758399724960327
3498.0699999999997,0.29653599858283997
3500.4300000000003,0.29600998759269714
3502.79,0.29592299461364746
3505.16,0.2958579957485199
3507.53,0.29614099860191345
3509.9100000000003,0.29652300477027893
3512.29,0.29698699712753296
3514.67,0.29792100191116333
3517.0499999999997,0.29865899682044983
3519.44,0.2991180121898651
3521.83,0.2994219958782196
3524.23,0.29973798990249634
3526.62,0.29989901185035706
3529.02,0.299778014421463
3531.43,0.29976099729537964
3533.83,0.29990801215171814
3536.24,0.2999410033226013
3538.6600000000003,0.29978299140930176
3541.08,0.2993989884853363
3543.5,0.29912999272346497
3545.92,0.2989329993724823
3548.35,0.29908499121665955
3550.78,0.29910099506378174
3553.21,0.2987770140171051
3555.65,0.29837799072265625
3558.09,0.29804399609565735
3560.5299999999997,0.2981100082397461
3562.98,0.2982639968395233
3565.4300000000003,0.2979789972305298
3567.88,0.29778000712394714
3570.3399999999997,0.29752200841903687
3572.8,0.29732799530029297
3575.27,0.2973810136318207
3577.73,0.2972339987754822
3580.2000000000003,0.2968299984931946
3582.68,0.2966409921646118
3585.1600000000003,0.2964540123939514
3587.64,0.296317994594574
3590.1200000000003,0.29626399278640747
3592.61,0.2961120009422302
3595.1,0.29591599106788635
3597.6,0.29571300745010376
3600.0899999999997,0.29566600918769836
3602.6,0.29529398679733276
3605.1000000000004,0.2948499917984009
3607.61,0.29486599564552307
3610.1200000000003,0.2948479950428009
3612.64,0.2946609854698181
3615.16,0.29444000124931335
3617.68,0.2942039966583252
3620.21,0.2937600016593933
3622.74,0.2937079966068268
3625.27,0.2937979996204376
3627.8100000000004,0.29350098967552185
3630.35,0.293179988861084
3632.8900000000003,0.2929840087890625
3635.44,0.2927649915218353
3637.99,0.2927649915218353
3640.54,0.29264500737190247
3643.1,0.29261401295661926
3645.66,0.29268699884414673
3648.23,0.29237499833106995
3650.7999999999997,0.2922919988632202
3653.37,0.29234400391578674
3655.95,0.2921319901943207
3658.5299999999997,0.29188400506973267
3661.1099999999997,0.2914409935474396
3663.7,0.2912850081920624
3666.29,0.2912600040435791
3668.8900000000003,0.2910119891166687
3671.48,0.2906619906425476
3674.09,0.29036399722099304
3676.6899999999996,0.29018500447273254
3679.3,0.290039986371994
3681.91,0.2898080050945282
3684.53,0.2896369993686676
3687.15,0.28953200578689575
3689.7799999999997,0.28957200050354004
3692.4,0.2896209955215454
3695.04,0.2894110083580017
3697.67,0.2892569899559021
3700.31,0.2891570031642914
3702.95,0.2890680134296417
3705.6,0.2889679968357086
3708.25,0.2887580096721649
3710.9100000000003,0.2887220084667206
3713.5600000000004,0.2887290120124817
3716.23,0.28879600763320923
3718.89,0.2887290120124817
3721.5600000000004,0.28853899240493774
3724.23,0.28832298517227173
3726.9100000000003,0.28813600540161133
3729.59,0.2881399989128113
3732.2799999999997,0.2884080111980438
3734.9700000000003,0.2883569896221161
3737.66,0.28818899393081665
3740.36,0.2879619896411896
3743.06,0.2877340018749237
3745.76,0.2876560091972351
3748.4700000000003,0.2878299951553345
3751.1800000000003,0.28773000836372375
3753.8999999999996,0.2875399887561798
3756.62,0.2873780131340027
3759.3399999999997,0.2875399887561798
3762.07,0.2875719964504242
3764.8,0.2873170077800751
3767.54,0.28703200817108154
3770.28,0.28693801164627075
3773.02,0.2867240011692047
3775.77,0.2864769995212555
3778.52,0.2862269878387451
3781.28,0.28582999110221863
3784.04,0.28543099761009216
3786.7999999999997,0.2854290008544922
3789.5699999999997,0.2852439880371094
3792.3399999999997,0.2848309874534607
3795.12,0.2845720052719116
3797.8999999999996,0.28446298837661743
3800.69,0.2841779887676239
3803.47,0.28387200832366943
3806.27,0.28362199664115906
3809.06,0.2831900119781494
3811.8599999999997,0.2828109860420227
3814.67,0.28262999653816223
3817.48,0.2824139893054962
3820.29,0.2821060121059418
3823.1099999999997,0.2817380130290985
3825.93,0.2813520133495331
3828.7599999999998,0.28090599179267883
3831.5899999999997,0.28050699830055237
3834.42,0.2799850106239319
3837.26,0.2796329855918884
3840.1,0.279574990272522
3842.9500000000003,0.2792850136756897
3845.8,0.2789509892463684
3848.65,0.27870801091194153
3851.51,0.2782819867134094
3854.38,0.2778269946575165
3857.24,0.2771889865398407
3860.1200000000003,0.2768140137195587
3862.99,0.27643999457359314
3865.8700000000003,0.2761250138282776
3868.7599999999998,0.2757570147514343
3871.6499999999996,0.27562299370765686
3874.54,0.27547401189804077
3877.44,0.27481400966644287
3880.3399999999997,0.2743209898471832
3883.25,0.27405598759651184
3886.16,0.2736949920654297
3889.0699999999997,0.2734430134296417
3891.99,0.2730030119419098
3894.92,0.27258801460266113
3897.85,0.2722319960594177
3900.78,0.2719480097293854
3903.72,0.27152299880981445
3906.66,0.2710539996623993
3909.6000000000004,0.2707329988479614
3912.55,0.27053898572921753
3915.5099999999998,0.2699880003929138
3918.4700000000003,0.2695600092411041
3921.43,0.2691679894924164
3924.4,0.26901400089263916
3927.3799999999997,0.2688960134983063
3930.35,0.26865899562835693
3933.3300000000004,0.26823100447654724
3936.3199999999997,0.26778098940849304
3939.31,0.2671850025653839
3942.31,0.2669149935245514
3945.31,0.2664250135421753
3948.3100000000004,0.26601898670196533
3951.32,0.2656640112400055
3954.34,0.26546400785446167
3957.35,0.2652849853038788
3960.3799999999997,0.2647790014743805
3963.4100000000003,0.26409199833869934
3966.44,0.26374900341033936
3969.48,0.2634519934654236
3972.52,0.2628929913043976
3975.5600000000004,0.26260700821876526
3978.61,0.26221001148223877
3981.6699999999996,0.26172399520874023
3984.73,0.26147401332855225
3987.8,0.2610419988632202
3990.8700000000003,0.2606180012226105
3993.9399999999996,0.25993600487709045
3997.02,0.259333997964859
4000.1,0.25895699858665466
4003.19,0.25863999128341675
4006.29,0.2579379975795746
4009.39,0.2575500011444092
4012.49,0.25727298855781555
4015.6,0.25712400674819946
4018.7099999999996,0.25667500495910645
4021.8299999999995,0.25618699193000793
4024.9499999999994,0.25567901134490967
4028.08,0.2553330063819885
4031.2099999999996,0.25508999824523926
4034.35,0.2547979950904846
4037.4900000000002,0.25430700182914734
4040.64,0.25373199582099915
4043.7900000000004,0.25334399938583374
4046.94,0.2530960142612457
4050.11,0.2527279853820801
4053.2700000000004,0.2523159980773926
4056.44,0.25179600715637207
4059.62,0.25130799412727356
4062.8,0.2508710026741028
4065.9900000000002,0.25043800473213196
4069.1800000000003,0.2501170039176941
4072.38,0.2497979998588562
4075.5800000000004,0.2492610067129135
4078.78,0.24888600409030914
4082.0,0.2485000044107437
4085.21,0.24810999631881714
4088.43,0.24767999351024628
4091.66,0.24719400703907013
4094.8900000000003,0.2467159926891327
4098.13,0.24611200392246246
4101.37,0.2454250007867813
4104.62,0.24489200115203857
4107.87,0.2444549947977066
4111.13,0.24387499690055847
4114.39,0.24321100115776062
4117.66,0.24289900064468384
4120.93,0.24250200390815735
4124.21,0.24192899465560913
4127.5,0.24139800667762756
4130.79,0.24095900356769562
4134.08,0.24050599336624146
4137.38,0.23989300429821014
4140.679999999999,0.23907700181007385
4143.99,0.23849500715732574
4147.31,0.2380640059709549
4150.629999999999,0.23742899298667908
4153.95,0.23680900037288666
4157.29,0.23651699721813202
4160.62,0.23603299260139465
4163.96,0.23532399535179138
4167.3099999999995,0.23469500243663788
4170.66,0.23436200618743896
4174.0199999999995,0.23368699848651886
4177.39,0.23286600410938263
4180.75,0.2321929931640625
4184.13,0.23161999881267548
4187.509999999999,0.23115800321102142
4190.889999999999,0.23041799664497375
4194.28,0.22943900525569916
4197.68,0.22865800559520721
4201.08,0.22792699933052063
4204.49,0.2272070050239563
4207.900000000001,0.22643299400806427
4211.32,0.2255229949951172
4214.74,0.22477799654006958
4218.17,0.22393499314785004
4221.61,0.2229209989309311
4225.05,0.22208000719547272
4228.5,0.2211190015077591
4231.950000000001,0.21997499465942383
4235.400000000001,0.21882399916648865
4238.870000000001,0.21766400337219238
4242.34,0.2165900021791458
4245.8099999999995,0.21539700031280518
4249.29,0.21395400166511536
4252.78,0.2124979943037033
4256.2699999999995,0.21092599630355835
4259.7699999999995,0.20943599939346313
4263.27,0.20749600231647491
4266.78,0.20545299351215363
4270.29,0.20366500318050385
4273.81,0.20179599523544312
4277.34,0.19975100457668304
4280.87,0.19732099771499634
4284.41,0.19475199282169342
4287.950000000001,0.19245299696922302
4291.5,0.19020000100135803
4295.06,0.18798400461673737
4298.62,0.18586300313472748
4302.1900000000005,0.18371300399303436
4305.76,0.18151000142097473
4309.34,0.1795630007982254
4312.92,0.1776919960975647
4316.5199999999995,0.17598900198936462
4320.11,0.17452800273895264
4323.719999999999,0.17327700555324554
4327.320000000001,0.1720079928636551
4330.94,0.17090900242328644
4334.5599999999995,0.16987000405788422
4338.19,0.16881300508975983
4341.820000000001,0.1676820069551468
4345.46,0.16661599278450012
4349.11,0.16571100056171417
4352.76,0.1647540032863617
4356.42,0.16375499963760376
4360.08,0.16281400620937347
4363.75,0.1619109958410263
4367.429999999999,0.16096800565719604
4371.11,0.1600469946861267
4374.799999999999,0.1592639982700348
4378.49,0.15849700570106506
4382.19,0.1576469987630844
4385.900000000001,0.15679100155830383
4389.610000000001,0.15612900257110596
4393.33,0.15545499324798584
4397.0599999999995,0.15505999326705933
4400.79,0.15463200211524963
4404.530000000001,0.15414799749851227
4408.280000000001,0.15367799997329712
4412.03,0.15341000258922577
4415.79,0.15334300696849823
4419.55,0.15321600437164307
4423.320000000001,0.1529960036277771
4427.1,0.1530669927597046
4430.88,0.15310700237751007
4434.68,0.1532679945230484
4438.469999999999,0.1533990055322647
4442.280000000001,0.1534460037946701
4446.08,0.15352000296115875
4449.900000000001,0.15378299355506897
4453.719999999999,0.15398600697517395
4457.55,0.15387600660324097
4461.389999999999,0.15371400117874146
4465.2300000000005,0.15346400439739227
4469.08,0.15315799415111542
4472.9400000000005,0.15322299301624298
4476.8,0.15307599306106567
4480.67,0.15280400216579437
4484.549999999999,0.15252499282360077
4488.43,0.15218600630760193
4492.320000000001,0.1517309993505478
4496.21,0.1511089950799942
4500.12,0.15060700476169586
4504.030000000001,0.15004999935626984
4507.94,0.14935599267482758
4511.87,0.14870299398899078
4515.799999999999,0.14806300401687622
4519.7300000000005,0.1474830061197281
4523.679999999999,0.14665600657463074
4527.63,0.14576199650764465
4531.589999999999,0.14501899480819702
4535.55,0.14416499435901642
4539.52,0.14343799650669098
4543.5,0.14254599809646606
4547.49,0.14157600700855255
4551.48,0.14061899483203888
4555.4800000000005,0.13969799876213074
4559.490000000001,0.1387079954147339
4563.5,0.13784299790859222
4567.52,0.13713599741458893
4571.55,0.13600300252437592
4575.580000000001,0.13494199514389038
4579.63,0.13416600227355957
4583.67,0.1333339959383011
4587.73,0.1322370022535324
4591.79,0.13122199475765228
4595.86,0.13032999634742737
4599.9400000000005,0.1293960064649582
4604.03,0.12824299931526184
4608.120000000001,0.1272750049829483
4612.219999999999,0.1264050006866455
4616.33,0.12526600062847137
4620.4400000000005,0.1242000013589859
4624.5599999999995,0.12320800125598907
4628.69,0.12226700037717819
4632.83,0.12134099751710892
4636.97,0.12045600265264511
4641.12,0.11984000355005264
4645.28,0.11923199892044067
4649.45,0.11868800222873688
4653.62,0.11815200001001358
4657.8,0.11761300265789032
4661.990000000001,0.11695899814367294
4666.1900000000005,0.11652900278568268
4670.39,0.11625199764966965
4674.599999999999,0.11584000289440155
4678.82,0.11546500027179718
4683.049999999999,0.11520200222730637
4687.280000000001,0.11494799703359604
4691.5199999999995,0.1144310012459755
4695.77,0.11407999694347382
4700.03,0.11387500166893005
4704.3,0.11335799843072891
4708.57,0.11282099783420563
4712.85,0.11236999928951263
4717.139999999999,0.11181499809026718
4721.429999999999,0.11134199798107147
4725.74,0.11088299751281738
4730.05,0.11049699783325195
4734.37,0.11016199737787247
4738.7,0.10965000092983246
4743.03,0.10918299853801727
4747.38,0.10884500294923782
4751.7300000000005,0.10841599851846695
4756.09,0.10803300142288208
4760.45,0.10763999819755554
4764.83,0.10746899992227554
4769.21,0.1073480024933815
4773.6,0.10700500011444092
4778.0,0.10648299753665924
4782.41,0.10613100230693817
4786.83,0.10600399971008301
4791.25,0.10571599751710892
4795.68,0.10548599809408188
4800.13,0.10519900172948837
4804.57,0.10497800260782242
4809.03,0.10481099784374237
4813.5,0.10448700189590454
4817.97,0.10406100004911423
4822.45,0.10384699702262878
4826.94,0.10354799777269363
4831.44,0.10316500067710876
4835.950000000001,0.10281500220298767
4840.46,0.10247799754142761
4844.99,0.10210800170898438
4849.52,0.10162200033664703
4854.0599999999995,0.10119099915027618
4858.61,0.1008009985089302
4863.17,0.10054200142621994
4867.73,0.10023000091314316
4872.3099999999995,0.09974599629640579
4876.89,0.09936299920082092
4881.48,0.0987740010023117
4886.08,0.09837300330400467
4890.6900000000005,0.09793300181627274
4895.31,0.0973069965839386
4899.94,0.09673599898815155
4904.57,0.09637700021266937
4909.22,0.0960180014371872
4913.87,0.09562999755144119
4918.53,0.09532400220632553
4923.21,0.09509500116109848
4927.88,0.09456399828195572
4932.57,0.09426099807024002
4937.2699999999995,0.0941540002822876
4941.9800000000005,0.09377200156450272
4946.6900000000005,0.09341300278902054
4951.42,0.09315399825572968
4956.15,0.0927710011601448
4960.9,0.09269300103187561
4965.650000000001,0.09263499826192856
4970.41,0.09252999722957611
4975.18,0.09231799840927124
4979.96,0.09202200174331665
4984.75,0.0917700007557869
4989.54,0.09156899899244308
4994.349999999999,0.09127700328826904
4999.17,0.09103800356388092
5003.99,0.09092199802398682
5008.83,0.09075099974870682
5013.67,0.0905809998512268
5018.5199999999995,0.0904809981584549
5023.39,0.09026200324296951
5028.26,0.08977799862623215
5033.14,0.08952900022268295
5038.03,0.08954399824142456
5042.93,0.08950000256299973
5047.84,0.08929000049829483
5052.76,0.08903399854898453
5057.69,0.08871199935674667
5062.63,0.08855000138282776
5067.580000000001,0.08839599788188934
5072.54,0.08820600062608719
5077.51,0.08807700127363205
5082.49,0.08787400275468826
5087.469999999999,0.08759699761867523
5092.469999999999,0.08737900108098984
5097.48,0.08715400099754333
5102.5,0.08681199699640274
5107.52,0.08666999638080597
5112.56,0.08663199841976166
5117.61,0.08648700267076492
5122.66,0.08625300228595734
5127.73,0.08578699827194214
5132.81,0.08546800166368484
5137.889999999999,0.08523400127887726
5142.99,0.08495300263166428
5148.1,0.08463600277900696
5153.22,0.08451099693775177
5158.34,0.08436399698257446
5163.48,0.08407600224018097
5168.63,0.08376900106668472
5173.79,0.08357200026512146
5178.96,0.08342999964952469
5184.13,0.08326499909162521
5189.320000000001,0.08308400213718414
5194.5199999999995,0.08277600258588791
5199.73,0.08248399943113327
5204.96,0.08240800350904465
5210.19,0.08226100355386734
5215.429999999999,0.08200199902057648
5220.679999999999,0.08192700147628784
5225.94,0.08185700327157974
5231.22,0.08158800005912781
5236.5,0.08156999945640564
5241.79,0.08168800175189972
5247.099999999999,0.08142899721860886
5252.42,0.08121500164270401
5257.74,0.08096799999475479
5263.080000000001,0.08073999732732773
5268.43,0.08071599900722504
5273.79,0.0806019976735115
5279.16,0.08032099902629852
5284.54,0.08014299720525742
5289.93,0.08006200194358826
5295.34,0.08002699911594391
5300.75,0.07973500341176987
5306.18,0.07948900014162064
5311.61,0.07964999973773956
5317.0599999999995,0.07965400069952011
5322.5199999999995,0.07952500134706497
5327.99,0.07931800186634064
5333.47,0.07920199632644653
5338.96,0.07924800366163254
5344.47,0.07933499664068222
5349.9800000000005,0.07915700227022171
5355.51,0.07887999713420868
5361.049999999999,0.0786689966917038
5366.6,0.0785370022058487
5372.16,0.07848799973726273
5377.73,0.07822500169277191
5383.320000000001,0.07794799655675888
5388.91,0.07779700309038162
5394.52,0.0777370035648346
5400.14,0.0775889977812767
5405.77,0.07748199999332428
5411.41,0.07737799733877182
5417.07,0.07721199840307236
5422.74,0.07690700143575668
5428.410000000001,0.07663699984550476
5434.1,0.07653500139713287
5439.8099999999995,0.07627999782562256
5445.52,0.07606399804353714
5451.25,0.07614400237798691
5456.98,0.07614900171756744
5462.73,0.07593899965286255
5468.5,0.07581199705600739
5474.2699999999995,0.07591500133275986
5480.0599999999995,0.07584799826145172
5485.86,0.0757410004734993
5491.67,0.07576700299978256
5497.49,0.07587900012731552
5503.33,0.07588600367307663
5509.179999999999,0.07587199658155441
5515.04,0.07578500360250473
5520.91,0.07557100057601929
5526.799999999999,0.07546599954366684
5532.69,0.07519900053739548
5538.610000000001,0.07496000081300735
5544.53,0.07493600249290466
5550.469999999999,0.07488899677991867
5556.41,0.07487300038337708
5562.38,0.07471700012683868
5568.349999999999,0.07447399944067001
5574.34,0.07430200278759003
5580.339999999999,0.07399500161409378
5586.35,0.0736360028386116
5592.38,0.07349999994039536
5598.42,0.07326500117778778
5604.47,0.07310499995946884
5610.54,0.0730540007352829
5616.61,0.07292000204324722
5622.71,0.07281699776649475
5628.8099999999995,0.07273499667644501
5634.929999999999,0.07264299690723419
5641.06,0.07255899906158447
5647.21,0.07262799888849258
5653.360000000001,0.07268299907445908
5659.54,0.07268799841403961
5665.72,0.07269000262022018
5671.92,0.07266800105571747
5678.13,0.07261399924755096
5684.36,0.07263699918985367
5690.599999999999,0.0725879967212677
5696.85,0.07276599854230881
5703.12,0.07280600070953369
5709.4,0.07263699918985367
5715.6900000000005,0.07266999781131744
5722.0,0.07284600287675858
5728.33,0.07298699766397476
5734.66,0.07296700030565262
5741.01,0.07278800010681152
5747.38,0.07270999997854233
5753.76,0.07262799888849258
5760.150000000001,0.07258100062608719
5766.56,0.0726030021905899
5772.98,0.07253599911928177
5779.410000000001,0.07230900228023529
5785.86,0.07220599800348282
5792.33,0.07211899757385254
5798.8099999999995,0.07198099792003632
5805.3,0.07200600206851959
5811.81,0.07197900116443634
5818.33,0.07181800156831741
5824.87,0.07156199961900711
5831.419999999999,0.07142999768257141
5837.99,0.07123400270938873
5844.57,0.07095299661159515
5851.17,0.07089299708604813
5857.78,0.07089100033044815
5864.410000000001,0.07073400169610977
5871.05,0.07058899849653244
5877.7,0.07052899897098541
5884.38,0.07032400369644165
5891.06,0.0702190026640892
5897.76,0.07024800032377243
5904.4800000000005,0.07018399983644485
5911.21,0.07011699676513672
5917.96,0.07001399993896484
5924.7300000000005,0.06987100094556808
5931.5,0.06970900297164917
5938.3,0.06945399940013885
5945.11,0.06937400251626968
5951.93,0.06939899921417236
5958.78,0.06924699991941452
5965.63,0.06917999684810638
5972.51,0.06921400129795074
5979.39,0.06910700350999832
5986.3,0.0689300000667572
5993.22,0.06870099902153015
6000.16,0.06862299889326096
6007.11,0.06862500309944153
6014.08,0.06859800219535828
6021.06,0.06851799786090851
6028.06,0.06855099648237228
6035.08,0.0686269998550415
6042.12,0.06873200088739395
6049.17,0.06867600232362747
6056.2300000000005,0.06879399716854095
6063.32,0.06896600127220154
6070.42,0.06901700049638748
6077.530000000001,0.06909099966287613
6084.67,0.06912899762392044
6091.820000000001,0.06911800056695938
6098.9800000000005,0.06914900243282318
6106.17,0.06926900148391724
6113.37,0.069302998483181
6120.58,0.06938999891281128
6127.82,0.06938999891281128
6135.07,0.06937000155448914
6142.34,0.06941000372171402
6149.63,0.06924500316381454
6156.93,0.06889200210571289
6164.25,0.0687590017914772
6171.59,0.06879899650812149
6178.950000000001,0.06875400245189667
6186.320000000001,0.06874299794435501
6193.71,0.06876800209283829
6201.120000000001,0.06862500309944153
6208.54,0.06847500056028366
6215.99,0.06846199929714203
6223.45,0.0683170035481453
6230.93,0.0681610032916069
6238.43,0.06807199865579605
6245.95,0.06793399900197983
6253.48,0.0678580030798912
6261.03,0.0677110031247139
6268.6,0.06766200065612793
6276.19,0.06770800054073334
6283.8,0.06763900071382523
6291.43,0.06741800159215927
6299.070000000001,0.06729099899530411
6306.73,0.06714600324630737
6314.42,0.06715100258588791
6322.12,0.06704799830913544
6329.84,0.0669500008225441
6337.570000000001,0.0668879970908165
6345.33,0.06676100194454193
6353.11,0.06683199852705002
6360.9,0.0667560026049614
6368.719999999999,0.06653100252151489
6376.55,0.06658899784088135
6384.400000000001,0.06641899794340134
6392.2699999999995,0.0661270022392273
6400.17,0.06607799977064133
6408.08,0.06612099707126617
6416.01,0.0660019963979721
6423.96,0.06573499739170074
6431.93,0.06547600030899048
6439.92,0.06533800065517426
6447.93,0.06525100022554398
6455.96,0.06533300131559372
6464.01,0.06524399667978287
6472.08,0.06494499742984772
6480.17,0.06478899717330933
6488.28,0.06473100185394287
6496.41,0.06459099799394608
6504.5599999999995,0.06449700146913528
6512.7300000000005,0.06420999765396118
6520.92,0.06398700177669525
6529.14,0.06393100321292877
6537.37,0.06391499936580658
6545.63,0.06370099633932114
6553.9,0.0634709969162941
6562.2,0.06331299990415573
6570.509999999999,0.063120998442173
6578.85,0.06302499771118164
6587.21,0.06296099722385406
6595.589999999999,0.06289400160312653
6603.99,0.06270699948072433
6612.42,0.0626399964094162
6620.860000000001,0.062435001134872437
6629.330000000001,0.06217600032687187
6637.82,0.0621270015835762
6646.33,0.061886001378297806
6654.860000000001,0.06167899817228317
6663.41,0.06165400147438049
6671.99,0.06167000159621239
6680.589999999999,0.06167599931359291
6689.21,0.0616380013525486
6697.849999999999,0.06149299815297127
6706.509999999999,0.06131099909543991
6715.200000000001,0.06096100062131882
6723.91,0.06076199933886528
6732.64,0.060722000896930695
6741.4,0.06062199920415878
6750.18,0.06035599857568741
6758.9800000000005,0.060217998921871185
6767.8,0.06021599844098091
6776.65,0.060169000178575516
6785.52,0.05989700183272362
6794.41,0.05962900072336197
6803.33,0.059415001422166824
6812.2699999999995,0.059192001819610596
6821.23,0.05904899910092354
6830.219999999999,0.05895800143480301
6839.23,0.058830998837947845
6848.26,0.058649998158216476
6857.32,0.05855900049209595
6866.4,0.058403000235557556
6875.51,0.058107998222112656
6884.64,0.057989999651908875
6893.799999999999,0.05788499861955643
6902.9800000000005,0.05757800117135048
6912.18,0.05737699940800667
6921.41,0.05724800005555153
6930.66,0.05698399990797043
6939.94,0.05675699934363365
6949.24,0.05651199817657471
6958.57,0.05627100169658661
6967.92,0.056001000106334686
6977.299999999999,0.055737998336553574
6986.7,0.05566899850964546
6996.13,0.05558900162577629
7005.59,0.05528699979186058
7015.07,0.055055998265743256
7024.57,0.05490199849009514
7034.099999999999,0.054582998156547546
7043.66,0.054078999906778336
7053.25,0.05359699949622154
7062.85,0.05345400050282478
7072.49,0.05350099876523018
7082.150000000001,0.05336499959230423
7091.84,0.05325400084257126
7101.549999999999,0.053196001797914505
7111.3,0.05295500159263611
7121.0599999999995,0.05263800173997879
7130.860000000001,0.052386000752449036
7140.679999999999,0.05213399976491928
7150.53,0.05185599997639656
7160.41,0.051552001386880875
7170.3099999999995,0.051430001854896545
7180.240000000001,0.05144299939274788
7190.2,0.05116700008511543
7200.1900000000005,0.05069199949502945
7210.200000000001,0.050501998513936996
7220.240000000001,0.05027199909090996
7230.31,0.05002700164914131
7240.41,0.049984999001026154
7250.54,0.04981299862265587
7260.6900000000005,0.04955200105905533
7270.88,0.049295999109745026
7281.09,0.04891199991106987
7291.33,0.048597998917102814
7301.599999999999,0.04850799962878227
7311.9,0.04824100062251091
7322.219999999999,0.04801100119948387
7332.58,0.04784199967980385
7342.97,0.047492001205682755
7353.379999999999,0.047217000275850296
7363.83,0.04694699868559837
7374.3,0.04676000028848648
7384.8099999999995,0.04660400003194809
7395.34,0.046241000294685364
7405.910000000001,0.04603800177574158
7416.5,0.04564499855041504
7427.13,0.045083001255989075
7437.78,0.04489399865269661
7448.47,0.0447550006210804
7459.1900000000005,0.04451499879360199
7469.9400000000005,0.044349998235702515
7480.71,0.04417100176215172
7491.52,0.0436520017683506
7502.37,0.043198999017477036
7513.24,0.04290200024843216
7524.14,0.04262400045990944
7535.08,0.04246100038290024
7546.05,0.04217100143432617
7557.05,0.0418270006775856
7568.08,0.04139700159430504
7579.150000000001,0.04109799861907959
7590.24,0.040810998529195786
7601.37,0.040373001247644424
7612.53,0.040095001459121704
7623.7300000000005,0.040031999349594116
7634.96,0.03991600126028061
7646.219999999999,0.03963800147175789
7657.51,0.039354000240564346
7668.84,0.039007000625133514
7680.2,0.03883500024676323
7691.59,0.03846900165081024
7703.02,0.03815700113773346
7714.49,0.03805200010538101
7725.98,0.0378200002014637
7737.5199999999995,0.037516999989748
7749.08,0.037257999181747437
7760.679999999999,0.03694399818778038
7772.32,0.03655099868774414
7783.99,0.036256998777389526
7795.69,0.03606700152158737
7807.43,0.03574899956583977
7819.21,0.035516999661922455
7831.0199999999995,0.035218000411987305
7842.87,0.034926000982522964
7854.75,0.034637998789548874
7866.67,0.034550998359918594
7878.62,0.03436800092458725
7890.62,0.03418299928307533
7902.64,0.033938001841306686
7914.71,0.033608000725507736
7926.8099999999995,0.033316001296043396
7938.95,0.03300800174474716
7951.13,0.032816000282764435
7963.339999999999,0.03263099864125252
7975.59,0.03241699934005737
7987.879999999999,0.03229200094938278
8000.209999999999,0.03209799900650978
8012.570000000001,0.031853001564741135
8024.98,0.03163899853825569
8037.419999999999,0.031523000448942184
8049.899999999999,0.031470999121665955
8062.419999999999,0.03138900175690651
8074.9800000000005,0.0314829982817173
8087.57,0.03185100108385086
8100.210000000001,0.032065000385046005
8112.89,0.03241899982094765
8125.6,0.033107999712228775
8138.360000000001,0.03392000123858452
8151.160000000001,0.03522900119423866
8163.99,0.037064000964164734
8176.869999999999,0.03946800157427788
8189.79,0.0423399992287159
8202.75,0.04574500024318695
8215.75,0.04997599869966507
8228.79,0.05513999983668327
8241.87,0.06092499941587448
8254.99,0.06734900176525116
8268.16,0.07468400150537491
8281.37,0.08274099975824356
8294.62,0.09095100313425064
8307.91,0.09951700270175934
8321.24,0.10844500362873077
8334.619999999999,0.11726699769496918
8348.039999999999,0.12595899403095245
8361.51,0.13456299901008606
8375.019999999999,0.1426199972629547
8388.57,0.14988699555397034
8402.16,0.157027006149292
8415.800000000001,0.16449999809265137
8429.49,0.17249199748039246
8443.22,0.18041999638080597
8456.99,0.18765999376773834
8470.81,0.19419899582862854
8484.67,0.19957900047302246
8498.58,0.20377600193023682
8512.539999999999,0.20719000697135925
8526.54,0.21053999662399292
8540.58,0.21369099617004395
8554.68,0.2164510041475296
8568.82,0.2190289944410324
8583.0,0.22142599523067474
8597.24,0.22331300377845764
8611.52,0.22514399886131287
8625.85,0.2265090048313141
8640.230000000001,0.22756999731063843
8654.65,0.22816500067710876
8669.119999999999,0.22874100506305695
8683.640000000001,0.22931799292564392
8698.21,0.22976399958133698
8712.83,0.22971299290657043
8727.5,0.2285979986190796
8742.22,0.2260269969701767
8756.99,0.22258399426937103
8771.800000000001,0.21833300590515137
8786.67,0.21306000649929047
8801.589999999998,0.2071390002965927
8816.560000000001,0.2011920064687729
8831.58,0.19548299908638
8846.65,0.190092995762825
8861.77,0.18485499918460846
8876.939999999999,0.18007400631904602
8892.17,0.17601999640464783
8907.45,0.17232899367809296
8922.779999999999,0.16862499713897705
8938.16,0.16549000144004822
8953.6,0.1624930053949356
8969.09,0.15985499322414398
8984.640000000001,0.1576160043478012
9000.23,0.15545499324798584
9015.890000000001,0.1533840000629425
9031.59,0.1510380059480667
9047.359999999999,0.14826400578022003
9063.17,0.1453379988670349
9079.050000000001,0.1426369994878769
9094.97,0.1401890069246292
9110.960000000001,0.13736599683761597
9127.0,0.1345980018377304
9143.1,0.1323239952325821
9159.25,0.13063600659370422
9175.46,0.13007399439811707
9191.73,0.1309320032596588
9208.06,0.13389399647712708
9224.439999999999,0.1398569941520691
9240.880000000001,0.14791999757289886
9257.38,0.15727700293064117
9273.94,0.167930006980896
9290.56,0.17997099459171295
9307.24,0.19327299296855927
9323.980000000001,0.20800699293613434
9340.78,0.2229740023612976
9357.64,0.23688499629497528
9374.57,0.24888800084590912
9391.550000000001,0.2595300078392029
9408.59,0.2694930136203766
9425.7,0.27922698855400085
9442.869999999999,0.2888689935207367
9460.1,0.2996940016746521
9477.4,0.3116439878940582
9494.75,0.32492101192474365
9512.17,0.3388899862766266
9529.66,0.3530769944190979
9547.21,0.366564005613327
9564.83,0.37949100136756897
9582.5,0.3906869888305664
9600.25,0.4003809988498688
9618.06,0.4083290100097656
9635.94,0.4144189953804016
9653.88,0.418177992105484
9671.89,0.42080700397491455
9689.970000000001,0.4223969876766205
9708.119999999999,0.4227069914340973
9726.33,0.42215898633003235
9744.619999999999,0.42228999733924866
9762.97,0.4245850145816803
9781.39,0.4291450083255768
9799.88,0.4326080083847046
9818.44,0.43357399106025696
9837.070000000002,0.43311500549316406
9855.77,0.43341800570487976
9874.539999999999,0.43493399024009705
9893.39,0.4378820061683655
9912.3,0.4413119852542877
9931.29,0.444692999124527
9950.36,0.44840800762176514
9969.49,0.45255300402641296
9988.699999999999,0.4560770094394684
10007.98,0.45838698744773865
10027.34,0.45940399169921875
10046.77,0.4609070122241974
10066.28,0.4646730124950409
10085.869999999999,0.4723550081253052
10105.53,0.48435500264167786
10125.26,0.5013179779052734
10145.08,0.5222060084342957
10164.970000000001,0.5434510111808777
10184.939999999999,0.5596029758453369
10204.99,0.5688480138778687
10225.12,0.5721709728240967
10245.33,0.5725769996643066
10265.61,0.5716580152511597
10285.98,0.5698649883270264
10306.43,0.5661900043487549
10326.96,0.5609719753265381
10347.57,0.555292010307312
10368.27,0.5523620247840881
10389.05,0.5541059970855713
10409.91,0.5606799721717834
10430.859999999999,0.5694770216941833
10451.88,0.5849509835243225
10473.0,0.6142699718475342
10494.199999999999,0.653544008731842
10515.49,0.6908689737319946
10536.86,0.7186189889907837
10558.32,0.7328839898109436
10579.869999999999,0.736204981803894
10601.5,0.733473002910614
10623.23,0.7286700010299683
10645.039999999999,0.7215229868888855
10666.94,0.712897002696991
10688.94,0.7041059732437134
10711.02,0.6983000040054321
10733.2,0.695015013217926
10755.470000000001,0.6914960145950317
10777.83,0.6836469769477844
10800.28,0.6725680232048035
10822.83,0.66109299659729
10845.470000000001,0.6511650085449219
10868.21,0.6411120295524597
10891.04,0.6310679912567139
10913.970000000001,0.6233729720115662
10936.99,0.6192960143089294
10960.119999999999,0.6157220005989075
10983.34,0.6104609966278076
11006.66,0.6029639840126038
11030.07,0.5953130125999451
11053.59,0.5880929827690125
11077.21,0.580016016960144
11100.93,0.5701349973678589
11124.75,0.5595510005950928
11148.68,0.549793004989624
11172.710000000001,0.5410069823265076
11196.84,0.5313090085983276
11221.07,0.5208209753036499
11245.41,0.5096070170402527
11269.859999999999,0.4981650114059448
11294.41,0.48614099621772766
11319.07,0.47432199120521545
11343.84,0.46232300996780396
11368.72,0.4494580030441284
11393.7,0.43575000762939453
11418.8,0.4211220145225525
11444.01,0.4045979976654053
11469.33,0.3866199851036072
11494.76,0.3677769899368286
11520.300000000001,0.3487600088119507
11545.96,0.33055201172828674
11571.730000000001,0.31459900736808777
11597.619999999999,0.3005949854850769
11623.62,0.2889559864997864
11649.74,0.2793850004673004
11675.98,0.2716209888458252
11702.34,0.26444700360298157
11728.81,0.25753599405288696
11755.41,0.2511880099773407
11782.130000000001,0.245387002825737
11808.960000000001,0.23869800567626953
11835.92,0.23173800110816956
11863.009999999998,0.22598400712013245
11890.22,0.22154000401496887
11917.550000000001,0.21826699376106262
11945.01,0.21580900251865387
11972.6,0.21253100037574768
12000.310000000001,0.20884500443935394
12028.16,0.20489299297332764
12056.13,0.2004999965429306
12084.23,0.1960339993238449
12112.460000000001,0.19233399629592896
12140.83,0.18906299769878387
12169.33,0.18574899435043335
12197.960000000001,0.18188899755477905
12226.73,0.17813800275325775
12255.64,0.17486000061035156
12284.68,0.17199699580669403
12313.86,0.16887299716472626
12343.18,0.1657799929380417
12372.640000000001,0.16267399489879608
12402.240000000002,0.159621000289917
12431.98,0.1566769927740097
12461.86,0.1538500040769577
12491.89,0.1509460061788559
12522.07,0.14807599782943726
12552.38,0.14505499601364136
12582.85,0.1422400027513504
12613.47,0.13967600464820862
12644.23,0.13680599629878998
12675.15,0.13406500220298767
12706.210000000001,0.131413996219635
12737.43,0.12882499396800995
12768.81,0.12633000314235687
12800.33,0.12450599670410156
12832.02,0.1235089972615242
12863.86,0.12359999865293503
12895.86,0.12505200505256653
12928.02,0.1278499960899353
12960.34,0.13092300295829773
12992.82,0.1328900009393692
13025.460000000001,0.13380399346351624
13058.27,0.13371500372886658
13091.25,0.13447299599647522
13124.39,0.1382959932088852
13157.7,0.1432970017194748
13191.179999999998,0.1463479995727539
13224.83,0.14701500535011292
13258.660000000002,0.1449809968471527
13292.65,0.14168299734592438
13326.83,0.13807299733161926
13361.17,0.13418400287628174
13395.699999999999,0.13041900098323822
13430.400000000001,0.12667299807071686
13465.289999999999,0.12326599657535553
13500.349999999999,0.12058299779891968
13535.6,0.11803899705410004
13571.03,0.11670999974012375
13606.65,0.11676099896430969
13642.46,0.11740799993276596
13678.46,0.11849799752235413
13714.64,0.12005899846553802
13751.02,0.12085700035095215
13787.59,0.12017499655485153
13824.36,0.11868800222873688
13861.32,0.11675900220870972
13898.49,0.11361899971961975
13935.85,0.11055299639701843
13973.41,0.10777200013399124
14011.17,0.1047080010175705
14049.15,0.10135000199079514
14087.32,0.09792400151491165
14125.71,0.09486699849367142
14164.300000000001,0.09236700087785721
14203.11,0.0902710035443306
14242.13,0.08889299631118774
14281.359999999999,0.08836200088262558
14320.81,0.0883530005812645
14360.49,0.08819500356912613
14400.380000000001,0.08771300315856934
14440.49,0.08662699908018112
14480.82,0.08620999753475189
14521.39,0.08740799874067307
14562.18,0.08825699985027313
14603.199999999999,0.08832699805498123
14644.45,0.08829999715089798
14685.93,0.08805699646472931
14727.66,0.08750800043344498
14769.619999999999,0.08643999695777893
14811.81,0.08522900193929672
14854.25,0.08475600183010101
14896.94,0.08489499986171722
14939.87,0.08561500161886215
14983.050000000001,0.0874439999461174
15026.48,0.0905739963054657
15070.16,0.09362100064754486
15114.1,0.0949610024690628
15158.289999999999,0.0946659967303276
15202.74,0.09509000182151794
15247.460000000001,0.09828300029039383
15292.43,0.10563299804925919
15337.68,0.11749699711799622
15383.19,0.13396699726581573
15428.97,0.15385200083255768
15475.03,0.17509399354457855
15521.359999999999,0.19538000226020813
15567.970000000001,0.2138800024986267
15614.869999999999,0.23123599588871002
15662.039999999999,0.24671900272369385
15709.5,0.2611440122127533
15757.25,0.2761560082435608
15805.289999999999,0.290228009223938
15853.619999999999,0.30279600620269775
15902.26,0.3145880103111267
15951.19,0.3251020014286041
16000.419999999998,0.3333840072154999
16049.949999999999,0.3383390009403229
16099.799999999997,0.3382300138473511
16149.95,0.3325049877166748
16200.420000000002,0.32329800724983215
16251.208999999999,0.3118939995765686
16302.311,0.30094701051712036
16353.741,0.29426199197769165
16405.491,0.29282501339912415
16457.569,0.29470500349998474
16509.979000000003,0.29661598801612854
16562.731,0.29664498567581177
16615.82,0.29189300537109375
16669.240999999998,0.282133013010025
16723.021,0.26948198676109314
16777.14,0.25651299953460693
16831.61,0.2477709949016571
16886.431,0.24320900440216064
16941.62,0.24016499519348145
16997.16,0.23702700436115265
17053.08,0.23317399621009827
17109.36,0.22940300405025482
17166.01,0.22687000036239624
17223.04,0.22523100674152374
17280.451,0.2247599959373474
17338.239999999998,0.22586899995803833
17396.429,0.22846899926662445
17455.0,0.23479300737380981
17513.969,0.24512700736522675
17573.339,0.2572219967842102
17633.109999999997,0.26927900314331055
17693.290999999997,0.2797360122203827
17753.889,0.28754299879074097
17814.899,0.2925649881362915
17876.328999999998,0.29628899693489075
17938.181,0.30085599422454834
18000.468999999997,0.3077389895915985
18063.19,0.3183960020542145
18126.35,0.3333570063114166
18189.951,0.3502649962902069
18254.0,0.36745598912239075
18318.501,0.3843249976634979
18383.459,0.3981980085372925
18448.879,0.4064730107784271
18514.771,0.41066598892211914
18581.129,0.4125719964504242
18647.97,0.4137299954891205
18715.29,0.4142090082168579
18783.100000000002,0.41828298568725586
18851.4,0.42738398909568787
18920.2,0.4372290074825287
18989.51,0.44413700699806213
19059.32,0.4484429955482483
19129.65,0.44821101427078247
19200.5,0.4442729949951172
19271.878999999997,0.4389300048351288
19343.789999999997,0.43412500619888306
19416.240999999998,0.4286229908466339
19489.229000000003,0.4232560098171234
19562.771,0.4156070053577423
19636.880999999998,0.4044190049171448
19711.54,0.3910660147666931
19786.779,0.3773699998855591
19862.590999999997,0.36497798562049866
19938.98,0.35466501116752625
20015.961,0.34195399284362793
20093.55,0.32572901248931885
20171.73,0.3074119985103607
20250.530000000002,0.2872439920902252
20329.941000000003,0.2669149935245514
20409.981,0.24934299290180206
20490.649999999998,0.23531700670719147
20571.96,0.22710399329662323
20653.918999999998,0.2190070003271103
20736.54,0.2082740068435669
20819.82,0.19793200492858887
20903.77,0.189860999584198
20988.399999999998,0.18674799799919128
21073.720999999998,0.18840299546718597
21159.731,0.19387100636959076
21246.46,0.20068100094795227
21333.891,0.20475299656391144
21422.041,0.2032500058412552
21510.929,0.19395600259304047
21600.559,0.17978399991989136
21690.941,0.16586199402809143
21782.08,0.15720100700855255
21873.989,0.15454800426959991
21966.668999999998,0.16206499934196472
22060.15,0.1817059963941574
22154.421,0.2106740027666092
22249.510000000002,0.2440429925918579
22345.409,0.2783060073852539
22442.141,0.3118380010128021
22539.721,0.3419229984283447
22638.14,0.3657990097999573
22737.431,0.3886669874191284
22837.601,0.4108079969882965
22938.649999999998,0.43459099531173706
23040.600000000002,0.46021801233291626
23143.459,0.4909549951553345
23247.24,0.5208950042724609
23351.959000000003,0.5464929938316345
23457.63,0.5628049969673157
23564.251,0.5698339939117432
23671.85,0.5725989937782288
23780.439000000002,0.5712900161743164
23890.02,0.566673994064331
24000.629,0.5679360032081604
24112.261,0.5647069811820984
24224.93,0.5552740097045898
24338.659,0.5410889983177185
24453.47,0.5227190256118774
24569.361,0.5067189931869507
24686.359,0.4994400143623352
24804.469999999998,0.4900610148906708
24923.731,0.4776580035686493
25044.129999999997,0.4650900065898895
25165.71,0.45950600504875183
25288.46,0.4609220027923584
25412.43,0.46213299036026
25537.609,0.4461199939250946
25664.04,0.42563799023628235
25791.719,0.40687501430511475
25920.679,0.40011298656463623
