Data ID,Magnesite F1CC06B
Sample ID,F1CC06B
Mineral Name,magnesite
Sample Description,
Date Added,
Viewing Geometry,
Other Information,
Grain Size,
Database of Origin,MICA Files (USGS/RELAB)
Wavelength,Response
300.0,0.6948590278625488
305.0,0.6925039887428284
310.0,0.6947659850120544
315.0,0.7039790153503418
320.0,0.7128289937973022
325.0,0.718841016292572
330.0,0.7250530123710632
335.0,0.7320150136947632
340.0,0.7402610182762146
345.0,0.7467290163040161
350.0,0.7566699981689453
355.0,0.762686014175415
360.0,0.7728829979896545
365.0,0.7822920083999634
370.0,0.7905049920082092
375.0,0.7977579832077026
380.0,0.8029959797859192
385.0,0.8089269995689392
390.0,0.815401017665863
395.0,0.8186050057411194
400.0,0.8249499797821045
405.0,0.8288909792900085
410.0,0.8350110054016113
415.0,0.8398799896240234
420.0,0.8422369956970215
425.0,0.8453900218009949
430.0,0.8477169871330261
435.0,0.8499060273170471
440.0,0.852707028388977
445.0,0.8555819988250732
450.0,0.856453001499176
455.0,0.8590859770774841
460.0,0.859483003616333
465.0,0.8615139722824097
470.0,0.8646159768104553
475.0,0.8666399717330933
480.0,0.8676450252532959
485.0,0.8703789710998535
490.0,0.8713210225105286
495.0,0.8728179931640625
500.0,0.8742179870605469
505.0,0.8758410215377808
510.0,0.8773229718208313
515.0,0.8794729709625244
520.0,0.8819130063056946
525.0,0.8819670081138611
530.0,0.8850240111351013
535.0,0.8888520002365112
540.0,0.889460027217865
545.0,0.8906570076942444
550.0,0.8913649916648865
555.0,0.8882269859313965
560.0,0.8900449872016907
565.0,0.8902570009231567
570.0,0.8916969895362854
575.0,0.8916170001029968
580.0,0.8925970196723938
585.0,0.8928070068359375
590.0,0.893809974193573
595.0,0.8938680291175842
600.0,0.8945099711418152
605.0,0.8947499990463257
610.0,0.8959400057792664
615.0,0.8954439759254456
620.0,0.8955529928207397
625.0,0.8960639834403992
630.0,0.8957020044326782
635.0,0.8962339758872986
640.0,0.8965719938278198
645.0,0.8965529799461365
650.0,0.8966519832611084
655.0,0.8970320224761963
660.0,0.8980630040168762
665.0,0.8975679874420166
670.0,0.8978760242462158
675.0,0.8976529836654663
680.0,0.8993880152702332
685.0,0.8986650109291077
690.0,0.8991270065307617
695.0,0.8991060256958008
700.0,0.899482011795044
705.0,0.8987889885902405
710.0,0.8973940014839172
715.0,0.8990579843521118
720.0,0.8999379873275757
725.0,0.8997660279273987
730.0,0.9001560211181641
735.0,0.8996269702911377
740.0,0.9003980159759521
745.0,0.9006969928741455
750.0,0.9005690217018127
755.0,0.9008449912071228
760.0,0.9000020027160645
765.0,0.9023119807243347
770.0,0.9015589952468872
775.0,0.9024549722671509
780.0,0.9024590253829956
785.0,0.9028440117835999
790.0,0.9033629894256592
795.0,0.902459979057312
800.0,0.904941976070404
805.0,0.9062389731407166
810.0,0.9053099751472473
815.0,0.906611979007721
820.0,0.9059839844703674
825.0,0.9061239957809448
830.0,0.9073479771614075
835.0,0.9060750007629395
840.0,0.906404972076416
845.0,0.9062759876251221
850.0,0.905256986618042
855.0,0.9029319882392883
860.0,0.9058420062065125
865.0,0.903194010257721
870.0,0.904312014579773
875.0,0.9046229720115662
880.0,0.9031170010566711
885.0,0.9024710059165955
890.0,0.9026809930801392
895.0,0.9027919769287109
900.0,0.9016240239143372
905.0,0.9027159810066223
910.0,0.8999590277671814
915.0,0.9014700055122375
920.0,0.9004110097885132
925.0,0.9001449942588806
930.0,0.9004889726638794
935.0,0.8994230031967163
940.0,0.9010300040245056
945.0,0.8997669816017151
950.0,0.9003540277481079
955.0,0.9007089734077454
960.0,0.9003130197525024
965.0,0.9004480242729187
970.0,0.9008659720420837
975.0,0.9010710120201111
980.0,0.8998780250549316
985.0,0.9009299874305725
990.0,0.8996769785881042
995.0,0.9000499844551086
1000.0,0.8994070291519165
1004.9999999999999,0.9012359976768494
1010.0,0.9018099904060364
1014.9999999999999,0.9025629758834839
1020.0,0.9027270078659058
1025.0,0.9018930196762085
1030.0,0.9028459787368774
1035.0,0.9024419784545898
1040.0,0.9026409983634949
1045.0,0.9034590125083923
1050.0,0.9029979705810547
1055.0,0.9027870297431946
1060.0,0.902999997138977
1065.0,0.9040729999542236
1070.0,0.9047340154647827
1075.0,0.9041450023651123
1080.0,0.9037020206451416
1085.0,0.9044780135154724
1090.0,0.9048560261726379
1095.0,0.904017984867096
1100.0,0.9042779803276062
1105.0,0.9044979810714722
1110.0,0.9055410027503967
1115.0,0.9053159952163696
1120.0,0.9046180248260498
1125.0,0.9054489731788635
1130.0,0.9051470160484314
1135.0,0.9047110080718994
1140.0,0.9042180180549622
1145.0,0.9048609733581543
1150.0,0.9035850167274475
1155.0,0.903577983379364
1160.0,0.9038000106811523
1165.0,0.9033949971199036
1170.0,0.9030839800834656
1175.0,0.9036309719085693
1180.0,0.903406023979187
1185.0,0.9027739763259888
1190.0,0.9028940200805664
1195.0,0.9023939967155457
1200.0,0.9015120267868042
1205.0,0.9020779728889465
1210.0,0.9021270275115967
1215.0,0.9005540013313293
1220.0,0.9001370072364807
1225.0,0.9004250168800354
1230.0,0.9003509879112244
1235.0,0.9003620147705078
1240.0,0.9011679887771606
1245.0,0.9011020064353943
1250.0,0.9008150100708008
1255.0,0.9002490043640137
1260.0,0.9011639952659607
1265.0,0.9006760120391846
1270.0,0.9009690284729004
1275.0,0.8995869755744934
1280.0,0.8987039923667908
1285.0,0.899275004863739
1290.0,0.8995680212974548
1295.0,0.8995609879493713
1300.0,0.8985720276832581
1305.0,0.8975459933280945
1310.0,0.8976539969444275
1315.0,0.8980990052223206
1320.0,0.8970810174942017
1325.0,0.8966950178146362
1330.0,0.8957740068435669
1335.0,0.895209014415741
1340.0,0.8940950036048889
1345.0,0.8941519856452942
1350.0,0.8922410011291504
1355.0,0.890175998210907
1360.0,0.8905609846115112
1365.0,0.8862389922142029
1370.0,0.88612300157547
1375.0,0.8840759992599487
1380.0,0.8833010196685791
1385.0,0.871724009513855
1390.0,0.8710049986839294
1395.0,0.8673189878463745
1400.0,0.8646770119667053
1405.0,0.8577749729156494
1410.0,0.8511260151863098
1415.0,0.8516020178794861
1420.0,0.8472499847412109
1425.0,0.8449339866638184
1430.0,0.842503011226654
1435.0,0.8399440050125122
1440.0,0.8383769989013672
1445.0,0.8349859714508057
1450.0,0.8331400156021118
1455.0,0.8310779929161072
1460.0,0.829882025718689
1465.0,0.8277689814567566
1470.0,0.8274279832839966
1475.0,0.8254290223121643
1480.0,0.8242250084877014
1485.0,0.8233799934387207
1490.0,0.8217340111732483
1495.0,0.8209670186042786
1500.0,0.8205400109291077
1505.0,0.81877201795578
1510.0,0.8184229731559753
1515.0,0.8176680207252502
1520.0,0.8178560137748718
1525.0,0.8175340294837952
1530.0,0.8176090121269226
1535.0,0.8170530200004578
1540.0,0.8174120187759399
1545.0,0.8172420263290405
1550.0,0.818041980266571
1555.0,0.8198959827423096
1560.0,0.8197739720344543
1565.0,0.8201779723167419
1570.0,0.820946991443634
1575.0,0.822704017162323
1580.0,0.8232020139694214
1585.0,0.8233010172843933
1590.0,0.8236759901046753
1595.0,0.824038028717041
1600.0,0.8240529894828796
1605.0,0.8251550197601318
1610.0,0.8250579833984375
1615.0,0.8253700137138367
1620.0,0.8262630105018616
1625.0,0.8255550265312195
1630.0,0.8256350159645081
1635.0,0.8255789875984192
1640.0,0.823095977306366
1645.0,0.8235089778900146
1650.0,0.8228999972343445
1655.0,0.8239110112190247
1660.0,0.8207209706306458
1665.0,0.821491003036499
1670.0,0.8215489983558655
1675.0,0.8197780251502991
1680.0,0.8195850253105164
1685.0,0.8189949989318848
1690.0,0.8173099756240845
1695.0,0.8164049983024597
1700.0,0.8166459798812866
1705.0,0.8165789842605591
1710.0,0.8161720037460327
1715.0,0.8151670098304749
1720.0,0.8144609928131104
1725.0,0.8141689896583557
1730.0,0.8134790062904358
1735.0,0.8132290244102478
1740.0,0.8128389716148376
1745.0,0.8134300112724304
1750.0,0.8134269714355469
1755.0,0.8130369782447815
1760.0,0.8120729923248291
1765.0,0.8116220235824585
1770.0,0.8114650249481201
1775.0,0.8098390102386475
1780.0,0.8090419769287109
1785.0,0.8078830242156982
1790.0,0.8070619702339172
1795.0,0.8060359954833984
1800.0,0.8047580122947693
1805.0,0.8038250207901001
1810.0,0.802515983581543
1815.0,0.8002380132675171
1820.0,0.7999969720840454
1825.0,0.798442006111145
1830.0,0.7967389822006226
1835.0,0.7957550287246704
1840.0,0.7941250205039978
1845.0,0.789900004863739
1850.0,0.7869449853897095
1855.0,0.7861329913139343
1860.0,0.7878900170326233
1865.0,0.7898330092430115
1870.0,0.7907180190086365
1875.0,0.7858589887619019
1880.0,0.7780060172080994
1885.0,0.7696359753608704
1890.0,0.7615990042686462
1895.0,0.7524899840354919
1900.0,0.7427530288696289
1905.0,0.730534017086029
1910.0,0.7195159792900085
1915.0,0.709181010723114
1920.0,0.6992899775505066
1925.0,0.69023197889328
1930.0,0.6848800182342529
1935.0,0.6805620193481445
1940.0,0.6777099967002869
1945.0,0.6742339730262756
1950.0,0.6711220145225525
1955.0,0.6687729954719543
1960.0,0.6664829850196838
1965.0,0.6640390157699585
1970.0,0.6621000170707703
1975.0,0.6606119871139526
1980.0,0.6587280035018921
1985.0,0.6590690016746521
1990.0,0.6589620113372803
1995.0,0.659358024597168
2000.0,0.6594280004501343
2005.0,0.6595540046691895
2009.9999999999998,0.6603789925575256
2015.0000000000002,0.6598269939422607
2020.0,0.660036027431488
2025.0,0.6607999801635742
2029.9999999999998,0.6605499982833862
2035.0000000000002,0.6612920165061951
2040.0,0.6629210114479065
2045.0,0.6631519794464111
2050.0,0.6641330122947693
2055.0,0.665116012096405
2060.0,0.6665819883346558
2065.0,0.6676629781723022
2070.0,0.6695280075073242
2075.0,0.6705849766731262
2080.0,0.6722530126571655
2085.0,0.6743980050086975
2090.0,0.6769189834594727
2095.0,0.6788899898529053
2100.0,0.6799110174179077
2105.0,0.6820809841156006
2110.0,0.6841769814491272
2115.0,0.6857810020446777
2120.0,0.6885179877281189
2125.0,0.690214991569519
2130.0,0.6920310258865356
2135.0,0.6946039795875549
2140.0,0.6975269913673401
2145.0,0.7002589702606201
2150.0,0.7036550045013428
2155.0,0.706840991973877
2160.0,0.7083160281181335
2165.0,0.7092390060424805
2170.0,0.7099739909172058
2175.0,0.710053026676178
2180.0,0.7101600170135498
2185.0,0.7097089886665344
2190.0,0.7082880139350891
2195.0,0.7062720060348511
2200.0,0.7032349705696106
2205.0,0.7003269791603088
2210.0,0.6956019997596741
2215.0,0.6917160153388977
2220.0,0.6855369806289673
2225.0,0.6792550086975098
2230.0,0.6714730262756348
2235.0,0.6643992066383362
2240.0,0.6559655666351318
2245.0,0.6463488936424255
2250.0,0.6361595988273621
2255.0,0.6292212605476379
2260.0,0.6213752627372742
2265.0,0.6150461435317993
2270.0,0.6112720370292664
2275.0,0.6074182391166687
2280.0,0.6031197309494019
2285.0,0.5981148481369019
2290.0,0.5933108925819397
2295.0,0.5885463356971741
2300.0,0.585004448890686
2305.0,0.58127361536026
2310.0,0.5804396271705627
2315.0,0.5843856930732727
2320.0,0.5894185304641724
2325.0,0.5981159806251526
2330.0,0.6070718169212341
2335.0,0.617060661315918
2340.0,0.6256953477859497
2345.0,0.6327688694000244
2350.0,0.634602963924408
2355.0,0.6339137554168701
2360.0,0.6319266557693481
2365.0,0.6254773139953613
2370.0,0.6210184097290039
2375.0,0.6170088052749634
2380.0,0.6115376353263855
2385.0,0.605268657207489
2390.0,0.6003347635269165
2395.0,0.5934855341911316
2400.0,0.5868940949440002
2405.0,0.5810401439666748
2410.0,0.5736290812492371
2415.0,0.5668355822563171
2420.0,0.5588072538375854
2425.0,0.5493757724761963
2430.0,0.541297972202301
2435.0,0.5305346846580505
2440.0,0.5209335088729858
2445.0,0.5105419158935547
2450.0,0.5024172067642212
2455.0,0.49427956342697144
2460.0,0.4882344603538513
2465.0,0.4839154779911041
2470.0,0.4790146052837372
2475.0,0.4751925766468048
2480.0,0.4715288281440735
2485.0,0.46744003891944885
2490.0,0.46282002329826355
2495.0,0.45867693424224854
2500.0,0.4551389813423157
2505.0,0.4539608061313629
2510.0,0.4569554328918457
2515.0,0.46335336565971375
2520.0,0.4738418161869049
2525.0,0.48802614212036133
2530.0,0.5043790936470032
2531.32,0.5093089938163757
2532.55,0.5147690176963806
2533.7900000000004,0.5187879800796509
2535.0299999999997,0.5225830078125
2536.27,0.5270919799804688
2537.51,0.5329620242118835
2538.75,0.5363829731941223
2540.0,0.5396519899368286
2541.2400000000002,0.5433560013771057
2542.49,0.5473330020904541
2543.7400000000002,0.550491988658905
2544.99,0.5527679920196533
2546.2400000000002,0.554731011390686
2547.49,0.5568749904632568
2548.74,0.5585780143737793
2549.9900000000002,0.559798002243042
2551.25,0.5608659982681274
2552.5,0.5621939897537231
2553.76,0.563194990158081
2555.02,0.5640079975128174
2556.28,0.5639600157737732
2557.54,0.5647180080413818
2558.8,0.5654709935188293
2560.07,0.5665760040283203
2561.33,0.5680819749832153
2562.6000000000004,0.5694900155067444
2563.86,0.5694370269775391
2565.13,0.5698729753494263
2566.3999999999996,0.5698080062866211
2567.67,0.569242000579834
2568.9500000000003,0.5693399906158447
2570.22,0.5707880258560181
2571.5,0.5712779760360718
2572.77,0.5702300071716309
2574.05,0.5711529850959778
2575.33,0.571681022644043
2576.61,0.5705999732017517
2577.89,0.5715060234069824
2579.17,0.5705680251121521
2580.46,0.5698230266571045
2581.74,0.5700780153274536
2583.0299999999997,0.5696470141410828
2584.31,0.5700849890708923
2585.6,0.571395993232727
2586.89,0.5690469741821289
2588.19,0.5699779987335205
2589.48,0.569284975528717
2590.77,0.5686920285224915
2592.07,0.5680189728736877
2593.36,0.5682719945907593
2594.6600000000003,0.5694019794464111
2595.96,0.5720340013504028
2597.2599999999998,0.5682889819145203
2598.56,0.5650330185890198
2599.8700000000003,0.5640929937362671
2601.17,0.5640680193901062
2602.48,0.5642899870872498
2603.78,0.5640379786491394
2605.09,0.5636119842529297
2606.3999999999996,0.564300000667572
2607.71,0.5621219873428345
2609.03,0.5603010058403015
2610.3399999999997,0.559798002243042
2611.6600000000003,0.559715986251831
2612.97,0.5583450198173523
2614.29,0.5581629872322083
2615.61,0.5574049949645996
2616.93,0.557735025882721
2618.25,0.5583279728889465
2619.57,0.5553410053253174
2620.8999999999996,0.5549910068511963
2622.22,0.5551559925079346
2623.5499999999997,0.5519570112228394
2624.88,0.5513020157814026
2626.21,0.5504739880561829
2627.5400000000004,0.5511249899864197
2628.87,0.5486660003662109
2630.21,0.5473330020904541
2631.5400000000004,0.5487409830093384
2632.88,0.5462350249290466
2634.21,0.5438640117645264
2635.5499999999997,0.5433310270309448
2636.8900000000003,0.54093998670578
2638.2400000000002,0.5401120185852051
2639.58,0.5381739735603333
2640.92,0.5368710160255432
2642.27,0.535618007183075
2643.62,0.5342100262641907
2644.97,0.531948983669281
2646.3199999999997,0.531370997428894
2647.67,0.5297629833221436
2649.02,0.5273299813270569
2650.38,0.5251259803771973
2651.73,0.5232849717140198
2653.09,0.5214049816131592
2654.4500000000003,0.519631028175354
2655.81,0.5171579718589783
2657.1699999999996,0.5161849856376648
2658.5299999999997,0.5136409997940063
2659.89,0.5130680203437805
2661.2599999999998,0.5112580060958862
2662.63,0.5088289976119995
2664.0,0.5062879920005798
2665.36,0.5058550238609314
2666.74,0.5047670006752014
2668.11,0.5020459890365601
2669.48,0.49785900115966797
2670.8599999999997,0.49658599495887756
2672.23,0.49545300006866455
2673.61,0.4899260103702545
2674.9900000000002,0.48777300119400024
2676.37,0.4859119951725006
2677.76,0.48461100459098816
2679.14,0.4806300103664398
2680.52,0.47671499848365784
2681.91,0.4725640118122101
2683.3,0.46857699751853943
2684.6899999999996,0.4655809998512268
2686.08,0.4609209895133972
2687.47,0.4569369852542877
2688.87,0.4523079991340637
2690.2599999999998,0.4472930133342743
2691.6600000000003,0.4421359896659851
2693.06,0.4374240040779114
2694.46,0.43306198716163635
2695.86,0.4267269968986511
2697.26,0.4192639887332916
2698.66,0.41190800070762634
2700.07,0.4037570059299469
2701.48,0.39676401019096375
2702.89,0.3904910087585449
2704.2999999999997,0.384429007768631
2705.71,0.3786439895629883
2707.1200000000003,0.3733440041542053
2708.53,0.36779698729515076
2709.9500000000003,0.36396199464797974
2711.37,0.3601030111312866
2712.79,0.35627201199531555
2714.21,0.35142698884010315
2715.63,0.3484709858894348
2717.05,0.34634700417518616
2718.48,0.34508898854255676
2719.9,0.34320399165153503
2721.33,0.3428109884262085
2722.76,0.3403699994087219
2724.19,0.33630800247192383
2725.6200000000003,0.33407700061798096
2727.06,0.32978498935699463
2728.49,0.3244580030441284
2729.93,0.31981098651885986
2731.37,0.31519898772239685
2732.8100000000004,0.31039199233055115
2734.25,0.3053550124168396
2735.69,0.3008109927177429
2737.1400000000003,0.2950359880924225
2738.58,0.28870800137519836
2740.0299999999997,0.28367099165916443
2741.48,0.27869901061058044
2742.93,0.27257099747657776
2744.38,0.2653430104255676
2745.8300000000004,0.25841501355171204
2747.29,0.2521350085735321
2748.75,0.24635499715805054
2750.2,0.24172000586986542
2751.6600000000003,0.2362159937620163
2753.13,0.23158599436283112
2754.5899999999997,0.2277189940214157
2756.05,0.22509600222110748
2757.52,0.2220900058746338
2758.99,0.21804499626159668
2760.46,0.2148739993572235
2761.93,0.21198800206184387
2763.3999999999996,0.20928700268268585
2764.8700000000003,0.20696300268173218
2766.35,0.2042890042066574
2767.82,0.2018679976463318
2769.2999999999997,0.19910499453544617
2770.7799999999997,0.19678400456905365
2772.26,0.19425000250339508
2773.75,0.1910340040922165
2775.23,0.18828999996185303
2776.7200000000003,0.18575899302959442
2778.21,0.1829800009727478
2779.7000000000003,0.1800920069217682
2781.19,0.17753300070762634
2782.68,0.17511199414730072
2784.1800000000003,0.17202100157737732
2785.67,0.16897399723529816
2787.17,0.1667959988117218
2788.67,0.16478799283504486
2790.1699999999996,0.16164399683475494
2791.67,0.1590380072593689
2793.18,0.1566769927740097
2794.68,0.15441299974918365
2796.19,0.1521800011396408
2797.7,0.14996899664402008
2799.21,0.14743000268936157
2800.7200000000003,0.14483900368213654
2802.24,0.14226600527763367
2803.75,0.13982999324798584
2805.27,0.13731800019741058
2806.79,0.13466499745845795
2808.31,0.1316159963607788
2809.83,0.12917999923229218
2811.35,0.12686200439929962
2812.8799999999997,0.12443800270557404
2814.41,0.12211199849843979
2815.93,0.12052100151777267
2817.46,0.11871299892663956
2819.0,0.11723999679088593
2820.53,0.11657699942588806
2822.07,0.11581400036811829
2823.6,0.1151840016245842
2825.1400000000003,0.11459899693727493
2826.6800000000003,0.11409600079059601
2828.22,0.1136929988861084
2829.77,0.11295600235462189
2831.3100000000004,0.11204499751329422
2832.86,0.11162000149488449
2834.4100000000003,0.11140500009059906
2835.96,0.11022700369358063
2837.5099999999998,0.10886400192975998
2839.07,0.10747800022363663
2840.62,0.1062680035829544
2842.18,0.10562700033187866
2843.74,0.10510700196027756
2845.2999999999997,0.1041020005941391
2846.86,0.1033490002155304
2848.43,0.10225900262594223
2849.9900000000002,0.1006930023431778
2851.56,0.09981700032949448
2853.13,0.09895200282335281
2854.7,0.09788399934768677
2856.27,0.09645599871873856
2857.85,0.0953259989619255
2859.42,0.09446000307798386
2861.0,0.09346699714660645
2862.58,0.09241700172424316
2864.16,0.09133899956941605
2865.75,0.09035299718379974
2867.33,0.08972100168466568
2868.92,0.0884149968624115
2870.5099999999998,0.08684699982404709
2872.1,0.08602400124073029
2873.69,0.08503100275993347
2875.28,0.08381299674510956
2876.88,0.08307799696922302
2878.48,0.08218500018119812
2880.0699999999997,0.08096399903297424
2881.68,0.08009199798107147
2883.28,0.07924900203943253
2884.88,0.07808300107717514
2886.49,0.07704299688339233
2888.1,0.07632199674844742
2889.71,0.07543200254440308
2891.3199999999997,0.07458700239658356
2892.93,0.07396899908781052
2894.55,0.07275599986314774
2896.16,0.07200100272893906
2897.78,0.0715399980545044
2899.4,0.07052800059318542
2901.03,0.06971699744462967
2902.65,0.06893900036811829
2904.2799999999997,0.0677890032529831
2905.91,0.06683800369501114
2907.54,0.06603299826383591
2909.17,0.06515499949455261
2910.8,0.06438499689102173
2912.44,0.06362500041723251
2914.07,0.0629820004105568
2915.7099999999996,0.06248199939727783
2917.35,0.061795998364686966
2918.99,0.061156000941991806
2920.6400000000003,0.060245998203754425
2922.29,0.05934799835085869
2923.93,0.0587100014090538
2925.58,0.058166999369859695
2927.24,0.057597000151872635
2928.89,0.05670899897813797
2930.55,0.056108999997377396
2932.2,0.05587400123476982
2933.86,0.055365998297929764
2935.52,0.05480799823999405
2937.19,0.05421600118279457
2938.85,0.05342299863696098
2940.52,0.052726998925209045
2942.19,0.05230500176548958
2943.86,0.05184200033545494
2945.53,0.051274001598358154
2947.21,0.05072899907827377
2948.88,0.050331000238657
2950.56,0.050016000866889954
2952.2400000000002,0.049779001623392105
2953.92,0.04940100014209747
2955.61,0.04920800030231476
2957.29,0.04882799834012985
2958.98,0.04838100075721741
2960.67,0.04790300130844116
2962.3599999999997,0.047644998878240585
2964.06,0.04750499874353409
2965.75,0.047433000057935715
2967.45,0.04734300076961517
2969.15,0.04707000032067299
2970.85,0.04713499918580055
2972.55,0.04708800092339516
2974.26,0.0469370000064373
2975.97,0.04670200124382973
2977.68,0.04645700007677078
2979.39,0.046810001134872437
2981.1,0.04707799851894379
2982.8199999999997,0.0471780002117157
2984.5299999999997,0.047474998980760574
2986.25,0.04747999832034111
2987.97,0.04755299910902977
2989.7,0.047770000994205475
2991.42,0.04803299903869629
2993.15,0.04814299941062927
2994.88,0.048135001212358475
2996.61,0.048521000891923904
2998.3399999999997,0.0490030013024807
3000.08,0.049143001437187195
3001.8199999999997,0.04943900182843208
3003.55,0.049966000020504
3005.3,0.05033399909734726
3007.04,0.05041100084781647
3008.7799999999997,0.05048099905252457
3010.53,0.050902001559734344
3012.28,0.051256999373435974
3014.03,0.05141900107264519
3015.79,0.051559001207351685
3017.54,0.05172999948263168
3019.2999999999997,0.052067000418901443
3021.06,0.0525749996304512
3022.8199999999997,0.05288499966263771
3024.58,0.05289499834179878
3026.35,0.052969999611377716
3028.12,0.053279999643564224
3029.89,0.053610000759363174
3031.66,0.05391500145196915
3033.4300000000003,0.054010000079870224
3035.21,0.05407800152897835
3036.99,0.0545010007917881
3038.77,0.0549129992723465
3040.55,0.05515100061893463
3042.3300000000004,0.05508799850940704
3044.12,0.054903000593185425
3045.9100000000003,0.05496099963784218
3047.7,0.05518300086259842
3049.4900000000002,0.05527599900960922
3051.29,0.05534899979829788
3053.08,0.0553940013051033
3054.8799999999997,0.05532100051641464
3056.6800000000003,0.05555099993944168
3058.49,0.05558399856090546
3060.29,0.05563899874687195
3062.1,0.05563399940729141
3063.91,0.05548100173473358
3065.72,0.05536400154232979
3067.54,0.055539000779390335
3069.35,0.055831000208854675
3071.17,0.05563100054860115
3072.99,0.05537400022149086
3074.81,0.05542900040745735
3076.64,0.05547900125384331
3078.47,0.05556400120258331
3080.2900000000004,0.055663999170064926
3082.1299999999997,0.05568400025367737
3083.96,0.055695999413728714
3085.79,0.055778998881578445
3087.6299999999997,0.05567599833011627
3089.47,0.05568400025367737
3091.31,0.05592900142073631
3093.1600000000003,0.05593099817633629
3095.0099999999998,0.05592599883675575
3096.85,0.0558990016579628
3098.71,0.055876001715660095
3100.5600000000004,0.05579100176692009
3102.41,0.05593600124120712
3104.27,0.056070998311042786
3106.1299999999997,0.05621099844574928
3107.9900000000002,0.056453999131917953
3109.8599999999997,0.05640700086951256
3111.73,0.056269001215696335
3113.5899999999997,0.056311000138521194
3115.4700000000003,0.05652900040149689
3117.34,0.05667699873447418
3119.21,0.05687899887561798
3121.09,0.056956999003887177
3122.97,0.056988999247550964
3124.86,0.05712699890136719
3126.74,0.05707700178027153
3128.6299999999997,0.05718399956822395
3130.52,0.057301998138427734
3132.4100000000003,0.057555001229047775
3134.3,0.05798500031232834
3136.2000000000003,0.0584850013256073
3138.1,0.058701999485492706
3140.0,0.058685000985860825
3141.9,0.05872799828648567
3143.8100000000004,0.05902000144124031
3145.7099999999996,0.05940999835729599
3147.62,0.05953799933195114
3149.54,0.059585001319646835
3151.4500000000003,0.0598130002617836
3153.37,0.060155998915433884
3155.29,0.06057099997997284
3157.21,0.060851000249385834
3159.13,0.06095600128173828
3161.06,0.06117599830031395
3162.9900000000002,0.06133899837732315
3164.92,0.061441000550985336
3166.8500000000004,0.06160400062799454
3168.79,0.06178399920463562
3170.7200000000003,0.0621040016412735
3172.67,0.06234399974346161
3174.61,0.06232199817895889
3176.55,0.062307000160217285
3178.5,0.062387000769376755
3180.45,0.06253699958324432
3182.4,0.06287200003862381
3184.3599999999997,0.06304900348186493
3186.3199999999997,0.06313899904489517
3188.27,0.06320200115442276
3190.2400000000002,0.06330200284719467
3192.2000000000003,0.06347700208425522
3194.17,0.0635799989104271
3196.1400000000003,0.06374000012874603
3198.1099999999997,0.06402699649333954
3200.08,0.06448200345039368
3202.06,0.0643249973654747
3204.04,0.06441500037908554
3206.02,0.06494499742984772
3208.0,0.06515300273895264
3209.99,0.0654980018734932
3211.98,0.06588300317525864
3213.9700000000003,0.06609299778938293
3215.96,0.06628300249576569
3217.96,0.06662599742412567
3219.96,0.06699399650096893
3221.96,0.06735900044441223
3223.96,0.06779400259256363
3225.97,0.06833899766206741
3227.98,0.06880699843168259
3229.99,0.0689840018749237
3232.0,0.0691239982843399
3234.02,0.06950700283050537
3236.04,0.07008200138807297
3238.06,0.07037200033664703
3240.08,0.07043500244617462
3242.1099999999997,0.07061299681663513
3244.14,0.07096800208091736
3246.17,0.07106799632310867
3248.2000000000003,0.07100000232458115
3250.24,0.07083000242710114
3252.2799999999997,0.07038699835538864
3254.3199999999997,0.06945999711751938
3256.37,0.06813699752092361
3258.41,0.06607600301504135
3260.46,0.06335700303316116
3262.5099999999998,0.06019800156354904
3264.57,0.05706699937582016
3266.63,0.054207999259233475
3268.69,0.05174199864268303
3270.75,0.05026400089263916
3272.8100000000004,0.04936400055885315
3274.88,0.04859299957752228
3276.95,0.04818100109696388
3279.02,0.047933001071214676
3281.1,0.04788000136613846
3283.1800000000003,0.04829299822449684
3285.26,0.049097999930381775
3287.34,0.04992099851369858
3289.43,0.0505639985203743
3291.51,0.05108699947595596
3293.61,0.051603998988866806
3295.7000000000003,0.05208199843764305
3297.8,0.052754998207092285
3299.9,0.05341000109910965
3302.0,0.05386500060558319
3304.1,0.05423099920153618
3306.21,0.05438600108027458
3308.32,0.05429299920797348
3310.4300000000003,0.05440099909901619
3312.5499999999997,0.05467800050973892
3314.66,0.05488799884915352
3316.79,0.05496799945831299
3318.91,0.05526899918913841
3321.0299999999997,0.055378999561071396
3323.1600000000003,0.05556600168347359
3325.29,0.05592599883675575
3327.4300000000003,0.05641699954867363
3329.5699999999997,0.056689001619815826
3331.71,0.05700400099158287
3333.85,0.05743899941444397
3335.99,0.0581200011074543
3338.1400000000003,0.05859699845314026
3340.29,0.05900000035762787
3342.45,0.05959000065922737
3344.6,0.06019800156354904
3346.76,0.06068599969148636
3348.92,0.06106099858880043
3351.09,0.06120400130748749
3353.26,0.06137099862098694
3355.4300000000003,0.061824001371860504
3357.6000000000004,0.061955999583005905
3359.78,0.06188099831342697
3361.96,0.062118999660015106
3364.14,0.06232900172472
3366.32,0.06242400035262108
3368.51,0.06237399950623512
3370.7,0.06229700148105621
3372.89,0.06248699873685837
3375.09,0.0628570020198822
3377.29,0.06301400065422058
3379.4900000000002,0.06293900310993195
3381.69,0.06271199882030487
3383.9,0.06261199712753296
3386.11,0.062467001378536224
3388.32,0.06235700100660324
3390.54,0.06205400079488754
3392.76,0.061806000769138336
3394.98,0.061340998858213425
3397.21,0.06071599945425987
3399.4300000000003,0.05994800105690956
3401.6600000000003,0.058873001486063004
3403.9,0.05763699859380722
3406.13,0.05633600056171417
3408.3700000000003,0.05486299842596054
3410.61,0.05333799868822098
3412.8599999999997,0.051656998693943024
3415.1099999999997,0.05017400160431862
3417.36,0.048973001539707184
3419.61,0.047970000654459
3421.8700000000003,0.0470380000770092
3424.13,0.046567000448703766
3426.39,0.046601999551057816
3428.66,0.04681999981403351
3430.93,0.047164998948574066
3433.2,0.04753800109028816
3435.48,0.04802500084042549
3437.7599999999998,0.04873599857091904
3440.0400000000004,0.04942400008440018
3442.32,0.050335999578237534
3444.61,0.05122699961066246
3446.8999999999996,0.05215999856591225
3449.19,0.05330999940633774
3451.4900000000002,0.054582998156547546
3453.79,0.0559610016644001
3456.09,0.0574520006775856
3458.4,0.05903000012040138
3460.7000000000003,0.06044299900531769
3463.0200000000004,0.06196900084614754
3465.33,0.06378699839115143
3467.65,0.06549300253391266
3469.97,0.06725899875164032
3472.29,0.06906399875879288
3474.62,0.07101300358772278
3476.95,0.07308900356292725
3479.2900000000004,0.07543999701738358
3481.62,0.07808099687099457
3483.96,0.0813319981098175
3486.3,0.08520600199699402
3488.6499999999996,0.08998599648475647
3491.0,0.09536299854516983
3493.35,0.1014230027794838
3495.71,0.10821600258350372
3498.0699999999997,0.11537700146436691
3500.4300000000003,0.12280499935150146
3502.79,0.1300780028104782
3505.16,0.13673299551010132
3507.53,0.1427830010652542
3509.9100000000003,0.14819100499153137
3512.29,0.15308000147342682
3514.67,0.1573999971151352
3517.0499999999997,0.1614290028810501
3519.44,0.16483299434185028
3521.83,0.16750100255012512
3524.23,0.16945700347423553
3526.62,0.1707099974155426
3529.02,0.17118500173091888
3531.43,0.1720460057258606
3533.83,0.1742520034313202
3536.24,0.17733100056648254
3538.6600000000003,0.1806740015745163
3541.08,0.18405799567699432
3543.5,0.18742500245571136
3545.92,0.19040100276470184
3548.35,0.19293199479579926
3550.78,0.1954060047864914
3553.21,0.19756700098514557
3555.65,0.19950200617313385
3558.09,0.20140300691127777
3560.5299999999997,0.20323200523853302
3562.98,0.2050970047712326
3565.4300000000003,0.20663000643253326
3567.88,0.20817099511623383
3570.3399999999997,0.20961199700832367
3572.8,0.21089699864387512
3575.27,0.2120629996061325
3577.73,0.21348300576210022
3580.2000000000003,0.21494899690151215
3582.68,0.21614499390125275
3585.1600000000003,0.21718500554561615
3587.64,0.2184309959411621
3590.1200000000003,0.21977399289608002
3592.61,0.2210170030593872
3595.1,0.2219969928264618
3597.6,0.22299200296401978
3600.0899999999997,0.22431300580501556
3602.6,0.2254679948091507
3605.1000000000004,0.22633899748325348
3607.61,0.2273620069026947
3610.1200000000003,0.22845999896526337
3612.64,0.22957800328731537
3615.16,0.23084799945354462
3617.68,0.2320210039615631
3620.21,0.23287400603294373
3622.74,0.23391200602054596
3625.27,0.23508000373840332
3627.8100000000004,0.23626300692558289
3630.35,0.23713600635528564
3632.8900000000003,0.23795899748802185
3635.44,0.23889900743961334
3637.99,0.23995499312877655
3640.54,0.24093300104141235
3643.1,0.24179500341415405
3645.66,0.24262799322605133
3648.23,0.2434689998626709
3650.7999999999997,0.24425600469112396
3653.37,0.24509400129318237
3655.95,0.24586999416351318
3658.5299999999997,0.24657200276851654
3661.1099999999997,0.24729999899864197
3663.7,0.24796099960803986
3666.29,0.24844099581241608
3668.8900000000003,0.24886099994182587
3671.48,0.24926400184631348
3674.09,0.2495339959859848
3676.6899999999996,0.24960899353027344
3679.3,0.24974900484085083
3681.91,0.24991099536418915
3684.53,0.2502270042896271
3687.15,0.2503190040588379
3689.7799999999997,0.25012698769569397
3692.4,0.24984100461006165
3695.04,0.24939100444316864
3697.67,0.2486030012369156
3700.31,0.24758300185203552
3702.95,0.2464050054550171
3705.6,0.24492399394512177
3708.25,0.2426680028438568
3710.9100000000003,0.23947399854660034
3713.5600000000004,0.23556800186634064
3716.23,0.2308260053396225
3718.89,0.22482800483703613
3721.5600000000004,0.21781499683856964
3724.23,0.21000400185585022
3726.9100000000003,0.20157299935817719
3729.59,0.19261200726032257
3732.2799999999997,0.18384100496768951
3734.9700000000003,0.17557500302791595
3737.66,0.16781100630760193
3740.36,0.16026300191879272
3743.06,0.1531199961900711
3745.76,0.14670200645923615
3748.4700000000003,0.14067499339580536
3751.1800000000003,0.13480499386787415
3753.8999999999996,0.12908999621868134
3756.62,0.12375800311565399
3759.3399999999997,0.11870300024747849
3762.07,0.11395899951457977
3764.8,0.1092739999294281
3767.54,0.10466200113296509
3770.28,0.10051000118255615
3773.02,0.09668099880218506
3775.77,0.09294500201940536
3778.52,0.08941800147294998
3781.28,0.08616899698972702
3784.04,0.08351299911737442
3786.7999999999997,0.08134700357913971
3789.5699999999997,0.07943899929523468
3792.3399999999997,0.07787799835205078
3795.12,0.07684499770402908
3797.8999999999996,0.07593700289726257
3800.69,0.0751120001077652
3803.47,0.07439400255680084
3806.27,0.07397399842739105
3809.06,0.07367599755525589
3811.8599999999997,0.07322899997234344
3814.67,0.07277800142765045
3817.48,0.07231099903583527
3820.29,0.07184799760580063
3823.1099999999997,0.07132499665021896
3825.93,0.07066000252962112
3828.7599999999998,0.0700249969959259
3831.5899999999997,0.06928999722003937
3834.42,0.06845699995756149
3837.26,0.0677340030670166
3840.1,0.06700599938631058
3842.9500000000003,0.06623800098896027
3845.8,0.06548500061035156
3848.65,0.0646200031042099
3851.51,0.06385999917984009
3854.38,0.06322400271892548
3857.24,0.06267400085926056
3860.1200000000003,0.06220100075006485
3862.99,0.0618709996342659
3865.8700000000003,0.061344001442193985
3868.7599999999998,0.06066799908876419
3871.6499999999996,0.059762999415397644
3874.54,0.058531999588012695
3877.44,0.056963998824357986
3880.3399999999997,0.05524900183081627
3883.25,0.053362999111413956
3886.16,0.0513789989054203
3889.0699999999997,0.04944099858403206
3891.99,0.047513000667095184
3894.92,0.045639000833034515
3897.85,0.044096000492572784
3900.78,0.04288100078701973
3903.72,0.041843000799417496
3906.66,0.040842000395059586
3909.6000000000004,0.03998500108718872
3912.55,0.039342001080513
3915.5099999999998,0.0388370007276535
3918.4700000000003,0.03835900127887726
3921.43,0.03793900087475777
3924.4,0.037533000111579895
3927.3799999999997,0.03720799833536148
3930.35,0.03691300004720688
3933.3300000000004,0.03666599839925766
3936.3199999999997,0.036591000854969025
3939.31,0.03645100072026253
3942.31,0.03617300093173981
3945.31,0.03614800050854683
3948.3100000000004,0.03614500164985657
3951.32,0.03616800159215927
3954.34,0.036242999136447906
3957.35,0.03675299882888794
3960.3799999999997,0.03761100023984909
3963.4100000000003,0.03878900036215782
3966.44,0.0405069999396801
3969.48,0.04291100054979324
3972.52,0.046236999332904816
3975.5600000000004,0.05036399886012077
3978.61,0.05547399818897247
3981.6699999999996,0.061740998178720474
3984.73,0.06891199946403503
3987.8,0.07686500251293182
3990.8700000000003,0.08529099822044373
3993.9399999999996,0.09426800161600113
3997.02,0.10390400141477585
4000.1,0.11413600295782089
4003.19,0.12460800260305405
4006.29,0.1353899985551834
4009.39,0.1464570015668869
4012.49,0.15753500163555145
4015.6,0.16863399744033813
4018.7099999999996,0.1794389933347702
4021.8299999999995,0.18981300294399261
4024.9499999999994,0.1997929960489273
4028.08,0.20915399491786957
4031.2099999999996,0.21786800026893616
4034.35,0.22613899409770966
4037.4900000000002,0.2340169996023178
4040.64,0.2413730025291443
4043.7900000000004,0.24798299372196198
4046.94,0.25418299436569214
4050.11,0.2600710093975067
4053.2700000000004,0.26542800664901733
4056.44,0.27025800943374634
4059.62,0.2746790051460266
4062.8,0.278903990983963
4065.9900000000002,0.28286299109458923
4069.1800000000003,0.2865090072154999
4072.38,0.2898859977722168
4075.5800000000004,0.2927600145339966
4078.78,0.2952510118484497
4082.0,0.29758700728416443
4085.21,0.29981300234794617
4088.43,0.30176299810409546
4091.66,0.3036139905452728
4094.8900000000003,0.30534499883651733
4098.13,0.30696800351142883
4101.37,0.3083460032939911
4104.62,0.3095420002937317
4107.87,0.31058499217033386
4111.13,0.31137800216674805
4114.39,0.3121579885482788
4117.66,0.3128710091114044
4120.93,0.31370601058006287
4124.21,0.31460100412368774
4127.5,0.315421998500824
4130.79,0.31628501415252686
4134.08,0.31706199049949646
4137.38,0.31784799695014954
4140.679999999999,0.31852298974990845
4143.99,0.3192180097103119
4147.31,0.3201040029525757
4150.629999999999,0.32109400629997253
4153.95,0.32198500633239746
4157.29,0.3227669894695282
4160.62,0.32346299290657043
4163.96,0.3241029977798462
4167.3099999999995,0.3246079981327057
4170.66,0.32520800828933716
4174.0199999999995,0.3258860111236572
4177.39,0.32641100883483887
4180.75,0.3266089856624603
4184.13,0.32703399658203125
4187.509999999999,0.3274169862270355
4190.889999999999,0.3276270031929016
4194.28,0.3277600109577179
4197.68,0.32782500982284546
4201.08,0.32783201336860657
4204.49,0.3278299868106842
4207.900000000001,0.32785698771476746
4211.32,0.3281320035457611
4214.74,0.3284299969673157
4218.17,0.3286699950695038
4221.61,0.32876500487327576
4225.05,0.32883700728416443
4228.5,0.3286300003528595
4231.950000000001,0.3281700015068054
4235.400000000001,0.3275440037250519
4238.870000000001,0.32690200209617615
4242.34,0.32597601413726807
4245.8099999999995,0.3251059949398041
4249.29,0.3241580128669739
4252.78,0.32315000891685486
4256.2699999999995,0.322174996137619
4259.7699999999995,0.32124900817871094
4263.27,0.32058098912239075
4266.78,0.3202489912509918
4270.29,0.32001399993896484
4273.81,0.3198409974575043
4277.34,0.3196510076522827
4280.87,0.3195439875125885
4284.41,0.319362998008728
4287.950000000001,0.31905800104141235
4291.5,0.3185429871082306
4295.06,0.3180150091648102
4298.62,0.31752800941467285
4302.1900000000005,0.31705498695373535
4305.76,0.31638699769973755
4309.34,0.31567901372909546
4312.92,0.3150370121002197
4316.5199999999995,0.31446900963783264
4320.11,0.3139539957046509
4323.719999999999,0.31370601058006287
4327.320000000001,0.3135010004043579
4330.94,0.3136659860610962
4334.5599999999995,0.3139840066432953
4338.19,0.3141309916973114
4341.820000000001,0.3138209879398346
4345.46,0.31338098645210266
4349.11,0.3124929964542389
4352.76,0.3112429976463318
4356.42,0.30984699726104736
4360.08,0.3084760010242462
4363.75,0.306878000497818
4367.429999999999,0.3053799867630005
4371.11,0.30393698811531067
4374.799999999999,0.30261901021003723
4378.49,0.301256000995636
4382.19,0.29978299140930176
4385.900000000001,0.29833701252937317
4389.610000000001,0.29711198806762695
4393.33,0.29582300782203674
4397.0599999999995,0.29455500841140747
4400.79,0.2934649884700775
4404.530000000001,0.2926270067691803
4408.280000000001,0.2918339967727661
4412.03,0.291126012802124
4415.79,0.2905789911746979
4419.55,0.2902289927005768
4423.320000000001,0.2899610102176666
4427.1,0.2896580100059509
4430.88,0.289451003074646
4434.68,0.2892780005931854
4438.469999999999,0.2890630066394806
4442.280000000001,0.2888779938220978
4446.08,0.2885749936103821
4449.900000000001,0.28821998834609985
4453.719999999999,0.2879050076007843
4457.55,0.2875170111656189
4461.389999999999,0.2869899868965149
4465.2300000000005,0.2865299880504608
4469.08,0.2859019935131073
4472.9400000000005,0.2852709889411926
4476.8,0.2846440076828003
4480.67,0.28395798802375793
4484.549999999999,0.2830280065536499
4488.43,0.2818929851055145
4492.320000000001,0.2805339992046356
4496.21,0.2791360020637512
4500.12,0.2776010036468506
4504.030000000001,0.2759299874305725
4507.94,0.2739090025424957
4511.87,0.2716729938983917
4515.799999999999,0.269336998462677
4519.7300000000005,0.2668739855289459
4523.679999999999,0.26389700174331665
4527.63,0.26086899638175964
4531.589999999999,0.257750004529953
4535.55,0.2542259991168976
4539.52,0.25056400895118713
4543.5,0.24687300622463226
4547.49,0.24313600361347198
4551.48,0.23975999653339386
4555.4800000000005,0.2366659939289093
4559.490000000001,0.23383000493049622
4563.5,0.23108600080013275
4567.52,0.22881999611854553
4571.55,0.22714699804782867
4575.580000000001,0.22576899826526642
4579.63,0.22474099695682526
4583.67,0.22417500615119934
4587.73,0.22407299280166626
4591.79,0.22447100281715393
4595.86,0.22530600428581238
4599.9400000000005,0.22677400708198547
4604.03,0.22877700626850128
4608.120000000001,0.23148100078105927
4612.219999999999,0.2348800003528595
4616.33,0.23892900347709656
4620.4400000000005,0.24359099566936493
4624.5599999999995,0.2489739954471588
4628.69,0.2549690008163452
4632.83,0.26121899485588074
4636.97,0.26750099658966064
4641.12,0.27405399084091187
4645.28,0.2806519865989685
4649.45,0.28694701194763184
4653.62,0.292822003364563
4657.8,0.2984369993209839
4661.990000000001,0.3036290109157562
4666.1900000000005,0.30832600593566895
4670.39,0.3125379979610443
4674.599999999999,0.31635698676109314
4678.82,0.31968599557876587
4683.049999999999,0.322842001914978
4687.280000000001,0.3257710039615631
4691.5199999999995,0.3284449875354767
4695.77,0.33080801367759705
4700.03,0.3330869972705841
4704.3,0.3352699875831604
4708.57,0.33713600039482117
4712.85,0.33880698680877686
4717.139999999999,0.34034499526023865
4721.429999999999,0.3416930139064789
4725.74,0.3430910110473633
4730.05,0.34417200088500977
4734.37,0.3452869951725006
4738.7,0.3464699983596802
4743.03,0.3475100100040436
4747.38,0.3482230007648468
4751.7300000000005,0.34898900985717773
4756.09,0.3496840000152588
4760.45,0.3502970039844513
4764.83,0.3509890139102936
4769.21,0.35169699788093567
4773.6,0.35214000940322876
4778.0,0.3526400029659271
4782.41,0.3531079888343811
4786.83,0.3534429967403412
4791.25,0.35378599166870117
4795.68,0.35418298840522766
4800.13,0.3545230031013489
4804.57,0.35485899448394775
4809.03,0.3550589978694916
4813.5,0.35527899861335754
4817.97,0.3553909957408905
4822.45,0.3556709885597229
4826.94,0.3558410108089447
4831.44,0.35593900084495544
4835.950000000001,0.35595399141311646
4840.46,0.356099009513855
4844.99,0.3561370074748993
4849.52,0.3561989963054657
4854.0599999999995,0.35627201199531555
4858.61,0.3563019931316376
4863.17,0.356207013130188
4867.73,0.3562139868736267
4872.3099999999995,0.3561770021915436
4876.89,0.3561739921569824
4881.48,0.3560290038585663
4886.08,0.3558639883995056
4890.6900000000005,0.35583099722862244
4895.31,0.35582399368286133
4899.94,0.3556559979915619
4904.57,0.3554289937019348
4909.22,0.3551490008831024
4913.87,0.3550260066986084
4918.53,0.354746013879776
4923.21,0.35454800724983215
4927.88,0.3542279899120331
4932.57,0.3538529872894287
4937.2699999999995,0.35344499349594116
4941.9800000000005,0.3531250059604645
4946.6900000000005,0.3526580035686493
4951.42,0.35207200050354004
4956.15,0.351514995098114
4960.9,0.3509890139102936
4965.650000000001,0.35019901394844055
4970.41,0.3493790030479431
4975.18,0.34850800037384033
4979.96,0.34747999906539917
4984.75,0.34639498591423035
4989.54,0.3452340066432953
4994.349999999999,0.3436810076236725
4999.17,0.3418610095977783
5003.99,0.3397270143032074
5008.83,0.33733099699020386
5013.67,0.3345249891281128
5018.5199999999995,0.3312689960002899
5023.39,0.3272640109062195
5028.26,0.32233700156211853
5033.14,0.31666499376296997
5038.03,0.3101150095462799
5042.93,0.30260899662971497
5047.84,0.2945080101490021
5052.76,0.28638699650764465
5057.69,0.27935099601745605
5062.63,0.2750000059604645
5067.580000000001,0.2743139863014221
5072.54,0.2772180140018463
5077.51,0.282463014125824
5082.49,0.28839799761772156
5087.469999999999,0.2936779856681824
5092.469999999999,0.29749199748039246
5097.48,0.2998400032520294
5102.5,0.30095601081848145
5107.52,0.30128100514411926
5112.56,0.30084100365638733
5117.61,0.2998979985713959
5122.66,0.2985619902610779
5127.73,0.2969210147857666
5132.81,0.29500600695610046
5137.889999999999,0.29277199506759644
5142.99,0.290446013212204
5148.1,0.2879349887371063
5153.22,0.2849540114402771
5158.34,0.2813419997692108
5163.48,0.27752599120140076
5168.63,0.2733590006828308
5173.79,0.26892900466918945
5178.96,0.26423001289367676
5184.13,0.25924500823020935
5189.320000000001,0.25397101044654846
5194.5199999999995,0.24852600693702698
5199.73,0.24300099909305573
5204.96,0.23740600049495697
5210.19,0.23153099417686462
5215.429999999999,0.22582599520683289
5220.679999999999,0.21977399289608002
5225.94,0.2139039933681488
5231.22,0.20824399590492249
5236.5,0.20267899334430695
5241.79,0.19752399623394012
5247.099999999999,0.19291700422763824
5252.42,0.18912099301815033
5257.74,0.18608899414539337
5263.080000000001,0.18374300003051758
5268.43,0.18211300671100616
5273.79,0.18058200180530548
5279.16,0.17920400202274323
5284.54,0.17768099904060364
5289.93,0.1759900003671646
5295.34,0.17406700551509857
5300.75,0.17156100273132324
5306.18,0.16838200390338898
5311.61,0.1647000014781952
5317.0599999999995,0.1604679971933365
5322.5199999999995,0.15592600405216217
5327.99,0.15078699588775635
5333.47,0.14554400742053986
5338.96,0.13993999361991882
5344.47,0.13410699367523193
5349.9800000000005,0.1278270035982132
5355.51,0.12100899964570999
5361.049999999999,0.11359100043773651
5366.6,0.10658500343561172
5372.16,0.09944000095129013
5377.73,0.09222900122404099
5383.320000000001,0.0846560001373291
5388.91,0.07728999853134155
5394.52,0.07004000246524811
5400.14,0.063291996717453
5405.77,0.05687699839472771
5411.41,0.051238998770713806
5417.07,0.046209998428821564
5422.74,0.04228600114583969
5428.410000000001,0.03859600052237511
5434.1,0.03558000177145004
5439.8099999999995,0.03330700099468231
5445.52,0.031693000346422195
5451.25,0.030260000377893448
5456.98,0.029322000220417976
5462.73,0.02865700051188469
5468.5,0.028392000123858452
5474.2699999999995,0.027897000312805176
5480.0599999999995,0.027628999203443527
5485.86,0.027504000812768936
5491.67,0.02761700004339218
5497.49,0.02789900079369545
5503.33,0.028550000861287117
5509.179999999999,0.029205000028014183
5515.04,0.030215000733733177
5520.91,0.03125099837779999
5526.799999999999,0.0326710008084774
5532.69,0.03435000032186508
5538.610000000001,0.036375001072883606
5544.53,0.03836100175976753
5550.469999999999,0.04053200036287308
5556.41,0.04275299981236458
5562.38,0.04495900124311447
5568.349999999999,0.04707799851894379
5574.34,0.0493910014629364
5580.339999999999,0.051639001816511154
5586.35,0.053968001157045364
5592.38,0.055911000818014145
5598.42,0.05779699981212616
5604.47,0.05951299890875816
5610.54,0.06118899956345558
5616.61,0.062561996281147
5622.71,0.06379999965429306
5628.8099999999995,0.06477800011634827
5634.929999999999,0.06586100161075592
5641.06,0.06683100014925003
5647.21,0.06794899702072144
5653.360000000001,0.06863699853420258
5659.54,0.06952200084924698
5665.72,0.0703819990158081
5671.92,0.0713300034403801
5678.13,0.07241799682378769
5684.36,0.07342900335788727
5690.599999999999,0.07420899718999863
5696.85,0.07524500042200089
5703.12,0.07582700252532959
5709.4,0.07654500007629395
5715.6900000000005,0.0771780014038086
5722.0,0.07750300318002701
5728.33,0.07766799628734589
5734.66,0.07774599641561508
5741.01,0.07751800119876862
5747.38,0.0771849974989891
5753.76,0.07667800039052963
5760.150000000001,0.07609699666500092
5766.56,0.0759200006723404
5772.98,0.07551199942827225
5779.410000000001,0.0746769979596138
5785.86,0.07487399876117706
5792.33,0.07513199746608734
5798.8099999999995,0.07547199726104736
5805.3,0.07576999813318253
5811.81,0.07609499990940094
5818.33,0.07635500282049179
5824.87,0.07677300274372101
5831.419999999999,0.07658799737691879
5837.99,0.07627200335264206
5844.57,0.07578200101852417
5851.17,0.07542700320482254
5857.78,0.07487200200557709
5864.410000000001,0.07456900179386139
5871.05,0.0743120014667511
5877.7,0.07436399906873703
5884.38,0.07504399865865707
5891.06,0.07564499974250793
5897.76,0.07632999867200851
5904.4800000000005,0.07760100066661835
5911.21,0.07841800153255463
5917.96,0.07981900125741959
5924.7300000000005,0.08128199726343155
5931.5,0.08319500088691711
5938.3,0.08538399636745453
5945.11,0.0881429985165596
5951.93,0.08983100205659866
5958.78,0.09222400188446045
5965.63,0.09455499798059464
5972.51,0.09745100140571594
5979.39,0.10023300349712372
5986.3,0.10322099924087524
5993.22,0.10665000230073929
6000.16,0.11066500097513199
6007.11,0.11402600258588791
6014.08,0.11789300292730331
6021.06,0.1217539981007576
6028.06,0.1252409964799881
6035.08,0.12853500247001648
6042.12,0.1324390023946762
6049.17,0.1366879940032959
6056.2300000000005,0.14263300597667694
6063.32,0.14723800122737885
6070.42,0.15254999697208405
6077.530000000001,0.15885299444198608
6084.67,0.16488799452781677
6091.820000000001,0.16989199817180634
6098.9800000000005,0.17554500699043274
6106.17,0.18082399666309357
6113.37,0.18612700700759888
6120.58,0.19060400128364563
6127.82,0.1929820030927658
6135.07,0.19509799778461456
6142.34,0.1978989988565445
6149.63,0.2010210007429123
6156.93,0.20495499670505524
6164.25,0.21042999625205994
6171.59,0.2175929993391037
6178.950000000001,0.2260259985923767
6186.320000000001,0.23713800311088562
6193.71,0.25100699067115784
6201.120000000001,0.26416200399398804
6208.54,0.27723100781440735
6215.99,0.29145699739456177
6223.45,0.30592799186706543
6230.93,0.32138699293136597
6238.43,0.33809399604797363
6245.95,0.3562520146369934
6253.48,0.37447699904441833
6261.03,0.3914340138435364
6268.6,0.40606799721717834
6276.19,0.41558900475502014
6283.8,0.4151419997215271
6291.43,0.40228399634361267
6299.070000000001,0.3842189908027649
6306.73,0.36819401383399963
6314.42,0.3557789921760559
6322.12,0.34539198875427246
6329.84,0.3366059958934784
6337.570000000001,0.3289330005645752
6345.33,0.32328999042510986
6353.11,0.31623199582099915
6360.9,0.30880600214004517
6368.719999999999,0.3038490116596222
6376.55,0.29899701476097107
6384.400000000001,0.2928049862384796
6392.2699999999995,0.2878130078315735
6400.17,0.28280800580978394
6408.08,0.2786009907722473
6416.01,0.2760399878025055
6423.96,0.27038300037384033
6431.93,0.2640550136566162
6439.92,0.26002299785614014
6447.93,0.2552039921283722
6455.96,0.25112900137901306
6464.01,0.24669300019741058
6472.08,0.2430109977722168
6480.17,0.23960000276565552
6488.28,0.2363629937171936
6496.41,0.23375199735164642
6504.5599999999995,0.22981800138950348
6512.7300000000005,0.22550100088119507
6520.92,0.22318999469280243
6529.14,0.2205059975385666
6537.37,0.21735499799251556
6545.63,0.21487900614738464
6553.9,0.21235300600528717
6562.2,0.20954400300979614
6570.509999999999,0.20715300738811493
6578.85,0.20496200025081635
6587.21,0.20178300142288208
6595.589999999999,0.19955000281333923
6603.99,0.197175994515419
6612.42,0.1946129947900772
6620.860000000001,0.19282999634742737
6629.330000000001,0.19098599255084991
6637.82,0.1901479959487915
6646.33,0.1884700059890747
6654.860000000001,0.1856440007686615
6663.41,0.18386100232601166
6671.99,0.18282000720500946
6680.589999999999,0.18184000253677368
6689.21,0.18078899383544922
6697.849999999999,0.17907600104808807
6706.509999999999,0.1779559999704361
6715.200000000001,0.1772029995918274
6723.91,0.17611999809741974
6732.64,0.17468400299549103
6741.4,0.17340900003910065
6750.18,0.17226800322532654
6758.9800000000005,0.17140500247478485
6767.8,0.17046800255775452
6776.65,0.1699019968509674
6785.52,0.1691019982099533
6794.41,0.1686369925737381
6803.33,0.16766400635242462
6812.2699999999995,0.16658100485801697
6821.23,0.16595299541950226
6830.219999999999,0.16569100320339203
6839.23,0.1651179939508438
6848.26,0.1644899994134903
6857.32,0.16449500620365143
6866.4,0.16490299999713898
6875.51,0.1644980013370514
6884.64,0.16383500397205353
6893.799999999999,0.16366000473499298
6902.9800000000005,0.1637369990348816
6912.18,0.16398699581623077
6921.41,0.1640319973230362
6930.66,0.16414199769496918
6939.94,0.16451500356197357
6949.24,0.1647779941558838
6958.57,0.16532999277114868
6967.92,0.16624100506305695
6977.299999999999,0.16641299426555634
6986.7,0.16650299727916718
6996.13,0.16669799387454987
7005.59,0.1661510020494461
7015.07,0.16406500339508057
7024.57,0.15945500135421753
7034.099999999999,0.1516450047492981
7043.66,0.1434289962053299
7053.25,0.13666099309921265
7062.85,0.13156600296497345
7072.49,0.1284720003604889
7082.150000000001,0.12525099515914917
7091.84,0.1219789981842041
7101.549999999999,0.11873099952936172
7111.3,0.11589399725198746
7121.0599999999995,0.11332099884748459
7130.860000000001,0.11095999926328659
7140.679999999999,0.10880400240421295
7150.53,0.10715299844741821
7160.41,0.10544999688863754
7170.3099999999995,0.10414399951696396
7180.240000000001,0.10286899656057358
7190.2,0.10162600129842758
7200.1900000000005,0.10072500258684158
7210.200000000001,0.10013800114393234
7220.240000000001,0.09938500076532364
7230.31,0.09884700179100037
7240.41,0.09843400120735168
7250.54,0.09826900064945221
7260.6900000000005,0.09804199635982513
7270.88,0.0978970006108284
7281.09,0.0977569967508316
7291.33,0.0976020023226738
7301.599999999999,0.0973690003156662
7311.9,0.09748200327157974
7322.219999999999,0.09749399870634079
7332.58,0.0976869985461235
7342.97,0.09793200343847275
7353.379999999999,0.09807900339365005
7363.83,0.09799399971961975
7374.3,0.09801899641752243
7384.8099999999995,0.09798400104045868
7395.34,0.09813900291919708
7405.910000000001,0.09835399687290192
7416.5,0.09873700141906738
7427.13,0.09915699809789658
7437.78,0.09974999725818634
7448.47,0.10036499798297882
7459.1900000000005,0.1010809987783432
7469.9400000000005,0.10187099874019623
7480.71,0.1026189997792244
7491.52,0.10321900248527527
7502.37,0.10386399924755096
7513.24,0.1045520007610321
7524.14,0.1051499992609024
7535.08,0.10560700297355652
7546.05,0.10614000260829926
7557.05,0.10651999711990356
7568.08,0.10697299987077713
7579.150000000001,0.1074260026216507
7590.24,0.10795299708843231
7601.37,0.10842599719762802
7612.53,0.10902900248765945
7623.7300000000005,0.10960199683904648
7634.96,0.11018399894237518
7646.219999999999,0.11052700132131577
7657.51,0.11096200346946716
7668.84,0.11142999678850174
7680.2,0.11198800057172775
7691.59,0.11253499984741211
7703.02,0.11315300315618515
7714.49,0.11372300237417221
7725.98,0.11435099691152573
7737.5199999999995,0.11499100178480148
7749.08,0.11565200239419937
7760.679999999999,0.11615200340747833
7772.32,0.11659500002861023
7783.99,0.1168920025229454
7795.69,0.11704500019550323
7807.43,0.1169470027089119
7819.21,0.11685699969530106
7831.0199999999995,0.11674699932336807
7842.87,0.11657500267028809
7854.75,0.11635000258684158
7866.67,0.11599399894475937
7878.62,0.11530700325965881
7890.62,0.11451400071382523
7902.64,0.11348100006580353
7914.71,0.11227499693632126
7926.8099999999995,0.11081500351428986
7938.95,0.10924199968576431
7951.13,0.1074260026216507
7963.339999999999,0.10564500093460083
7975.59,0.10397700220346451
7987.879999999999,0.10223600268363953
8000.209999999999,0.10053999722003937
8012.570000000001,0.09889499843120575
8024.98,0.09711900353431702
8037.419999999999,0.09560800343751907
8049.899999999999,0.09448999911546707
8062.419999999999,0.09383200109004974
8074.9800000000005,0.09331999719142914
8087.57,0.09326499700546265
8100.210000000001,0.09355700016021729
8112.89,0.09406299889087677
8125.6,0.09450799971818924
8138.360000000001,0.09456299990415573
8151.160000000001,0.09395500272512436
8163.99,0.0929969996213913
8176.869999999999,0.09206700325012207
8189.79,0.09172400087118149
8202.75,0.09231700003147125
8215.75,0.09384199976921082
8228.79,0.09556599706411362
8241.87,0.09725899994373322
8254.99,0.09881000220775604
8268.16,0.10029300302267075
8281.37,0.10146600008010864
8294.62,0.10230900347232819
8307.91,0.1030689999461174
8321.24,0.1041719987988472
8334.619999999999,0.10533200204372406
8348.039999999999,0.1065479964017868
8361.51,0.1077359989285469
8375.019999999999,0.10867399722337723
8388.57,0.10914599895477295
8402.16,0.10926199704408646
8415.800000000001,0.10891100019216537
8429.49,0.10835900157690048
8443.22,0.10827899724245071
8456.99,0.10917100310325623
8470.81,0.11044199764728546
8484.67,0.11197300255298615
8498.58,0.1136230006814003
8512.539999999999,0.11524400115013123
8526.54,0.11680000275373459
8540.58,0.1181579977273941
8554.68,0.11943800002336502
8568.82,0.12057899683713913
8583.0,0.12136200070381165
8597.24,0.12185700237751007
8611.52,0.121908999979496
8625.85,0.12153899669647217
8640.230000000001,0.12093900144100189
8654.65,0.12042099982500076
8669.119999999999,0.11974599957466125
8683.640000000001,0.11911799758672714
8698.21,0.11867299675941467
8712.83,0.11847999691963196
8727.5,0.11827299743890762
8742.22,0.11803500354290009
8756.99,0.11744499951601028
8771.800000000001,0.11679200083017349
8786.67,0.11633499711751938
8801.589999999998,0.1161469966173172
8816.560000000001,0.11621899902820587
8831.58,0.11653699725866318
8846.65,0.11683200299739838
8861.77,0.11754299700260162
8876.939999999999,0.11833500117063522
8892.17,0.11923599988222122
8907.45,0.12040600180625916
8922.779999999999,0.12178199738264084
8938.16,0.12283699959516525
8953.6,0.12330199778079987
8969.09,0.12272199988365173
8984.640000000001,0.12062600255012512
9000.23,0.11697500199079514
9015.890000000001,0.1129859983921051
9031.59,0.10885600000619888
9047.359999999999,0.10500700026750565
9063.17,0.10166099667549133
9079.050000000001,0.09886500239372253
9094.97,0.09750699996948242
9110.960000000001,0.09829899668693542
9127.0,0.10014300048351288
9143.1,0.10187800228595734
9159.25,0.10326900333166122
9175.46,0.10483500361442566
9191.73,0.10644800215959549
9208.06,0.10840599983930588
9224.439999999999,0.11111699789762497
9240.880000000001,0.11477600038051605
9257.38,0.11867299675941467
9273.94,0.12252499908208847
9290.56,0.12616600096225739
9307.24,0.12964299321174622
9323.980000000001,0.1326110064983368
9340.78,0.1351879984140396
9357.64,0.13729600608348846
9374.57,0.13922899961471558
9391.550000000001,0.14101000130176544
9408.59,0.1428530067205429
9425.7,0.14457400143146515
9442.869999999999,0.14611700177192688
9460.1,0.14762000739574432
9477.4,0.14896300435066223
9494.75,0.14986899495124817
9512.17,0.15045900642871857
9529.66,0.15090399980545044
9547.21,0.15123899281024933
9564.83,0.15131700038909912
9582.5,0.15122200548648834
9600.25,0.15109699964523315
9618.06,0.151201993227005
9635.94,0.15168699622154236
9653.88,0.15217499434947968
9671.89,0.15221700072288513
9689.970000000001,0.15232500433921814
9708.119999999999,0.15230199694633484
9726.33,0.15215200185775757
9744.619999999999,0.15186500549316406
9762.97,0.15153999626636505
9781.39,0.15101900696754456
9799.88,0.15029899775981903
9818.44,0.14954599738121033
9837.070000000002,0.1486780047416687
9855.77,0.14757800102233887
9874.539999999999,0.14645500481128693
9893.39,0.14518700540065765
9912.3,0.14407600462436676
9931.29,0.14292599260807037
9950.36,0.14177800714969635
9969.49,0.14039500057697296
9988.699999999999,0.13907699286937714
10007.98,0.1377509981393814
10027.34,0.13632099330425262
10046.77,0.13489699363708496
10066.28,0.13342200219631195
10085.869999999999,0.13203099370002747
10105.53,0.1307010054588318
10125.26,0.12927000224590302
10145.08,0.12789900600910187
10164.970000000001,0.1266860067844391
10184.939999999999,0.12563100457191467
10204.99,0.12452799826860428
10225.12,0.12358000129461288
10245.33,0.1227170005440712
10265.61,0.12193399667739868
10285.98,0.12102700024843216
10306.43,0.12023100256919861
10326.96,0.11954600363969803
10347.57,0.11897800117731094
10368.27,0.11841999739408493
10389.05,0.11830800026655197
10409.91,0.11834800243377686
10430.859999999999,0.11863800138235092
10451.88,0.11914800107479095
10473.0,0.11990900337696075
10494.199999999999,0.12077099829912186
10515.49,0.12207400053739548
10536.86,0.12344499677419662
10558.32,0.12495599687099457
10579.869999999999,0.12658900022506714
10601.5,0.12850500643253326
10623.23,0.13063600659370422
10645.039999999999,0.13299399614334106
10666.94,0.13553300499916077
10688.94,0.13827399909496307
10711.02,0.14125299453735352
10733.2,0.14441099762916565
10755.470000000001,0.1478479951620102
10777.83,0.1514890044927597
10800.28,0.15521900355815887
10822.83,0.15939000248908997
10845.470000000001,0.16396699845790863
10868.21,0.16891899704933167
10891.04,0.17407900094985962
10913.970000000001,0.1797019988298416
10936.99,0.1859470009803772
10960.119999999999,0.19267700612545013
10983.34,0.19988000392913818
11006.66,0.20717300474643707
11030.07,0.21192499995231628
11053.59,0.20542000234127045
11077.21,0.18405599892139435
11100.93,0.16171899437904358
11124.75,0.14829100668430328
11148.68,0.14132800698280334
11172.710000000001,0.13719600439071655
11196.84,0.13409200310707092
11221.07,0.1310330033302307
11245.41,0.12769900262355804
11269.859999999999,0.12388300150632858
11294.41,0.11977600306272507
11319.07,0.11552400141954422
11343.84,0.11081700026988983
11368.72,0.10595999658107758
11393.7,0.10176300257444382
11418.8,0.09800899773836136
11444.01,0.09436800330877304
11469.33,0.09133599698543549
11494.76,0.09016600251197815
11520.300000000001,0.09127099812030792
11545.96,0.09333200007677078
11571.730000000001,0.09503799676895142
11597.619999999999,0.09600599855184555
11623.62,0.09562800079584122
11649.74,0.09300500154495239
11675.98,0.08343300223350525
11702.34,0.07019200176000595
11728.81,0.07120999693870544
11755.41,0.08353299647569656
11782.130000000001,0.0921970009803772
11808.960000000001,0.09564799815416336
11835.92,0.09658899903297424
11863.009999999998,0.0969109982252121
11890.22,0.09685099869966507
11917.550000000001,0.09652099758386612
11945.01,0.0960879996418953
11972.6,0.09602099657058716
12000.310000000001,0.09584300220012665
12028.16,0.09563100337982178
12056.13,0.09563600271940231
12084.23,0.09578599780797958
12112.460000000001,0.09593299776315689
12140.83,0.09640400111675262
12169.33,0.09696599841117859
12197.960000000001,0.09766700118780136
12226.73,0.09858699887990952
12255.64,0.09920000284910202
12284.68,0.09952499717473984
12313.86,0.10010500252246857
12343.18,0.10048999637365341
12372.640000000001,0.10089799761772156
12402.240000000002,0.10117799788713455
12431.98,0.10139600187540054
12461.86,0.1014930009841919
12491.89,0.10154099762439728
12522.07,0.10135599970817566
12552.38,0.10087800025939941
12582.85,0.10067000240087509
12613.47,0.10050500184297562
12644.23,0.09993299841880798
12675.15,0.09910199791193008
12706.210000000001,0.09813900291919708
12737.43,0.09739600121974945
12768.81,0.09637600183486938
12800.33,0.09472499787807465
12832.02,0.09251400083303452
12863.86,0.09011299908161163
12895.86,0.08731500059366226
12928.02,0.08441600203514099
12960.34,0.08086899667978287
12992.82,0.07632999867200851
13025.460000000001,0.07145299762487411
13058.27,0.06625299900770187
13091.25,0.06037300080060959
13124.39,0.05415099859237671
13157.7,0.04766499996185303
13191.179999999998,0.041467998176813126
13224.83,0.036072999238967896
13258.660000000002,0.032150998711586
13292.65,0.030886000022292137
13326.83,0.03554999828338623
13361.17,0.04611000046133995
13395.699999999999,0.05617599934339523
13430.400000000001,0.060155998915433884
13465.289999999999,0.05950000137090683
13500.349999999999,0.057534001767635345
13535.6,0.05612900108098984
13571.03,0.05554100126028061
13606.65,0.055695999413728714
13642.46,0.05628399923443794
13678.46,0.05734900012612343
13714.64,0.05834199860692024
13751.02,0.05926299840211868
13787.59,0.06027299910783768
13824.36,0.06139099970459938
13861.32,0.06266400218009949
13898.49,0.06420700252056122
13935.85,0.0658160001039505
13973.41,0.06761900335550308
14011.17,0.06937000155448914
14049.15,0.07066500186920166
14087.32,0.07158999890089035
14125.71,0.07237599790096283
14164.300000000001,0.07246799767017365
14203.11,0.07221800088882446
14242.13,0.07214300334453583
14281.359999999999,0.07200100272893906
14320.81,0.07164300233125687
14360.49,0.07189600169658661
14400.380000000001,0.0723079964518547
14440.49,0.07253299653530121
14480.82,0.0724409967660904
14521.39,0.07270099967718124
14562.18,0.07309400290250778
14603.199999999999,0.0734110027551651
14644.45,0.0736289992928505
14685.93,0.07391399890184402
14727.66,0.07401199638843536
14769.619999999999,0.07434699684381485
14811.81,0.07432900369167328
14854.25,0.07421699911355972
14896.94,0.07404900342226028
14939.87,0.07401899993419647
14983.050000000001,0.07378599792718887
15026.48,0.07334399968385696
15070.16,0.07264800369739532
15114.1,0.07169099897146225
15158.289999999999,0.07056999951601028
15202.74,0.06955000013113022
15247.460000000001,0.06851699948310852
15292.43,0.06755100190639496
15337.68,0.06635600328445435
15383.19,0.06532000005245209
15428.97,0.0640920028090477
15475.03,0.06295700371265411
15521.359999999999,0.06218399852514267
15567.970000000001,0.061514001339673996
15614.869999999999,0.06028300151228905
15662.039999999999,0.0589900016784668
15709.5,0.05770000070333481
15757.25,0.05638200044631958
15805.289999999999,0.05521100014448166
15853.619999999999,0.05414099991321564
15902.26,0.05310000106692314
15951.19,0.0522800013422966
16000.419999999998,0.05134199932217598
16049.949999999999,0.050783999264240265
16099.799999999997,0.049966000020504
16149.95,0.04940599948167801
16200.420000000002,0.04860600084066391
16251.208999999999,0.0476129986345768
16302.311,0.0467349998652935
16353.741,0.046264998614788055
16405.491,0.04534199833869934
16457.569,0.0446770004928112
16509.979000000003,0.043873999267816544
16562.731,0.04288100078701973
16615.82,0.04165999963879585
16669.240999999998,0.04044700041413307
16723.021,0.03923900052905083
16777.14,0.03896699845790863
16831.61,0.038575999438762665
16886.431,0.037397999316453934
16941.62,0.03609300032258034
16997.16,0.03508700057864189
17053.08,0.033952001482248306
17109.36,0.033601999282836914
17166.01,0.033309001475572586
17223.04,0.032889001071453094
17280.451,0.032214000821113586
17338.239999999998,0.032120998948812485
17396.429,0.03161599859595299
17455.0,0.0306560005992651
17513.969,0.03000500053167343
17573.339,0.02966500073671341
17633.109999999997,0.02882000058889389
17693.290999999997,0.02830200083553791
17753.889,0.027421999722719193
17814.899,0.026549000293016434
17876.328999999998,0.02566099911928177
17938.181,0.024836000055074692
18000.468999999997,0.024152999743819237
18063.19,0.023624999448657036
18126.35,0.02274700067937374
18189.951,0.021832000464200974
18254.0,0.021167000755667686
18318.501,0.020726000890135765
18383.459,0.019727999344468117
18448.879,0.01876799948513508
18514.771,0.01798499934375286
18581.129,0.017470000311732292
18647.97,0.016184000298380852
18715.29,0.014728999696671963
18783.100000000002,0.01333099976181984
18851.4,0.012875000014901161
18920.2,0.01197499968111515
18989.51,0.011602000333368778
19059.32,0.011296999640762806
19129.65,0.010559000074863434
19200.5,0.009576999582350254
19271.878999999997,0.009444000199437141
19343.789999999997,0.009371000342071056
19416.240999999998,0.009310999885201454
19489.229000000003,0.009681999683380127
19562.771,0.010870000347495079
19636.880999999998,0.012369999662041664
19711.54,0.014449000358581543
19786.779,0.018268000334501266
19862.590999999997,0.024444999173283577
19938.98,0.03179899975657463
20015.961,0.04152299836277962
20093.55,0.05305499956011772
20171.73,0.06628300249576569
20250.530000000002,0.08247300237417221
20329.941000000003,0.10022000223398209
20409.981,0.11948300153017044
20490.649999999998,0.1401599943637848
20571.96,0.16148899495601654
20653.918999999998,0.1838030070066452
20736.54,0.20500700175762177
20819.82,0.22550100088119507
20903.77,0.24415600299835205
20988.399999999998,0.2602809965610504
21073.720999999998,0.2741270065307617
21159.731,0.285878986120224
21246.46,0.29534798860549927
21333.891,0.30344900488853455
21422.041,0.31033000349998474
21510.929,0.31575900316238403
21600.559,0.31960898637771606
21690.941,0.3227669894695282
21782.08,0.3259960114955902
21873.989,0.32827699184417725
21966.668999999998,0.3284969925880432
22060.15,0.3269520103931427
22154.421,0.3252579867839813
22249.510000000002,0.32395800948143005
22345.409,0.32317298650741577
22442.141,0.32140201330184937
22539.721,0.3193109929561615
22638.14,0.3179300129413605
22737.431,0.3159849941730499
22837.601,0.3145360052585602
22938.649999999998,0.31228798627853394
23040.600000000002,0.30953899025917053
23143.459,0.3075209856033325
23247.24,0.30634498596191406
23351.959000000003,0.3042300045490265
23457.63,0.30543801188468933
23564.251,0.30657801032066345
23671.85,0.3071660101413727
23780.439000000002,0.30699801445007324
23890.02,0.30737799406051636
24000.629,0.3060530126094818
24112.261,0.30586498975753784
24224.93,0.3050769865512848
24338.659,0.3044719994068146
24453.47,0.30323898792266846
24569.361,0.3035539984703064
24686.359,0.3042300045490265
24804.469999999998,0.304654985666275
24923.731,0.30399200320243835
25044.129999999997,0.3070479929447174
25165.71,0.30675798654556274
25288.46,0.3081490099430084
25412.43,0.30768299102783203
25537.609,0.313493013381958
25664.04,0.3151339888572693
25791.719,0.32138198614120483
25920.679,0.32134899497032166
