Data ID,LASA58
Sample ID,LASA58
Mineral Name,saponite
Sample Description,
Date Added,
Viewing Geometry,
Other Information,
Grain Size,
Database of Origin,MICA Files (USGS/RELAB)
Wavelength,Response
300,0.182230994
305,0.190341994
310,0.204976007
315,0.221979007
320,0.241105005
325,0.260926992
330,0.282680005
335,0.305236995
340,0.330316991
345,0.355248004
350,0.38134101
355,0.408407986
360,0.433759987
365,0.455202013
370,0.478118002
375,0.501040995
380,0.52166301
385,0.541576028
390,0.564647019
395,0.587249994
400,0.604057014
405,0.61502701
410,0.628989995
415,0.639154017
420,0.649460971
425,0.660243988
430,0.670356989
435,0.683282971
440,0.692134023
445,0.702313006
450,0.708925009
455,0.716214001
460,0.725013971
465,0.737493992
470,0.752988994
475,0.765000999
480,0.774118006
485,0.783479989
490,0.790987015
495,0.80052501
500,0.806747019
505,0.815310001
510,0.822723985
515,0.831239998
520,0.834989011
525,0.842444003
530,0.84620899
535,0.850937009
540,0.852905989
545,0.858191013
550,0.860252976
555,0.863362014
560,0.863601029
565,0.867452979
570,0.868987978
575,0.870481014
580,0.871562004
585,0.873871028
590,0.87579
595,0.876769006
600,0.878498971
605,0.881753981
610,0.880874991
615,0.882546008
620,0.881982028
625,0.883709013
630,0.883843005
635,0.886066973
640,0.88707298
645,0.888779998
650,0.887492001
655,0.891049027
660,0.893812001
665,0.896348
670,0.896625996
675,0.899675012
680,0.902128994
685,0.902150989
690,0.905155003
695,0.904955983
700,0.906949997
705,0.909412026
710,0.908361971
715,0.911020994
720,0.911207974
725,0.913191974
730,0.916976988
735,0.91880399
740,0.916181028
745,0.914793015
750,0.914044023
755,0.915386021
760,0.919344008
765,0.920515001
770,0.917447984
775,0.918393016
780,0.918757021
785,0.917872012
790,0.916849017
795,0.916845024
800,0.913178027
805,0.915446997
810,0.912820995
815,0.913803995
820,0.914622009
825,0.914340973
830,0.911578
835,0.912488997
840,0.915202022
845,0.914915979
850,0.913298011
855,0.913702011
860,0.914983988
865,0.908661008
870,0.909537017
875,0.911487997
880,0.912365973
885,0.907185018
890,0.912988007
895,0.913978994
900,0.913652003
905,0.911723971
910,0.90812999
915,0.912518024
920,0.909977019
925,0.908438027
930,0.908091009
935,0.906381011
940,0.908293009
945,0.895020008
950,0.888513982
955,0.900551975
960,0.896238029
965,0.894016027
970,0.896920025
975,0.900327981
980,0.899963975
985,0.900960982
990,0.900092006
995,0.9023
1000,0.902078986
1005,0.903755009
1010,0.904157996
1015,0.906561971
1020,0.907742977
1025,0.906328022
1030,0.907612026
1035,0.909839988
1040,0.908791006
1045,0.909690022
1050,0.910636008
1055,0.910462976
1060,0.912014008
1065,0.910575986
1070,0.912467003
1075,0.912114978
1080,0.913331985
1085,0.912760973
1090,0.912105024
1095,0.913878024
1100,0.912124991
1105,0.914424002
1110,0.91346401
1115,0.912056983
1120,0.911866009
1125,0.911803007
1130,0.91129303
1135,0.905806005
1140,0.903095007
1145,0.894352019
1150,0.885671973
1155,0.882106006
1160,0.884018004
1165,0.889824986
1170,0.893375993
1175,0.89556998
1180,0.900032997
1185,0.899559975
1190,0.901567996
1195,0.901284993
1200,0.903586984
1205,0.904119015
1210,0.902881026
1215,0.907060027
1220,0.905385017
1225,0.908631027
1230,0.906729996
1235,0.908994973
1240,0.90882498
1245,0.907480001
1250,0.910057008
1255,0.910480976
1260,0.908609986
1265,0.910256982
1270,0.90614599
1275,0.905097008
1280,0.903268993
1285,0.906821012
1290,0.907374978
1295,0.901646018
1300,0.901148021
1305,0.901082993
1310,0.899941981
1315,0.896147013
1320,0.889757991
1325,0.884437978
1330,0.878220975
1335,0.873789012
1340,0.86956799
1345,0.864131987
1350,0.858386993
1355,0.851140022
1360,0.845640004
1365,0.843913972
1370,0.834508002
1375,0.821349025
1380,0.796539009
1385,0.723928988
1390,0.572510004
1395,0.640725017
1400,0.683552027
1405,0.659211993
1410,0.638985991
1415,0.633306026
1420,0.641453981
1425,0.657415986
1430,0.672724009
1435,0.686743021
1440,0.698714018
1445,0.707093
1450,0.713353992
1455,0.716030002
1460,0.714598
1465,0.716250002
1470,0.724300027
1475,0.735817015
1480,0.749266028
1485,0.760109007
1490,0.767672002
1495,0.775655985
1500,0.782976985
1505,0.787805974
1510,0.794034004
1515,0.79926002
1520,0.802828014
1525,0.808118999
1530,0.812318981
1535,0.815594018
1540,0.820926011
1545,0.824612975
1550,0.828325987
1555,0.82971698
1560,0.833848
1565,0.837431014
1570,0.840448022
1575,0.841027021
1580,0.842077017
1585,0.845755994
1590,0.847330987
1595,0.850049019
1600,0.850673974
1605,0.853799999
1610,0.851662993
1615,0.854101002
1620,0.855482996
1625,0.857309997
1630,0.85582
1635,0.859669983
1640,0.859896004
1645,0.860602021
1650,0.863318026
1655,0.860700011
1660,0.860242009
1665,0.860316992
1670,0.860947013
1675,0.859449983
1680,0.859273016
1685,0.858051002
1690,0.859143019
1695,0.857406974
1700,0.85589999
1705,0.854741991
1710,0.852191985
1715,0.849582016
1720,0.847419024
1725,0.843822002
1730,0.841638029
1735,0.837634027
1740,0.83325398
1745,0.829550982
1750,0.826743007
1755,0.822116017
1760,0.818468988
1765,0.814420998
1770,0.811894
1775,0.807240009
1780,0.804572999
1785,0.80161798
1790,0.798511982
1795,0.795696974
1800,0.792353988
1805,0.791903973
1810,0.788260996
1815,0.786171019
1820,0.784039021
1825,0.784546971
1830,0.779111028
1835,0.774393976
1840,0.773995996
1845,0.769960999
1850,0.763562024
1855,0.754848003
1860,0.743914008
1865,0.725255013
1870,0.696790993
1875,0.674363017
1880,0.631968975
1885,0.570737004
1890,0.500186026
1895,0.426867992
1900,0.371789008
1905,0.347265005
1910,0.352459013
1915,0.371578991
1920,0.396566987
1925,0.426097989
1930,0.447840989
1935,0.463602006
1940,0.475046009
1945,0.484551013
1950,0.491611004
1955,0.496760011
1960,0.504884005
1965,0.512700975
1970,0.522535026
1975,0.532589018
1980,0.543576002
1985,0.555399001
1990,0.565744996
1995,0.577597022
2000,0.590080023
2005,0.602186978
2010,0.611931026
2015,0.621415973
2020,0.630429029
2025,0.639541984
2030,0.646125019
2035,0.654228985
2040,0.659681022
2045,0.664322019
2050,0.669345021
2055,0.672375023
2060,0.674878001
2065,0.677689016
2070,0.681134999
2075,0.683008015
2080,0.68344301
2085,0.682515979
2090,0.682435989
2095,0.683933973
2100,0.687044024
2105,0.685672998
2110,0.689598978
2115,0.689351976
2120,0.69134599
2125,0.690985024
2130,0.692277014
2135,0.694693983
2140,0.697914004
2145,0.698661029
2150,0.698647976
2155,0.700478017
2160,0.699432015
2165,0.699325025
2170,0.698197007
2175,0.697830021
2180,0.700667024
2185,0.702207983
2190,0.70174998
2195,0.70143801
2200,0.701592028
2205,0.700181007
2210,0.700528026
2215,0.700673997
2220,0.698535979
2225,0.694940984
2230,0.69233501
2235,0.68838203
2240,0.687074006
2245,0.686133027
2250,0.685302973
2255,0.681252003
2260,0.677035987
2265,0.667120993
2270,0.656470001
2275,0.640367985
2280,0.614058971
2285,0.573394001
2290,0.531670988
2295,0.514962018
2300,0.52047199
2305,0.507785022
2310,0.460595995
2315,0.431883991
2320,0.440147996
2325,0.478466988
2330,0.524040997
2335,0.553668022
2340,0.567754984
2345,0.575003028
2350,0.572728992
2355,0.567831993
2360,0.560455978
2365,0.553391993
2370,0.538960993
2375,0.518293977
2380,0.498266995
2385,0.479974002
2390,0.469940007
2395,0.469862014
2400,0.479604989
2405,0.494619995
2410,0.499417007
2415,0.495673001
2420,0.485276014
2425,0.475340992
2430,0.467648
2435,0.459006011
2440,0.457560986
2445,0.450437009
2450,0.443511009
2455,0.436457992
2460,0.426054001
2465,0.421411008
2470,0.416631997
2475,0.417079002
2480,0.414094001
2485,0.407685995
2490,0.401852995
2495,0.397361994
2500,0.394127995
2505,0.389780015
2510,0.385821015
2515,0.379626006
2520,0.377590001
2525,0.373573005
2530,0.368956
2531.32,0.368509024
2532.55,0.368092537
2533.79,0.367672682
2535.03,0.367268145
2536.27,0.367482185
2537.51,0.367696196
2538.75,0.367910236
2540,0.368126005
2541.24,0.366585702
2542.49,0.365032941
2543.74,0.363480181
2544.99,0.36192745
2546.24,0.361662775
2547.49,0.361408561
2548.74,0.361154288
2549.99,0.360900044
2551.25,0.360583514
2552.5,0.36026901
2553.76,0.35996899
2555.02,0.360653013
2556.28,0.360442996
2557.54,0.360146999
2558.8,0.359091014
2560.07,0.358321011
2561.33,0.357921988
2562.6,0.358114004
2563.86,0.358364999
2565.13,0.358952999
2566.4,0.359573007
2567.67,0.359149992
2568.95,0.358110011
2570.22,0.358359009
2571.5,0.358613014
2572.77,0.357656986
2574.05,0.356539994
2575.33,0.357629001
2576.61,0.357120991
2577.89,0.357228011
2579.17,0.357849985
2580.46,0.357068002
2581.74,0.356252015
2583.03,0.356328994
2584.31,0.355361998
2585.6,0.357030004
2586.89,0.356399
2588.19,0.356049001
2589.48,0.357033014
2590.77,0.357594013
2592.07,0.356779009
2593.36,0.355262011
2594.66,0.353682011
2595.96,0.356321007
2597.26,0.358592987
2598.56,0.357232004
2599.87,0.355706006
2601.17,0.355037004
2602.48,0.354773998
2603.78,0.354660988
2605.09,0.353902012
2606.4,0.354072005
2607.71,0.355392009
2609.03,0.355435014
2610.34,0.354479998
2611.66,0.354268998
2612.97,0.353720009
2614.29,0.353475988
2615.61,0.352972001
2616.93,0.351547986
2618.25,0.352088988
2619.57,0.351909995
2620.9,0.350465
2622.22,0.352039993
2623.55,0.351319999
2624.88,0.349685997
2626.21,0.348134995
2627.54,0.347456992
2628.87,0.347541004
2630.21,0.346094996
2631.54,0.346392989
2632.88,0.347016007
2634.21,0.345705003
2635.55,0.345162004
2636.89,0.343910992
2638.24,0.342916995
2639.58,0.341755003
2640.92,0.340588987
2642.27,0.339435995
2643.62,0.338907987
2644.97,0.337534994
2646.32,0.335996985
2647.67,0.335005999
2649.02,0.333727002
2650.38,0.331898004
2651.73,0.330325007
2653.09,0.328711987
2654.45,0.327560991
2655.81,0.325282991
2657.17,0.323626012
2658.53,0.321015
2659.89,0.318111002
2661.26,0.315198988
2662.63,0.311879009
2664,0.307794988
2665.36,0.302888989
2666.74,0.297751009
2668.11,0.293453991
2669.48,0.288305014
2670.86,0.281208992
2672.23,0.274904013
2673.61,0.267423004
2674.99,0.259236008
2676.37,0.251206994
2677.76,0.242520005
2679.14,0.234552994
2680.52,0.226181
2681.91,0.217554003
2683.3,0.209248006
2684.69,0.202023
2686.08,0.194721997
2687.47,0.187886
2688.87,0.181978002
2690.26,0.177643999
2691.66,0.173644006
2693.06,0.170425996
2694.46,0.167903006
2695.86,0.16674
2697.26,0.165399998
2698.66,0.164019004
2700.07,0.162780002
2701.48,0.161039993
2702.89,0.157859996
2704.3,0.153653994
2705.71,0.147029996
2707.12,0.138420999
2708.53,0.127756
2709.95,0.115817003
2711.37,0.102906004
2712.79,0.090278998
2714.21,0.079710998
2715.63,0.070514999
2717.05,0.062038001
2718.48,0.055495001
2719.9,0.051622
2721.33,0.049740002
2722.76,0.050581001
2724.19,0.053512
2725.62,0.057544999
2727.06,0.062558003
2728.49,0.068457998
2729.93,0.074896999
2731.37,0.081413999
2732.81,0.087240003
2734.25,0.091623999
2735.69,0.095362
2737.14,0.098305002
2738.58,0.098921001
2740.03,0.099174
2741.48,0.099544004
2742.93,0.100295
2744.38,0.100189999
2745.83,0.098938003
2747.29,0.098251
2748.75,0.098128997
2750.2,0.097554997
2751.66,0.096689999
2753.13,0.096097998
2754.59,0.095177002
2756.05,0.094641
2757.52,0.095017999
2758.99,0.094898
2760.46,0.094715998
2761.93,0.094567999
2763.4,0.094884999
2764.87,0.095103003
2766.35,0.095124997
2767.82,0.095356002
2769.3,0.095481001
2770.78,0.095760003
2772.26,0.095890999
2773.75,0.096159004
2775.23,0.096405998
2776.72,0.095982
2778.21,0.095776998
2779.7,0.096106
2781.19,0.096202001
2782.68,0.096523002
2784.18,0.096894003
2785.67,0.096702002
2787.17,0.096481003
2788.67,0.096455
2790.17,0.096460998
2791.67,0.096671999
2793.18,0.097012997
2794.68,0.097088002
2796.19,0.097469002
2797.7,0.098004997
2799.21,0.098008998
2800.72,0.098091997
2802.24,0.098479003
2803.75,0.098709002
2805.27,0.099371001
2806.79,0.099679999
2808.31,0.099909998
2809.83,0.100083999
2811.35,0.100397997
2812.88,0.100863002
2814.41,0.101434998
2815.93,0.101437002
2817.46,0.101640001
2819,0.101951003
2820.53,0.102049001
2822.07,0.102479003
2823.6,0.102773003
2825.14,0.102696002
2826.68,0.102861002
2828.22,0.103050999
2829.77,0.103560999
2831.31,0.103854001
2832.86,0.103763998
2834.41,0.103644997
2835.96,0.103722997
2837.51,0.103968002
2839.07,0.104038
2840.62,0.104001001
2842.18,0.104284003
2843.74,0.104507998
2845.3,0.104771003
2846.86,0.104649998
2848.43,0.104667
2849.99,0.104828
2851.56,0.104620002
2853.13,0.104578003
2854.7,0.104780003
2856.27,0.104984999
2857.85,0.104950003
2859.42,0.105323002
2861,0.105773002
2862.58,0.105687998
2864.16,0.105700999
2865.75,0.105769999
2867.33,0.105673999
2868.92,0.105742998
2870.51,0.106109999
2872.1,0.106030002
2873.69,0.105879001
2875.28,0.105962999
2876.88,0.106331997
2878.48,0.106767997
2880.07,0.106753998
2881.68,0.106609002
2883.28,0.106817998
2884.88,0.106983997
2886.49,0.107036002
2888.1,0.107074
2889.71,0.107074
2891.32,0.106835
2892.93,0.106687002
2894.55,0.106858
2896.16,0.106788002
2897.78,0.106551997
2899.4,0.106535003
2901.03,0.106541
2902.65,0.106581002
2904.28,0.106338002
2905.91,0.106467001
2907.54,0.106381997
2909.17,0.106174
2910.8,0.106422
2912.44,0.106340997
2914.07,0.106253996
2915.71,0.106278002
2917.35,0.106463
2918.99,0.106527999
2920.64,0.106338002
2922.29,0.106186002
2923.93,0.106150001
2925.58,0.106136002
2927.24,0.106197
2928.89,0.106485002
2930.55,0.106590003
2932.2,0.106593996
2933.86,0.106907003
2935.52,0.106893003
2937.19,0.106719002
2938.85,0.106844001
2940.52,0.107092001
2942.19,0.107008003
2943.86,0.107065
2945.53,0.107157998
2947.21,0.107143
2948.88,0.107276
2950.56,0.107547998
2952.24,0.107768998
2953.92,0.107871003
2955.61,0.107876003
2957.29,0.107926004
2958.98,0.108035997
2960.67,0.108341001
2962.36,0.108794004
2964.06,0.108978003
2965.75,0.109431997
2967.45,0.109503999
2969.15,0.109628998
2970.85,0.109696999
2972.55,0.10988
2974.26,0.110196002
2975.97,0.110473
2977.68,0.110960998
2979.39,0.111501999
2981.1,0.111933999
2982.82,0.112255
2984.53,0.112403996
2986.25,0.112795003
2987.97,0.113132
2989.7,0.113357
2991.42,0.113849998
2993.15,0.114543997
2994.88,0.115030997
2996.61,0.115176
2998.34,0.115359999
3000.08,0.115753002
3001.82,0.116301998
3003.55,0.116921999
3005.3,0.117533997
3007.04,0.117957003
3008.78,0.11812
3010.53,0.118752003
3012.28,0.119360998
3014.03,0.119634002
3015.79,0.120026998
3017.54,0.120810002
3019.3,0.121394999
3021.06,0.121687002
3022.82,0.122346997
3024.58,0.122947998
3026.35,0.123466998
3028.12,0.124174997
3029.89,0.124802999
3031.66,0.125369996
3033.43,0.125946
3035.21,0.126723006
3036.99,0.127320006
3038.77,0.127683997
3040.55,0.128098994
3042.33,0.128941998
3044.12,0.129576996
3045.91,0.129629001
3047.7,0.130062997
3049.49,0.130890995
3051.29,0.131726995
3053.08,0.132128
3054.88,0.132304996
3056.68,0.132668003
3058.49,0.133079007
3060.29,0.133439004
3062.1,0.133957997
3063.91,0.134487003
3065.72,0.134994
3067.54,0.135520995
3069.35,0.135802999
3071.17,0.135869995
3072.99,0.136125997
3074.81,0.136696994
3076.64,0.136765003
3078.47,0.136732996
3080.29,0.137094006
3082.13,0.137775004
3083.96,0.138104007
3085.79,0.138460994
3087.63,0.138788
3089.47,0.139004007
3091.31,0.139450997
3093.16,0.139872
3095.01,0.140576005
3096.85,0.141209006
3098.71,0.141452
3100.56,0.141868994
3102.41,0.142302006
3104.27,0.142871007
3106.13,0.143610001
3107.99,0.144280002
3109.86,0.145083994
3111.73,0.146015003
3113.59,0.146693006
3115.47,0.147203997
3117.34,0.147963002
3119.21,0.148947001
3121.09,0.149776995
3122.97,0.150334999
3124.86,0.151209995
3126.74,0.152175993
3128.63,0.152767003
3130.52,0.153862
3132.41,0.155212
3134.3,0.156242996
3136.2,0.157121003
3138.1,0.158223003
3140,0.159048006
3141.9,0.160108
3143.81,0.161320001
3145.71,0.162322
3147.62,0.163302004
3149.54,0.164376006
3151.45,0.165509999
3153.37,0.166513994
3155.29,0.167357996
3157.21,0.168475002
3159.13,0.169516996
3161.06,0.170524001
3162.99,0.171614006
3164.92,0.172847003
3166.85,0.173996001
3168.79,0.175191
3170.72,0.176474005
3172.67,0.177632004
3174.61,0.178639993
3176.55,0.179691002
3178.5,0.180797994
3180.45,0.181989998
3182.4,0.183256999
3184.36,0.184951007
3186.32,0.186454996
3188.27,0.187627003
3190.24,0.188747004
3192.2,0.189581007
3194.17,0.190357998
3196.14,0.191410005
3198.11,0.192775995
3200.08,0.194123
3202.06,0.195178002
3204.04,0.196438
3206.02,0.197722003
3208,0.198799998
3209.99,0.199802995
3211.98,0.200914994
3213.97,0.201974005
3215.96,0.203042001
3217.96,0.204190999
3219.96,0.205498993
3221.96,0.206900999
3223.96,0.207901999
3225.97,0.208776996
3227.98,0.209729999
3229.99,0.210662007
3232,0.211903006
3234.02,0.213106006
3236.04,0.214091003
3238.06,0.215068996
3240.08,0.216401994
3242.11,0.217706993
3244.14,0.218624994
3246.17,0.219583005
3248.2,0.220497996
3250.24,0.221331
3252.28,0.222411007
3254.32,0.223266006
3256.37,0.224206001
3258.41,0.225043997
3260.46,0.225840002
3262.51,0.226734996
3264.57,0.227579996
3266.63,0.228366002
3268.69,0.229292005
3270.75,0.230313003
3272.81,0.230985999
3274.88,0.231534004
3276.95,0.232544005
3279.02,0.233285993
3281.1,0.233811006
3283.18,0.234458998
3285.26,0.235121995
3287.34,0.235861003
3289.43,0.236738995
3291.51,0.237575993
3293.61,0.238423005
3295.7,0.239106998
3297.8,0.239673004
3299.9,0.240336999
3302,0.240967005
3304.1,0.241573006
3306.21,0.242401004
3308.32,0.243350998
3310.43,0.244387001
3312.55,0.245649993
3314.66,0.246748
3316.79,0.247716993
3318.91,0.248805001
3321.03,0.249725997
3323.16,0.250678003
3325.29,0.251711994
3327.43,0.252469987
3329.57,0.253210008
3331.71,0.253823996
3333.85,0.254545003
3335.99,0.255371004
3338.14,0.256006002
3340.29,0.256572008
3342.45,0.257366002
3344.6,0.258042991
3346.76,0.258581012
3348.92,0.25918299
3351.09,0.259808004
3353.26,0.260567009
3355.43,0.261238992
3357.6,0.261565
3359.78,0.261997998
3361.96,0.262760013
3364.14,0.263536006
3366.32,0.264043987
3368.51,0.264503002
3370.7,0.265071988
3372.89,0.26562801
3375.09,0.266305
3377.29,0.267067999
3379.49,0.26769501
3381.69,0.268599004
3383.9,0.269623995
3386.11,0.270682991
3388.32,0.271789998
3390.54,0.273054004
3392.76,0.273966014
3394.98,0.274688989
3397.21,0.275391996
3399.43,0.275741994
3401.66,0.276125014
3403.9,0.276573986
3406.13,0.276755005
3408.37,0.276899993
3410.61,0.277247995
3412.86,0.277866006
3415.11,0.278421015
3417.36,0.279242009
3419.61,0.280777991
3421.87,0.28253299
3424.13,0.284500986
3426.39,0.286614001
3428.66,0.288278997
3430.93,0.289710999
3433.2,0.291011989
3435.48,0.292335004
3437.76,0.293543994
3440.04,0.294741988
3442.32,0.295937002
3444.61,0.297040999
3446.9,0.297838002
3449.19,0.298696011
3451.49,0.299686015
3453.79,0.300695986
3456.09,0.301647991
3458.4,0.302626014
3460.7,0.303559005
3463.02,0.304342985
3465.33,0.305317014
3467.65,0.306228995
3469.97,0.306688011
3472.29,0.306968004
3474.62,0.306932002
3476.95,0.307321995
3479.29,0.307850003
3481.62,0.308441997
3483.96,0.308840007
3486.3,0.309527993
3488.65,0.310344011
3491,0.310860008
3493.35,0.311365992
3495.71,0.311868012
3498.07,0.312168002
3500.43,0.312902004
3502.79,0.313977987
3505.16,0.315380991
3507.53,0.317077994
3509.91,0.318744987
3512.29,0.320226997
3514.67,0.321722001
3517.05,0.323031008
3519.44,0.324357003
3521.83,0.325634986
3524.23,0.326974005
3526.62,0.32813701
3529.02,0.329124987
3531.43,0.330199003
3533.83,0.331378996
3536.24,0.332325011
3538.66,0.333436012
3541.08,0.334591001
3543.5,0.335572988
3545.92,0.336234003
3548.35,0.337006986
3550.78,0.337803006
3553.21,0.338602006
3555.65,0.33931601
3558.09,0.340276986
3560.53,0.341262996
3562.98,0.342016995
3565.43,0.342707008
3567.88,0.343526989
3570.34,0.344271988
3572.8,0.345223993
3575.27,0.346051991
3577.73,0.346810997
3580.2,0.347526014
3582.68,0.348262995
3585.16,0.34900099
3587.64,0.349844992
3590.12,0.350549012
3592.61,0.351408988
3595.1,0.352259994
3597.6,0.352863014
3600.09,0.353325009
3602.6,0.353985012
3605.1,0.35463801
3607.61,0.355410993
3610.12,0.356240004
3612.64,0.356902987
3615.16,0.35728699
3617.68,0.358087003
3620.21,0.358774006
3622.74,0.359308004
3625.27,0.359723985
3627.81,0.360341012
3630.35,0.361092001
3632.89,0.361701012
3635.44,0.362181991
3637.99,0.362798005
3640.54,0.363323003
3643.1,0.363941014
3645.66,0.364621013
3648.23,0.365045011
3650.8,0.365440995
3653.37,0.366142988
3655.95,0.366843998
3658.53,0.367475003
3661.11,0.368037999
3663.7,0.368492007
3666.29,0.368889987
3668.89,0.369318008
3671.48,0.369756013
3674.09,0.370393991
3676.69,0.370862007
3679.3,0.371219993
3681.91,0.371538997
3684.53,0.372193992
3687.15,0.372599006
3689.78,0.372783989
3692.4,0.373214006
3695.04,0.373980999
3697.67,0.374586999
3700.31,0.375227988
3702.95,0.375723988
3705.6,0.376381993
3708.25,0.377003998
3710.91,0.377487987
3713.56,0.377770007
3716.23,0.378351003
3718.89,0.378843993
3721.56,0.379319996
3724.23,0.37984401
3726.91,0.380282015
3729.59,0.380775005
3732.28,0.38123399
3734.97,0.381716996
3737.66,0.382164001
3740.36,0.382470012
3743.06,0.382883012
3745.76,0.383246005
3748.47,0.38369
3751.18,0.384196013
3753.9,0.384654999
3756.62,0.38499701
3759.34,0.385289997
3762.07,0.385812014
3764.8,0.38637799
3767.54,0.386703014
3770.28,0.386994988
3773.02,0.387311995
3775.77,0.387777001
3778.52,0.388152003
3781.28,0.388494998
3784.04,0.388898998
3786.8,0.38934499
3789.57,0.389607012
3792.34,0.390107006
3795.12,0.390689999
3797.9,0.391191006
3800.69,0.391543001
3803.47,0.391636014
3806.27,0.391815007
3809.06,0.392291009
3811.86,0.392625988
3814.67,0.392868996
3817.48,0.39308399
3820.29,0.393341988
3823.11,0.393633991
3825.93,0.394086987
3828.76,0.394495994
3831.59,0.394865006
3834.42,0.394998014
3837.26,0.395238012
3840.1,0.395727992
3842.95,0.396243006
3845.8,0.39645499
3848.65,0.396654993
3851.51,0.396939993
3854.38,0.397354007
3857.24,0.397751987
3860.12,0.397987992
3862.99,0.398063004
3865.87,0.398418993
3868.76,0.398694992
3871.65,0.399015009
3874.54,0.399266988
3877.44,0.399728
3880.34,0.399980009
3883.25,0.400251001
3886.16,0.400485992
3889.07,0.4005
3891.99,0.400501996
3894.92,0.400727987
3897.85,0.400947005
3900.78,0.40121901
3903.72,0.401430994
3906.66,0.401531994
3909.6,0.401596993
3912.55,0.401843995
3915.51,0.40188399
3918.47,0.402034014
3921.43,0.402220011
3924.4,0.402283013
3927.38,0.402222991
3930.35,0.40238899
3933.33,0.402357996
3936.32,0.402217001
3939.31,0.402193993
3942.31,0.402298003
3945.31,0.402274996
3948.31,0.40230301
3951.32,0.402135998
3954.34,0.402011007
3957.35,0.401948005
3960.38,0.402027011
3963.41,0.401995003
3966.44,0.401988
3969.48,0.401897013
3972.52,0.401813
3975.56,0.401740015
3978.61,0.401713997
3981.67,0.401508987
3984.73,0.40138799
3987.8,0.401252002
3990.87,0.401127994
3993.94,0.401010007
3997.02,0.400851011
4000.1,0.40070799
4003.19,0.40069899
4006.29,0.400444001
4009.39,0.400227994
4012.49,0.400195986
4015.6,0.400088996
4018.71,0.399888009
4021.83,0.399866998
4024.95,0.399706006
4028.08,0.399628013
4031.21,0.399448991
4034.35,0.399307996
4037.49,0.399150997
4040.64,0.399233013
4043.79,0.399122
4046.94,0.39903599
4050.11,0.398819
4053.27,0.398514003
4056.44,0.398384005
4059.62,0.398294985
4062.8,0.398128986
4065.99,0.398070008
4069.18,0.397906989
4072.38,0.397763997
4075.58,0.397643
4078.78,0.397487015
4082,0.397179991
4085.21,0.397107989
4088.43,0.397078991
4091.66,0.397038013
4094.89,0.396898001
4098.13,0.396685988
4101.37,0.396571994
4104.62,0.396623999
4107.87,0.396411985
4111.13,0.396178007
4114.39,0.396129012
4117.66,0.396079987
4120.93,0.395853013
4124.21,0.395705998
4127.5,0.395534992
4130.79,0.395437002
4134.08,0.395298004
4137.38,0.395173997
4140.68,0.39497301
4143.99,0.394998997
4147.31,0.394921005
4150.63,0.394746989
4153.95,0.394490987
4157.29,0.394403994
4160.62,0.394367009
4163.96,0.394374996
4167.31,0.394262999
4170.66,0.394032001
4174.02,0.393734992
4177.39,0.393734992
4180.75,0.39369899
4184.13,0.393545985
4187.51,0.393352985
4190.89,0.393269986
4194.28,0.393364012
4197.68,0.393344015
4201.08,0.393041015
4204.49,0.392874986
4207.9,0.392913997
4211.32,0.393119007
4214.74,0.393449008
4218.17,0.393777996
4221.61,0.39399901
4225.05,0.394282997
4228.5,0.394479007
4231.95,0.39477101
4235.4,0.394699007
4238.87,0.394560009
4242.34,0.394475996
4245.81,0.394214004
4249.29,0.393588006
4252.78,0.392980009
4256.27,0.392347991
4259.77,0.391492009
4263.27,0.391075999
4266.78,0.391404986
4270.29,0.391667008
4273.81,0.391714007
4277.34,0.391782999
4280.87,0.391811997
4284.41,0.391687989
4287.95,0.391436994
4291.5,0.391200006
4295.06,0.391104996
4298.62,0.391009003
4302.19,0.390626013
4305.76,0.390056998
4309.34,0.389869988
4312.92,0.389692992
4316.52,0.389555991
4320.11,0.389090002
4323.72,0.388779014
4327.32,0.388581991
4330.94,0.388332009
4334.56,0.388094008
4338.19,0.388063014
4341.82,0.387829006
4345.46,0.387683988
4349.11,0.38745901
4352.76,0.387291998
4356.42,0.387118995
4360.08,0.387053013
4363.75,0.387053013
4367.43,0.387071013
4371.11,0.386927992
4374.8,0.386732996
4378.49,0.386370987
4382.19,0.38617599
4385.9,0.385906011
4389.61,0.385867
4393.33,0.385749012
4397.06,0.385749012
4400.79,0.385661006
4404.53,0.385459006
4408.28,0.385172993
4412.03,0.384882987
4415.79,0.384732008
4419.55,0.384671986
4423.32,0.384339988
4427.1,0.384027988
4430.88,0.383863002
4434.68,0.383834004
4438.47,0.383448005
4442.28,0.383035988
4446.08,0.382780999
4449.9,0.382613987
4453.72,0.382169992
4457.55,0.381911993
4461.39,0.381722003
4465.23,0.381585985
4469.08,0.381283998
4472.94,0.381054997
4476.8,0.380701005
4480.67,0.380284995
4484.55,0.379902989
4488.43,0.37973699
4492.32,0.379343987
4496.21,0.379022986
4500.12,0.378773004
4504.03,0.378583997
4507.94,0.378214985
4511.87,0.378048003
4515.8,0.377793998
4519.73,0.377431005
4523.68,0.377063006
4527.63,0.376870006
4531.59,0.376630992
4535.55,0.376334012
4539.52,0.376062006
4543.5,0.375753999
4547.49,0.375364006
4551.48,0.375140995
4555.48,0.374697
4559.49,0.374473989
4563.5,0.374071002
4567.52,0.373746991
4571.55,0.373488009
4575.58,0.373246014
4579.63,0.372685999
4583.67,0.372263998
4587.73,0.371847987
4591.79,0.371401995
4595.86,0.371015012
4599.94,0.370667994
4604.03,0.370106012
4608.12,0.369655013
4612.22,0.369084001
4616.33,0.368620992
4620.44,0.36807999
4624.56,0.367531002
4628.69,0.366887987
4632.83,0.366324991
4636.97,0.365680009
4641.12,0.365047991
4645.28,0.364396989
4649.45,0.363866001
4653.62,0.363270015
4657.8,0.362679988
4661.99,0.362011999
4666.19,0.361429989
4670.39,0.360722005
4674.6,0.360065013
4678.82,0.359375
4683.05,0.358864009
4687.28,0.358211011
4691.52,0.357414007
4695.77,0.356759012
4700.03,0.356326997
4704.3,0.355574012
4708.57,0.354912013
4712.85,0.354182005
4717.14,0.353601992
4721.43,0.353244007
4725.74,0.352811992
4730.05,0.352097988
4734.37,0.351512015
4738.7,0.350955009
4743.03,0.350463986
4747.38,0.349923015
4751.73,0.349532992
4756.09,0.348946989
4760.45,0.348383993
4764.83,0.347721994
4769.21,0.347315997
4773.6,0.346854001
4778,0.346264988
4782.41,0.34561801
4786.83,0.345151991
4791.25,0.344556987
4795.68,0.343971014
4800.13,0.343362004
4804.57,0.342947006
4809.03,0.342521995
4813.5,0.34215799
4817.97,0.341733992
4822.45,0.341347992
4826.94,0.341001987
4831.44,0.340714991
4835.95,0.340371996
4840.46,0.340151995
4844.99,0.339884996
4849.52,0.339659005
4854.06,0.339397013
4858.61,0.339071006
4863.17,0.338647991
4867.73,0.338331997
4872.31,0.337792009
4876.89,0.33733201
4881.48,0.336986989
4886.08,0.336751997
4890.69,0.336544007
4895.31,0.336360008
4899.94,0.335886002
4904.57,0.335480005
4909.22,0.335074991
4913.87,0.334636986
4918.53,0.334241003
4923.21,0.333817005
4927.88,0.333359003
4932.57,0.333218992
4937.27,0.332922995
4941.98,0.33257401
4946.69,0.332107991
4951.42,0.331838012
4956.15,0.331551999
4960.9,0.331229001
4965.65,0.330913991
4970.41,0.330819011
4975.18,0.330464005
4979.96,0.330071986
4984.75,0.329710007
4989.54,0.32949701
4994.35,0.329263002
4999.17,0.329127014
5003.99,0.328920007
5008.83,0.328785986
5013.67,0.328532994
5018.52,0.328072995
5023.39,0.32752499
5028.26,0.32724601
5033.14,0.326963007
5038.03,0.326604992
5042.93,0.326153994
5047.84,0.325868994
5052.76,0.325287998
5057.69,0.324584007
5062.63,0.323772997
5067.58,0.322962999
5072.54,0.322055995
5077.51,0.321040004
5082.49,0.319802999
5087.47,0.318592012
5092.47,0.317139
5097.48,0.315394998
5102.5,0.313427001
5107.52,0.311439991
5112.56,0.309170008
5117.61,0.306607008
5122.66,0.303849995
5127.73,0.301158011
5132.81,0.29835999
5137.89,0.295646995
5142.99,0.292789996
5148.1,0.289887011
5153.22,0.287104994
5158.34,0.284411997
5163.48,0.281670004
5168.63,0.279125005
5173.79,0.276573002
5178.96,0.274039
5184.13,0.271375
5189.32,0.268976003
5194.52,0.266694009
5199.73,0.264526993
5204.96,0.262396008
5210.19,0.260383993
5215.43,0.258462012
5220.68,0.256906986
5225.94,0.25532499
5231.22,0.253845006
5236.5,0.252472997
5241.79,0.251255006
5247.1,0.250119001
5252.42,0.249194995
5257.74,0.248414993
5263.08,0.24774
5268.43,0.247067004
5273.79,0.246603996
5279.16,0.246068999
5284.54,0.245647997
5289.93,0.245217994
5295.34,0.244885996
5300.75,0.244617
5306.18,0.244213
5311.61,0.243862003
5317.06,0.243605003
5322.52,0.243214995
5327.99,0.242950007
5333.47,0.242700994
5338.96,0.242513999
5344.47,0.242282003
5349.98,0.241993994
5355.51,0.241780996
5361.05,0.241685003
5366.6,0.241386995
5372.16,0.241265997
5377.73,0.241072997
5383.32,0.240823001
5388.91,0.240605995
5394.52,0.240437999
5400.14,0.240227997
5405.77,0.240022004
5411.41,0.239693001
5417.07,0.239317998
5422.74,0.238749996
5428.41,0.238556996
5434.1,0.238235995
5439.81,0.237651005
5445.52,0.236964002
5451.25,0.236305997
5456.98,0.235514998
5462.73,0.234650999
5468.5,0.23387
5474.27,0.233201995
5480.06,0.232314005
5485.86,0.231511995
5491.67,0.230483994
5497.49,0.229525
5503.33,0.228522003
5509.18,0.227502003
5515.04,0.226371005
5520.91,0.225245997
5526.8,0.224010006
5532.69,0.222857997
5538.61,0.221689999
5544.53,0.220468998
5550.47,0.219193995
5556.41,0.218012005
5562.38,0.216987997
5568.35,0.215885997
5574.34,0.214745998
5580.34,0.213737994
5586.35,0.212955996
5592.38,0.212201998
5598.42,0.211342007
5604.47,0.210687995
5610.54,0.210095003
5616.61,0.209481001
5622.71,0.208859995
5628.81,0.208325997
5634.93,0.207850993
5641.06,0.207432002
5647.21,0.207265005
5653.36,0.207140997
5659.54,0.206735998
5665.72,0.206645995
5671.92,0.206376001
5678.13,0.206248
5684.36,0.206435993
5690.6,0.206619993
5696.85,0.206851006
5703.12,0.207164004
5709.4,0.207218006
5715.69,0.207652003
5722,0.208001003
5728.33,0.208148003
5734.66,0.208229005
5741.01,0.208422005
5747.38,0.208250999
5753.76,0.208107993
5760.15,0.207862005
5766.56,0.207215995
5772.98,0.206931993
5779.41,0.206639007
5785.86,0.205798
5792.33,0.205128998
5798.81,0.204282999
5805.3,0.203509003
5811.81,0.202653006
5818.33,0.201653004
5824.87,0.200424999
5831.42,0.199321002
5837.99,0.197727993
5844.57,0.196016997
5851.17,0.194057003
5857.78,0.192118004
5864.41,0.189990997
5871.05,0.187928006
5877.7,0.185664997
5884.38,0.183693007
5891.06,0.182030007
5897.76,0.180289999
5904.48,0.178766996
5911.21,0.177241996
5917.96,0.175555006
5924.73,0.173841998
5931.5,0.171875
5938.3,0.169902995
5945.11,0.167719007
5951.93,0.165475994
5958.78,0.162864
5965.63,0.160109997
5972.51,0.157160997
5979.39,0.154079005
5986.3,0.150952995
5993.22,0.147871003
6000.16,0.144464001
6007.11,0.141182005
6014.08,0.137684003
6021.06,0.134147003
6028.06,0.130528003
6035.08,0.126901999
6042.12,0.123305999
6049.17,0.120246999
6056.23,0.116669998
6063.32,0.113110997
6070.42,0.110009998
6077.53,0.106870003
6084.67,0.103646003
6091.82,0.100932002
6098.98,0.098408997
6106.17,0.096197002
6113.37,0.094346002
6120.58,0.092719004
6127.82,0.091185004
6135.07,0.090149999
6142.34,0.089446001
6149.63,0.089192003
6156.93,0.089322001
6164.25,0.090230003
6171.59,0.091806002
6178.95,0.093703002
6186.32,0.096271001
6193.71,0.100043997
6201.12,0.103759997
6208.54,0.107501
6215.99,0.111840002
6223.45,0.116364002
6230.93,0.120963
6238.43,0.125687003
6245.95,0.130414993
6253.48,0.134941995
6261.03,0.139400005
6268.6,0.143618003
6276.19,0.147584006
6283.8,0.151252002
6291.43,0.154688001
6299.07,0.158013001
6306.73,0.161201999
6314.42,0.164089993
6322.12,0.166876003
6329.84,0.169549003
6337.57,0.172069997
6345.33,0.174213007
6353.11,0.176648006
6360.9,0.178616002
6368.72,0.179989994
6376.55,0.181704
6384.4,0.183580995
6392.27,0.184850007
6400.17,0.186125994
6408.08,0.187254995
6416.01,0.188452005
6423.96,0.190487996
6431.93,0.191999003
6439.92,0.193498001
6447.93,0.195386007
6455.96,0.197163001
6464.01,0.199247003
6472.08,0.201327994
6480.17,0.203600004
6488.28,0.205817997
6496.41,0.208205998
6504.56,0.211089
6512.73,0.213320002
6520.92,0.214701995
6529.14,0.216370001
6537.37,0.217663005
6545.63,0.218399003
6553.9,0.218821004
6562.2,0.219247997
6570.51,0.219325006
6578.85,0.219230995
6587.21,0.218994007
6595.59,0.218261003
6603.99,0.217435002
6612.42,0.216233999
6620.86,0.214858994
6629.33,0.213257
6637.82,0.211638004
6646.33,0.209925994
6654.86,0.208020002
6663.41,0.205871001
6671.99,0.203666002
6680.59,0.201269999
6689.21,0.198771
6697.85,0.196073994
6706.51,0.193361998
6715.2,0.190284997
6723.91,0.187105
6732.64,0.183704004
6741.4,0.180124998
6750.18,0.176385999
6758.98,0.172728002
6767.8,0.169128999
6776.65,0.165426999
6785.52,0.161410004
6794.41,0.157618999
6803.33,0.153919995
6812.27,0.150769994
6821.23,0.147874996
6830.22,0.145211995
6839.23,0.142462
6848.26,0.13978
6857.32,0.137127995
6866.4,0.134711996
6875.51,0.132287994
6884.64,0.130131006
6893.8,0.127910003
6902.98,0.125918001
6912.18,0.123937003
6921.41,0.121974997
6930.66,0.119934998
6939.94,0.117982998
6949.24,0.115865998
6958.57,0.113981001
6967.92,0.111850999
6977.3,0.109674998
6986.7,0.107648
6996.13,0.10588
7005.59,0.104029
7015.07,0.102430001
7024.57,0.100906998
7034.1,0.099564999
7043.66,0.098353997
7053.25,0.097341999
7062.85,0.096205004
7072.49,0.095537998
7082.15,0.094977997
7091.84,0.094665997
7101.55,0.094319999
7111.3,0.094011001
7121.06,0.093595996
7130.86,0.093299001
7140.68,0.092941001
7150.53,0.092655003
7160.41,0.092120998
7170.31,0.091769002
7180.24,0.091526002
7190.2,0.091412999
7200.19,0.091146
7210.2,0.090980999
7220.24,0.090697996
7230.31,0.090461999
7240.41,0.090195999
7250.54,0.090107001
7260.69,0.089924
7270.88,0.089850001
7281.09,0.089685
7291.33,0.089694001
7301.6,0.089663997
7311.9,0.089759
7322.22,0.089766003
7332.58,0.089993998
7342.97,0.090167001
7353.38,0.090374
7363.83,0.090566002
7374.3,0.090824001
7384.81,0.090975001
7395.34,0.091287002
7405.91,0.091554999
7416.5,0.091991
7427.13,0.092556
7437.78,0.093135998
7448.47,0.093524002
7459.19,0.093924999
7469.94,0.094286002
7480.71,0.094741002
7491.52,0.095142998
7502.37,0.095461003
7513.24,0.095500998
7524.14,0.095613003
7535.08,0.095677003
7546.05,0.095700003
7557.05,0.095595002
7568.08,0.095374003
7579.15,0.095060997
7590.24,0.094805002
7601.37,0.094417997
7612.53,0.093837999
7623.73,0.093102001
7634.96,0.092439003
7646.22,0.091646999
7657.51,0.090804003
7668.84,0.08997
7680.2,0.089171
7691.59,0.088156
7703.02,0.087049
7714.49,0.085891999
7725.98,0.084960997
7737.52,0.083948001
7749.08,0.082749002
7760.68,0.081487998
7772.32,0.080436997
7783.99,0.079259999
7795.69,0.077921003
7807.43,0.076468997
7819.21,0.075150996
7831.02,0.073774002
7842.87,0.072461002
7854.75,0.071055003
7866.67,0.069660999
7878.62,0.068233997
7890.62,0.066797003
7902.64,0.065319002
7914.71,0.063799001
7926.81,0.062174
7938.95,0.060616001
7951.13,0.058984999
7963.34,0.057463001
7975.59,0.055805001
7987.88,0.054125
8000.21,0.052398998
8012.57,0.050822999
8024.98,0.049194001
8037.42,0.047495
8049.9,0.045887999
8062.42,0.044445001
8074.98,0.042870998
8087.57,0.041257001
8100.21,0.039742999
8112.89,0.038369
8125.6,0.036922999
8138.36,0.035592999
8151.16,0.034345001
8163.99,0.033335999
8176.87,0.032198001
8189.79,0.031063
8202.75,0.029947
8215.75,0.029231001
8228.79,0.028496001
8241.87,0.027889
8254.99,0.027301
8268.16,0.026815001
8281.37,0.026426001
8294.62,0.026219999
8307.91,0.026207
8321.24,0.026419999
8334.62,0.026519001
8348.04,0.026760001
8361.51,0.027177
8375.02,0.028129
8388.57,0.029052
8402.16,0.030162999
8415.8,0.031433001
8429.49,0.032977998
8443.22,0.034715001
8456.99,0.036848001
8470.81,0.039030001
8484.67,0.04157
8498.58,0.044410001
8512.54,0.047717001
8526.54,0.051307
8540.58,0.054977998
8554.68,0.05861
8568.82,0.062638
8583,0.067060001
8597.24,0.071620002
8611.52,0.075810999
8625.85,0.080057003
8640.23,0.084096998
8654.65,0.087730996
8669.12,0.090622999
8683.64,0.092747003
8698.21,0.094218999
8712.83,0.094718002
8727.5,0.094085999
8742.22,0.092762001
8756.99,0.091018997
8771.8,0.089167997
8786.67,0.087047003
8801.59,0.084840998
8816.56,0.082544997
8831.58,0.080342002
8846.65,0.078284003
8861.77,0.076357
8876.94,0.074571997
8892.17,0.073027998
8907.45,0.071693003
8922.78,0.070579
8938.16,0.069617003
8953.6,0.068703003
8969.09,0.067897998
8984.64,0.067258999
9000.23,0.066751003
9015.89,0.066574998
9031.59,0.066416003
9047.36,0.066131003
9063.17,0.065743998
9079.05,0.065692998
9094.97,0.065387003
9110.96,0.065160997
9127,0.065263003
9143.1,0.065546997
9159.25,0.065839
9175.46,0.066156
9191.73,0.066664003
9208.06,0.067351997
9224.44,0.06803
9240.88,0.068976
9257.38,0.070214003
9273.94,0.071668997
9290.56,0.073146999
9307.24,0.074492
9323.98,0.075993001
9340.78,0.077838004
9357.64,0.079591997
9374.57,0.081473
9391.55,0.083470002
9408.59,0.085400999
9425.7,0.087397002
9442.87,0.089272
9460.1,0.090530001
9477.4,0.091349997
9494.75,0.091664001
9512.17,0.091693997
9529.66,0.091491997
9547.21,0.091133997
9564.83,0.090787001
9582.5,0.090526998
9600.25,0.090034001
9618.06,0.089461997
9635.94,0.088744
9653.88,0.087826997
9671.89,0.086574003
9689.97,0.085225999
9708.12,0.083628997
9726.33,0.082261004
9744.62,0.080677003
9762.97,0.078896999
9781.39,0.077128001
9799.88,0.075554997
9818.44,0.073820002
9837.07,0.072067
9855.77,0.070197999
9874.54,0.068322003
9893.39,0.066595003
9912.3,0.065204002
9931.29,0.063657001
9950.36,0.061960999
9969.49,0.060081001
9988.7,0.058439001
10007.98,0.057037
10027.34,0.055707999
10046.77,0.054425001
10066.28,0.053353999
10085.87,0.051936001
10105.53,0.050712999
10125.26,0.049575001
10145.08,0.048393
10164.97,0.04716
10184.94,0.045926999
10204.99,0.044966001
10225.12,0.044204999
10245.33,0.043474
10265.61,0.042672001
10285.98,0.041924
10306.43,0.041253999
10326.96,0.040706001
10347.57,0.040398002
10368.27,0.039953999
10389.05,0.039462999
10409.91,0.039239999
10430.86,0.039234001
10451.88,0.038826998
10473,0.038637999
10494.2,0.038481999
10515.49,0.038387001
10536.86,0.038240999
10558.32,0.038171999
10579.87,0.038274001
10601.5,0.038504001
10623.23,0.038672
10645.04,0.038938001
10666.94,0.039124001
10688.94,0.039151002
10711.02,0.039248999
10733.2,0.039508
10755.47,0.039827
10777.83,0.040374
10800.28,0.040819
10822.83,0.041226
10845.47,0.041636001
10868.21,0.041931
10891.04,0.042371999
10913.97,0.042916998
10936.99,0.043274999
10960.12,0.044018999
10983.34,0.044822
11006.66,0.045846
11030.07,0.046909001
11053.59,0.048161998
11077.21,0.049571998
11100.93,0.051185999
11124.75,0.053027
11148.68,0.054825
11172.71,0.056699
11196.84,0.058772001
11221.07,0.060711
11245.41,0.062964
11269.86,0.065376997
11294.41,0.067748003
11319.07,0.069867998
11343.84,0.071847998
11368.72,0.073661
11393.7,0.075326003
11418.8,0.076783001
11444.01,0.078267001
11469.33,0.079407997
11494.76,0.080192
11520.3,0.080989003
11545.96,0.081840001
11571.73,0.082617
11597.62,0.083348997
11623.62,0.083862998
11649.74,0.084206998
11675.98,0.084481001
11702.34,0.084909
11728.81,0.084862001
11755.41,0.084871002
11782.13,0.084948003
11808.96,0.084795997
11835.92,0.084388003
11863.01,0.084155001
11890.22,0.083834
11917.55,0.083085001
11945.01,0.081960998
11972.6,0.080752
12000.31,0.079412997
12028.16,0.077822998
12056.13,0.075810999
12084.23,0.073469996
12112.46,0.070959002
12140.83,0.068448
12169.33,0.065631002
12197.96,0.062964
12226.73,0.061037
12255.64,0.059691999
12284.68,0.058555
12313.86,0.057677999
12343.18,0.056609999
12372.64,0.055626001
12402.24,0.055105001
12431.98,0.054699
12461.86,0.054115001
12491.89,0.053746
12522.07,0.053172
12552.38,0.052875001
12582.85,0.052740999
12613.47,0.05243
12644.23,0.05243
12675.15,0.052623998
12706.21,0.052592002
12737.43,0.052450001
12768.81,0.052142002
12800.33,0.052230999
12832.02,0.052517001
12863.86,0.052811999
12895.86,0.053002
12928.02,0.052762002
12960.34,0.052513
12992.82,0.052288
13025.46,0.052223001
13058.27,0.052000001
13091.25,0.051265001
13124.39,0.0506
13157.7,0.050014
13191.18,0.049052998
13224.83,0.047708001
13258.66,0.046544999
13292.65,0.045908
13326.83,0.045136999
13361.17,0.044025999
13395.7,0.043090999
13430.4,0.041916002
13465.29,0.040833998
13500.35,0.039941002
13535.6,0.039402001
13571.03,0.038467001
13606.65,0.037361
13642.46,0.036437001
13678.46,0.035615999
13714.64,0.034495998
13751.02,0.033314999
13787.59,0.032003999
13824.36,0.030526999
13861.32,0.028876999
13898.49,0.027334001
13935.85,0.025632
13973.41,0.024021
14011.17,0.022406001
14049.15,0.020509001
14087.32,0.018658999
14125.71,0.017481999
14164.3,0.016555
14203.11,0.01588
14242.13,0.015426
14281.36,0.015201
14320.81,0.015101
14360.49,0.01517
14400.38,0.015337
14440.49,0.015958
14480.82,0.016485
14521.39,0.017166
14562.18,0.017735001
14603.2,0.017905001
14644.45,0.01822
14685.93,0.018866999
14727.66,0.019169999
14769.62,0.019266
14811.81,0.019494001
14854.25,0.019979
14896.94,0.020385001
14939.87,0.020826999
14983.05,0.021213001
15026.48,0.02179
15070.16,0.022495
15114.1,0.023096001
15158.29,0.023286
15202.74,0.023321001
15247.46,0.023436001
15292.43,0.023728
15337.68,0.023623999
15383.19,0.023349
15428.97,0.023049001
15475.03,0.023
15521.36,0.022803999
15567.97,0.022729
15614.87,0.022705
15662.04,0.022697
15709.5,0.022321001
15757.25,0.022151999
15805.29,0.022019001
15853.62,0.021857001
15902.26,0.021795999
15951.19,0.021722
16000.42,0.021149
16049.95,0.020887
16099.8,0.020529
16149.95,0.020330001
16200.42,0.019913999
16251.209,0.019247999
16302.311,0.018743001
16353.741,0.018517001
16405.491,0.018051
16457.569,0.017634001
16509.979,0.016804
16562.731,0.016316
16615.82,0.015961001
16669.241,0.015262
16723.021,0.014555
16777.14,0.014188
16831.61,0.013804
16886.431,0.013623
16941.62,0.013187
16997.16,0.013204
17053.08,0.013918
17109.36,0.014661
17166.01,0.016155999
17223.04,0.018547
17280.451,0.021087
17338.24,0.024453999
17396.429,0.028343
17455,0.033277001
17513.969,0.038819
17573.339,0.045054
17633.11,0.051509
17693.291,0.057633001
17753.889,0.063216001
17814.899,0.068240002
17876.329,0.072627001
17938.181,0.076801002
18000.469,0.080541
18063.19,0.083136998
18126.35,0.085291997
18189.951,0.086934999
18254,0.088212997
18318.501,0.089293003
18383.459,0.090034999
18448.879,0.090432003
18514.771,0.090801001
18581.129,0.091240004
18647.97,0.091067001
18715.29,0.091413997
18783.1,0.092639998
18851.4,0.093579002
18920.2,0.093719997
18989.51,0.093185998
19059.32,0.092909001
19129.65,0.092056997
19200.5,0.091015004
19271.879,0.089478999
19343.79,0.088244997
19416.241,0.087683998
19489.229,0.085989997
19562.771,0.084885001
19636.881,0.084556997
19711.54,0.084310003
19786.779,0.082636997
19862.591,0.081404999
19938.98,0.080825001
20015.961,0.080215
20093.55,0.079746999
20171.73,0.079410002
20250.53,0.078919001
20329.941,0.079426996
20409.981,0.080495
20490.65,0.081642002
20571.96,0.082402997
20653.919,0.082414001
20736.54,0.082056999
20819.82,0.082194999
20903.77,0.082102001
20988.4,0.081344001
21073.721,0.080219001
21159.731,0.079577997
21246.46,0.079116002
21333.891,0.077657998
21422.041,0.076191999
21510.929,0.075286001
21600.559,0.073322996
21690.941,0.070277996
21782.08,0.067535996
21873.989,0.065839998
21966.669,0.063646004
22060.15,0.062079001
22154.421,0.061833002
22249.51,0.061825
22345.409,0.06222
22442.141,0.062684998
22539.721,0.062098
22638.14,0.060341999
22737.431,0.058205001
22837.601,0.056990001
22938.65,0.055435002
23040.6,0.052469999
23143.459,0.051210001
23247.24,0.051447999
23351.959,0.049738001
23457.63,0.047049999
23564.251,0.045692999
23671.85,0.046337999
23780.439,0.046379998
23890.02,0.046128999
24000.629,0.04518
24112.261,0.045015998
24224.93,0.044718999
24338.659,0.044557001
24453.47,0.043912999
24569.361,0.042054001
24686.359,0.041921999
24804.47,0.042286001
24923.731,0.042888999
25044.13,0.043536998
25165.71,0.041379001
25288.46,0.040059999
25412.43,0.038761999
25537.609,0.041859001
25664.04,0.046776999
25791.719,0.046585001
25920.679,0.043758001