Data ID,Saponite LASA58
Sample ID,LASA58
Mineral Name,saponite
Sample Description,
Date Added,
Viewing Geometry,
Other Information,
Grain Size,
Database of Origin,MICA Files (USGS/RELAB)
Wavelength,Response
300.0,0.18223099410533905
305.0,0.1903419941663742
310.0,0.20497600734233856
315.0,0.22197900712490082
320.0,0.24110500514507294
325.0,0.2609269917011261
330.0,0.2826800048351288
335.0,0.3052369952201843
340.0,0.3303169906139374
345.0,0.35524800419807434
350.0,0.38134101033210754
355.0,0.408407986164093
360.0,0.43375998735427856
365.0,0.45520201325416565
370.0,0.47811800241470337
375.0,0.5010409951210022
380.0,0.5216630101203918
385.0,0.5415760278701782
390.0,0.5646470189094543
395.0,0.5872499942779541
400.0,0.6040570139884949
405.0,0.6150270104408264
410.0,0.6289899945259094
415.0,0.6391540169715881
420.0,0.6494609713554382
425.0,0.6602439880371094
430.0,0.6703569889068604
435.0,0.6832829713821411
440.0,0.6921340227127075
445.0,0.7023130059242249
450.0,0.7089250087738037
455.0,0.7162140011787415
460.0,0.7250139713287354
465.0,0.7374939918518066
470.0,0.7529889941215515
475.0,0.7650009989738464
480.0,0.7741180062294006
485.0,0.7834799885749817
490.0,0.7909870147705078
495.0,0.8005250096321106
500.0,0.8067470192909241
505.0,0.815310001373291
510.0,0.8227239847183228
515.0,0.8312399983406067
520.0,0.8349890112876892
525.0,0.8424440026283264
530.0,0.8462089896202087
535.0,0.850937008857727
540.0,0.8529059886932373
545.0,0.8581910133361816
550.0,0.8602529764175415
555.0,0.8633620142936707
560.0,0.86360102891922
565.0,0.8674529790878296
570.0,0.8689879775047302
575.0,0.870481014251709
580.0,0.8715620040893555
585.0,0.8738710284233093
590.0,0.875789999961853
595.0,0.8767690062522888
600.0,0.8784989714622498
605.0,0.8817539811134338
610.0,0.8808749914169312
615.0,0.8825460076332092
620.0,0.8819820284843445
625.0,0.8837090134620667
630.0,0.8838430047035217
635.0,0.8860669732093811
640.0,0.8870729804039001
645.0,0.8887799978256226
650.0,0.8874920010566711
655.0,0.8910490274429321
660.0,0.8938120007514954
665.0,0.8963479995727539
670.0,0.8966259956359863
675.0,0.8996750116348267
680.0,0.9021289944648743
685.0,0.9021509885787964
690.0,0.9051550030708313
695.0,0.9049559831619263
700.0,0.9069499969482422
705.0,0.9094120264053345
710.0,0.9083619713783264
715.0,0.9110209941864014
720.0,0.9112079739570618
725.0,0.9131919741630554
730.0,0.9169769883155823
735.0,0.9188039898872375
740.0,0.9161810278892517
745.0,0.9147930145263672
750.0,0.9140440225601196
755.0,0.9153860211372375
760.0,0.9193440079689026
765.0,0.9205150008201599
770.0,0.9174479842185974
775.0,0.9183930158615112
780.0,0.9187570214271545
785.0,0.9178720116615295
790.0,0.9168490171432495
795.0,0.9168450236320496
800.0,0.913178026676178
805.0,0.9154469966888428
810.0,0.9128209948539734
815.0,0.9138039946556091
820.0,0.9146220088005066
825.0,0.9143409729003906
830.0,0.9115779995918274
835.0,0.9124889969825745
840.0,0.9152020215988159
845.0,0.9149159789085388
850.0,0.9132980108261108
855.0,0.9137020111083984
860.0,0.9149839878082275
865.0,0.9086610078811646
870.0,0.9095370173454285
875.0,0.9114879965782166
880.0,0.9123659729957581
885.0,0.9071850180625916
890.0,0.912988007068634
895.0,0.9139789938926697
900.0,0.9136520028114319
905.0,0.9117239713668823
910.0,0.9081299901008606
915.0,0.9125180244445801
920.0,0.9099770188331604
925.0,0.9084380269050598
930.0,0.9080910086631775
935.0,0.9063810110092163
940.0,0.9082930088043213
945.0,0.8950200080871582
950.0,0.88851398229599
955.0,0.900551974773407
960.0,0.8962380290031433
965.0,0.8940160274505615
970.0,0.8969200253486633
975.0,0.9003279805183411
980.0,0.8999639749526978
985.0,0.9009609818458557
990.0,0.9000920057296753
995.0,0.9023000001907349
1000.0,0.9020789861679077
1004.9999999999999,0.9037550091743469
1010.0,0.9041579961776733
1014.9999999999999,0.9065619707107544
1020.0,0.907742977142334
1025.0,0.906328022480011
1030.0,0.9076120257377625
1035.0,0.9098399877548218
1040.0,0.9087910056114197
1045.0,0.9096900224685669
1050.0,0.9106360077857971
1055.0,0.9104629755020142
1060.0,0.9120140075683594
1065.0,0.9105759859085083
1070.0,0.9124670028686523
1075.0,0.9121149778366089
1080.0,0.9133319854736328
1085.0,0.9127609729766846
1090.0,0.9121050238609314
1095.0,0.9138780236244202
1100.0,0.9121249914169312
1105.0,0.9144240021705627
1110.0,0.9134640097618103
1115.0,0.9120569825172424
1120.0,0.9118660092353821
1125.0,0.9118030071258545
1130.0,0.9112930297851562
1135.0,0.9058060050010681
1140.0,0.903095006942749
1145.0,0.8943520188331604
1150.0,0.8856719732284546
1155.0,0.8821060061454773
1160.0,0.8840180039405823
1165.0,0.8898249864578247
1170.0,0.8933759927749634
1175.0,0.8955699801445007
1180.0,0.9000329971313477
1185.0,0.8995599746704102
1190.0,0.9015679955482483
1195.0,0.9012849926948547
1200.0,0.9035869836807251
1205.0,0.9041190147399902
1210.0,0.9028810262680054
1215.0,0.9070600271224976
1220.0,0.9053850173950195
1225.0,0.9086310267448425
1230.0,0.9067299962043762
1235.0,0.9089949727058411
1240.0,0.9088249802589417
1245.0,0.907480001449585
1250.0,0.910057008266449
1255.0,0.9104809761047363
1260.0,0.9086099863052368
1265.0,0.9102569818496704
1270.0,0.9061459898948669
1275.0,0.9050970077514648
1280.0,0.9032689929008484
1285.0,0.9068210124969482
1290.0,0.9073749780654907
1295.0,0.9016460180282593
1300.0,0.9011480212211609
1305.0,0.9010829925537109
1310.0,0.8999419808387756
1315.0,0.8961470127105713
1320.0,0.8897579908370972
1325.0,0.8844379782676697
1330.0,0.8782209753990173
1335.0,0.8737890124320984
1340.0,0.8695679903030396
1345.0,0.8641319870948792
1350.0,0.8583869934082031
1355.0,0.851140022277832
1360.0,0.8456400036811829
1365.0,0.8439139723777771
1370.0,0.8345080018043518
1375.0,0.821349024772644
1380.0,0.7965390086174011
1385.0,0.7239289879798889
1390.0,0.5725100040435791
1395.0,0.6407250165939331
1400.0,0.6835520267486572
1405.0,0.6592119932174683
1410.0,0.6389859914779663
1415.0,0.6333060264587402
1420.0,0.6414539813995361
1425.0,0.6574159860610962
1430.0,0.6727240085601807
1435.0,0.6867430210113525
1440.0,0.698714017868042
1445.0,0.7070930004119873
1450.0,0.7133539915084839
1455.0,0.7160300016403198
1460.0,0.7145980000495911
1465.0,0.7162500023841858
1470.0,0.7243000268936157
1475.0,0.735817015171051
1480.0,0.7492660284042358
1485.0,0.760109007358551
1490.0,0.7676720023155212
1495.0,0.77565598487854
1500.0,0.7829769849777222
1505.0,0.78780597448349
1510.0,0.7940340042114258
1515.0,0.7992600202560425
1520.0,0.8028280138969421
1525.0,0.808118999004364
1530.0,0.8123189806938171
1535.0,0.8155940175056458
1540.0,0.8209260106086731
1545.0,0.8246129751205444
1550.0,0.8283259868621826
1555.0,0.8297169804573059
1560.0,0.8338479995727539
1565.0,0.837431013584137
1570.0,0.8404480218887329
1575.0,0.841027021408081
1580.0,0.8420770168304443
1585.0,0.8457559943199158
1590.0,0.8473309874534607
1595.0,0.8500490188598633
1600.0,0.8506739735603333
1605.0,0.8537999987602234
1610.0,0.8516629934310913
1615.0,0.8541010022163391
1620.0,0.8554829955101013
1625.0,0.8573099970817566
1630.0,0.8558200001716614
1635.0,0.8596699833869934
1640.0,0.8598960041999817
1645.0,0.8606020212173462
1650.0,0.8633180260658264
1655.0,0.8607000112533569
1660.0,0.8602420091629028
1665.0,0.8603169918060303
1670.0,0.8609470129013062
1675.0,0.8594499826431274
1680.0,0.8592730164527893
1685.0,0.8580510020256042
1690.0,0.8591430187225342
1695.0,0.8574069738388062
1700.0,0.85589998960495
1705.0,0.8547419905662537
1710.0,0.8521919846534729
1715.0,0.8495820164680481
1720.0,0.847419023513794
1725.0,0.8438220024108887
1730.0,0.8416380286216736
1735.0,0.8376340270042419
1740.0,0.8332539796829224
1745.0,0.8295509815216064
1750.0,0.8267430067062378
1755.0,0.8221160173416138
1760.0,0.8184689879417419
1765.0,0.8144209980964661
1770.0,0.8118939995765686
1775.0,0.8072400093078613
1780.0,0.8045729994773865
1785.0,0.8016179800033569
1790.0,0.7985119819641113
1795.0,0.7956969738006592
1800.0,0.7923539876937866
1805.0,0.7919039726257324
1810.0,0.7882609963417053
1815.0,0.786171019077301
1820.0,0.7840390205383301
1825.0,0.784546971321106
1830.0,0.7791110277175903
1835.0,0.7743939757347107
1840.0,0.7739959955215454
1845.0,0.7699609994888306
1850.0,0.763562023639679
1855.0,0.7548480033874512
1860.0,0.743914008140564
1865.0,0.725255012512207
1870.0,0.6967909932136536
1875.0,0.6743630170822144
1880.0,0.6319689750671387
1885.0,0.5707370042800903
1890.0,0.500186026096344
1895.0,0.4268679916858673
1900.0,0.37178900837898254
1905.0,0.34726500511169434
1910.0,0.35245901346206665
1915.0,0.37157899141311646
1920.0,0.3965669870376587
1925.0,0.4260979890823364
1930.0,0.44784098863601685
1935.0,0.4636020064353943
1940.0,0.4750460088253021
1945.0,0.48455101251602173
1950.0,0.4916110038757324
1955.0,0.4967600107192993
1960.0,0.5048840045928955
1965.0,0.5127009749412537
1970.0,0.5225350260734558
1975.0,0.5325890183448792
1980.0,0.5435760021209717
1985.0,0.5553990006446838
1990.0,0.5657449960708618
1995.0,0.5775970220565796
2000.0,0.5900800228118896
2005.0,0.6021869778633118
2009.9999999999998,0.6119310259819031
2015.0000000000002,0.6214159727096558
2020.0,0.6304290294647217
2025.0,0.6395419836044312
2029.9999999999998,0.6461250185966492
2035.0000000000002,0.6542289853096008
2040.0,0.6596810221672058
2045.0,0.664322018623352
2050.0,0.6693450212478638
2055.0,0.6723750233650208
2060.0,0.6748780012130737
2065.0,0.6776890158653259
2070.0,0.6811349987983704
2075.0,0.6830080151557922
2080.0,0.683443009853363
2085.0,0.6825159788131714
2090.0,0.6824359893798828
2095.0,0.6839339733123779
2100.0,0.6870440244674683
2105.0,0.6856729984283447
2110.0,0.6895989775657654
2115.0,0.6893519759178162
2120.0,0.6913459897041321
2125.0,0.6909850239753723
2130.0,0.6922770142555237
2135.0,0.6946939826011658
2140.0,0.6979140043258667
2145.0,0.6986610293388367
2150.0,0.6986479759216309
2155.0,0.7004780173301697
2160.0,0.6994320154190063
2165.0,0.6993250250816345
2170.0,0.6981970071792603
2175.0,0.6978300213813782
2180.0,0.7006670236587524
2185.0,0.7022079825401306
2190.0,0.7017499804496765
2195.0,0.7014380097389221
2200.0,0.7015920281410217
2205.0,0.7001810073852539
2210.0,0.7005280256271362
2215.0,0.7006739974021912
2220.0,0.6985359787940979
2225.0,0.694940984249115
2230.0,0.6923350095748901
2235.0,0.6883820295333862
2240.0,0.6870740056037903
2245.0,0.6861330270767212
2250.0,0.6853029727935791
2255.0,0.6812520027160645
2260.0,0.6770359873771667
2265.0,0.6671209931373596
2270.0,0.656470000743866
2275.0,0.6403679847717285
2280.0,0.6140589714050293
2285.0,0.5733940005302429
2290.0,0.5316709876060486
2295.0,0.5149620175361633
2300.0,0.52047199010849
2305.0,0.5077850222587585
2310.0,0.4605959951877594
2315.0,0.4318839907646179
2320.0,0.4401479959487915
2325.0,0.4784669876098633
2330.0,0.5240409970283508
2335.0,0.5536680221557617
2340.0,0.5677549839019775
2345.0,0.5750030279159546
2350.0,0.5727289915084839
2355.0,0.5678319931030273
2360.0,0.5604559779167175
2365.0,0.5533919930458069
2370.0,0.5389609932899475
2375.0,0.5182939767837524
2380.0,0.4982669949531555
2385.0,0.47997400164604187
2390.0,0.4699400067329407
2395.0,0.4698620140552521
2400.0,0.4796049892902374
2405.0,0.4946199953556061
2410.0,0.4994170069694519
2415.0,0.4956730008125305
2420.0,0.4852760136127472
2425.0,0.47534099221229553
2430.0,0.4676479995250702
2435.0,0.45900601148605347
2440.0,0.4575609862804413
2445.0,0.4504370093345642
2450.0,0.4435110092163086
2455.0,0.4364579916000366
2460.0,0.4260540008544922
2465.0,0.42141100764274597
2470.0,0.4166319966316223
2475.0,0.41707900166511536
2480.0,0.4140940010547638
2485.0,0.4076859951019287
2490.0,0.4018529951572418
2495.0,0.39736199378967285
2500.0,0.3941279947757721
2505.0,0.3897800147533417
2510.0,0.38582101464271545
2515.0,0.37962600588798523
2520.0,0.37759000062942505
2525.0,0.3735730051994324
2530.0,0.3689559996128082
2531.32,0.3685090243816376
2532.55,0.36809253692626953
2533.7900000000004,0.3676726818084717
2535.0299999999997,0.3672681450843811
2536.27,0.36748218536376953
2537.51,0.36769619584083557
2538.75,0.367910236120224
2540.0,0.3681260049343109
2541.2400000000002,0.36658570170402527
2542.49,0.36503294110298157
2543.7400000000002,0.36348018050193787
2544.99,0.36192744970321655
2546.2400000000002,0.36166277527809143
2547.49,0.3614085614681244
2548.74,0.3611542880535126
2549.9900000000002,0.36090004444122314
2551.25,0.36058351397514343
2552.5,0.3602690100669861
2553.76,0.35996899008750916
2555.02,0.36065301299095154
2556.28,0.36044299602508545
2557.54,0.36014699935913086
2558.8,0.35909101366996765
2560.07,0.35832101106643677
2561.33,0.3579219877719879
2562.6000000000004,0.35811400413513184
2563.86,0.358364999294281
2565.13,0.35895299911499023
2566.3999999999996,0.35957300662994385
2567.67,0.3591499924659729
2568.9500000000003,0.3581100106239319
2570.22,0.3583590090274811
2571.5,0.3586130142211914
2572.77,0.35765698552131653
2574.05,0.3565399944782257
2575.33,0.3576290011405945
2576.61,0.35712099075317383
2577.89,0.35722801089286804
2579.17,0.35784998536109924
2580.46,0.3570680022239685
2581.74,0.3562520146369934
2583.0299999999997,0.3563289940357208
2584.31,0.3553619980812073
2585.6,0.3570300042629242
2586.89,0.3563989996910095
2588.19,0.3560490012168884
2589.48,0.35703301429748535
2590.77,0.35759401321411133
2592.07,0.356779009103775
2593.36,0.35526201128959656
2594.6600000000003,0.3536820113658905
2595.96,0.3563210070133209
2597.2599999999998,0.3585929870605469
2598.56,0.357232004404068
2599.8700000000003,0.35570600628852844
2601.17,0.35503700375556946
2602.48,0.35477399826049805
2603.78,0.3546609878540039
2605.09,0.35390201210975647
2606.3999999999996,0.3540720045566559
2607.71,0.3553920090198517
2609.03,0.35543501377105713
2610.3399999999997,0.35447999835014343
2611.6600000000003,0.35426899790763855
2612.97,0.3537200093269348
2614.29,0.35347598791122437
2615.61,0.35297200083732605
2616.93,0.3515479862689972
2618.25,0.352088987827301
2619.57,0.3519099950790405
2620.8999999999996,0.35046499967575073
2622.22,0.35203999280929565
2623.5499999999997,0.3513199985027313
2624.88,0.34968599677085876
2626.21,0.34813499450683594
2627.5400000000004,0.34745699167251587
2628.87,0.3475410044193268
2630.21,0.3460949957370758
2631.5400000000004,0.34639298915863037
2632.88,0.34701600670814514
2634.21,0.3457050025463104
2635.5499999999997,0.3451620042324066
2636.8900000000003,0.34391099214553833
2638.2400000000002,0.34291699528694153
2639.58,0.3417550027370453
2640.92,0.3405889868736267
2642.27,0.33943599462509155
2643.62,0.33890798687934875
2644.97,0.33753499388694763
2646.3199999999997,0.33599698543548584
2647.67,0.3350059986114502
2649.02,0.33372700214385986
2650.38,0.3318980038166046
2651.73,0.33032500743865967
2653.09,0.32871198654174805
2654.4500000000003,0.32756099104881287
2655.81,0.3252829909324646
2657.1699999999996,0.32362601161003113
2658.5299999999997,0.32101500034332275
2659.89,0.31811100244522095
2661.2599999999998,0.31519898772239685
2662.63,0.3118790090084076
2664.0,0.307794988155365
2665.36,0.30288898944854736
2666.74,0.2977510094642639
2668.11,0.29345399141311646
2669.48,0.28830501437187195
2670.8599999999997,0.28120899200439453
2672.23,0.2749040126800537
2673.61,0.26742300391197205
2674.9900000000002,0.25923600792884827
2676.37,0.25120699405670166
2677.76,0.24252000451087952
2679.14,0.2345529943704605
2680.52,0.2261810004711151
2681.91,0.2175540030002594
2683.3,0.20924800634384155
2684.6899999999996,0.2020229995250702
2686.08,0.1947219967842102
2687.47,0.18788599967956543
2688.87,0.1819780021905899
2690.2599999999998,0.17764399945735931
2691.6600000000003,0.17364400625228882
2693.06,0.17042599618434906
2694.46,0.16790300607681274
2695.86,0.16674000024795532
2697.26,0.16539999842643738
2698.66,0.16401900351047516
2700.07,0.1627800017595291
2701.48,0.16103999316692352
2702.89,0.15785999596118927
2704.2999999999997,0.15365399420261383
2705.71,0.14702999591827393
2707.1200000000003,0.13842099905014038
2708.53,0.1277559995651245
2709.9500000000003,0.11581700295209885
2711.37,0.1029060035943985
2712.79,0.0902789980173111
2714.21,0.07971099764108658
2715.63,0.07051499933004379
2717.05,0.06203800067305565
2718.48,0.0554950013756752
2719.9,0.051621999591588974
2721.33,0.04974000155925751
2722.76,0.05058100074529648
2724.19,0.05351199954748154
2725.6200000000003,0.057544998824596405
2727.06,0.06255800276994705
2728.49,0.06845799833536148
2729.93,0.07489699870347977
2731.37,0.08141399919986725
2732.8100000000004,0.08724000304937363
2734.25,0.09162399917840958
2735.69,0.09536200016736984
2737.1400000000003,0.09830500185489655
2738.58,0.09892100095748901
2740.0299999999997,0.09917400032281876
2741.48,0.09954400360584259
2742.93,0.10029499977827072
2744.38,0.10018999874591827
2745.8300000000004,0.0989380031824112
2747.29,0.09825100004673004
2748.75,0.09812899678945541
2750.2,0.0975549966096878
2751.6600000000003,0.09668999910354614
2753.13,0.09609799832105637
2754.5899999999997,0.09517700225114822
2756.05,0.09464100003242493
2757.52,0.09501799941062927
2758.99,0.09489800035953522
2760.46,0.09471599757671356
2761.93,0.09456799924373627
2763.3999999999996,0.09488499909639359
2764.8700000000003,0.09510300308465958
2766.35,0.0951249971985817
2767.82,0.09535600244998932
2769.2999999999997,0.09548100084066391
2770.7799999999997,0.09576000273227692
2772.26,0.09589099884033203
2773.75,0.09615900367498398
2775.23,0.0964059978723526
2776.7200000000003,0.09598200023174286
2778.21,0.0957769975066185
2779.7000000000003,0.09610600024461746
2781.19,0.09620200097560883
2782.68,0.09652300179004669
2784.1800000000003,0.09689400345087051
2785.67,0.09670200198888779
2787.17,0.09648100286722183
2788.67,0.09645500034093857
2790.1699999999996,0.09646099805831909
2791.67,0.09667199850082397
2793.18,0.09701299667358398
2794.68,0.09708800166845322
2796.19,0.09746900200843811
2797.7,0.09800499677658081
2799.21,0.09800899773836136
2800.7200000000003,0.09809199720621109
2802.24,0.0984790027141571
2803.75,0.09870900213718414
2805.27,0.09937100112438202
2806.79,0.09967999905347824
2808.31,0.09990999847650528
2809.83,0.10008399933576584
2811.35,0.1003979966044426
2812.8799999999997,0.1008630022406578
2814.41,0.10143499821424484
2815.93,0.10143700242042542
2817.46,0.1016400009393692
2819.0,0.101951003074646
2820.53,0.10204900056123734
2822.07,0.1024790033698082
2823.6,0.10277300328016281
2825.1400000000003,0.1026960015296936
2826.6800000000003,0.10286100208759308
2828.22,0.10305099934339523
2829.77,0.10356099903583527
2831.3100000000004,0.10385400056838989
2832.86,0.10376399755477905
2834.4100000000003,0.10364499688148499
2835.96,0.10372299700975418
2837.5099999999998,0.10396800190210342
2839.07,0.10403800010681152
2840.62,0.1040010005235672
2842.18,0.10428400337696075
2843.74,0.10450799763202667
2845.2999999999997,0.10477100312709808
2846.86,0.10464999824762344
2848.43,0.10466700047254562
2849.9900000000002,0.10482800006866455
2851.56,0.10462000221014023
2853.13,0.10457800328731537
2854.7,0.10478000342845917
2856.27,0.10498499870300293
2857.85,0.10495000332593918
2859.42,0.10532300174236298
2861.0,0.10577300190925598
2862.58,0.10568799823522568
2864.16,0.10570099949836731
2865.75,0.10576999932527542
2867.33,0.10567399859428406
2868.92,0.10574299842119217
2870.5099999999998,0.10610999912023544
2872.1,0.10603000223636627
2873.69,0.10587900131940842
2875.28,0.10596299916505814
2876.88,0.10633199661970139
2878.48,0.10676799714565277
2880.0699999999997,0.10675399750471115
2881.68,0.10660900175571442
2883.28,0.10681799799203873
2884.88,0.10698399692773819
2886.49,0.10703600198030472
2888.1,0.10707399994134903
2889.71,0.10707399994134903
2891.3199999999997,0.10683500021696091
2892.93,0.10668700188398361
2894.55,0.10685800015926361
2896.16,0.10678800195455551
2897.78,0.10655199736356735
2899.4,0.10653500258922577
2901.03,0.10654100030660629
2902.65,0.10658100247383118
2904.2799999999997,0.1063380017876625
2905.91,0.10646700114011765
2907.54,0.10638199746608734
2909.17,0.10617399960756302
2910.8,0.10642199963331223
2912.44,0.10634099692106247
2914.07,0.10625399649143219
2915.7099999999996,0.10627800226211548
2917.35,0.1064630001783371
2918.99,0.10652799904346466
2920.6400000000003,0.1063380017876625
2922.29,0.10618600249290466
2923.93,0.10615000128746033
2925.58,0.10613600164651871
2927.24,0.10619699954986572
2928.89,0.10648500174283981
2930.55,0.10659000277519226
2932.2,0.10659399628639221
2933.86,0.10690700262784958
2935.52,0.10689300298690796
2937.19,0.1067190021276474
2938.85,0.10684400051832199
2940.52,0.1070920005440712
2942.19,0.10700800269842148
2943.86,0.10706499963998795
2945.53,0.10715799778699875
2947.21,0.10714299976825714
2948.88,0.10727600008249283
2950.56,0.10754799842834473
2952.2400000000002,0.10776899755001068
2953.92,0.10787100344896317
2955.61,0.1078760027885437
2957.29,0.10792600363492966
2958.98,0.10803599655628204
2960.67,0.10834100097417831
2962.3599999999997,0.10879400372505188
2964.06,0.10897800326347351
2965.75,0.10943199694156647
2967.45,0.10950399935245514
2969.15,0.10962899774312973
2970.85,0.10969699919223785
2972.55,0.1098800003528595
2974.26,0.11019600182771683
2975.97,0.11047299951314926
2977.68,0.11096099764108658
2979.39,0.11150199919939041
2981.1,0.11193399876356125
2982.8199999999997,0.11225499957799911
2984.5299999999997,0.1124039962887764
2986.25,0.11279500275850296
2987.97,0.11313199996948242
2989.7,0.11335700005292892
2991.42,0.11384999752044678
2993.15,0.11454399675130844
2994.88,0.11503099650144577
2996.61,0.1151759997010231
2998.3399999999997,0.11535999923944473
3000.08,0.11575300246477127
3001.8199999999997,0.1163019984960556
3003.55,0.11692199856042862
3005.3,0.11753399670124054
3007.04,0.11795700341463089
3008.7799999999997,0.11811999976634979
3010.53,0.11875200271606445
3012.28,0.11936099827289581
3014.03,0.1196340024471283
3015.79,0.12002699822187424
3017.54,0.12081000208854675
3019.2999999999997,0.12139499932527542
3021.06,0.12168700248003006
3022.8199999999997,0.12234699726104736
3024.58,0.12294799834489822
3026.35,0.12346699833869934
3028.12,0.12417499721050262
3029.89,0.12480299919843674
3031.66,0.12536999583244324
3033.4300000000003,0.12594600021839142
3035.21,0.1267230063676834
3036.99,0.12732000648975372
3038.77,0.12768399715423584
3040.55,0.1280989944934845
3042.3300000000004,0.12894199788570404
3044.12,0.12957699596881866
3045.9100000000003,0.1296290010213852
3047.7,0.130062997341156
3049.4900000000002,0.13089099526405334
3051.29,0.13172699511051178
3053.08,0.13212800025939941
3054.8799999999997,0.13230499625205994
3056.6800000000003,0.13266800343990326
3058.49,0.13307900726795197
3060.29,0.13343900442123413
3062.1,0.13395799696445465
3063.91,0.13448700308799744
3065.72,0.1349940001964569
3067.54,0.13552099466323853
3069.35,0.1358029991388321
3071.17,0.13586999475955963
3072.99,0.13612599670886993
3074.81,0.13669699430465698
3076.64,0.1367650032043457
3078.47,0.13673299551010132
3080.2900000000004,0.13709400594234467
3082.1299999999997,0.1377750039100647
3083.96,0.13810400664806366
3085.79,0.13846099376678467
3087.6299999999997,0.13878799974918365
3089.47,0.13900400698184967
3091.31,0.13945099711418152
3093.1600000000003,0.1398719996213913
3095.0099999999998,0.14057600498199463
3096.85,0.14120900630950928
3098.71,0.14145199954509735
3100.5600000000004,0.14186899363994598
3102.41,0.142302006483078
3104.27,0.14287100732326508
3106.1299999999997,0.14361000061035156
3107.9900000000002,0.14428000152111053
3109.8599999999997,0.14508399367332458
3111.73,0.146015003323555
3113.5899999999997,0.14669300615787506
3115.4700000000003,0.14720399677753448
3117.34,0.1479630023241043
3119.21,0.14894700050354004
3121.09,0.14977699518203735
3122.97,0.15033499896526337
3124.86,0.1512099951505661
3126.74,0.15217599272727966
3128.6299999999997,0.15276700258255005
3130.52,0.15386199951171875
3132.4100000000003,0.15521200001239777
3134.3,0.1562429964542389
3136.2000000000003,0.15712100267410278
3138.1,0.1582230031490326
3140.0,0.15904800593852997
3141.9,0.16010800004005432
3143.8100000000004,0.16132000088691711
3145.7099999999996,0.162321999669075
3147.62,0.1633020043373108
3149.54,0.16437600553035736
3151.4500000000003,0.16550999879837036
3153.37,0.16651399433612823
3155.29,0.16735799610614777
3157.21,0.16847500205039978
3159.13,0.16951699554920197
3161.06,0.170524001121521
3162.9900000000002,0.17161400616168976
3164.92,0.17284700274467468
3166.8500000000004,0.1739960014820099
3168.79,0.1751910001039505
3170.7200000000003,0.17647400498390198
3172.67,0.17763200402259827
3174.61,0.1786399930715561
3176.55,0.17969100177288055
3178.5,0.1807979941368103
3180.45,0.18198999762535095
3182.4,0.18325699865818024
3184.3599999999997,0.18495100736618042
3186.3199999999997,0.18645499646663666
3188.27,0.18762700259685516
3190.2400000000002,0.18874700367450714
3192.2000000000003,0.1895810067653656
3194.17,0.1903579980134964
3196.1400000000003,0.19141000509262085
3198.1099999999997,0.19277599453926086
3200.08,0.19412299990653992
3202.06,0.19517800211906433
3204.04,0.1964379996061325
3206.02,0.19772200286388397
3208.0,0.1987999975681305
3209.99,0.19980299472808838
3211.98,0.20091499388217926
3213.9700000000003,0.20197400450706482
3215.96,0.20304200053215027
3217.96,0.20419099926948547
3219.96,0.20549899339675903
3221.96,0.20690099895000458
3223.96,0.2079019993543625
3225.97,0.20877699553966522
3227.98,0.20972999930381775
3229.99,0.21066200733184814
3232.0,0.21190300583839417
3234.02,0.21310600638389587
3236.04,0.2140910029411316
3238.06,0.2150689959526062
3240.08,0.21640199422836304
3242.1099999999997,0.21770699322223663
3244.14,0.2186249941587448
3246.17,0.21958300471305847
3248.2000000000003,0.2204979956150055
3250.24,0.22133100032806396
3252.2799999999997,0.22241100668907166
3254.3199999999997,0.22326600551605225
3256.37,0.22420600056648254
3258.41,0.22504399716854095
3260.46,0.2258400022983551
3262.5099999999998,0.22673499584197998
3264.57,0.2275799959897995
3266.63,0.22836600244045258
3268.69,0.22929200530052185
3270.75,0.2303130030632019
3272.8100000000004,0.23098599910736084
3274.88,0.23153400421142578
3276.95,0.23254400491714478
3279.02,0.23328599333763123
3281.1,0.23381100594997406
3283.1800000000003,0.23445899784564972
3285.26,0.23512199521064758
3287.34,0.23586100339889526
3289.43,0.23673899471759796
3291.51,0.23757599294185638
3293.61,0.23842300474643707
3295.7000000000003,0.23910699784755707
3297.8,0.23967300355434418
3299.9,0.24033699929714203
3302.0,0.2409670054912567
3304.1,0.2415730059146881
3306.21,0.24240100383758545
3308.32,0.24335099756717682
3310.4300000000003,0.24438700079917908
3312.5499999999997,0.24564999341964722
3314.66,0.24674800038337708
3316.79,0.2477169930934906
3318.91,0.2488050013780594
3321.0299999999997,0.24972599744796753
3323.1600000000003,0.25067800283432007
3325.29,0.25171199440956116
3327.4300000000003,0.2524699866771698
3329.5699999999997,0.25321000814437866
3331.71,0.25382399559020996
3333.85,0.2545450031757355
3335.99,0.25537100434303284
3338.1400000000003,0.25600600242614746
3340.29,0.25657200813293457
3342.45,0.25736600160598755
3344.6,0.25804299116134644
3346.76,0.2585810124874115
3348.92,0.25918298959732056
3351.09,0.2598080039024353
3353.26,0.2605670094490051
3355.4300000000003,0.2612389922142029
3357.6000000000004,0.2615649998188019
3359.78,0.2619979977607727
3361.96,0.2627600133419037
3364.14,0.2635360062122345
3366.32,0.26404398679733276
3368.51,0.26450300216674805
3370.7,0.2650719881057739
3372.89,0.26562801003456116
3375.09,0.26630499958992004
3377.29,0.2670679986476898
3379.4900000000002,0.26769500970840454
3381.69,0.2685990035533905
3383.9,0.2696239948272705
3386.11,0.2706829905509949
3388.32,0.2717899978160858
3390.54,0.27305400371551514
3392.76,0.2739660143852234
3394.98,0.2746889889240265
3397.21,0.27539199590682983
3399.4300000000003,0.2757419943809509
3401.6600000000003,0.2761250138282776
3403.9,0.2765739858150482
3406.13,0.2767550051212311
3408.3700000000003,0.2768999934196472
3410.61,0.27724799513816833
3412.8599999999997,0.277866005897522
3415.1099999999997,0.278421014547348
3417.36,0.27924200892448425
3419.61,0.2807779908180237
3421.8700000000003,0.2825329899787903
3424.13,0.28450098633766174
3426.39,0.28661400079727173
3428.66,0.2882789969444275
3430.93,0.28971099853515625
3433.2,0.2910119891166687
3435.48,0.29233500361442566
3437.7599999999998,0.2935439944267273
3440.0400000000004,0.29474198818206787
3442.32,0.2959370017051697
3444.61,0.29704099893569946
3446.8999999999996,0.2978380024433136
3449.19,0.29869601130485535
3451.4900000000002,0.2996860146522522
3453.79,0.3006959855556488
3456.09,0.30164799094200134
3458.4,0.30262601375579834
3460.7000000000003,0.30355900526046753
3463.0200000000004,0.30434298515319824
3465.33,0.3053170144557953
3467.65,0.30622899532318115
3469.97,0.30668801069259644
3472.29,0.30696800351142883
3474.62,0.3069320023059845
3476.95,0.3073219954967499
3479.2900000000004,0.3078500032424927
3481.62,0.30844199657440186
3483.96,0.3088400065898895
3486.3,0.3095279932022095
3488.6499999999996,0.31034401059150696
3491.0,0.3108600080013275
3493.35,0.3113659918308258
3495.71,0.31186801195144653
3498.0699999999997,0.3121680021286011
3500.4300000000003,0.3129020035266876
3502.79,0.313977986574173
3505.16,0.3153809905052185
3507.53,0.31707799434661865
3509.9100000000003,0.3187449872493744
3512.29,0.3202269971370697
3514.67,0.32172200083732605
3517.0499999999997,0.3230310082435608
3519.44,0.3243570029735565
3521.83,0.32563498616218567
3524.23,0.3269740045070648
3526.62,0.32813701033592224
3529.02,0.32912498712539673
3531.43,0.3301990032196045
3533.83,0.3313789963722229
3536.24,0.3323250114917755
3538.6600000000003,0.3334360122680664
3541.08,0.33459100127220154
3543.5,0.3355729877948761
3545.92,0.3362340033054352
3548.35,0.33700698614120483
3550.78,0.3378030061721802
3553.21,0.3386020064353943
3555.65,0.3393160104751587
3558.09,0.3402769863605499
3560.5299999999997,0.3412629961967468
3562.98,0.3420169949531555
3565.4300000000003,0.3427070081233978
3567.88,0.3435269892215729
3570.3399999999997,0.3442719876766205
3572.8,0.345223993062973
3575.27,0.34605199098587036
3577.73,0.3468109965324402
3580.2000000000003,0.34752601385116577
3582.68,0.3482629954814911
3585.1600000000003,0.3490009903907776
3587.64,0.3498449921607971
3590.1200000000003,0.35054901242256165
3592.61,0.351408988237381
3595.1,0.3522599935531616
3597.6,0.35286301374435425
3600.0899999999997,0.3533250093460083
3602.6,0.3539850115776062
3605.1000000000004,0.354638010263443
3607.61,0.35541099309921265
3610.1200000000003,0.35624000430107117
3612.64,0.35690298676490784
3615.16,0.3572869896888733
3617.68,0.3580870032310486
3620.21,0.35877400636672974
3622.74,0.35930800437927246
3625.27,0.3597239851951599
3627.8100000000004,0.36034101247787476
3630.35,0.3610920011997223
3632.8900000000003,0.36170101165771484
3635.44,0.36218199133872986
3637.99,0.3627980053424835
3640.54,0.36332300305366516
3643.1,0.3639410138130188
3645.66,0.36462101340293884
3648.23,0.3650450110435486
3650.7999999999997,0.3654409945011139
3653.37,0.36614298820495605
3655.95,0.3668439984321594
3658.5299999999997,0.3674750030040741
3661.1099999999997,0.36803799867630005
3663.7,0.3684920072555542
3666.29,0.3688899874687195
3668.8900000000003,0.36931800842285156
3671.48,0.3697560131549835
3674.09,0.3703939914703369
3676.6899999999996,0.3708620071411133
3679.3,0.3712199926376343
3681.91,0.37153899669647217
3684.53,0.37219399213790894
3687.15,0.3725990056991577
3689.7799999999997,0.37278398871421814
3692.4,0.3732140064239502
3695.04,0.3739809989929199
3697.67,0.3745869994163513
3700.31,0.37522798776626587
3702.95,0.3757239878177643
3705.6,0.3763819932937622
3708.25,0.3770039975643158
3710.9100000000003,0.37748798727989197
3713.5600000000004,0.37777000665664673
3716.23,0.37835100293159485
3718.89,0.3788439929485321
3721.5600000000004,0.3793199956417084
3724.23,0.3798440098762512
3726.9100000000003,0.3802820146083832
3729.59,0.38077500462532043
3732.2799999999997,0.38123399019241333
3734.9700000000003,0.3817169964313507
3737.66,0.38216400146484375
3740.36,0.3824700117111206
3743.06,0.3828830122947693
3745.76,0.3832460045814514
3748.4700000000003,0.3836899995803833
3751.1800000000003,0.384196013212204
3753.8999999999996,0.3846549987792969
3756.62,0.38499701023101807
3759.3399999999997,0.3852899968624115
3762.07,0.38581201434135437
3764.8,0.3863779902458191
3767.54,0.3867030143737793
3770.28,0.38699498772621155
3773.02,0.38731199502944946
3775.77,0.3877770006656647
3778.52,0.38815200328826904
3781.28,0.38849499821662903
3784.04,0.3888989984989166
3786.7999999999997,0.3893449902534485
3789.5699999999997,0.3896070122718811
3792.3399999999997,0.39010700583457947
3795.12,0.39068999886512756
3797.8999999999996,0.3911910057067871
3800.69,0.3915430009365082
3803.47,0.3916360139846802
3806.27,0.3918150067329407
3809.06,0.39229100942611694
3811.8599999999997,0.39262598752975464
3814.67,0.3928689956665039
3817.48,0.39308398962020874
3820.29,0.393341988325119
3823.1099999999997,0.39363399147987366
3825.93,0.3940869867801666
3828.7599999999998,0.39449599385261536
3831.5899999999997,0.3948650062084198
3834.42,0.3949980139732361
3837.26,0.3952380120754242
3840.1,0.3957279920578003
3842.9500000000003,0.39624300599098206
3845.8,0.39645498991012573
3848.65,0.39665499329566956
3851.51,0.3969399929046631
3854.38,0.39735400676727295
3857.24,0.39775198698043823
3860.1200000000003,0.3979879915714264
3862.99,0.3980630040168762
3865.8700000000003,0.39841899275779724
3868.7599999999998,0.3986949920654297
3871.6499999999996,0.39901500940322876
3874.54,0.3992669880390167
3877.44,0.399728000164032
3880.3399999999997,0.39998000860214233
3883.25,0.40025100111961365
3886.16,0.4004859924316406
3889.0699999999997,0.40049999952316284
3891.99,0.4005019962787628
3894.92,0.4007279872894287
3897.85,0.4009470045566559
3900.78,0.4012190103530884
3903.72,0.40143099427223206
3906.66,0.40153199434280396
3909.6000000000004,0.4015969932079315
3912.55,0.40184399485588074
3915.5099999999998,0.401883989572525
3918.4700000000003,0.4020340144634247
3921.43,0.4022200107574463
3924.4,0.4022830128669739
3927.3799999999997,0.40222299098968506
3930.35,0.4023889899253845
3933.3300000000004,0.4023579955101013
3936.3199999999997,0.40221700072288513
3939.31,0.40219399333000183
3942.31,0.4022980034351349
3945.31,0.4022749960422516
3948.3100000000004,0.402303010225296
3951.32,0.4021359980106354
3954.34,0.4020110070705414
3957.35,0.4019480049610138
3960.3799999999997,0.4020270109176636
3963.4100000000003,0.4019950032234192
3966.44,0.4019879996776581
3969.48,0.40189701318740845
3972.52,0.40181300044059753
3975.5600000000004,0.40174001455307007
3978.61,0.4017139971256256
3981.6699999999996,0.40150898694992065
3984.73,0.4013879895210266
3987.8,0.40125200152397156
3990.8700000000003,0.40112799406051636
3993.9399999999996,0.40101000666618347
3997.02,0.4008510112762451
4000.1,0.40070798993110657
4003.19,0.4006989896297455
4006.29,0.40044400095939636
4009.39,0.40022799372673035
4012.49,0.40019598603248596
4015.6,0.40008899569511414
4018.7099999999996,0.3998880088329315
4021.8299999999995,0.3998669981956482
4024.9499999999994,0.39970600605010986
4028.08,0.39962801337242126
4031.2099999999996,0.3994489908218384
4034.35,0.3993079960346222
4037.4900000000002,0.3991509974002838
4040.64,0.39923301339149475
4043.7900000000004,0.3991219997406006
4046.94,0.3990359902381897
4050.11,0.3988189995288849
4053.2700000000004,0.3985140025615692
4056.44,0.3983840048313141
4059.62,0.39829498529434204
4062.8,0.3981289863586426
4065.9900000000002,0.39807000756263733
4069.1800000000003,0.39790698885917664
4072.38,0.3977639973163605
4075.5800000000004,0.39764299988746643
4078.78,0.39748701453208923
4082.0,0.3971799910068512
4085.21,0.3971079885959625
4088.43,0.3970789909362793
4091.66,0.3970380127429962
4094.8900000000003,0.3968980014324188
4098.13,0.39668598771095276
4101.37,0.3965719938278198
4104.62,0.39662399888038635
4107.87,0.3964119851589203
4111.13,0.3961780071258545
4114.39,0.3961290121078491
4117.66,0.39607998728752136
4120.93,0.3958530128002167
4124.21,0.3957059979438782
4127.5,0.3955349922180176
4130.79,0.39543700218200684
4134.08,0.3952980041503906
4137.38,0.3951739966869354
4140.679999999999,0.3949730098247528
4143.99,0.3949989974498749
4147.31,0.3949210047721863
4150.629999999999,0.3947469890117645
4153.95,0.3944909870624542
4157.29,0.39440399408340454
4160.62,0.3943670094013214
4163.96,0.3943749964237213
4167.3099999999995,0.39426299929618835
4170.66,0.39403200149536133
4174.0199999999995,0.39373499155044556
4177.39,0.39373499155044556
4180.75,0.3936989903450012
4184.13,0.3935459852218628
4187.509999999999,0.3933529853820801
4190.889999999999,0.39326998591423035
4194.28,0.3933640122413635
4197.68,0.3933440148830414
4201.08,0.3930410146713257
4204.49,0.39287498593330383
4207.900000000001,0.3929139971733093
4211.32,0.3931190073490143
4214.74,0.39344900846481323
4218.17,0.393777996301651
4221.61,0.39399901032447815
4225.05,0.3942829966545105
4228.5,0.39447900652885437
4231.950000000001,0.394771009683609
4235.400000000001,0.39469900727272034
4238.870000000001,0.3945600092411041
4242.34,0.3944759964942932
4245.8099999999995,0.394214004278183
4249.29,0.39358800649642944
4252.78,0.39298000931739807
4256.2699999999995,0.3923479914665222
4259.7699999999995,0.39149200916290283
4263.27,0.391075998544693
4266.78,0.39140498638153076
4270.29,0.3916670083999634
4273.81,0.3917140066623688
4277.34,0.3917829990386963
4280.87,0.3918119966983795
4284.41,0.3916879892349243
4287.950000000001,0.39143699407577515
4291.5,0.3912000060081482
4295.06,0.3911049962043762
4298.62,0.39100900292396545
4302.1900000000005,0.3906260132789612
4305.76,0.3900569975376129
4309.34,0.3898699879646301
4312.92,0.3896929919719696
4316.5199999999995,0.38955599069595337
4320.11,0.38909000158309937
4323.719999999999,0.38877901434898376
4327.320000000001,0.3885819911956787
4330.94,0.3883320093154907
4334.5599999999995,0.3880940079689026
4338.19,0.3880630135536194
4341.820000000001,0.3878290057182312
4345.46,0.3876839876174927
4349.11,0.38745900988578796
4352.76,0.3872919976711273
4356.42,0.38711899518966675
4360.08,0.3870530128479004
4363.75,0.3870530128479004
4367.429999999999,0.38707101345062256
4371.11,0.386927992105484
4374.799999999999,0.3867329955101013
4378.49,0.386370986700058
4382.19,0.3861759901046753
4385.900000000001,0.38590601086616516
4389.610000000001,0.38586699962615967
4393.33,0.3857490122318268
4397.0599999999995,0.3857490122318268
4400.79,0.3856610059738159
4404.530000000001,0.3854590058326721
4408.280000000001,0.3851729929447174
4412.03,0.38488298654556274
4415.79,0.3847320079803467
4419.55,0.38467198610305786
4423.320000000001,0.38433998823165894
4427.1,0.38402798771858215
4430.88,0.38386300206184387
4434.68,0.38383400440216064
4438.469999999999,0.3834480047225952
4442.280000000001,0.3830359876155853
4446.08,0.3827809989452362
4449.900000000001,0.38261398673057556
4453.719999999999,0.3821699917316437
4457.55,0.3819119930267334
4461.389999999999,0.38172200322151184
4465.2300000000005,0.3815859854221344
4469.08,0.3812839984893799
4472.9400000000005,0.38105499744415283
4476.8,0.3807010054588318
4480.67,0.38028499484062195
4484.549999999999,0.37990298867225647
4488.43,0.379736989736557
4492.320000000001,0.37934398651123047
4496.21,0.3790229856967926
4500.12,0.3787730038166046
4504.030000000001,0.37858399748802185
4507.94,0.3782149851322174
4511.87,0.37804800271987915
4515.799999999999,0.3777939975261688
4519.7300000000005,0.3774310052394867
4523.679999999999,0.37706300616264343
4527.63,0.3768700063228607
4531.589999999999,0.3766309916973114
4535.55,0.376334011554718
4539.52,0.3760620057582855
4543.5,0.3757539987564087
4547.49,0.3753640055656433
4551.48,0.3751409947872162
4555.4800000000005,0.3746969997882843
4559.490000000001,0.3744739890098572
4563.5,0.37407100200653076
4567.52,0.37374699115753174
4571.55,0.37348800897598267
4575.580000000001,0.3732460141181946
4579.63,0.3726859986782074
4583.67,0.37226399779319763
4587.73,0.3718479871749878
4591.79,0.37140199542045593
4595.86,0.3710150122642517
4599.9400000000005,0.3706679940223694
4604.03,0.3701060116291046
4608.120000000001,0.3696550130844116
4612.219999999999,0.3690840005874634
4616.33,0.36862099170684814
4620.4400000000005,0.3680799901485443
4624.5599999999995,0.3675310015678406
4628.69,0.36688798666000366
4632.83,0.3663249909877777
4636.97,0.3656800091266632
4641.12,0.36504799127578735
4645.28,0.36439698934555054
4649.45,0.36386600136756897
4653.62,0.36327001452445984
4657.8,0.36267998814582825
4661.990000000001,0.36201199889183044
4666.1900000000005,0.36142998933792114
4670.39,0.36072200536727905
4674.599999999999,0.3600650131702423
4678.82,0.359375
4683.049999999999,0.3588640093803406
4687.280000000001,0.3582110106945038
4691.5199999999995,0.35741400718688965
4695.77,0.3567590117454529
4700.03,0.35632699728012085
4704.3,0.35557401180267334
4708.57,0.35491201281547546
4712.85,0.35418200492858887
4717.139999999999,0.35360199213027954
4721.429999999999,0.35324400663375854
4725.74,0.3528119921684265
4730.05,0.3520979881286621
4734.37,0.35151201486587524
4738.7,0.3509550094604492
4743.03,0.35046398639678955
4747.38,0.3499230146408081
4751.7300000000005,0.34953299164772034
4756.09,0.3489469885826111
4760.45,0.34838399291038513
4764.83,0.34772199392318726
4769.21,0.3473159968852997
4773.6,0.34685400128364563
4778.0,0.3462649881839752
4782.41,0.34561800956726074
4786.83,0.34515199065208435
4791.25,0.344556987285614
4795.68,0.34397101402282715
4800.13,0.3433620035648346
4804.57,0.34294700622558594
4809.03,0.342521995306015
4813.5,0.3421579897403717
4817.97,0.34173399209976196
4822.45,0.34134799242019653
4826.94,0.3410019874572754
4831.44,0.3407149910926819
4835.950000000001,0.3403719961643219
4840.46,0.34015199542045593
4844.99,0.33988499641418457
4849.52,0.3396590054035187
4854.0599999999995,0.33939701318740845
4858.61,0.33907100558280945
4863.17,0.3386479914188385
4867.73,0.33833199739456177
4872.3099999999995,0.3377920091152191
4876.89,0.33733201026916504
4881.48,0.3369869887828827
4886.08,0.3367519974708557
4890.6900000000005,0.336544007062912
4895.31,0.33636000752449036
4899.94,0.33588600158691406
4904.57,0.3354800045490265
4909.22,0.3350749909877777
4913.87,0.33463698625564575
4918.53,0.33424100279808044
4923.21,0.3338170051574707
4927.88,0.3333590030670166
4932.57,0.3332189917564392
4937.2699999999995,0.3329229950904846
4941.9800000000005,0.3325740098953247
4946.6900000000005,0.3321079909801483
4951.42,0.3318380117416382
4956.15,0.33155199885368347
4960.9,0.33122900128364563
4965.650000000001,0.3309139907360077
4970.41,0.3308190107345581
4975.18,0.3304640054702759
4979.96,0.33007198572158813
4984.75,0.3297100067138672
4989.54,0.32949700951576233
4994.349999999999,0.32926300168037415
4999.17,0.3291270136833191
5003.99,0.32892000675201416
5008.83,0.3287859857082367
5013.67,0.32853299379348755
5018.5199999999995,0.32807299494743347
5023.39,0.32752498984336853
5028.26,0.3272460103034973
5033.14,0.32696300745010376
5038.03,0.3266049921512604
5042.93,0.3261539936065674
5047.84,0.32586899399757385
5052.76,0.32528799772262573
5057.69,0.3245840072631836
5062.63,0.32377299666404724
5067.580000000001,0.32296299934387207
5072.54,0.32205599546432495
5077.51,0.32104000449180603
5082.49,0.31980299949645996
5087.469999999999,0.31859201192855835
5092.469999999999,0.31713899970054626
5097.48,0.3153949975967407
5102.5,0.31342700123786926
5107.52,0.31143999099731445
5112.56,0.3091700077056885
5117.61,0.3066070079803467
5122.66,0.303849995136261
5127.73,0.30115801095962524
5132.81,0.2983599901199341
5137.889999999999,0.295646995306015
5142.99,0.2927899956703186
5148.1,0.289887011051178
5153.22,0.287104994058609
5158.34,0.2844119966030121
5163.48,0.2816700041294098
5168.63,0.27912500500679016
5173.79,0.2765730023384094
5178.96,0.27403900027275085
5184.13,0.27137500047683716
5189.320000000001,0.26897600293159485
5194.5199999999995,0.26669400930404663
5199.73,0.26452699303627014
5204.96,0.2623960077762604
5210.19,0.2603839933872223
5215.429999999999,0.25846201181411743
5220.679999999999,0.25690698623657227
5225.94,0.25532498955726624
5231.22,0.2538450062274933
5236.5,0.25247299671173096
5241.79,0.25125500559806824
5247.099999999999,0.25011900067329407
5252.42,0.24919499456882477
5257.74,0.2484149932861328
5263.080000000001,0.2477400004863739
5268.43,0.24706700444221497
5273.79,0.24660399556159973
5279.16,0.24606899917125702
5284.54,0.24564799666404724
5289.93,0.24521799385547638
5295.34,0.24488599598407745
5300.75,0.24461700022220612
5306.18,0.24421299993991852
5311.61,0.24386200308799744
5317.0599999999995,0.24360500276088715
5322.5199999999995,0.24321499466896057
5327.99,0.24295000731945038
5333.47,0.24270099401474
5338.96,0.2425139993429184
5344.47,0.24228200316429138
5349.9800000000005,0.2419939935207367
5355.51,0.24178099632263184
5361.049999999999,0.24168500304222107
5366.6,0.2413869947195053
5372.16,0.24126599729061127
5377.73,0.24107299745082855
5383.320000000001,0.24082300066947937
5388.91,0.24060599505901337
5394.52,0.24043799936771393
5400.14,0.24022799730300903
5405.77,0.24002200365066528
5411.41,0.23969300091266632
5417.07,0.23931799829006195
5422.74,0.23874999582767487
5428.410000000001,0.23855699598789215
5434.1,0.23823599517345428
5439.8099999999995,0.2376510053873062
5445.52,0.23696400225162506
5451.25,0.23630599677562714
5456.98,0.23551499843597412
5462.73,0.23465099930763245
5468.5,0.2338699996471405
5474.2699999999995,0.2332019954919815
5480.0599999999995,0.23231400549411774
5485.86,0.23151199519634247
5491.67,0.2304839938879013
5497.49,0.22952499985694885
5503.33,0.22852200269699097
5509.179999999999,0.2275020033121109
5515.04,0.22637100517749786
5520.91,0.22524599730968475
5526.799999999999,0.22401000559329987
5532.69,0.2228579968214035
5538.610000000001,0.22168999910354614
5544.53,0.22046899795532227
5550.469999999999,0.21919399499893188
5556.41,0.2180120050907135
5562.38,0.2169879972934723
5568.349999999999,0.21588599681854248
5574.34,0.21474599838256836
5580.339999999999,0.21373799443244934
5586.35,0.2129559963941574
5592.38,0.21220199763774872
5598.42,0.2113420069217682
5604.47,0.21068799495697021
5610.54,0.21009500324726105
5616.61,0.20948100090026855
5622.71,0.20885999500751495
5628.8099999999995,0.20832599699497223
5634.929999999999,0.20785099267959595
5641.06,0.20743200182914734
5647.21,0.2072650045156479
5653.360000000001,0.2071409970521927
5659.54,0.2067359983921051
5665.72,0.20664599537849426
5671.92,0.20637600123882294
5678.13,0.20624800026416779
5684.36,0.20643599331378937
5690.599999999999,0.206619992852211
5696.85,0.20685100555419922
5703.12,0.207164004445076
5709.4,0.2072180062532425
5715.6900000000005,0.2076520025730133
5722.0,0.2080010026693344
5728.33,0.20814800262451172
5734.66,0.20822900533676147
5741.01,0.2084220051765442
5747.38,0.2082509994506836
5753.76,0.20810799300670624
5760.150000000001,0.2078620046377182
5766.56,0.20721599459648132
5772.98,0.20693199336528778
5779.410000000001,0.20663900673389435
5785.86,0.20579800009727478
5792.33,0.2051289975643158
5798.8099999999995,0.2042829990386963
5805.3,0.20350900292396545
5811.81,0.20265300571918488
5818.33,0.20165300369262695
5824.87,0.20042499899864197
5831.419999999999,0.19932100176811218
5837.99,0.1977279931306839
5844.57,0.19601699709892273
5851.17,0.19405700266361237
5857.78,0.19211800396442413
5864.410000000001,0.18999099731445312
5871.05,0.1879280060529709
5877.7,0.18566499650478363
5884.38,0.18369300663471222
5891.06,0.18203000724315643
5897.76,0.18028999865055084
5904.4800000000005,0.17876699566841125
5911.21,0.1772419959306717
5917.96,0.1755550056695938
5924.7300000000005,0.17384199798107147
5931.5,0.171875
5938.3,0.1699029952287674
5945.11,0.1677190065383911
5951.93,0.165475994348526
5958.78,0.16286399960517883
5965.63,0.1601099967956543
5972.51,0.15716099739074707
5979.39,0.15407900512218475
5986.3,0.1509529948234558
5993.22,0.1478710025548935
6000.16,0.14446400105953217
6007.11,0.14118200540542603
6014.08,0.13768400251865387
6021.06,0.13414700329303741
6028.06,0.13052800297737122
6035.08,0.1269019991159439
6042.12,0.12330599874258041
6049.17,0.1202469989657402
6056.2300000000005,0.11666999757289886
6063.32,0.1131109967827797
6070.42,0.11000999808311462
6077.530000000001,0.10687000304460526
6084.67,0.10364600270986557
6091.820000000001,0.10093200206756592
6098.9800000000005,0.09840899705886841
6106.17,0.09619700163602829
6113.37,0.09434600174427032
6120.58,0.09271900355815887
6127.82,0.09118500351905823
6135.07,0.09014999866485596
6142.34,0.08944600075483322
6149.63,0.08919200301170349
6156.93,0.08932200074195862
6164.25,0.09023000299930573
6171.59,0.09180600196123123
6178.950000000001,0.0937030017375946
6186.320000000001,0.09627100080251694
6193.71,0.10004399716854095
6201.120000000001,0.1037599965929985
6208.54,0.10750100016593933
6215.99,0.11184000223875046
6223.45,0.1163640022277832
6230.93,0.12096299976110458
6238.43,0.12568700313568115
6245.95,0.13041499257087708
6253.48,0.13494199514389038
6261.03,0.13940000534057617
6268.6,0.14361800253391266
6276.19,0.1475840061903
6283.8,0.15125200152397156
6291.43,0.1546880006790161
6299.070000000001,0.1580130010843277
6306.73,0.16120199859142303
6314.42,0.16408999264240265
6322.12,0.16687600314617157
6329.84,0.16954900324344635
6337.570000000001,0.1720699965953827
6345.33,0.1742130070924759
6353.11,0.17664800584316254
6360.9,0.178616002202034
6368.719999999999,0.1799899935722351
6376.55,0.18170399963855743
6384.400000000001,0.18358099460601807
6392.2699999999995,0.18485000729560852
6400.17,0.1861259937286377
6408.08,0.18725499510765076
6416.01,0.18845200538635254
6423.96,0.19048799574375153
6431.93,0.19199900329113007
6439.92,0.19349800050258636
6447.93,0.19538600742816925
6455.96,0.19716300070285797
6464.01,0.19924700260162354
6472.08,0.20132799446582794
6480.17,0.20360000431537628
6488.28,0.20581799745559692
6496.41,0.20820599794387817
6504.5599999999995,0.21108900010585785
6512.7300000000005,0.21332000195980072
6520.92,0.21470199525356293
6529.14,0.21637000143527985
6537.37,0.2176630049943924
6545.63,0.21839900314807892
6553.9,0.21882100403308868
6562.2,0.2192479968070984
6570.509999999999,0.2193250060081482
6578.85,0.2192309945821762
6587.21,0.21899400651454926
6595.589999999999,0.2182610034942627
6603.99,0.21743500232696533
6612.42,0.2162339985370636
6620.860000000001,0.2148589938879013
6629.330000000001,0.21325699985027313
6637.82,0.21163800358772278
6646.33,0.20992599427700043
6654.860000000001,0.20802000164985657
6663.41,0.20587100088596344
6671.99,0.20366600155830383
6680.589999999999,0.2012699991464615
6689.21,0.19877099990844727
6697.849999999999,0.1960739940404892
6706.509999999999,0.19336199760437012
6715.200000000001,0.19028499722480774
6723.91,0.1871050000190735
6732.64,0.18370400369167328
6741.4,0.18012499809265137
6750.18,0.1763859987258911
6758.9800000000005,0.17272800207138062
6767.8,0.16912899911403656
6776.65,0.16542699933052063
6785.52,0.16141000390052795
6794.41,0.15761899948120117
6803.33,0.1539199948310852
6812.2699999999995,0.15076999366283417
6821.23,0.14787499606609344
6830.219999999999,0.14521199464797974
6839.23,0.14246200025081635
6848.26,0.13977999985218048
6857.32,0.13712799549102783
6866.4,0.13471199572086334
6875.51,0.13228799402713776
6884.64,0.13013100624084473
6893.799999999999,0.12791000306606293
6902.9800000000005,0.12591800093650818
6912.18,0.12393700331449509
6921.41,0.12197499722242355
6930.66,0.11993499845266342
6939.94,0.11798299849033356
6949.24,0.11586599797010422
6958.57,0.11398100107908249
6967.92,0.11185099929571152
6977.299999999999,0.10967499762773514
6986.7,0.10764800012111664
6996.13,0.1058799996972084
7005.59,0.10402899980545044
7015.07,0.10243000090122223
7024.57,0.10090699791908264
7034.099999999999,0.09956499934196472
7043.66,0.09835399687290192
7053.25,0.09734199941158295
7062.85,0.09620500355958939
7072.49,0.09553799778223038
7082.150000000001,0.09497799724340439
7091.84,0.0946659967303276
7101.549999999999,0.09431999921798706
7111.3,0.09401100128889084
7121.0599999999995,0.09359599649906158
7130.860000000001,0.093299001455307
7140.679999999999,0.09294100105762482
7150.53,0.0926550030708313
7160.41,0.09212099760770798
7170.3099999999995,0.09176900237798691
7180.240000000001,0.09152600169181824
7190.2,0.0914129987359047
7200.1900000000005,0.09114599972963333
7210.200000000001,0.09098099917173386
7220.240000000001,0.0906979963183403
7230.31,0.09046199917793274
7240.41,0.09019599854946136
7250.54,0.09010700136423111
7260.6900000000005,0.08992400020360947
7270.88,0.08985000103712082
7281.09,0.08968500047922134
7291.33,0.08969400078058243
7301.599999999999,0.08966399729251862
7311.9,0.08975899964570999
7322.219999999999,0.0897660031914711
7332.58,0.08999399840831757
7342.97,0.09016700088977814
7353.379999999999,0.09037400037050247
7363.83,0.0905660018324852
7374.3,0.09082400053739548
7384.8099999999995,0.09097500145435333
7395.34,0.09128700196743011
7405.910000000001,0.09155499935150146
7416.5,0.09199099987745285
7427.13,0.09255599975585938
7437.78,0.09313599765300751
7448.47,0.09352400153875351
7459.1900000000005,0.09392499923706055
7469.9400000000005,0.0942860022187233
7480.71,0.09474100172519684
7491.52,0.09514299780130386
7502.37,0.09546100348234177
7513.24,0.09550099819898605
7524.14,0.09561300277709961
7535.08,0.09567700326442719
7546.05,0.09570000320672989
7557.05,0.09559500217437744
7568.08,0.09537400305271149
7579.150000000001,0.09506099671125412
7590.24,0.09480500221252441
7601.37,0.0944179967045784
7612.53,0.09383799880743027
7623.7300000000005,0.09310200065374374
7634.96,0.09243900328874588
7646.219999999999,0.09164699912071228
7657.51,0.09080400317907333
7668.84,0.08997000008821487
7680.2,0.08917099982500076
7691.59,0.08815599977970123
7703.02,0.08704899996519089
7714.49,0.08589199930429459
7725.98,0.08496099710464478
7737.5199999999995,0.08394800126552582
7749.08,0.08274900168180466
7760.679999999999,0.0814879983663559
7772.32,0.08043699711561203
7783.99,0.07925999909639359
7795.69,0.07792100310325623
7807.43,0.07646899670362473
7819.21,0.0751509964466095
7831.0199999999995,0.07377400249242783
7842.87,0.07246100157499313
7854.75,0.07105500251054764
7866.67,0.06966099888086319
7878.62,0.06823399662971497
7890.62,0.06679700314998627
7902.64,0.0653190016746521
7914.71,0.06379900127649307
7926.8099999999995,0.0621739998459816
7938.95,0.06061600148677826
7951.13,0.05898499861359596
7963.339999999999,0.05746300145983696
7975.59,0.05580500140786171
7987.879999999999,0.05412499979138374
8000.209999999999,0.05239899829030037
8012.570000000001,0.05082299932837486
8024.98,0.04919400066137314
8037.419999999999,0.047495000064373016
8049.899999999999,0.04588799923658371
8062.419999999999,0.04444500058889389
8074.9800000000005,0.04287099838256836
8087.57,0.04125700145959854
8100.210000000001,0.03974299877882004
8112.89,0.03836899995803833
8125.6,0.03692299872636795
8138.360000000001,0.035592999309301376
8151.160000000001,0.034345000982284546
8163.99,0.03333599865436554
8176.869999999999,0.03219800069928169
8189.79,0.031062999740242958
8202.75,0.02994699962437153
8215.75,0.029231000691652298
8228.79,0.028496000915765762
8241.87,0.02788900025188923
8254.99,0.02730100043118
8268.16,0.026815000921487808
8281.37,0.026426000520586967
8294.62,0.02621999941766262
8307.91,0.026207000017166138
8321.24,0.026419999077916145
8334.619999999999,0.02651900053024292
8348.039999999999,0.026760000735521317
8361.51,0.027177000418305397
8375.019999999999,0.02812900021672249
8388.57,0.029052000492811203
8402.16,0.030162999406456947
8415.800000000001,0.03143300116062164
8429.49,0.03297799825668335
8443.22,0.03471500054001808
8456.99,0.036848001182079315
8470.81,0.03903000056743622
8484.67,0.04157000035047531
8498.58,0.04441000148653984
8512.539999999999,0.04771700128912926
8526.54,0.05130700021982193
8540.58,0.05497799813747406
8554.68,0.05860999971628189
8568.82,0.06263799965381622
8583.0,0.06706000119447708
8597.24,0.07162000238895416
8611.52,0.0758109986782074
8625.85,0.08005700260400772
8640.230000000001,0.0840969979763031
8654.65,0.08773099631071091
8669.119999999999,0.09062299877405167
8683.640000000001,0.09274700284004211
8698.21,0.09421899914741516
8712.83,0.09471800178289413
8727.5,0.09408599883317947
8742.22,0.09276200085878372
8756.99,0.09101899713277817
8771.800000000001,0.0891679972410202
8786.67,0.08704700320959091
8801.589999999998,0.08484099805355072
8816.560000000001,0.08254499733448029
8831.58,0.08034200221300125
8846.65,0.07828400284051895
8861.77,0.07635699957609177
8876.939999999999,0.07457199692726135
8892.17,0.07302799820899963
8907.45,0.07169300317764282
8922.779999999999,0.07057899981737137
8938.16,0.06961700320243835
8953.6,0.06870300322771072
8969.09,0.06789799779653549
8984.640000000001,0.06725899875164032
9000.23,0.06675100326538086
9015.890000000001,0.06657499819993973
9031.59,0.06641600281000137
9047.359999999999,0.06613100320100784
9063.17,0.06574399769306183
9079.050000000001,0.06569299846887589
9094.97,0.06538700312376022
9110.960000000001,0.06516099721193314
9127.0,0.06526300311088562
9143.1,0.06554699689149857
9159.25,0.0658390000462532
9175.46,0.06615599989891052
9191.73,0.06666400283575058
9208.06,0.06735199689865112
9224.439999999999,0.06802999973297119
9240.880000000001,0.06897599995136261
9257.38,0.07021400332450867
9273.94,0.07166899740695953
9290.56,0.0731469988822937
9307.24,0.07449200004339218
9323.980000000001,0.07599300146102905
9340.78,0.0778380036354065
9357.64,0.07959199696779251
9374.57,0.08147300034761429
9391.550000000001,0.08347000181674957
9408.59,0.08540099859237671
9425.7,0.087397001683712
9442.869999999999,0.08927199989557266
9460.1,0.09053000062704086
9477.4,0.0913499966263771
9494.75,0.09166400134563446
9512.17,0.09169399738311768
9529.66,0.09149199724197388
9547.21,0.09113399684429169
9564.83,0.09078700095415115
9582.5,0.0905269980430603
9600.25,0.09003400057554245
9618.06,0.08946199715137482
9635.94,0.08874399960041046
9653.88,0.08782699704170227
9671.89,0.0865740031003952
9689.970000000001,0.08522599935531616
9708.119999999999,0.08362899720668793
9726.33,0.08226100355386734
9744.619999999999,0.08067700266838074
9762.97,0.07889699935913086
9781.39,0.07712800055742264
9799.88,0.0755549967288971
9818.44,0.07382000237703323
9837.070000000002,0.07206699997186661
9855.77,0.07019799947738647
9874.539999999999,0.06832200288772583
9893.39,0.06659500300884247
9912.3,0.06520400196313858
9931.29,0.0636570006608963
9950.36,0.06196099892258644
9969.49,0.06008100137114525
9988.699999999999,0.05843900144100189
10007.98,0.057036999613046646
10027.34,0.05570799857378006
10046.77,0.05442500114440918
10066.28,0.05335399881005287
10085.869999999999,0.05193600058555603
10105.53,0.05071299895644188
10125.26,0.04957500100135803
10145.08,0.04839299991726875
10164.970000000001,0.04715999960899353
10184.939999999999,0.04592699930071831
10204.99,0.04496600106358528
10225.12,0.04420499876141548
10245.33,0.043473999947309494
10265.61,0.04267200082540512
10285.98,0.04192399978637695
10306.43,0.04125399887561798
10326.96,0.040706001222133636
10347.57,0.0403980016708374
10368.27,0.03995399922132492
10389.05,0.03946299850940704
10409.91,0.039239998906850815
10430.859999999999,0.03923400118947029
10451.88,0.03882699832320213
10473.0,0.038637999445199966
10494.199999999999,0.038481999188661575
10515.49,0.0383870005607605
10536.86,0.03824099898338318
10558.32,0.03817199915647507
10579.869999999999,0.03827400133013725
10601.5,0.03850400075316429
10623.23,0.03867200016975403
10645.039999999999,0.0389380007982254
10666.94,0.03912400081753731
10688.94,0.03915100172162056
10711.02,0.0392489992082119
10733.2,0.03950800001621246
10755.470000000001,0.039827000349760056
10777.83,0.04037399962544441
10800.28,0.04081900045275688
10822.83,0.04122599959373474
10845.470000000001,0.04163600131869316
10868.21,0.04193099960684776
10891.04,0.042371999472379684
10913.970000000001,0.04291699826717377
10936.99,0.04327499866485596
10960.119999999999,0.04401899874210358
10983.34,0.044821999967098236
11006.66,0.04584600031375885
11030.07,0.04690900072455406
11053.59,0.04816199839115143
11077.21,0.04957199841737747
11100.93,0.05118599906563759
11124.75,0.05302700027823448
11148.68,0.05482500046491623
11172.710000000001,0.0566990002989769
11196.84,0.058772001415491104
11221.07,0.06071100011467934
11245.41,0.06296399980783463
11269.859999999999,0.06537699699401855
11294.41,0.06774800270795822
11319.07,0.06986799836158752
11343.84,0.07184799760580063
11368.72,0.07366099953651428
11393.7,0.07532600313425064
11418.8,0.07678300142288208
11444.01,0.07826700061559677
11469.33,0.07940799742937088
11494.76,0.08019199967384338
11520.300000000001,0.08098900318145752
11545.96,0.08184000104665756
11571.730000000001,0.08261699974536896
11597.619999999999,0.08334899693727493
11623.62,0.08386299759149551
11649.74,0.08420699834823608
11675.98,0.08448100090026855
11702.34,0.08490899950265884
11728.81,0.08486200124025345
11755.41,0.08487100154161453
11782.130000000001,0.08494800329208374
11808.960000000001,0.0847959965467453
11835.92,0.08438800275325775
11863.009999999998,0.08415500074625015
11890.22,0.08383399993181229
11917.550000000001,0.08308500051498413
11945.01,0.0819609984755516
11972.6,0.08075200021266937
12000.310000000001,0.07941299676895142
12028.16,0.07782299816608429
12056.13,0.0758109986782074
12084.23,0.07346999645233154
12112.460000000001,0.07095900177955627
12140.83,0.06844799965620041
12169.33,0.06563100218772888
12197.960000000001,0.06296399980783463
12226.73,0.06103700026869774
12255.64,0.05969199910759926
12284.68,0.0585549995303154
12313.86,0.05767799913883209
12343.18,0.056609999388456345
12372.640000000001,0.055626001209020615
12402.240000000002,0.055105000734329224
12431.98,0.05469899997115135
12461.86,0.05411500111222267
12491.89,0.053745999932289124
12522.07,0.053171999752521515
12552.38,0.05287500098347664
12582.85,0.052740998566150665
12613.47,0.05243000015616417
12644.23,0.05243000015616417
12675.15,0.05262399837374687
12706.210000000001,0.05259200185537338
12737.43,0.05245000123977661
12768.81,0.05214200168848038
12800.33,0.05223099887371063
12832.02,0.05251700058579445
12863.86,0.05281199887394905
12895.86,0.053001999855041504
12928.02,0.052762001752853394
12960.34,0.0525129996240139
12992.82,0.0522879995405674
13025.460000000001,0.052223000675439835
13058.27,0.052000001072883606
13091.25,0.05126500129699707
13124.39,0.050599999725818634
13157.7,0.05001400038599968
13191.179999999998,0.049052998423576355
13224.83,0.04770800098776817
13258.660000000002,0.04654499888420105
13292.65,0.04590800032019615
13326.83,0.04513699933886528
13361.17,0.04402599856257439
13395.699999999999,0.043090999126434326
13430.400000000001,0.041916001588106155
13465.289999999999,0.04083399847149849
13500.349999999999,0.03994100168347359
13535.6,0.03940200060606003
13571.03,0.03846700116991997
13606.65,0.03736099973320961
13642.46,0.03643700107932091
13678.46,0.03561599925160408
13714.64,0.0344959981739521
13751.02,0.03331499919295311
13787.59,0.03200399875640869
13824.36,0.03052699938416481
13861.32,0.028876999393105507
13898.49,0.027334000915288925
13935.85,0.025631999596953392
13973.41,0.024020999670028687
14011.17,0.022406000643968582
14049.15,0.02050900086760521
14087.32,0.018658999353647232
14125.71,0.017481999471783638
14164.300000000001,0.016555000096559525
14203.11,0.015879999846220016
14242.13,0.015425999648869038
14281.359999999999,0.015200999565422535
14320.81,0.015100999735295773
14360.49,0.015169999562203884
14400.380000000001,0.015336999669671059
14440.49,0.015957999974489212
14480.82,0.016485000029206276
14521.39,0.017165999859571457
14562.18,0.01773500069975853
14603.199999999999,0.01790500059723854
14644.45,0.018219999969005585
14685.93,0.018866999074816704
14727.66,0.019169999286532402
14769.619999999999,0.019266000017523766
14811.81,0.01949400082230568
14854.25,0.019979000091552734
14896.94,0.020385000854730606
14939.87,0.020826999098062515
14983.050000000001,0.021213000640273094
15026.48,0.021789999678730965
15070.16,0.022494999691843987
15114.1,0.023096000775694847
15158.289999999999,0.02328599989414215
15202.74,0.02332100085914135
15247.460000000001,0.02343600057065487
15292.43,0.02372800000011921
15337.68,0.0236239992082119
15383.19,0.02334900014102459
15428.97,0.023049000650644302
15475.03,0.023000000044703484
15521.359999999999,0.022803999483585358
15567.970000000001,0.022729000076651573
15614.869999999999,0.022704999893903732
15662.039999999999,0.022696999832987785
15709.5,0.022321000695228577
15757.25,0.022151999175548553
15805.289999999999,0.022019000723958015
15853.619999999999,0.02185700088739395
15902.26,0.021795999258756638
15951.19,0.02172200009226799
16000.419999999998,0.02114900015294552
16049.949999999999,0.020887000486254692
16099.799999999997,0.020529000088572502
16149.95,0.020330000668764114
16200.420000000002,0.01991399936378002
16251.208999999999,0.019247999414801598
16302.311,0.01874300092458725
16353.741,0.01851700060069561
16405.491,0.01805100031197071
16457.569,0.01763400062918663
16509.979000000003,0.016804000362753868
16562.731,0.016316000372171402
16615.82,0.015961000695824623
16669.240999999998,0.015262000262737274
16723.021,0.014554999768733978
16777.14,0.014188000001013279
16831.61,0.013803999871015549
16886.431,0.013623000122606754
16941.62,0.013186999596655369
16997.16,0.0132039999589324
17053.08,0.013918000273406506
17109.36,0.014661000110208988
17166.01,0.016155999153852463
17223.04,0.018547000363469124
17280.451,0.021087000146508217
17338.239999999998,0.02445399947464466
17396.429,0.028342999517917633
17455.0,0.0332770012319088
17513.969,0.038819000124931335
17573.339,0.04505399987101555
17633.109999999997,0.05150900036096573
17693.290999999997,0.05763300135731697
17753.889,0.06321600079536438
17814.899,0.06824000179767609
17876.328999999998,0.0726270005106926
17938.181,0.07680100202560425
18000.468999999997,0.08054099977016449
18063.19,0.08313699811697006
18126.35,0.08529199659824371
18189.951,0.08693499863147736
18254.0,0.0882129967212677
18318.501,0.08929300308227539
18383.459,0.09003499895334244
18448.879,0.09043200314044952
18514.771,0.09080100059509277
18581.129,0.09124000370502472
18647.97,0.09106700122356415
18715.29,0.09141399711370468
18783.100000000002,0.0926399976015091
18851.4,0.09357900172472
18920.2,0.09371999651193619
18989.51,0.09318599849939346
19059.32,0.09290900081396103
19129.65,0.0920569971203804
19200.5,0.09101500362157822
19271.878999999997,0.089478999376297
19343.789999999997,0.08824499696493149
19416.240999999998,0.08768399804830551
19489.229000000003,0.08598999679088593
19562.771,0.08488500118255615
19636.880999999998,0.08455699682235718
19711.54,0.08431000262498856
19786.779,0.0826369971036911
19862.590999999997,0.08140499889850616
19938.98,0.08082500100135803
20015.961,0.08021499961614609
20093.55,0.07974699884653091
20171.73,0.07941000163555145
20250.530000000002,0.07891900092363358
20329.941000000003,0.07942699640989304
20409.981,0.08049499988555908
20490.649999999998,0.08164200186729431
20571.96,0.08240299671888351
20653.918999999998,0.08241400122642517
20736.54,0.08205699920654297
20819.82,0.08219499886035919
20903.77,0.08210200071334839
20988.399999999998,0.08134400099515915
21073.720999999998,0.08021900057792664
21159.731,0.07957799732685089
21246.46,0.07911600172519684
21333.891,0.07765799760818481
21422.041,0.07619199901819229
21510.929,0.07528600096702576
21600.559,0.07332299649715424
21690.941,0.07027799636125565
21782.08,0.06753599643707275
21873.989,0.06583999842405319
21966.668999999998,0.06364600360393524
22060.15,0.06207900121808052
22154.421,0.06183300167322159
22249.510000000002,0.06182499974966049
22345.409,0.062219999730587006
22442.141,0.06268499791622162
22539.721,0.062098000198602676
22638.14,0.06034199893474579
22737.431,0.058205001056194305
22837.601,0.05699000135064125
22938.649999999998,0.055435001850128174
23040.600000000002,0.052469998598098755
23143.459,0.05121000111103058
23247.24,0.051447998732328415
23351.959000000003,0.04973800107836723
23457.63,0.04704999923706055
23564.251,0.04569299891591072
23671.85,0.046337999403476715
23780.439000000002,0.046379998326301575
23890.02,0.046128999441862106
24000.629,0.045180000364780426
24112.261,0.04501599818468094
24224.93,0.04471899941563606
24338.659,0.04455700144171715
24453.47,0.04391299933195114
24569.361,0.04205400124192238
24686.359,0.04192199930548668
24804.469999999998,0.04228600114583969
24923.731,0.04288899898529053
25044.129999999997,0.04353699833154678
25165.71,0.04137900099158287
25288.46,0.040059998631477356
25412.43,0.03876199945807457
25537.609,0.04185900092124939
25664.04,0.04677699878811836
25791.719,0.046585001051425934
25920.679,0.043758001178503036
