Sample ID,8_Mudstone_00003
Species,8_Mudstone
Subgroup,8_Mudstone
Group,8_Mudstone
Library,EXM_MRS
Sample Description,Sample 8
Date Added,"02/20/2024,02/20/2024"
Viewing Geometry,
Other Information,"Acquired with 1    RS-3500_SN17580H8 [3]
Name: Instrument, dtype: object; 7,32,30,100,50,30 integration times; 100,100 scans averaged"
Composition,
Resolution,2.8nm@700nm 8nm@1500nm 6nm@2100nm
Grain Size,
Locality,
Database of Origin,ExoMars Mission Reference Samples
Wavelength,Response
350.0,0.068454
351.0,0.06834900000000001
352.0,0.068215
353.0,0.068027
354.0,0.06784
355.0,0.067734
356.0,0.067573
357.0,0.067362
358.0,0.067125
359.0,0.066932
360.0,0.066781
361.0,0.066601
362.0,0.066395
363.0,0.066165
364.0,0.065987
365.0,0.065854
366.0,0.06576
367.0,0.065671
368.0,0.065605
369.0,0.065587
370.0,0.06555
371.0,0.065496
372.0,0.06544
373.0,0.065386
374.0,0.065336
375.0,0.065299
376.0,0.06522700000000001
377.0,0.065099
378.0,0.06493299999999999
379.0,0.06475500000000001
380.0,0.064585
381.0,0.064474
382.0,0.064409
383.0,0.064378
384.0,0.064318
385.0,0.064264
386.0,0.064309
387.0,0.06434000000000001
388.0,0.064344
389.0,0.064352
390.0,0.064357
391.0,0.06436
392.0,0.064372
393.0,0.06440699999999999
394.0,0.064466
395.0,0.064533
396.0,0.064593
397.0,0.064633
398.0,0.06463
399.0,0.064596
400.0,0.064552
401.0,0.06444899999999999
402.0,0.06429800000000001
403.0,0.064127
404.0,0.064005
405.0,0.063937
406.0,0.063917
407.0,0.06392400000000001
408.0,0.06394899999999999
409.0,0.063984
410.0,0.064029
411.0,0.064082
412.0,0.06412899999999999
413.0,0.06419
414.0,0.064277
415.0,0.064327
416.0,0.064369
417.0,0.064429
418.0,0.064485
419.0,0.06453400000000001
420.0,0.064573
421.0,0.064606
422.0,0.064632
423.0,0.064651
424.0,0.064658
425.0,0.064657
426.0,0.06464400000000001
427.0,0.064642
428.0,0.064652
429.0,0.064654
430.0,0.064677
431.0,0.064725
432.0,0.06480000000000001
433.0,0.06488100000000001
434.0,0.064958
435.0,0.065016
436.0,0.06508
437.0,0.065164
438.0,0.06523
439.0,0.065287
440.0,0.065343
441.0,0.06537799999999999
442.0,0.06541000000000001
443.0,0.065455
444.0,0.065493
445.0,0.06554
446.0,0.065613
447.0,0.065706
448.0,0.065813
449.0,0.065926
450.0,0.066022
451.0,0.06608699999999999
452.0,0.06609
453.0,0.066102
454.0,0.066135
455.0,0.0662
456.0,0.066242
457.0,0.066273
458.0,0.06633499999999999
459.0,0.066401
460.0,0.066467
461.0,0.066547
462.0,0.066635
463.0,0.066723
464.0,0.06678200000000001
465.0,0.066867
466.0,0.06697199999999999
467.0,0.06701800000000001
468.0,0.067101
469.0,0.06722500000000001
470.0,0.067279
471.0,0.06733600000000001
472.0,0.067426
473.0,0.067551
474.0,0.067666
475.0,0.067744
476.0,0.067734
477.0,0.067721
478.0,0.067746
479.0,0.067826
480.0,0.067941
481.0,0.06807400000000001
482.0,0.068161
483.0,0.068236
484.0,0.068311
485.0,0.068402
486.0,0.068486
487.0,0.068554
488.0,0.06862499999999999
489.0,0.06868400000000001
490.0,0.068731
491.0,0.068811
492.0,0.068896
493.0,0.068975
494.0,0.06903
495.0,0.069088
496.0,0.06916
497.0,0.06925200000000001
498.0,0.069337
499.0,0.069406
500.0,0.069501
501.0,0.069581
502.0,0.069634
503.0,0.069718
504.0,0.06979199999999999
505.0,0.06984499999999999
506.0,0.06993100000000001
507.0,0.070018
508.0,0.07010100000000001
509.0,0.070185
510.0,0.07027
511.0,0.070354
512.0,0.070441
513.0,0.070511
514.0,0.070567
515.0,0.070643
516.0,0.070743
517.0,0.070853
518.0,0.070939
519.0,0.07103
520.0,0.071126
521.0,0.071225
522.0,0.071327
523.0,0.071432
524.0,0.071543
525.0,0.07165300000000001
526.0,0.071761
527.0,0.071863
528.0,0.07197300000000001
529.0,0.072079
530.0,0.07216499999999999
531.0,0.072227
532.0,0.07228799999999999
533.0,0.072365
534.0,0.072448
535.0,0.072538
536.0,0.072636
537.0,0.072715
538.0,0.072781
539.0,0.072838
540.0,0.072878
541.0,0.07291299999999999
542.0,0.072954
543.0,0.073029
544.0,0.073096
545.0,0.073155
546.0,0.073242
547.0,0.073329
548.0,0.073415
549.0,0.073501
550.0,0.073577
551.0,0.073651
552.0,0.073735
553.0,0.073823
554.0,0.073918
555.0,0.074023
556.0,0.074123
557.0,0.074217
558.0,0.074302
559.0,0.074366
560.0,0.07442700000000001
561.0,0.074494
562.0,0.074572
563.0,0.074646
564.0,0.074715
565.0,0.07478900000000001
566.0,0.07487300000000001
567.0,0.07496699999999999
568.0,0.07506
569.0,0.075158
570.0,0.075251
571.0,0.075332
572.0,0.075405
573.0,0.07548300000000001
574.0,0.075571
575.0,0.07564
576.0,0.07571
577.0,0.07578700000000001
578.0,0.075874
579.0,0.075934
580.0,0.075979
581.0,0.076035
582.0,0.076087
583.0,0.076146
584.0,0.07622
585.0,0.07628700000000001
586.0,0.07635
587.0,0.07641099999999999
588.0,0.076463
589.0,0.076524
590.0,0.07659500000000001
591.0,0.07666400000000001
592.0,0.076739
593.0,0.07682
594.0,0.076911
595.0,0.076973
596.0,0.07703
597.0,0.0771
598.0,0.077167
599.0,0.077256
600.0,0.077367
601.0,0.077477
602.0,0.077583
603.0,0.077692
604.0,0.077816
605.0,0.07793599999999999
606.0,0.07805
607.0,0.078154
608.0,0.078253
609.0,0.078332
610.0,0.078396
611.0,0.078466
612.0,0.078499
613.0,0.078525
614.0,0.078584
615.0,0.07865
616.0,0.078719
617.0,0.078787
618.0,0.07885500000000001
619.0,0.078916
620.0,0.078975
621.0,0.079049
622.0,0.079123
623.0,0.079199
624.0,0.079282
625.0,0.07935500000000001
626.0,0.079418
627.0,0.079478
628.0,0.07954900000000001
629.0,0.07961800000000001
630.0,0.079693
631.0,0.079782
632.0,0.079861
633.0,0.079932
634.0,0.079999
635.0,0.080074
636.0,0.080148
637.0,0.08021800000000001
638.0,0.080282
639.0,0.08035500000000001
640.0,0.080431
641.0,0.080506
642.0,0.080584
643.0,0.080635
644.0,0.080667
645.0,0.080703
646.0,0.08076900000000001
647.0,0.08084300000000001
648.0,0.080915
649.0,0.081015
650.0,0.081097
651.0,0.08116899999999999
652.0,0.081251
653.0,0.08134499999999999
654.0,0.081441
655.0,0.081533
656.0,0.081622
657.0,0.081705
658.0,0.08177799999999999
659.0,0.081838
660.0,0.08191100000000001
661.0,0.081974
662.0,0.082027
663.0,0.082088
664.0,0.08217599999999999
665.0,0.082272
666.0,0.082354
667.0,0.08241300000000001
668.0,0.082464
669.0,0.082518
670.0,0.082587
671.0,0.08262900000000001
672.0,0.082674
673.0,0.082737
674.0,0.082814
675.0,0.082897
676.0,0.082988
677.0,0.083081
678.0,0.083133
679.0,0.08318199999999999
680.0,0.08323499999999999
681.0,0.08329
682.0,0.083343
683.0,0.083409
684.0,0.08348499999999999
685.0,0.083546
686.0,0.08361700000000001
687.0,0.083681
688.0,0.08372500000000001
689.0,0.083762
690.0,0.08380599999999999
691.0,0.083852
692.0,0.083895
693.0,0.08396
694.0,0.084015
695.0,0.08407099999999999
696.0,0.084151
697.0,0.084224
698.0,0.08429700000000001
699.0,0.084352
700.0,0.084363
701.0,0.08440099999999999
702.0,0.084456
703.0,0.084513
704.0,0.084544
705.0,0.08461
706.0,0.084689
707.0,0.084755
708.0,0.08479900000000001
709.0,0.08481999999999999
710.0,0.08483700000000001
711.0,0.084865
712.0,0.08491
713.0,0.084997
714.0,0.08509800000000001
715.0,0.08517799999999999
716.0,0.085236
717.0,0.08526500000000001
718.0,0.085296
719.0,0.085357
720.0,0.085407
721.0,0.085466
722.0,0.085521
723.0,0.085557
724.0,0.085588
725.0,0.085623
726.0,0.085671
727.0,0.085739
728.0,0.08581699999999999
729.0,0.085913
730.0,0.08600400000000001
731.0,0.086067
732.0,0.086104
733.0,0.086169
734.0,0.086237
735.0,0.086296
736.0,0.086403
737.0,0.086502
738.0,0.086579
739.0,0.08664300000000001
740.0,0.086734
741.0,0.086813
742.0,0.08690400000000001
743.0,0.087005
744.0,0.087081
745.0,0.087188
746.0,0.08727700000000001
747.0,0.087332
748.0,0.087368
749.0,0.087393
750.0,0.087402
751.0,0.08742000000000001
752.0,0.087467
753.0,0.087482
754.0,0.08749599999999999
755.0,0.08753899999999999
756.0,0.087625
757.0,0.087719
758.0,0.087759
759.0,0.087826
760.0,0.08793699999999999
761.0,0.088047
762.0,0.08813900000000001
763.0,0.088191
764.0,0.088246
765.0,0.08835699999999999
766.0,0.088431
767.0,0.088516
768.0,0.088568
769.0,0.08859199999999999
770.0,0.08865500000000001
771.0,0.088741
772.0,0.08882
773.0,0.088886
774.0,0.08894
775.0,0.088973
776.0,0.089078
777.0,0.08919700000000001
778.0,0.089296
779.0,0.08937200000000001
780.0,0.08940899999999999
781.0,0.08951
782.0,0.08963900000000001
783.0,0.08975300000000001
784.0,0.089848
785.0,0.08987099999999999
786.0,0.089893
787.0,0.089921
788.0,0.089953
789.0,0.09004300000000001
790.0,0.09010199999999999
791.0,0.090194
792.0,0.09031399999999999
793.0,0.090403
794.0,0.090518
795.0,0.09058
796.0,0.09061999999999999
797.0,0.090662
798.0,0.090711
799.0,0.090726
800.0,0.090792
801.0,0.090884
802.0,0.090971
803.0,0.091033
804.0,0.09112500000000001
805.0,0.091176
806.0,0.09124499999999999
807.0,0.091357
808.0,0.091478
809.0,0.091541
810.0,0.091594
811.0,0.091634
812.0,0.091662
813.0,0.091697
814.0,0.091801
815.0,0.09193
816.0,0.092012
817.0,0.092068
818.0,0.092122
819.0,0.092173
820.0,0.092201
821.0,0.092249
822.0,0.09231500000000001
823.0,0.092368
824.0,0.092374
825.0,0.092387
826.0,0.09240399999999999
827.0,0.09242800000000001
828.0,0.092441
829.0,0.09245900000000001
830.0,0.092532
831.0,0.09254899999999999
832.0,0.09258
833.0,0.09264099999999999
834.0,0.092705
835.0,0.09272399999999999
836.0,0.092673
837.0,0.092731
838.0,0.09270300000000001
839.0,0.092693
840.0,0.09272999999999999
841.0,0.09277799999999999
842.0,0.0928
843.0,0.09291600000000001
844.0,0.09300599999999999
845.0,0.093073
846.0,0.093124
847.0,0.093149
848.0,0.09314700000000001
849.0,0.093194
850.0,0.09326599999999999
851.0,0.093264
852.0,0.093269
853.0,0.093316
854.0,0.093371
855.0,0.093369
856.0,0.093384
857.0,0.09346600000000001
858.0,0.093483
859.0,0.093459
860.0,0.09345200000000001
861.0,0.09348100000000001
862.0,0.093524
863.0,0.093525
864.0,0.09358000000000001
865.0,0.093538
866.0,0.09347899999999999
867.0,0.093461
868.0,0.093484
869.0,0.09351599999999999
870.0,0.093453
871.0,0.093443
872.0,0.09339
873.0,0.093432
874.0,0.093488
875.0,0.093513
876.0,0.09356099999999999
877.0,0.093662
878.0,0.093682
879.0,0.09372299999999999
880.0,0.093701
881.0,0.093689
882.0,0.09380100000000001
883.0,0.09387499999999999
884.0,0.093868
885.0,0.093895
886.0,0.093856
887.0,0.09379799999999999
888.0,0.093741
889.0,0.09366
890.0,0.093675
891.0,0.093656
892.0,0.093644
893.0,0.093666
894.0,0.09367
895.0,0.093712
896.0,0.093848
897.0,0.09383599999999999
898.0,0.093871
899.0,0.093919
900.0,0.093927
901.0,0.09395300000000001
902.0,0.09389099999999999
903.0,0.093892
904.0,0.09393800000000001
905.0,0.09392099999999999
906.0,0.094041
907.0,0.09414099999999999
908.0,0.09417199999999999
909.0,0.094119
910.0,0.094218
911.0,0.094198
912.0,0.094199
913.0,0.094221
914.0,0.094277
915.0,0.094228
916.0,0.094155
917.0,0.094081
918.0,0.094095
919.0,0.094178
920.0,0.09415
921.0,0.094232
922.0,0.094237
923.0,0.09428800000000001
924.0,0.09441700000000001
925.0,0.094362
926.0,0.09445
927.0,0.09443099999999999
928.0,0.09445600000000001
929.0,0.09455399999999999
930.0,0.094582
931.0,0.094595
932.0,0.094735
933.0,0.094756
934.0,0.094794
935.0,0.09482499999999999
936.0,0.09482499999999999
937.0,0.09471
938.0,0.09470700000000001
939.0,0.09477000000000001
940.0,0.09483000000000001
941.0,0.095
942.0,0.095039
943.0,0.095044
944.0,0.095132
945.0,0.095094
946.0,0.095053
947.0,0.09504699999999999
948.0,0.094941
949.0,0.094909
950.0,0.094955
951.0,0.095058
952.0,0.095111
953.0,0.095046
954.0,0.094959
955.0,0.094916
956.0,0.09498200000000001
957.0,0.095111
958.0,0.095063
959.0,0.095168
960.0,0.09535600000000001
961.0,0.095334
962.0,0.095438
963.0,0.09551899999999999
964.0,0.095582
965.0,0.095595
966.0,0.095566
967.0,0.095512
968.0,0.095589
969.0,0.095656
970.0,0.095638
971.0,0.095693
972.0,0.09568099999999999
973.0,0.095632
974.0,0.095752
975.0,0.095667
976.0,0.095758
977.0,0.09554
978.0,0.095702
979.0,0.09571500000000001
980.0,0.095671
981.0,0.09567500000000001
982.0,0.095749
983.0,0.095872
984.0,0.095997
985.0,0.096123
986.0,0.096251
987.0,0.09638
988.0,0.09651
989.0,0.09664199999999999
990.0,0.096775
991.0,0.096909
992.0,0.09704499999999999
993.0,0.097181
994.0,0.09731999999999999
995.0,0.09740700000000001
996.0,0.097416
997.0,0.097425
998.0,0.09743399999999999
999.0,0.097443
1000.0,0.09745200000000001
1001.0,0.097461
1002.0,0.097471
1003.0,0.09748
1004.0,0.09749000000000001
1005.0,0.097498
1006.0,0.09750500000000001
1007.0,0.09751099999999999
1008.0,0.09751599999999999
1009.0,0.09752000000000001
1010.0,0.09752100000000001
1011.0,0.097518
1012.0,0.097518
1013.0,0.09752599999999999
1014.0,0.097546
1015.0,0.09757400000000001
1016.0,0.097607
1017.0,0.09763999999999999
1018.0,0.097682
1019.0,0.097731
1020.0,0.09777
1021.0,0.097781
1022.0,0.097749
1023.0,0.09768700000000001
1024.0,0.097621
1025.0,0.09757300000000001
1026.0,0.097539
1027.0,0.097512
1028.0,0.09750199999999999
1029.0,0.097519
1030.0,0.097577
1031.0,0.09766400000000001
1032.0,0.09775299999999999
1033.0,0.09782
1034.0,0.097871
1035.0,0.097912
1036.0,0.097942
1037.0,0.09796099999999999
1038.0,0.09796200000000001
1039.0,0.097951
1040.0,0.097937
1041.0,0.09792999999999999
1042.0,0.09792999999999999
1043.0,0.097932
1044.0,0.09792999999999999
1045.0,0.097918
1046.0,0.09789199999999999
1047.0,0.09786099999999999
1048.0,0.09784100000000001
1049.0,0.097847
1050.0,0.097882
1051.0,0.09792999999999999
1052.0,0.09797499999999999
1053.0,0.098003
1054.0,0.098018
1055.0,0.09802799999999999
1056.0,0.09803699999999999
1057.0,0.098048
1058.0,0.09805799999999999
1059.0,0.09806699999999999
1060.0,0.098078
1061.0,0.09809100000000001
1062.0,0.098109
1063.0,0.09812599999999999
1064.0,0.098139
1065.0,0.098144
1066.0,0.098144
1067.0,0.09814
1068.0,0.098135
1069.0,0.09813000000000001
1070.0,0.09812099999999999
1071.0,0.09811299999999999
1072.0,0.09811
1073.0,0.09811299999999999
1074.0,0.09812099999999999
1075.0,0.098132
1076.0,0.098149
1077.0,0.09817500000000001
1078.0,0.09820999999999999
1079.0,0.09824400000000001
1080.0,0.098269
1081.0,0.098277
1082.0,0.098277
1083.0,0.09827400000000001
1084.0,0.098277
1085.0,0.098285
1086.0,0.098295
1087.0,0.098307
1088.0,0.098323
1089.0,0.09834300000000001
1090.0,0.098365
1091.0,0.098391
1092.0,0.09842000000000001
1093.0,0.098452
1094.0,0.098488
1095.0,0.098528
1096.0,0.09857300000000001
1097.0,0.098629
1098.0,0.09869
1099.0,0.098748
1100.0,0.098794
1101.0,0.098829
1102.0,0.09885899999999999
1103.0,0.098888
1104.0,0.098921
1105.0,0.09895200000000001
1106.0,0.098985
1107.0,0.099024
1108.0,0.09907400000000001
1109.0,0.09913500000000001
1110.0,0.099201
1111.0,0.099262
1112.0,0.099315
1113.0,0.09936199999999999
1114.0,0.099406
1115.0,0.09944599999999999
1116.0,0.099482
1117.0,0.09951399999999999
1118.0,0.09954299999999999
1119.0,0.09957200000000001
1120.0,0.09960200000000001
1121.0,0.099633
1122.0,0.09966100000000001
1123.0,0.099683
1124.0,0.09969099999999999
1125.0,0.09969099999999999
1126.0,0.099695
1127.0,0.099719
1128.0,0.099767
1129.0,0.099831
1130.0,0.099901
1131.0,0.09996600000000001
1132.0,0.100032
1133.0,0.100098
1134.0,0.10016
1135.0,0.10021200000000001
1136.0,0.100248
1137.0,0.10027799999999999
1138.0,0.100311
1139.0,0.100356
1140.0,0.100419
1141.0,0.100486
1142.0,0.100543
1143.0,0.10057600000000001
1144.0,0.100584
1145.0,0.10058299999999999
1146.0,0.10058500000000001
1147.0,0.100604
1148.0,0.100634
1149.0,0.100667
1150.0,0.10069800000000001
1151.0,0.10071999999999999
1152.0,0.10073700000000001
1153.0,0.10075200000000001
1154.0,0.10076700000000001
1155.0,0.10078200000000001
1156.0,0.100794
1157.0,0.10081
1158.0,0.10083700000000001
1159.0,0.100882
1160.0,0.100938
1161.0,0.10100300000000001
1162.0,0.10107200000000001
1163.0,0.101144
1164.0,0.101223
1165.0,0.10130499999999999
1166.0,0.10138799999999999
1167.0,0.10147500000000001
1168.0,0.101564
1169.0,0.10164899999999999
1170.0,0.101723
1171.0,0.101789
1172.0,0.101847
1173.0,0.10190099999999999
1174.0,0.10195
1175.0,0.10199299999999999
1176.0,0.10203200000000001
1177.0,0.10206799999999999
1178.0,0.102102
1179.0,0.102126
1180.0,0.10215099999999999
1181.0,0.102192
1182.0,0.102261
1183.0,0.10235
1184.0,0.102452
1185.0,0.102557
1186.0,0.10266199999999999
1187.0,0.102774
1188.0,0.102887
1189.0,0.10299699999999999
1190.0,0.10310000000000001
1191.0,0.103199
1192.0,0.103296
1193.0,0.103396
1194.0,0.10350300000000001
1195.0,0.103614
1196.0,0.103717
1197.0,0.103801
1198.0,0.10385899999999999
1199.0,0.103903
1200.0,0.10394500000000001
1201.0,0.103995
1202.0,0.10404999999999999
1203.0,0.104107
1204.0,0.104168
1205.0,0.104237
1206.0,0.10431499999999999
1207.0,0.104397
1208.0,0.104476
1209.0,0.104547
1210.0,0.10461000000000001
1211.0,0.104672
1212.0,0.104742
1213.0,0.10482799999999999
1214.0,0.10492599999999999
1215.0,0.105029
1216.0,0.105125
1217.0,0.10521000000000001
1218.0,0.10529
1219.0,0.105367
1220.0,0.105444
1221.0,0.10552199999999999
1222.0,0.1056
1223.0,0.10567700000000001
1224.0,0.105754
1225.0,0.10583000000000001
1226.0,0.105905
1227.0,0.105982
1228.0,0.10606199999999999
1229.0,0.106142
1230.0,0.106225
1231.0,0.10631399999999999
1232.0,0.10641400000000001
1233.0,0.106531
1234.0,0.106654
1235.0,0.106767
1236.0,0.10686
1237.0,0.106937
1238.0,0.10700599999999999
1239.0,0.107072
1240.0,0.107137
1241.0,0.107199
1242.0,0.107259
1243.0,0.107322
1244.0,0.10739000000000001
1245.0,0.10746
1246.0,0.107532
1247.0,0.107603
1248.0,0.107669
1249.0,0.10773400000000001
1250.0,0.107804
1251.0,0.10788600000000001
1252.0,0.107983
1253.0,0.10808999999999999
1254.0,0.1082
1255.0,0.108307
1256.0,0.10841300000000001
1257.0,0.10852
1258.0,0.108628
1259.0,0.10873799999999999
1260.0,0.108853
1261.0,0.108967
1262.0,0.10907299999999999
1263.0,0.10916600000000001
1264.0,0.109246
1265.0,0.109321
1266.0,0.10939700000000001
1267.0,0.109475
1268.0,0.109552
1269.0,0.10962999999999999
1270.0,0.10971199999999999
1271.0,0.10979599999999999
1272.0,0.10988200000000001
1273.0,0.10997299999999999
1274.0,0.11007099999999999
1275.0,0.11017899999999999
1276.0,0.11029299999999999
1277.0,0.11040900000000001
1278.0,0.110522
1279.0,0.11063200000000001
1280.0,0.110742
1281.0,0.110857
1282.0,0.11098100000000001
1283.0,0.11111599999999999
1284.0,0.11125199999999999
1285.0,0.111379
1286.0,0.11148999999999999
1287.0,0.111594
1288.0,0.11168499999999999
1289.0,0.111761
1290.0,0.11181100000000001
1291.0,0.111837
1292.0,0.11186199999999999
1293.0,0.111908
1294.0,0.111982
1295.0,0.11207
1296.0,0.112164
1297.0,0.112256
1298.0,0.11235400000000001
1299.0,0.112453
1300.0,0.11254099999999999
1301.0,0.112606
1302.0,0.112645
1303.0,0.112674
1304.0,0.112711
1305.0,0.112769
1306.0,0.11284100000000001
1307.0,0.112921
1308.0,0.11300700000000001
1309.0,0.11309699999999999
1310.0,0.113193
1311.0,0.113293
1312.0,0.113399
1313.0,0.11351499999999999
1314.0,0.11363799999999999
1315.0,0.113759
1316.0,0.113868
1317.0,0.113965
1318.0,0.114054
1319.0,0.114138
1320.0,0.11421799999999999
1321.0,0.114292
1322.0,0.11436199999999999
1323.0,0.11443400000000001
1324.0,0.114512
1325.0,0.11459799999999999
1326.0,0.11468199999999999
1327.0,0.114758
1328.0,0.114817
1329.0,0.11486299999999999
1330.0,0.11490600000000001
1331.0,0.11495799999999999
1332.0,0.11502000000000001
1333.0,0.11508800000000001
1334.0,0.115161
1335.0,0.11524
1336.0,0.115328
1337.0,0.115422
1338.0,0.11551600000000001
1339.0,0.115605
1340.0,0.115694
1341.0,0.11578
1342.0,0.11585699999999999
1343.0,0.115918
1344.0,0.115964
1345.0,0.11600300000000001
1346.0,0.116041
1347.0,0.116082
1348.0,0.116121
1349.0,0.11616199999999999
1350.0,0.11620699999999999
1351.0,0.11626099999999999
1352.0,0.116319
1353.0,0.11637800000000001
1354.0,0.116431
1355.0,0.11648
1356.0,0.11652699999999999
1357.0,0.11657400000000001
1358.0,0.11662499999999999
1359.0,0.116677
1360.0,0.116731
1361.0,0.116785
1362.0,0.116839
1363.0,0.116894
1364.0,0.11694900000000001
1365.0,0.11700300000000001
1366.0,0.117061
1367.0,0.117123
1368.0,0.11717599999999999
1369.0,0.11720900000000001
1370.0,0.117218
1371.0,0.117211
1372.0,0.117196
1373.0,0.117181
1374.0,0.11716599999999999
1375.0,0.117145
1376.0,0.117113
1377.0,0.11706699999999999
1378.0,0.11700799999999999
1379.0,0.11693899999999999
1380.0,0.11686
1381.0,0.116775
1382.0,0.116681
1383.0,0.116576
1384.0,0.116455
1385.0,0.116318
1386.0,0.116166
1387.0,0.11600300000000001
1388.0,0.11583
1389.0,0.115641
1390.0,0.115443
1391.0,0.11524699999999999
1392.0,0.115063
1393.0,0.114881
1394.0,0.114708
1395.0,0.114551
1396.0,0.114418
1397.0,0.114305
1398.0,0.11420400000000001
1399.0,0.114109
1400.0,0.114029
1401.0,0.113961
1402.0,0.11388400000000001
1403.0,0.11377599999999999
1404.0,0.113646
1405.0,0.113496
1406.0,0.11332
1407.0,0.11310600000000001
1408.0,0.11282199999999999
1409.0,0.11253099999999999
1410.0,0.112308
1411.0,0.112181
1412.0,0.112105
1413.0,0.112111
1414.0,0.112232
1415.0,0.112508
1416.0,0.11290900000000001
1417.0,0.113368
1418.0,0.11382199999999999
1419.0,0.114301
1420.0,0.11480499999999999
1421.0,0.115304
1422.0,0.11577899999999999
1423.0,0.116249
1424.0,0.11670299999999999
1425.0,0.117124
1426.0,0.117498
1427.0,0.11783400000000001
1428.0,0.11814399999999999
1429.0,0.118439
1430.0,0.11872500000000001
1431.0,0.11899599999999999
1432.0,0.11924099999999999
1433.0,0.11945299999999999
1434.0,0.119617
1435.0,0.119755
1436.0,0.11989100000000001
1437.0,0.120044
1438.0,0.120197
1439.0,0.120357
1440.0,0.12053599999999999
1441.0,0.12075100000000001
1442.0,0.121
1443.0,0.12124800000000001
1444.0,0.12146000000000001
1445.0,0.12162800000000001
1446.0,0.12177099999999999
1447.0,0.1219
1448.0,0.122029
1449.0,0.122147
1450.0,0.12225799999999999
1451.0,0.122371
1452.0,0.12249399999999999
1453.0,0.122628
1454.0,0.12275900000000001
1455.0,0.122875
1456.0,0.122965
1457.0,0.12303800000000001
1458.0,0.12310600000000001
1459.0,0.123186
1460.0,0.12327199999999999
1461.0,0.12336399999999999
1462.0,0.12346399999999999
1463.0,0.123581
1464.0,0.12371700000000001
1465.0,0.12386
1466.0,0.123996
1467.0,0.124115
1468.0,0.12422499999999999
1469.0,0.124331
1470.0,0.12444000000000001
1471.0,0.124554
1472.0,0.124671
1473.0,0.12478600000000001
1474.0,0.124896
1475.0,0.124998
1476.0,0.125097
1477.0,0.1252
1478.0,0.12531599999999998
1479.0,0.125447
1480.0,0.125577
1481.0,0.125687
1482.0,0.12576700000000002
1483.0,0.12582700000000002
1484.0,0.125878
1485.0,0.125931
1486.0,0.125977
1487.0,0.126021
1488.0,0.126079
1489.0,0.126167
1490.0,0.12628399999999998
1491.0,0.126415
1492.0,0.126542
1493.0,0.126656
1494.0,0.126767
1495.0,0.126873
1496.0,0.126972
1497.0,0.127059
1498.0,0.127138
1499.0,0.127218
1500.0,0.127306
1501.0,0.127401
1502.0,0.1275
1503.0,0.127598
1504.0,0.127691
1505.0,0.12778
1506.0,0.127872
1507.0,0.127973
1508.0,0.128089
1509.0,0.128215
1510.0,0.12834199999999998
1511.0,0.128459
1512.0,0.128569
1513.0,0.12867499999999998
1514.0,0.128776
1515.0,0.128874
1516.0,0.128968
1517.0,0.129058
1518.0,0.129143
1519.0,0.129222
1520.0,0.129296
1521.0,0.12936899999999998
1522.0,0.129445
1523.0,0.129526
1524.0,0.129608
1525.0,0.129686
1526.0,0.129755
1527.0,0.12981299999999998
1528.0,0.12987
1529.0,0.129935
1530.0,0.130015
1531.0,0.130103
1532.0,0.130196
1533.0,0.130292
1534.0,0.130396
1535.0,0.130503
1536.0,0.130605
1537.0,0.130695
1538.0,0.130772
1539.0,0.130848
1540.0,0.130935
1541.0,0.131042
1542.0,0.131163
1543.0,0.13128399999999998
1544.0,0.13139099999999998
1545.0,0.131492
1546.0,0.131586
1547.0,0.131663
1548.0,0.131714
1549.0,0.13173
1550.0,0.131741
1551.0,0.13177899999999998
1552.0,0.131865
1553.0,0.13198100000000001
1554.0,0.132105
1555.0,0.132214
1556.0,0.132317
1557.0,0.132415
1558.0,0.13250299999999998
1559.0,0.132571
1560.0,0.132614
1561.0,0.132656
1562.0,0.132721
1563.0,0.13282
1564.0,0.132938
1565.0,0.133067
1566.0,0.133199
1567.0,0.133348
1568.0,0.13350099999999998
1569.0,0.133633
1570.0,0.133724
1571.0,0.133781
1572.0,0.133826
1573.0,0.133882
1574.0,0.133951
1575.0,0.134026
1576.0,0.13411
1577.0,0.134211
1578.0,0.134336
1579.0,0.13446999999999998
1580.0,0.134594
1581.0,0.13469699999999998
1582.0,0.134788
1583.0,0.13486900000000002
1584.0,0.134941
1585.0,0.135001
1586.0,0.135052
1587.0,0.135101
1588.0,0.135157
1589.0,0.135215
1590.0,0.135276
1591.0,0.135342
1592.0,0.13541999999999998
1593.0,0.135509
1594.0,0.135594
1595.0,0.135661
1596.0,0.135702
1597.0,0.13572900000000002
1598.0,0.13575900000000002
1599.0,0.135799
1600.0,0.13584
1601.0,0.13589
1602.0,0.135958
1603.0,0.136063
1604.0,0.13619199999999998
1605.0,0.13631000000000001
1606.0,0.136381
1607.0,0.136396
1608.0,0.136387
1609.0,0.13638899999999998
1610.0,0.136426
1611.0,0.13648300000000002
1612.0,0.13655099999999998
1613.0,0.136628
1614.0,0.136719
1615.0,0.136819
1616.0,0.13692000000000001
1617.0,0.13701
1618.0,0.137094
1619.0,0.137175
1620.0,0.13725300000000001
1621.0,0.13733399999999998
1622.0,0.137417
1623.0,0.137487
1624.0,0.137527
1625.0,0.137523
1626.0,0.13750099999999998
1627.0,0.13749599999999998
1628.0,0.137537
1629.0,0.137611
1630.0,0.13769399999999998
1631.0,0.137761
1632.0,0.137812
1633.0,0.137855
1634.0,0.137884
1635.0,0.13789099999999999
1636.0,0.137866
1637.0,0.137836
1638.0,0.137826
1639.0,0.137853
1640.0,0.137902
1641.0,0.137961
1642.0,0.13802199999999998
1643.0,0.138092
1644.0,0.13816499999999998
1645.0,0.138234
1646.0,0.138292
1647.0,0.138341
1648.0,0.138386
1649.0,0.13843
1650.0,0.138472
1651.0,0.138511
1652.0,0.138552
1653.0,0.138599
1654.0,0.138654
1655.0,0.13871
1656.0,0.13875500000000002
1657.0,0.138786
1658.0,0.13880499999999998
1659.0,0.138821
1660.0,0.13884
1661.0,0.13886900000000002
1662.0,0.138895
1663.0,0.138904
1664.0,0.138884
1665.0,0.138845
1666.0,0.13878500000000002
1667.0,0.138703
1668.0,0.138573
1669.0,0.138423
1670.0,0.138308
1671.0,0.13827299999999998
1672.0,0.1383
1673.0,0.13836299999999999
1674.0,0.13844099999999998
1675.0,0.138545
1676.0,0.138675
1677.0,0.138789
1678.0,0.138849
1679.0,0.13886300000000001
1680.0,0.138855
1681.0,0.138845
1682.0,0.13885
1683.0,0.138857
1684.0,0.138848
1685.0,0.13880699999999999
1686.0,0.13872400000000001
1687.0,0.13862
1688.0,0.138516
1689.0,0.138423
1690.0,0.138327
1691.0,0.138239
1692.0,0.13816599999999998
1693.0,0.13811199999999998
1694.0,0.13807
1695.0,0.138036
1696.0,0.138011
1697.0,0.138
1698.0,0.137986
1699.0,0.137949
1700.0,0.13788
1701.0,0.137791
1702.0,0.137705
1703.0,0.137636
1704.0,0.137574
1705.0,0.13752
1706.0,0.13747600000000001
1707.0,0.13745
1708.0,0.137437
1709.0,0.137414
1710.0,0.13735799999999998
1711.0,0.137263
1712.0,0.137162
1713.0,0.13709300000000002
1714.0,0.137082
1715.0,0.137109
1716.0,0.137142
1717.0,0.137155
1718.0,0.137158
1719.0,0.137154
1720.0,0.13714
1721.0,0.137103
1722.0,0.137048
1723.0,0.137007
1724.0,0.137014
1725.0,0.137069
1726.0,0.137155
1727.0,0.13725199999999999
1728.0,0.137362
1729.0,0.13749599999999998
1730.0,0.137616
1731.0,0.137684
1732.0,0.13768
1733.0,0.137648
1734.0,0.13764300000000002
1735.0,0.13770200000000002
1736.0,0.13780099999999998
1737.0,0.137926
1738.0,0.138066
1739.0,0.138245
1740.0,0.138442
1741.0,0.138606
1742.0,0.13870100000000002
1743.0,0.138745
1744.0,0.138764
1745.0,0.138782
1746.0,0.138802
1747.0,0.138812
1748.0,0.138804
1749.0,0.138769
1750.0,0.138705
1751.0,0.138636
1752.0,0.138581
1753.0,0.13853
1754.0,0.138488
1755.0,0.13847500000000001
1756.0,0.138514
1757.0,0.138602
1758.0,0.138702
1759.0,0.13878000000000001
1760.0,0.138841
1761.0,0.13889300000000002
1762.0,0.138928
1763.0,0.138935
1764.0,0.138908
1765.0,0.138886
1766.0,0.138907
1767.0,0.138982
1768.0,0.139086
1769.0,0.13919399999999998
1770.0,0.139289
1771.0,0.139383
1772.0,0.139477
1773.0,0.139566
1774.0,0.13965
1775.0,0.139731
1776.0,0.139814
1777.0,0.139907
1778.0,0.140013
1779.0,0.14010999999999998
1780.0,0.140174
1781.0,0.14019500000000001
1782.0,0.14019299999999998
1783.0,0.14019399999999999
1784.0,0.140211
1785.0,0.140228
1786.0,0.140263
1787.0,0.140335
1788.0,0.140466
1789.0,0.140625
1790.0,0.140764
1791.0,0.14085699999999998
1792.0,0.140924
1793.0,0.140976
1794.0,0.14102
1795.0,0.14105399999999998
1796.0,0.14107799999999998
1797.0,0.141098
1798.0,0.141114
1799.0,0.141122
1800.0,0.141135
1801.0,0.14116099999999998
1802.0,0.14119500000000001
1803.0,0.14124
1804.0,0.141311
1805.0,0.14142
1806.0,0.141561
1807.0,0.141705
1808.0,0.141828
1809.0,0.141944
1810.0,0.142047
1811.0,0.142128
1812.0,0.142179
1813.0,0.142207
1814.0,0.14221999999999999
1815.0,0.142218
1816.0,0.14218999999999998
1817.0,0.142157
1818.0,0.142148
1819.0,0.142174
1820.0,0.142218
1821.0,0.142263
1822.0,0.142294
1823.0,0.142319
1824.0,0.14234
1825.0,0.14235699999999998
1826.0,0.14235699999999998
1827.0,0.142355
1828.0,0.142375
1829.0,0.142446
1830.0,0.142565
1831.0,0.142681
1832.0,0.142742
1833.0,0.142755
1834.0,0.142735
1835.0,0.142688
1836.0,0.1426
1837.0,0.142467
1838.0,0.142342
1839.0,0.14227299999999998
1840.0,0.142249
1841.0,0.142255
1842.0,0.142281
1843.0,0.142338
1844.0,0.142422
1845.0,0.142502
1846.0,0.142554
1847.0,0.142585
1848.0,0.142606
1849.0,0.142623
1850.0,0.142635
1851.0,0.142641
1852.0,0.142651
1853.0,0.142677
1854.0,0.14271699999999998
1855.0,0.142752
1856.0,0.142761
1857.0,0.142737
1858.0,0.1427
1859.0,0.142673
1860.0,0.142668
1861.0,0.142675
1862.0,0.142684
1863.0,0.142691
1864.0,0.142722
1865.0,0.142736
1866.0,0.142678
1867.0,0.142503
1868.0,0.142252
1869.0,0.142004
1870.0,0.141817
1871.0,0.14166
1872.0,0.141524
1873.0,0.141404
1874.0,0.14136200000000002
1875.0,0.141327
1876.0,0.141169
1877.0,0.140778
1878.0,0.14021
1879.0,0.139599
1880.0,0.139069
1881.0,0.138511
1882.0,0.137732
1883.0,0.136917
1884.0,0.136042
1885.0,0.135093
1886.0,0.13403299999999999
1887.0,0.132831
1888.0,0.13151400000000002
1889.0,0.130176
1890.0,0.128885
1891.0,0.127799
1892.0,0.12687400000000001
1893.0,0.126199
1894.0,0.125602
1895.0,0.124888
1896.0,0.124101
1897.0,0.123216
1898.0,0.122121
1899.0,0.12078699999999999
1900.0,0.119657
1901.0,0.119047
1902.0,0.118737
1903.0,0.118432
1904.0,0.11801299999999999
1905.0,0.117635
1906.0,0.117449
1907.0,0.11744099999999999
1908.0,0.117625
1909.0,0.118123
1910.0,0.118986
1911.0,0.119658
1912.0,0.11964499999999999
1913.0,0.119205
1914.0,0.11889799999999999
1915.0,0.118933
1916.0,0.119145
1917.0,0.11955600000000001
1918.0,0.120284
1919.0,0.12104100000000001
1920.0,0.121457
1921.0,0.12156499999999999
1922.0,0.121609
1923.0,0.121742
1924.0,0.12188700000000001
1925.0,0.12202299999999999
1926.0,0.122141
1927.0,0.122248
1928.0,0.12235099999999999
1929.0,0.122406
1930.0,0.122511
1931.0,0.122798
1932.0,0.123277
1933.0,0.123776
1934.0,0.124209
1935.0,0.124619
1936.0,0.12488099999999999
1937.0,0.124902
1938.0,0.124775
1939.0,0.124642
1940.0,0.124446
1941.0,0.124305
1942.0,0.124403
1943.0,0.124709
1944.0,0.125032
1945.0,0.125253
1946.0,0.125435
1947.0,0.12556900000000001
1948.0,0.125634
1949.0,0.125663
1950.0,0.125717
1951.0,0.12581699999999998
1952.0,0.125876
1953.0,0.125771
1954.0,0.125497
1955.0,0.125367
1956.0,0.125611
1957.0,0.12606799999999999
1958.0,0.12651300000000001
1959.0,0.12698600000000002
1960.0,0.127395
1961.0,0.12751200000000001
1962.0,0.127309
1963.0,0.127136
1964.0,0.127274
1965.0,0.12758
1966.0,0.127843
1967.0,0.128
1968.0,0.12812300000000001
1969.0,0.128243
1970.0,0.12831099999999998
1971.0,0.128442
1972.0,0.12881399999999998
1973.0,0.12942
1974.0,0.129923
1975.0,0.130084
1976.0,0.13007
1977.0,0.130101
1978.0,0.130194
1979.0,0.130324
1980.0,0.130519
1981.0,0.13078599999999999
1982.0,0.131067
1983.0,0.13131500000000002
1984.0,0.131554
1985.0,0.131803
1986.0,0.132088
1987.0,0.13236900000000001
1988.0,0.132588
1989.0,0.132747
1990.0,0.132865
1991.0,0.132939
1992.0,0.132965
1993.0,0.133012
1994.0,0.133123
1995.0,0.133257
1996.0,0.133366
1997.0,0.13345
1998.0,0.13353099999999998
1999.0,0.133604
2000.0,0.133667
2001.0,0.133813
2002.0,0.134129
2003.0,0.134522
2004.0,0.134828
2005.0,0.135049
2006.0,0.135205
2007.0,0.135271
2008.0,0.135238
2009.0,0.135232
2010.0,0.135293
2011.0,0.135403
2012.0,0.13562
2013.0,0.136016
2014.0,0.136403
2015.0,0.136559
2016.0,0.136529
2017.0,0.136481
2018.0,0.136478
2019.0,0.136481
2020.0,0.136504
2021.0,0.136547
2022.0,0.136609
2023.0,0.136683
2024.0,0.136763
2025.0,0.136924
2026.0,0.13725400000000001
2027.0,0.137652
2028.0,0.137928
2029.0,0.138078
2030.0,0.138131
2031.0,0.138039
2032.0,0.13781000000000002
2033.0,0.13769299999999998
2034.0,0.137815
2035.0,0.13807
2036.0,0.1384
2037.0,0.13889200000000002
2038.0,0.139283
2039.0,0.13925700000000002
2040.0,0.138919
2041.0,0.1387
2042.0,0.13875099999999999
2043.0,0.138908
2044.0,0.139076
2045.0,0.139308
2046.0,0.139458
2047.0,0.139339
2048.0,0.139053
2049.0,0.138891
2050.0,0.138884
2051.0,0.138991
2052.0,0.139266
2053.0,0.139751
2054.0,0.140183
2055.0,0.14042
2056.0,0.14053100000000002
2057.0,0.14044
2058.0,0.140046
2059.0,0.139627
2060.0,0.139504
2061.0,0.139606
2062.0,0.139734
2063.0,0.13982799999999998
2064.0,0.139913
2065.0,0.139919
2066.0,0.139815
2067.0,0.139742
2068.0,0.139852
2069.0,0.140062
2070.0,0.140114
2071.0,0.139916
2072.0,0.13963699999999998
2073.0,0.13941900000000002
2074.0,0.139213
2075.0,0.139099
2076.0,0.139149
2077.0,0.13929
2078.0,0.139412
2079.0,0.139512
2080.0,0.139617
2081.0,0.139759
2082.0,0.139929
2083.0,0.13999599999999998
2084.0,0.139883
2085.0,0.139693
2086.0,0.139538
2087.0,0.13938599999999998
2088.0,0.139291
2089.0,0.13933500000000001
2090.0,0.13944499999999999
2091.0,0.139435
2092.0,0.13927699999999998
2093.0,0.139063
2094.0,0.138828
2095.0,0.138565
2096.0,0.138369
2097.0,0.13828200000000002
2098.0,0.138223
2099.0,0.138081
2100.0,0.137863
2101.0,0.137787
2102.0,0.13802199999999998
2103.0,0.13839
2104.0,0.138622
2105.0,0.138765
2106.0,0.138758
2107.0,0.138452
2108.0,0.137942
2109.0,0.137599
2110.0,0.1375
2111.0,0.13742200000000002
2112.0,0.137153
2113.0,0.136762
2114.0,0.136533
2115.0,0.136595
2116.0,0.136787
2117.0,0.137006
2118.0,0.137308
2119.0,0.13738
2120.0,0.136909
2121.0,0.136248
2122.0,0.13602499999999998
2123.0,0.136297
2124.0,0.136597
2125.0,0.136657
2126.0,0.13662000000000002
2127.0,0.136526
2128.0,0.136318
2129.0,0.136166
2130.0,0.136269
2131.0,0.13652799999999998
2132.0,0.136713
2133.0,0.136821
2134.0,0.136821
2135.0,0.136609
2136.0,0.13622299999999998
2137.0,0.13578099999999999
2138.0,0.135289
2139.0,0.134773
2140.0,0.134311
2141.0,0.13388
2142.0,0.133517
2143.0,0.133273
2144.0,0.133085
2145.0,0.13286
2146.0,0.132645
2147.0,0.13227
2148.0,0.131564
2149.0,0.130657
2150.0,0.129788
2151.0,0.128925
2152.0,0.12812099999999998
2153.0,0.127447
2154.0,0.126854
2155.0,0.126281
2156.0,0.12575
2157.0,0.125195
2158.0,0.12452400000000001
2159.0,0.123793
2160.0,0.123168
2161.0,0.122655
2162.0,0.12223800000000001
2163.0,0.121929
2164.0,0.12172100000000001
2165.0,0.121599
2166.0,0.12156399999999999
2167.0,0.121608
2168.0,0.12175000000000001
2169.0,0.121966
2170.0,0.12208999999999999
2171.0,0.12212300000000001
2172.0,0.122069
2173.0,0.121896
2174.0,0.121612
2175.0,0.121279
2176.0,0.120861
2177.0,0.120458
2178.0,0.12022500000000001
2179.0,0.12011100000000001
2180.0,0.119914
2181.0,0.11960699999999999
2182.0,0.11920700000000001
2183.0,0.118672
2184.0,0.118017
2185.0,0.117369
2186.0,0.116728
2187.0,0.116125
2188.0,0.115638
2189.0,0.11524
2190.0,0.114844
2191.0,0.11446300000000001
2192.0,0.11404600000000001
2193.0,0.113485
2194.0,0.112849
2195.0,0.112406
2196.0,0.112233
2197.0,0.11209799999999999
2198.0,0.111864
2199.0,0.111571
2200.0,0.111039
2201.0,0.110198
2202.0,0.10925499999999999
2203.0,0.10828900000000001
2204.0,0.10731099999999999
2205.0,0.106545
2206.0,0.106
2207.0,0.10557
2208.0,0.105185
2209.0,0.10489599999999999
2210.0,0.104761
2211.0,0.10472899999999999
2212.0,0.10505
2213.0,0.105951
2214.0,0.107187
2215.0,0.10844200000000001
2216.0,0.109808
2217.0,0.110982
2218.0,0.111843
2219.0,0.112494
2220.0,0.112948
2221.0,0.113187
2222.0,0.11340299999999999
2223.0,0.113619
2224.0,0.113842
2225.0,0.114122
2226.0,0.114442
2227.0,0.114788
2228.0,0.11516299999999999
2229.0,0.11555199999999999
2230.0,0.11596000000000001
2231.0,0.11637
2232.0,0.116676
2233.0,0.116875
2234.0,0.11701299999999999
2235.0,0.117089
2236.0,0.11712199999999999
2237.0,0.117204
2238.0,0.117332
2239.0,0.117434
2240.0,0.11747999999999999
2241.0,0.1175
2242.0,0.117518
2243.0,0.117531
2244.0,0.117487
2245.0,0.117369
2246.0,0.117204
2247.0,0.11703
2248.0,0.116825
2249.0,0.116507
2250.0,0.116051
2251.0,0.11553200000000001
2252.0,0.11495
2253.0,0.114359
2254.0,0.113987
2255.0,0.11381999999999999
2256.0,0.113735
2257.0,0.113681
2258.0,0.113714
2259.0,0.11389300000000001
2260.0,0.114197
2261.0,0.114537
2262.0,0.11497500000000001
2263.0,0.11528600000000001
2264.0,0.115245
2265.0,0.115002
2266.0,0.11475400000000001
2267.0,0.114482
2268.0,0.114136
2269.0,0.11370699999999999
2270.0,0.11319900000000001
2271.0,0.11257099999999999
2272.0,0.111844
2273.0,0.11126200000000001
2274.0,0.110857
2275.0,0.110549
2276.0,0.110321
2277.0,0.11016400000000001
2278.0,0.109999
2279.0,0.109818
2280.0,0.109759
2281.0,0.109991
2282.0,0.110213
2283.0,0.11002200000000001
2284.0,0.10954499999999999
2285.0,0.10905799999999999
2286.0,0.108537
2287.0,0.108082
2288.0,0.10780799999999999
2289.0,0.107594
2290.0,0.107275
2291.0,0.106879
2292.0,0.106536
2293.0,0.106287
2294.0,0.10606600000000001
2295.0,0.10584400000000001
2296.0,0.105626
2297.0,0.105377
2298.0,0.10510199999999999
2299.0,0.104811
2300.0,0.104482
2301.0,0.10418
2302.0,0.10396599999999999
2303.0,0.103834
2304.0,0.103929
2305.0,0.104326
2306.0,0.104602
2307.0,0.10467800000000001
2308.0,0.10447699999999999
2309.0,0.10364000000000001
2310.0,0.102316
2311.0,0.101336
2312.0,0.100722
2313.0,0.100268
2314.0,0.099914
2315.0,0.09970599999999999
2316.0,0.099615
2317.0,0.099658
2318.0,0.10017799999999999
2319.0,0.101423
2320.0,0.102533
2321.0,0.103014
2322.0,0.10311500000000001
2323.0,0.102734
2324.0,0.10194800000000001
2325.0,0.101636
2326.0,0.10194800000000001
2327.0,0.102507
2328.0,0.1033
2329.0,0.10411300000000001
2330.0,0.10443899999999999
2331.0,0.104419
2332.0,0.10426500000000001
2333.0,0.104034
2334.0,0.103468
2335.0,0.102326
2336.0,0.10089100000000001
2337.0,0.099412
2338.0,0.09789500000000001
2339.0,0.09724500000000001
2340.0,0.097577
2341.0,0.098162
2342.0,0.09890399999999999
2343.0,0.09956300000000001
2344.0,0.099614
2345.0,0.099301
2346.0,0.099008
2347.0,0.098685
2348.0,0.098499
2349.0,0.098532
2350.0,0.09865
2351.0,0.098747
2352.0,0.09889900000000001
2353.0,0.09919800000000001
2354.0,0.099626
2355.0,0.100322
2356.0,0.10144199999999999
2357.0,0.10240600000000001
2358.0,0.10289899999999999
2359.0,0.103034
2360.0,0.10264799999999999
2361.0,0.101823
2362.0,0.101074
2363.0,0.100401
2364.0,0.099778
2365.0,0.099219
2366.0,0.098694
2367.0,0.09814
2368.0,0.097642
2369.0,0.09738300000000001
2370.0,0.09733
2371.0,0.097562
2372.0,0.098162
2373.0,0.09881999999999999
2374.0,0.099496
2375.0,0.100016
2376.0,0.100033
2377.0,0.099717
2378.0,0.099358
2379.0,0.098912
2380.0,0.098604
2381.0,0.09851499999999999
2382.0,0.098414
2383.0,0.098192
2384.0,0.097886
2385.0,0.097412
2386.0,0.09685700000000001
2387.0,0.09653700000000001
2388.0,0.096425
2389.0,0.09660500000000001
2390.0,0.097164
2391.0,0.09777699999999999
2392.0,0.09831300000000001
2393.0,0.09874000000000001
2394.0,0.098833
2395.0,0.098721
2396.0,0.098693
2397.0,0.098721
2398.0,0.098855
2399.0,0.099161
2400.0,0.099373
2401.0,0.09942500000000001
2402.0,0.09923
2403.0,0.098528
2404.0,0.09758499999999999
2405.0,0.096887
2406.0,0.096361
2407.0,0.096218
2408.0,0.09650399999999999
2409.0,0.096939
2410.0,0.097532
2411.0,0.09805199999999999
2412.0,0.098306
2413.0,0.098391
2414.0,0.098241
2415.0,0.097928
2416.0,0.098039
2417.0,0.09856999999999999
2418.0,0.099025
2419.0,0.09952899999999999
2420.0,0.099259
2421.0,0.097528
2422.0,0.095318
2423.0,0.093168
2424.0,0.09126200000000001
2425.0,0.090739
2426.0,0.091242
2427.0,0.09183899999999999
2428.0,0.092588
2429.0,0.093501
2430.0,0.09466799999999999
2431.0,0.095647
2432.0,0.096078
2433.0,0.096517
2434.0,0.09736800000000001
2435.0,0.09839700000000001
2436.0,0.099719
2437.0,0.10099999999999999
2438.0,0.10086
2439.0,0.099513
2440.0,0.097745
2441.0,0.095471
2442.0,0.093381
2443.0,0.091611
2444.0,0.09038700000000001
2445.0,0.090065
2446.0,0.090047
2447.0,0.08981
2448.0,0.089577
2449.0,0.089414
2450.0,0.089331
2451.0,0.089524
2452.0,0.089947
2453.0,0.089893
2454.0,0.089201
2455.0,0.08903499999999999
2456.0,0.089765
2457.0,0.09039
2458.0,0.090687
2459.0,0.09031499999999999
2460.0,0.08850300000000001
2461.0,0.08627599999999999
2462.0,0.084931
2463.0,0.084002
2464.0,0.083054
2465.0,0.082209
2466.0,0.081915
2467.0,0.082175
2468.0,0.082576
2469.0,0.08311099999999999
2470.0,0.08365500000000001
2471.0,0.08417400000000001
2472.0,0.084644
2473.0,0.085105
2474.0,0.085342
2475.0,0.08498900000000001
2476.0,0.084589
2477.0,0.08475400000000001
2478.0,0.08521100000000001
2479.0,0.08585000000000001
2480.0,0.08663399999999999
2481.0,0.087162
2482.0,0.087471
2483.0,0.08735699999999999
2484.0,0.08682600000000001
2485.0,0.085861
2486.0,0.084398
2487.0,0.082958
2488.0,0.08153600000000001
2489.0,0.080611
2490.0,0.080375
2491.0,0.080699
2492.0,0.081647
2493.0,0.082981
2494.0,0.084451
2495.0,0.086266
2496.0,0.08860900000000001
2497.0,0.09138199999999999
2498.0,0.094504
2499.0,0.097985
2500.0,0.101842
