Data ID,Orthopyroxene LAPP47B
Sample ID,LAPP47B
Mineral Name,orthopyroxene
Sample Description,
Date Added,
Viewing Geometry,
Other Information,
Grain Size,
Database of Origin,MICA Files (USGS/RELAB)
Wavelength,Response
300.0,0.11250200122594833
305.0,0.12323199957609177
310.0,0.1283469945192337
315.0,0.13697199523448944
320.0,0.1454160064458847
325.0,0.15703099966049194
330.0,0.17021000385284424
335.0,0.18556900322437286
340.0,0.20115000009536743
345.0,0.21796000003814697
350.0,0.23556900024414062
355.0,0.2532919943332672
360.0,0.2723729908466339
365.0,0.2913399934768677
370.0,0.30636799335479736
375.0,0.3194350004196167
380.0,0.332192987203598
385.0,0.34494099020957947
390.0,0.3568499982357025
395.0,0.36647799611091614
400.0,0.3794209957122803
405.0,0.39199599623680115
410.0,0.4102739989757538
415.0,0.4206550121307373
420.0,0.42668700218200684
425.0,0.4239790141582489
430.0,0.42950600385665894
435.0,0.4442409873008728
440.0,0.45151999592781067
445.0,0.45416200160980225
450.0,0.45542100071907043
455.0,0.4606199860572815
460.0,0.46467098593711853
465.0,0.4698129892349243
470.0,0.4716329872608185
475.0,0.47778600454330444
480.0,0.4800949990749359
485.0,0.4869120121002197
490.0,0.494157999753952
495.0,0.4998440146446228
500.0,0.5030019879341125
505.0,0.47941499948501587
510.0,0.5096179842948914
515.0,0.52121901512146
520.0,0.5264809727668762
525.0,0.530797004699707
530.0,0.5328090190887451
535.0,0.5319380164146423
540.0,0.5288529992103577
545.0,0.5234760046005249
550.0,0.5213950276374817
555.0,0.5309829711914062
560.0,0.5401250123977661
565.0,0.5445839762687683
570.0,0.549347996711731
575.0,0.552486002445221
580.0,0.5532900094985962
585.0,0.5558199882507324
590.0,0.5596500039100647
595.0,0.5628520250320435
600.0,0.5631369948387146
605.0,0.5661889910697937
610.0,0.5670729875564575
615.0,0.5689089894294739
620.0,0.5706369876861572
625.0,0.5737529993057251
630.0,0.5762919783592224
635.0,0.5785940289497375
640.0,0.5798559784889221
645.0,0.5822129845619202
650.0,0.5835710167884827
655.0,0.5862619876861572
660.0,0.588021993637085
665.0,0.5893499851226807
670.0,0.5914250016212463
675.0,0.5926349759101868
680.0,0.594344973564148
685.0,0.5944709777832031
690.0,0.5948140025138855
695.0,0.5932310223579407
700.0,0.5919380187988281
705.0,0.5893139839172363
710.0,0.5846850275993347
715.0,0.5808219909667969
720.0,0.5728110074996948
725.0,0.5654760003089905
730.0,0.5546560287475586
735.0,0.5432419776916504
740.0,0.5292670130729675
745.0,0.5138189792633057
750.0,0.49702000617980957
755.0,0.4786919951438904
760.0,0.45831099152565
765.0,0.4376319944858551
770.0,0.416718989610672
775.0,0.39554399251937866
780.0,0.3733389973640442
785.0,0.35181599855422974
790.0,0.33160200715065
795.0,0.31144100427627563
800.0,0.29243698716163635
805.0,0.27208200097084045
810.0,0.25534000992774963
815.0,0.23928199708461761
820.0,0.22475099563598633
825.0,0.21041999757289886
830.0,0.19755899906158447
835.0,0.1865610033273697
840.0,0.17630800604820251
845.0,0.16736899316310883
850.0,0.15938399732112885
855.0,0.15214799344539642
860.0,0.14591799676418304
865.0,0.13968400657176971
870.0,0.1360439956188202
875.0,0.13089600205421448
880.0,0.12620900571346283
885.0,0.12274499982595444
890.0,0.12126599997282028
895.0,0.11862500011920929
900.0,0.11722300201654434
905.0,0.11467000097036362
910.0,0.1155019998550415
915.0,0.11452300101518631
920.0,0.1158910021185875
925.0,0.11671300232410431
930.0,0.11842700093984604
935.0,0.11921700090169907
940.0,0.12305399775505066
945.0,0.126242995262146
950.0,0.13041600584983826
955.0,0.13496500253677368
960.0,0.14051100611686707
965.0,0.1473499983549118
970.0,0.15529799461364746
975.0,0.16353300213813782
980.0,0.17412300407886505
985.0,0.18477199971675873
990.0,0.19667400419712067
995.0,0.20883500576019287
1000.0,0.22413399815559387
1004.9999999999999,0.23917299509048462
1010.0,0.2567949891090393
1014.9999999999999,0.27348798513412476
1020.0,0.2929210066795349
1025.0,0.31150200963020325
1030.0,0.33065998554229736
1035.0,0.35029301047325134
1040.0,0.3714829981327057
1045.0,0.39076700806617737
1050.0,0.41159701347351074
1055.0,0.43021199107170105
1060.0,0.4493910074234009
1065.0,0.46685200929641724
1070.0,0.4839310050010681
1075.0,0.4988279938697815
1080.0,0.5136849880218506
1085.0,0.5253589749336243
1090.0,0.5383229851722717
1095.0,0.5498700141906738
1100.0,0.5594300031661987
1105.0,0.5677670240402222
1110.0,0.5771300196647644
1115.0,0.5837290287017822
1120.0,0.5888469815254211
1125.0,0.5947059988975525
1130.0,0.6000660061836243
1135.0,0.6021649837493896
1140.0,0.6064599752426147
1145.0,0.6092709898948669
1150.0,0.6118370294570923
1155.0,0.615094006061554
1160.0,0.6165649890899658
1165.0,0.619172990322113
1170.0,0.6198109984397888
1175.0,0.6224460005760193
1180.0,0.623054027557373
1185.0,0.6249819993972778
1190.0,0.6261759996414185
1195.0,0.6269260048866272
1200.0,0.6279950141906738
1205.0,0.6287760138511658
1210.0,0.6279860138893127
1215.0,0.6306489706039429
1220.0,0.6302180290222168
1225.0,0.6308850049972534
1230.0,0.6308310031890869
1235.0,0.630731999874115
1240.0,0.6305819749832153
1245.0,0.6310840249061584
1250.0,0.6303060054779053
1255.0,0.6302919983863831
1260.0,0.6308109760284424
1265.0,0.6306599974632263
1270.0,0.6300510168075562
1275.0,0.6291660070419312
1280.0,0.6286550164222717
1285.0,0.6265720129013062
1290.0,0.6261460185050964
1295.0,0.6252520084381104
1300.0,0.6239320039749146
1305.0,0.6216300129890442
1310.0,0.6212570071220398
1315.0,0.6190969944000244
1320.0,0.6166279911994934
1325.0,0.6138259768486023
1330.0,0.611050009727478
1335.0,0.6085940003395081
1340.0,0.6059790253639221
1345.0,0.6026269793510437
1350.0,0.5976790189743042
1355.0,0.5925700068473816
1360.0,0.5895230174064636
1365.0,0.5860159993171692
1370.0,0.5813969969749451
1375.0,0.5777530074119568
1380.0,0.5717800259590149
1385.0,0.5699309706687927
1390.0,0.5585229992866516
1395.0,0.5459690093994141
1400.0,0.5439839959144592
1405.0,0.5439630150794983
1410.0,0.5426729917526245
1415.0,0.53541499376297
1420.0,0.531512975692749
1425.0,0.52708899974823
1430.0,0.5215929746627808
1435.0,0.5166159868240356
1440.0,0.5099310278892517
1445.0,0.5035520195960999
1450.0,0.49761900305747986
1455.0,0.491362988948822
1460.0,0.4860120117664337
1465.0,0.47789299488067627
1470.0,0.4720509946346283
1475.0,0.4669550061225891
1480.0,0.459416002035141
1485.0,0.45329099893569946
1490.0,0.4470289945602417
1495.0,0.4409550130367279
1500.0,0.4343529939651489
1505.0,0.4277600049972534
1510.0,0.4210990071296692
1515.0,0.415692001581192
1520.0,0.40846601128578186
1525.0,0.4022989869117737
1530.0,0.3968380093574524
1535.0,0.38982701301574707
1540.0,0.3835330009460449
1545.0,0.3782770037651062
1550.0,0.37215399742126465
1555.0,0.36621400713920593
1560.0,0.36005398631095886
1565.0,0.3545050024986267
1570.0,0.34929201006889343
1575.0,0.34292200207710266
1580.0,0.3373349905014038
1585.0,0.33199599385261536
1590.0,0.32708799839019775
1595.0,0.32150998711586
1600.0,0.3165299892425537
1605.0,0.3106499910354614
1610.0,0.30523601174354553
1615.0,0.301147997379303
1620.0,0.2963069975376129
1625.0,0.2911730110645294
1630.0,0.28736600279808044
1635.0,0.28301799297332764
1640.0,0.27896401286125183
1645.0,0.27486899495124817
1650.0,0.2709380090236664
1655.0,0.2674899995326996
1660.0,0.2639240026473999
1665.0,0.2597860097885132
1670.0,0.2566109895706177
1675.0,0.25245600938796997
1680.0,0.24798299372196198
1685.0,0.24533599615097046
1690.0,0.2409520000219345
1695.0,0.2381879985332489
1700.0,0.2353149950504303
1705.0,0.23339800536632538
1710.0,0.23037099838256836
1715.0,0.22718100249767303
1720.0,0.22487199306488037
1725.0,0.22243699431419373
1730.0,0.21977999806404114
1735.0,0.2169940024614334
1740.0,0.21497300267219543
1745.0,0.2122509926557541
1750.0,0.21046899259090424
1755.0,0.20848900079727173
1760.0,0.20638899505138397
1765.0,0.20418499410152435
1770.0,0.20282000303268433
1775.0,0.20099499821662903
1780.0,0.1989089995622635
1785.0,0.197270005941391
1790.0,0.19619299471378326
1795.0,0.19307099282741547
1800.0,0.19289100170135498
1805.0,0.19172200560569763
1810.0,0.1907380074262619
1815.0,0.19006900489330292
1820.0,0.18887099623680115
1825.0,0.18927200138568878
1830.0,0.18747499585151672
1835.0,0.18664999306201935
1840.0,0.18551799654960632
1845.0,0.18484599888324738
1850.0,0.18477599322795868
1855.0,0.1844410002231598
1860.0,0.18402299284934998
1865.0,0.18461400270462036
1870.0,0.18506599962711334
1875.0,0.1850219964981079
1880.0,0.1853650063276291
1885.0,0.18619400262832642
1890.0,0.18625999987125397
1895.0,0.18658100068569183
1900.0,0.18758200109004974
1905.0,0.18819299340248108
1910.0,0.18897399306297302
1915.0,0.18943700194358826
1920.0,0.1907150000333786
1925.0,0.19332300126552582
1930.0,0.1940699964761734
1935.0,0.19534899294376373
1940.0,0.19648100435733795
1945.0,0.19783300161361694
1950.0,0.1991019994020462
1955.0,0.20097999274730682
1960.0,0.20305900275707245
1965.0,0.2044599950313568
1970.0,0.20660200715065002
1975.0,0.20875400304794312
1980.0,0.21163100004196167
1985.0,0.21393699944019318
1990.0,0.21681199967861176
1995.0,0.21910600364208221
2000.0,0.22178499400615692
2005.0,0.22473299503326416
2009.9999999999998,0.22834500670433044
2015.0000000000002,0.23096700012683868
2020.0,0.23475199937820435
2025.0,0.23773899674415588
2029.9999999999998,0.24088799953460693
2035.0000000000002,0.2439350038766861
2040.0,0.24831099808216095
2045.0,0.25085198879241943
2050.0,0.2554109990596771
2055.0,0.25883400440216064
2060.0,0.2636930048465729
2065.0,0.2666989862918854
2070.0,0.27140098810195923
2075.0,0.2762430012226105
2080.0,0.2795349955558777
2085.0,0.28469300270080566
2090.0,0.28890499472618103
2095.0,0.29374799132347107
2100.0,0.2981089949607849
2105.0,0.3043850064277649
2110.0,0.3087039887905121
2115.0,0.31373998522758484
2120.0,0.31918901205062866
2125.0,0.3210720121860504
2130.0,0.3270550072193146
2135.0,0.3325659930706024
2140.0,0.33739200234413147
2145.0,0.3424319922924042
2150.0,0.3483180105686188
2155.0,0.3539789915084839
2160.0,0.35870999097824097
2165.0,0.36356300115585327
2170.0,0.36869099736213684
2175.0,0.3725210130214691
2180.0,0.3769330084323883
2185.0,0.3831320106983185
2190.0,0.38830798864364624
2195.0,0.39320600032806396
2200.0,0.3983120024204254
2205.0,0.4025849997997284
2210.0,0.4080060124397278
2215.0,0.4134790003299713
2220.0,0.4187150001525879
2225.0,0.423088014125824
2230.0,0.428508996963501
2235.0,0.4324760138988495
2240.0,0.4382469952106476
2245.0,0.44273799657821655
2250.0,0.44695600867271423
2255.0,0.45207399129867554
2260.0,0.4567730128765106
2265.0,0.460904985666275
2270.0,0.46479299664497375
2275.0,0.46764200925827026
2280.0,0.47169598937034607
2285.0,0.4734860062599182
2290.0,0.47380900382995605
2295.0,0.47728198766708374
2300.0,0.48203399777412415
2305.0,0.48364999890327454
2310.0,0.48226800560951233
2315.0,0.48096200823783875
2320.0,0.48652398586273193
2325.0,0.49385499954223633
2330.0,0.5010340213775635
2335.0,0.5049020051956177
2340.0,0.5114489793777466
2345.0,0.5160350203514099
2350.0,0.5186039805412292
2355.0,0.5218909978866577
2360.0,0.5253999829292297
2365.0,0.5278030037879944
2370.0,0.5289559960365295
2375.0,0.5306990146636963
2380.0,0.5323879718780518
2385.0,0.5317569971084595
2390.0,0.5321670174598694
2395.0,0.5334720015525818
2400.0,0.5393970012664795
2405.0,0.542294979095459
2410.0,0.5453140139579773
2415.0,0.5450590252876282
2420.0,0.5478079915046692
2425.0,0.5478256940841675
2430.0,0.5479378700256348
2435.0,0.5487977862358093
2440.0,0.5497475266456604
2445.0,0.5502205491065979
2450.0,0.550936758518219
2455.0,0.5506085753440857
2460.0,0.5514663457870483
2465.0,0.5518020391464233
2470.0,0.5521053075790405
2475.0,0.5540212392807007
2480.0,0.555686354637146
2485.0,0.5557385683059692
2490.0,0.5566005706787109
2495.0,0.5571816563606262
2500.0,0.5568917393684387
2505.0,0.5572755336761475
2510.0,0.5587693452835083
2515.0,0.5582820773124695
2520.0,0.5584141612052917
2525.0,0.5597099661827087
2530.0,0.5599433183670044
2531.32,0.5596719980239868
2532.55,0.5601009726524353
2533.7900000000004,0.5604299902915955
2535.0299999999997,0.5607650279998779
2536.27,0.56044602394104
2537.51,0.5606849789619446
2538.75,0.5613160133361816
2540.0,0.5612720251083374
2541.2400000000002,0.5612080097198486
2542.49,0.5610479712486267
2543.7400000000002,0.560929000377655
2544.99,0.5616499781608582
2546.2400000000002,0.5623030066490173
2547.49,0.5621989965438843
2548.74,0.5619869828224182
2549.9900000000002,0.5625799894332886
2551.25,0.561968982219696
2552.5,0.5616589784622192
2553.76,0.5623360276222229
2555.02,0.5630099773406982
2556.28,0.5627380013465881
2557.54,0.5629739761352539
2558.8,0.5631570219993591
2560.07,0.5627400279045105
2561.33,0.5617730021476746
2562.6000000000004,0.5622199773788452
2563.86,0.56352698802948
2565.13,0.5641520023345947
2566.3999999999996,0.5646200180053711
2567.67,0.5648379921913147
2568.9500000000003,0.5640590190887451
2570.22,0.563850998878479
2571.5,0.5658980011940002
2572.77,0.5654659867286682
2574.05,0.5645430088043213
2575.33,0.5667300224304199
2576.61,0.5661110281944275
2577.89,0.5656920075416565
2579.17,0.566897988319397
2580.46,0.5668020248413086
2581.74,0.5663890242576599
2583.0299999999997,0.5670719742774963
2584.31,0.5660799741744995
2585.6,0.5690600275993347
2586.89,0.5697159767150879
2588.19,0.5691580176353455
2589.48,0.569815993309021
2590.77,0.5701590180397034
2592.07,0.5707039833068848
2593.36,0.5698760151863098
2594.6600000000003,0.5666670203208923
2595.96,0.5695019960403442
2597.2599999999998,0.5758129954338074
2598.56,0.5754910111427307
2599.8700000000003,0.5735989809036255
2601.17,0.5731160044670105
2602.48,0.5735039710998535
2603.78,0.5738710165023804
2605.09,0.5728430151939392
2606.3999999999996,0.5735870003700256
2607.71,0.5762839913368225
2609.03,0.5762109756469727
2610.3399999999997,0.5759339928627014
2611.6600000000003,0.5766509771347046
2612.97,0.5766670107841492
2614.29,0.5771139860153198
2615.61,0.577895998954773
2616.93,0.5763660073280334
2618.25,0.5782999992370605
2619.57,0.5794010162353516
2620.8999999999996,0.5773630142211914
2622.22,0.5802670121192932
2623.5499999999997,0.5811880230903625
2624.88,0.5804420113563538
2626.21,0.5787259936332703
2627.5400000000004,0.5789470076560974
2628.87,0.5814080238342285
2630.21,0.5794100165367126
2631.5400000000004,0.5799790024757385
2632.88,0.5830209851264954
2634.21,0.5820509791374207
2635.5499999999997,0.5823400020599365
2636.8900000000003,0.5825240015983582
2638.2400000000002,0.5823140144348145
2639.58,0.58262699842453
2640.92,0.5825420022010803
2642.27,0.5821670293807983
2643.62,0.5827509760856628
2644.97,0.5830240249633789
2646.3199999999997,0.5828539729118347
2647.67,0.5838000178337097
2649.02,0.5836920142173767
2650.38,0.582951009273529
2651.73,0.5826870203018188
2653.09,0.5828570127487183
2654.4500000000003,0.5840139985084534
2655.81,0.5833520293235779
2657.1699999999996,0.5837870240211487
2658.5299999999997,0.5838540196418762
2659.89,0.5827720165252686
2661.2599999999998,0.582876980304718
2662.63,0.5834829807281494
2664.0,0.5824289917945862
2665.36,0.5799610018730164
2666.74,0.5805400013923645
2668.11,0.5827199816703796
2669.48,0.582073986530304
2670.8599999999997,0.5778110027313232
2672.23,0.5811229944229126
2673.61,0.5814269781112671
2674.9900000000002,0.577750027179718
2676.37,0.5743119716644287
2677.76,0.5732750296592712
2679.14,0.5724760293960571
2680.52,0.5698170065879822
2681.91,0.5675050020217896
2683.3,0.5625259876251221
2684.6899999999996,0.5576919913291931
2686.08,0.5520920157432556
2687.47,0.5468760132789612
2688.87,0.541031002998352
2690.2599999999998,0.5339930057525635
2691.6600000000003,0.5261809825897217
2693.06,0.5166730284690857
2694.46,0.5063769817352295
2695.86,0.4979420006275177
2697.26,0.4880490005016327
2698.66,0.47587600350379944
2700.07,0.4620479941368103
2701.48,0.44911301136016846
2702.89,0.437377005815506
2704.2999999999997,0.42542698979377747
2705.71,0.41319701075553894
2707.1200000000003,0.40256500244140625
2708.53,0.39298099279403687
2709.9500000000003,0.3851349949836731
2711.37,0.37880000472068787
2712.79,0.3755800127983093
2714.21,0.3713659942150116
2715.63,0.3662410080432892
2717.05,0.36017200350761414
2718.48,0.3467719852924347
2719.9,0.32141000032424927
2721.33,0.3051300048828125
2722.76,0.31973299384117126
2724.19,0.3385410010814667
2725.6200000000003,0.352182000875473
2727.06,0.3620379865169525
2728.49,0.366131991147995
2729.93,0.366023987531662
2731.37,0.36024200916290283
2732.8100000000004,0.35343000292778015
2734.25,0.3576259911060333
2735.69,0.36920300126075745
2737.1400000000003,0.3781850039958954
2738.58,0.3803060054779053
2740.0299999999997,0.38098201155662537
2741.48,0.38439199328422546
2742.93,0.38721001148223877
2744.38,0.3865489959716797
2745.8300000000004,0.3846830129623413
2747.29,0.3858579993247986
2748.75,0.3881259858608246
2750.2,0.3893809914588928
2751.6600000000003,0.3899590075016022
2753.13,0.39081600308418274
2754.5899999999997,0.39084601402282715
2756.05,0.39082300662994385
2757.52,0.3946619927883148
2758.99,0.39605098962783813
2760.46,0.39557498693466187
2761.93,0.39556199312210083
2763.3999999999996,0.39642900228500366
2764.8700000000003,0.39796099066734314
2766.35,0.3988719880580902
2767.82,0.39897701144218445
2769.2999999999997,0.3999139964580536
2770.7799999999997,0.40037399530410767
2772.26,0.40157198905944824
2773.75,0.4030759930610657
2775.23,0.40329301357269287
2776.7200000000003,0.4034459888935089
2778.21,0.40400201082229614
2779.7000000000003,0.40519198775291443
2781.19,0.40602099895477295
2782.68,0.40694600343704224
2784.1800000000003,0.4079729914665222
2785.67,0.40850499272346497
2787.17,0.40871599316596985
2788.67,0.4104439914226532
2790.1699999999996,0.4124799966812134
2791.67,0.4132950007915497
2793.18,0.4138990044593811
2794.68,0.4151670038700104
2796.19,0.416390985250473
2797.7,0.4172990024089813
2799.21,0.4182809889316559
2800.7200000000003,0.41919898986816406
2802.24,0.4198620021343231
2803.75,0.42100998759269714
2805.27,0.4229620099067688
2806.79,0.42386099696159363
2808.31,0.4242910146713257
2809.83,0.42519599199295044
2811.35,0.4261760115623474
2812.8799999999997,0.4268749952316284
2814.41,0.4272199869155884
2815.93,0.42798298597335815
2817.46,0.4290120005607605
2819.0,0.42924800515174866
2820.53,0.429764986038208
2822.07,0.4307990074157715
2823.6,0.43143099546432495
2825.1400000000003,0.431657999753952
2826.6800000000003,0.43198201060295105
2828.22,0.4325160086154938
2829.77,0.4333760142326355
2831.3100000000004,0.43378201127052307
2832.86,0.43377700448036194
2834.4100000000003,0.4339520037174225
2835.96,0.43396899104118347
2837.5099999999998,0.4339570105075836
2839.07,0.43387699127197266
2840.62,0.4335100054740906
2842.18,0.43278199434280396
2843.74,0.43211498856544495
2845.2999999999997,0.43161699175834656
2846.86,0.4314810037612915
2848.43,0.4314729869365692
2849.9900000000002,0.43172401189804077
2851.56,0.43238601088523865
2853.13,0.4332039952278137
2854.7,0.43424201011657715
2856.27,0.435496985912323
2857.85,0.4362049996852875
2859.42,0.43708398938179016
2861.0,0.43821799755096436
2862.58,0.4392080008983612
2864.16,0.43980899453163147
2865.75,0.44049298763275146
2867.33,0.4412420094013214
2868.92,0.44215700030326843
2870.5099999999998,0.4427120089530945
2872.1,0.44293099641799927
2873.69,0.44338300824165344
2875.28,0.44381600618362427
2876.88,0.4442169964313507
2878.48,0.4443199932575226
2880.0699999999997,0.4444360136985779
2881.68,0.4442810118198395
2883.28,0.4443399906158447
2884.88,0.4448849856853485
2886.49,0.4453350007534027
2888.1,0.4457800090312958
2889.71,0.44620001316070557
2891.3199999999997,0.44620901346206665
2892.93,0.44629499316215515
2894.55,0.44668999314308167
2896.16,0.44705599546432495
2897.78,0.4470809996128082
2899.4,0.4474239945411682
2901.03,0.4477519989013672
2902.65,0.4480609893798828
2904.2799999999997,0.4481300115585327
2905.91,0.4478380084037781
2907.54,0.4480989873409271
2909.17,0.4483819901943207
2910.8,0.44841399788856506
2912.44,0.44868800044059753
2914.07,0.44853100180625916
2915.7099999999996,0.44844698905944824
2917.35,0.44883498549461365
2918.99,0.44879698753356934
2920.6400000000003,0.4484589993953705
2922.29,0.44843199849128723
2923.93,0.4487830102443695
2925.58,0.44886600971221924
2927.24,0.44894900918006897
2928.89,0.4491719901561737
2930.55,0.4493440091609955
2932.2,0.44936999678611755
2933.86,0.44924700260162354
2935.52,0.44919800758361816
2937.19,0.44932299852371216
2938.85,0.4492489993572235
2940.52,0.4493409991264343
2942.19,0.4495829939842224
2943.86,0.4497070014476776
2945.53,0.44966599345207214
2947.21,0.4496690034866333
2948.88,0.4498710036277771
2950.56,0.4500020146369934
2952.2400000000002,0.44999000430107117
2953.92,0.4499250054359436
2955.61,0.4497759938240051
2957.29,0.449755996465683
2958.98,0.4496710002422333
2960.67,0.44948500394821167
2962.3599999999997,0.4495759904384613
2964.06,0.44953998923301697
2965.75,0.4496220052242279
2967.45,0.4499329924583435
2969.15,0.4497869908809662
2970.85,0.44964200258255005
2972.55,0.44967299699783325
2974.26,0.4496679902076721
2975.97,0.4493910074234009
2977.68,0.44935500621795654
2979.39,0.4494419991970062
2981.1,0.4497550129890442
2982.8199999999997,0.44982001185417175
2984.5299999999997,0.4492979943752289
2986.25,0.4492909908294678
2987.97,0.44981199502944946
2989.7,0.44998401403427124
2991.42,0.4498940110206604
2993.15,0.44969698786735535
2994.88,0.44966599345207214
2996.61,0.4497140049934387
2998.3399999999997,0.45010799169540405
3000.08,0.450188010931015
3001.8199999999997,0.45021599531173706
3003.55,0.45045799016952515
3005.3,0.45059099793434143
3007.04,0.4504059851169586
3008.7799999999997,0.45033499598503113
3010.53,0.4504069983959198
3012.28,0.45057299733161926
3014.03,0.45092499256134033
3015.79,0.4510459899902344
3017.54,0.4510279893875122
3019.2999999999997,0.45107701420783997
3021.06,0.45138800144195557
3022.8199999999997,0.45154300332069397
3024.58,0.4515169858932495
3026.35,0.4517279863357544
3028.12,0.4517660140991211
3029.89,0.4518980085849762
3031.66,0.45186999440193176
3033.4300000000003,0.4518570005893707
3035.21,0.4520370066165924
3036.99,0.4520139992237091
3038.77,0.4520780146121979
3040.55,0.4524889886379242
3042.3300000000004,0.45250898599624634
3044.12,0.45221200585365295
3045.9100000000003,0.45218798518180847
3047.7,0.452580988407135
3049.4900000000002,0.4530079960823059
3051.29,0.4529370069503784
3053.08,0.45246800780296326
3054.8799999999997,0.4523780047893524
3056.6800000000003,0.4525820016860962
3058.49,0.45253801345825195
3060.29,0.4524970054626465
3062.1,0.4526970088481903
3063.91,0.4528670012950897
3065.72,0.4526430070400238
3067.54,0.45239898562431335
3069.35,0.4524950087070465
3071.17,0.45227301120758057
3072.99,0.45237401127815247
3074.81,0.4526050090789795
3076.64,0.4523470103740692
3078.47,0.4521600008010864
3080.2900000000004,0.4521090090274811
3082.1299999999997,0.4521009922027588
3083.96,0.45211100578308105
3085.79,0.4519850015640259
3087.6299999999997,0.45191800594329834
3089.47,0.4520860016345978
3091.31,0.4521700143814087
3093.1600000000003,0.4521830081939697
3095.0099999999998,0.45221200585365295
3096.85,0.4522710144519806
3098.71,0.4520860016345978
3100.5600000000004,0.45186901092529297
3102.41,0.45186999440193176
3104.27,0.4520550072193146
3106.1299999999997,0.4520519971847534
3107.9900000000002,0.4521239995956421
3109.8599999999997,0.452131986618042
3111.73,0.451990008354187
3113.5899999999997,0.4520910084247589
3115.4700000000003,0.4519360065460205
3117.34,0.45194101333618164
3119.21,0.4521859884262085
3121.09,0.45235100388526917
3122.97,0.452349990606308
3124.86,0.4523729979991913
3126.74,0.4522390067577362
3128.6299999999997,0.4521709978580475
3130.52,0.4522959887981415
3132.4100000000003,0.45232000946998596
3134.3,0.45235100388526917
3136.2000000000003,0.4524089992046356
3138.1,0.4523420035839081
3140.0,0.4522089958190918
3141.9,0.45201799273490906
3143.8100000000004,0.45226600766181946
3145.7099999999996,0.45261698961257935
3147.62,0.4527289867401123
3149.54,0.4526199996471405
3151.4500000000003,0.4525899887084961
3153.37,0.45249998569488525
3155.29,0.45251500606536865
3157.21,0.45262300968170166
3159.13,0.4525870084762573
3161.06,0.4527359902858734
3162.9900000000002,0.45283299684524536
3164.92,0.4528389871120453
3166.8500000000004,0.45295199751853943
3168.79,0.45307600498199463
3170.7200000000003,0.4532319903373718
3172.67,0.45315200090408325
3174.61,0.45295700430870056
3176.55,0.45302900671958923
3178.5,0.453141987323761
3180.45,0.45336800813674927
3182.4,0.4534589946269989
3184.3599999999997,0.45349499583244324
3186.3199999999997,0.4536210000514984
3188.27,0.45359501242637634
3190.2400000000002,0.4536919891834259
3192.2000000000003,0.45385000109672546
3194.17,0.45386800169944763
3196.1400000000003,0.45396798849105835
3198.1099999999997,0.45377200841903687
3200.08,0.4536620080471039
3202.06,0.4538959860801697
3204.04,0.45405998826026917
3206.02,0.45417600870132446
3208.0,0.45399099588394165
3209.99,0.45392099022865295
3211.98,0.45407500863075256
3213.9700000000003,0.4542999863624573
3215.96,0.454272985458374
3217.96,0.4542120099067688
3219.96,0.45425501465797424
3221.96,0.4541809856891632
3223.96,0.4541560113430023
3225.97,0.45415300130844116
3227.98,0.45420700311660767
3229.99,0.4543919861316681
3232.0,0.4546079933643341
3234.02,0.4546999931335449
3236.04,0.4545019865036011
3238.06,0.4544849991798401
3240.08,0.4547179937362671
3242.1099999999997,0.45503801107406616
3244.14,0.45532798767089844
3246.17,0.4554179906845093
3248.2000000000003,0.4554609954357147
3250.24,0.4555230140686035
3252.2799999999997,0.4555499851703644
3254.3199999999997,0.45567500591278076
3256.37,0.4556860029697418
3258.41,0.4556489884853363
3260.46,0.45548200607299805
3262.5099999999998,0.45534300804138184
3264.57,0.45533499121665955
3266.63,0.45534899830818176
3268.69,0.4553309977054596
3270.75,0.4553639888763428
3272.8100000000004,0.45560601353645325
3274.88,0.45572400093078613
3276.95,0.4556030035018921
3279.02,0.45561298727989197
3281.1,0.4560680091381073
3283.1800000000003,0.4564650058746338
3285.26,0.4565010070800781
3287.34,0.45652100443840027
3289.43,0.4564490020275116
3291.51,0.4566810131072998
3293.61,0.4570310115814209
3295.7000000000003,0.45718199014663696
3297.8,0.4571639895439148
3299.9,0.4570870101451874
3302.0,0.4571070075035095
3304.1,0.4570620059967041
3306.21,0.45689600706100464
3308.32,0.45683300495147705
3310.4300000000003,0.4569070041179657
3312.5499999999997,0.4569590091705322
3314.66,0.4572559893131256
3316.79,0.4577060043811798
3318.91,0.4579330086708069
3321.0299999999997,0.4582900106906891
3323.1600000000003,0.45890501141548157
3325.29,0.45932701230049133
3327.4300000000003,0.4596560001373291
3329.5699999999997,0.4599829912185669
3331.71,0.4602940082550049
3333.85,0.4606580138206482
3335.99,0.46067601442337036
3338.1400000000003,0.4607259929180145
3340.29,0.46074599027633667
3342.45,0.46070799231529236
3344.6,0.46067899465560913
3346.76,0.46086400747299194
3348.92,0.46093401312828064
3351.09,0.46086201071739197
3353.26,0.46061500906944275
3355.4300000000003,0.46040600538253784
3357.6000000000004,0.46037501096725464
3359.78,0.46035200357437134
3361.96,0.46029898524284363
3364.14,0.4604400098323822
3366.32,0.4604870080947876
3368.51,0.4604479968547821
3370.7,0.4605279862880707
3372.89,0.4605950117111206
3375.09,0.46048399806022644
3377.29,0.4604380130767822
3379.4900000000002,0.4606890082359314
3381.69,0.4612880051136017
3383.9,0.4619449973106384
3386.11,0.46254101395606995
3388.32,0.46307098865509033
3390.54,0.46335598826408386
3392.76,0.4632990062236786
3394.98,0.46313199400901794
3397.21,0.46317601203918457
3399.4300000000003,0.46307098865509033
3401.6600000000003,0.4626930058002472
3403.9,0.4623410105705261
3406.13,0.46203699707984924
3408.3700000000003,0.46201199293136597
3410.61,0.4616740047931671
3412.8599999999997,0.4612939953804016
3415.1099999999997,0.4611530005931854
3417.36,0.46117299795150757
3419.61,0.46148398518562317
3421.8700000000003,0.46211400628089905
3424.13,0.4629400074481964
3426.39,0.4638270139694214
3428.66,0.4644330143928528
3430.93,0.46518200635910034
3433.2,0.4661329984664917
3435.48,0.46693798899650574
3437.7599999999998,0.4674369990825653
3440.0400000000004,0.46774500608444214
3442.32,0.4680599868297577
3444.61,0.4682469964027405
3446.8999999999996,0.4683989882469177
3449.19,0.46861499547958374
3451.4900000000002,0.46888500452041626
3453.79,0.4693300127983093
3456.09,0.4698289930820465
3458.4,0.4699679911136627
3460.7000000000003,0.4699310064315796
3463.0200000000004,0.4699999988079071
3465.33,0.4701240062713623
3467.65,0.47014400362968445
3469.97,0.4700179994106293
3472.29,0.4699549973011017
3474.62,0.4699540138244629
3476.95,0.47016599774360657
3479.2900000000004,0.4703280031681061
3481.62,0.47053098678588867
3483.96,0.4705579876899719
3486.3,0.47060200572013855
3488.6499999999996,0.47077399492263794
3491.0,0.4709939956665039
3493.35,0.47091299295425415
3495.71,0.47081300616264343
3498.0699999999997,0.4709320068359375
3500.4300000000003,0.4712139964103699
3502.79,0.471574991941452
3505.16,0.47190600633621216
3507.53,0.4723309874534607
3509.9100000000003,0.4729270040988922
3512.29,0.4735499918460846
3514.67,0.4742310047149658
3517.0499999999997,0.47465699911117554
3519.44,0.47504299879074097
3521.83,0.47547000646591187
3524.23,0.4757019877433777
3526.62,0.47579699754714966
3529.02,0.4759350121021271
3531.43,0.4762189984321594
3533.83,0.47648099064826965
3536.24,0.4766089916229248
3538.6600000000003,0.4765860140323639
3541.08,0.47675299644470215
3543.5,0.47687700390815735
3545.92,0.4769279956817627
3548.35,0.4771679937839508
3550.78,0.47735801339149475
3553.21,0.4774380028247833
3555.65,0.47735801339149475
3558.09,0.47736600041389465
3560.5299999999997,0.47749701142311096
3562.98,0.4776819944381714
3565.4300000000003,0.47762298583984375
3567.88,0.4776580035686493
3570.3399999999997,0.477728009223938
3572.8,0.4776270091533661
3575.27,0.4775350093841553
3577.73,0.47759100794792175
3580.2000000000003,0.47753000259399414
3582.68,0.47742998600006104
3585.1600000000003,0.47759100794792175
3587.64,0.47769901156425476
3590.1200000000003,0.4774860143661499
3592.61,0.47741198539733887
3595.1,0.47745999693870544
3597.6,0.4774160087108612
3600.0899999999997,0.47735801339149475
3602.6,0.47738099098205566
3605.1000000000004,0.4773319959640503
3607.61,0.47734498977661133
3610.1200000000003,0.477275013923645
3612.64,0.4769900143146515
3615.16,0.47694799304008484
3617.68,0.4770619869232178
3620.21,0.47707200050354004
3622.74,0.4770900011062622
3625.27,0.4770669937133789
3627.8100000000004,0.47712400555610657
3630.35,0.4770689904689789
3632.8900000000003,0.4768800139427185
3635.44,0.47663798928260803
3637.99,0.4765219986438751
3640.54,0.4766170084476471
3643.1,0.4765219986438751
3645.66,0.47627800703048706
3648.23,0.4759249985218048
3650.7999999999997,0.47579100728034973
3653.37,0.47574499249458313
3655.95,0.475737988948822
3658.5299999999997,0.4757460057735443
3661.1099999999997,0.47567299008369446
3663.7,0.4754270017147064
3666.29,0.47524601221084595
3668.8900000000003,0.4752289950847626
3671.48,0.4751279950141907
3674.09,0.47508999705314636
3676.6899999999996,0.4748939871788025
3679.3,0.47463199496269226
3681.91,0.47445398569107056
3684.53,0.47435200214385986
3687.15,0.4740679860115051
3689.7799999999997,0.47386500239372253
3692.4,0.47369900345802307
3695.04,0.47344401478767395
3697.67,0.4732869863510132
3700.31,0.4731200039386749
3702.95,0.47281599044799805
3705.6,0.47259798645973206
3708.25,0.4723840057849884
3710.9100000000003,0.4722920060157776
3713.5600000000004,0.4720039963722229
3716.23,0.4716689884662628
3718.89,0.4713740050792694
3721.5600000000004,0.47113001346588135
3724.23,0.4708139896392822
3726.9100000000003,0.4704360067844391
3729.59,0.47012999653816223
3732.2799999999997,0.4698820114135742
3734.9700000000003,0.4694710075855255
3737.66,0.46922099590301514
3740.36,0.46903398633003235
3743.06,0.4685789942741394
3745.76,0.4681769907474518
3748.4700000000003,0.4679099917411804
3751.1800000000003,0.46757298707962036
3753.8999999999996,0.4670949876308441
3756.62,0.4667479991912842
3759.3399999999997,0.466511994600296
3762.07,0.4662129878997803
3764.8,0.46600401401519775
3767.54,0.4655979871749878
3770.28,0.465148001909256
3773.02,0.4649040102958679
3775.77,0.4646489918231964
3778.52,0.46438199281692505
3781.28,0.46400898694992065
3784.04,0.46353399753570557
3786.7999999999997,0.4632219970226288
3789.5699999999997,0.4628649950027466
3792.3399999999997,0.46249499917030334
3795.12,0.46213701367378235
3797.8999999999996,0.4617150127887726
3800.69,0.46127399802207947
3803.47,0.46101099252700806
3806.27,0.4607279896736145
3809.06,0.46042999625205994
3811.8599999999997,0.4599960148334503
3814.67,0.4596540033817291
3817.48,0.4595150053501129
3820.29,0.45949700474739075
3823.1099999999997,0.45929399132728577
3825.93,0.4588559865951538
3828.7599999999998,0.4583140015602112
3831.5899999999997,0.4579690098762512
3834.42,0.4576599895954132
3837.26,0.45739299058914185
3840.1,0.4571540057659149
3842.9500000000003,0.45679599046707153
3845.8,0.45633798837661743
3848.65,0.4560219943523407
3851.51,0.45568299293518066
3854.38,0.4552989900112152
3857.24,0.45488300919532776
3860.1200000000003,0.4545080065727234
3862.99,0.45432499051094055
3865.8700000000003,0.4540350139141083
3868.7599999999998,0.4535970091819763
3871.6499999999996,0.4531629979610443
3874.54,0.4527750015258789
3877.44,0.45242801308631897
3880.3399999999997,0.4520289897918701
3883.25,0.45170000195503235
3886.16,0.4511370062828064
3889.0699999999997,0.4506070017814636
3891.99,0.45013898611068726
3894.92,0.4496400058269501
3897.85,0.44918298721313477
3900.78,0.4488460123538971
3903.72,0.44836199283599854
3906.66,0.4478810131549835
3909.6000000000004,0.44749000668525696
3912.55,0.4469220042228699
3915.5099999999998,0.4462609887123108
3918.4700000000003,0.44586700201034546
3921.43,0.44550201296806335
3924.4,0.4450959861278534
3927.3799999999997,0.4445050060749054
3930.35,0.44398799538612366
3933.3300000000004,0.44348201155662537
3936.3199999999997,0.44293299317359924
3939.31,0.44248101115226746
3942.31,0.44181200861930847
3945.31,0.44115400314331055
3948.3100000000004,0.44072800874710083
3951.32,0.4402639865875244
3954.34,0.4397830069065094
3957.35,0.43939998745918274
3960.3799999999997,0.4389370083808899
3963.4100000000003,0.4384100139141083
3966.44,0.43790099024772644
3969.48,0.4374519884586334
3972.52,0.4370430111885071
3975.5600000000004,0.4367550015449524
3978.61,0.43637600541114807
3981.6699999999996,0.4359450042247772
3984.73,0.43564701080322266
3987.8,0.43530601263046265
3990.8700000000003,0.4350680112838745
3993.9399999999996,0.43460801243782043
3997.02,0.43421900272369385
4000.1,0.43400299549102783
4003.19,0.43373000621795654
4006.29,0.43334299325942993
4009.39,0.43292298913002014
4012.49,0.4323959946632385
4015.6,0.43195798993110657
4018.7099999999996,0.4315139949321747
4021.8299999999995,0.43116098642349243
4024.9499999999994,0.43082499504089355
4028.08,0.4304850101470947
4031.2099999999996,0.42998701333999634
4034.35,0.42949000000953674
4037.4900000000002,0.42899200320243835
4040.64,0.428523987531662
4043.7900000000004,0.42809900641441345
4046.94,0.42776501178741455
4050.11,0.4273169934749603
4053.2700000000004,0.42673900723457336
4056.44,0.42618000507354736
4059.62,0.4257560074329376
4062.8,0.42520299553871155
4065.9900000000002,0.4246949851512909
4069.1800000000003,0.42420101165771484
4072.38,0.4238249957561493
4075.5800000000004,0.4233129918575287
4078.78,0.4227679967880249
4082.0,0.4222800135612488
4085.21,0.42173001170158386
4088.43,0.4211759865283966
4091.66,0.4206730127334595
4094.8900000000003,0.4201889932155609
4098.13,0.4196229875087738
4101.37,0.4191940128803253
4104.62,0.41877201199531555
4107.87,0.41822999715805054
4111.13,0.41770800948143005
4114.39,0.41707199811935425
4117.66,0.41649600863456726
4120.93,0.4159590005874634
4124.21,0.41549399495124817
4127.5,0.41508200764656067
4130.79,0.41475000977516174
4134.08,0.4143500030040741
4137.38,0.41388699412345886
4140.679999999999,0.41335201263427734
4143.99,0.412898987531662
4147.31,0.41247299313545227
4150.629999999999,0.41193801164627075
4153.95,0.41141799092292786
4157.29,0.41108599305152893
4160.62,0.410643994808197
4163.96,0.41012701392173767
4167.3099999999995,0.40966901183128357
4170.66,0.4092920124530792
4174.0199999999995,0.40880998969078064
4177.39,0.40839600563049316
4180.75,0.4079959988594055
4184.13,0.40760499238967896
4187.509999999999,0.40707799792289734
4190.889999999999,0.40666401386260986
4194.28,0.4062980115413666
4197.68,0.4059000015258789
4201.08,0.40551599860191345
4204.49,0.40503498911857605
4207.900000000001,0.4044960141181946
4211.32,0.4040350019931793
4214.74,0.40361401438713074
4218.17,0.4032999873161316
4221.61,0.403001993894577
4225.05,0.4025929868221283
4228.5,0.40227600932121277
4231.950000000001,0.40203699469566345
4235.400000000001,0.40167000889778137
4238.870000000001,0.401542991399765
4242.34,0.4013639986515045
4245.8099999999995,0.40102899074554443
4249.29,0.40061500668525696
4252.78,0.4003709852695465
4256.2699999999995,0.399958997964859
4259.7699999999995,0.39902299642562866
4263.27,0.39803698658943176
4266.78,0.39759600162506104
4270.29,0.397365003824234
4273.81,0.3973290026187897
4277.34,0.3971329927444458
4280.87,0.3965519964694977
4284.41,0.39612001180648804
4287.950000000001,0.3959670066833496
4291.5,0.3957110047340393
4295.06,0.3953160047531128
4298.62,0.39485999941825867
4302.1900000000005,0.39456701278686523
4305.76,0.3943440020084381
4309.34,0.39403700828552246
4312.92,0.39365899562835693
4316.5199999999995,0.39342600107192993
4320.11,0.3930110037326813
4323.719999999999,0.39265498518943787
4327.320000000001,0.39243099093437195
4330.94,0.3921689987182617
4334.5599999999995,0.39189600944519043
4338.19,0.3915970027446747
4341.820000000001,0.39130398631095886
4345.46,0.3910520076751709
4349.11,0.3908750116825104
4352.76,0.39069700241088867
4356.42,0.39038699865341187
4360.08,0.39006200432777405
4363.75,0.3899190127849579
4367.429999999999,0.3898560106754303
4371.11,0.3896870017051697
4374.799999999999,0.3894219994544983
4378.49,0.38918599486351013
4382.19,0.38907700777053833
4385.900000000001,0.38884299993515015
4389.610000000001,0.3885039985179901
4393.33,0.38829100131988525
4397.0599999999995,0.38811299204826355
4400.79,0.3878760039806366
4404.530000000001,0.3877919912338257
4408.280000000001,0.38752999901771545
4412.03,0.38727501034736633
4415.79,0.38700300455093384
4419.55,0.3868269920349121
4423.320000000001,0.3866040110588074
4427.1,0.3864159882068634
4430.88,0.3861539959907532
4434.68,0.38596901297569275
4438.469999999999,0.38569799065589905
4442.280000000001,0.38546401262283325
4446.08,0.3852970004081726
4449.900000000001,0.3850559890270233
4453.719999999999,0.38486799597740173
4457.55,0.3847140073776245
4461.389999999999,0.3843669891357422
4465.2300000000005,0.38398799300193787
4469.08,0.38364899158477783
4472.9400000000005,0.3835099935531616
4476.8,0.383309006690979
4480.67,0.383105993270874
4484.549999999999,0.3828670084476471
4488.43,0.38253000378608704
4492.320000000001,0.38207998871803284
4496.21,0.38179799914360046
4500.12,0.38146600127220154
4504.030000000001,0.38097700476646423
4507.94,0.3804289996623993
4511.87,0.37978699803352356
4515.799999999999,0.37900999188423157
4519.7300000000005,0.37828001379966736
4523.679999999999,0.37744399905204773
4527.63,0.3764899969100952
4531.589999999999,0.37527701258659363
4535.55,0.3737950026988983
4539.52,0.37218499183654785
4543.5,0.37073999643325806
4547.49,0.369174987077713
4551.48,0.36757299304008484
4555.4800000000005,0.3659619987010956
4559.490000000001,0.3643450140953064
4563.5,0.3626840114593506
4567.52,0.3609539866447449
4571.55,0.35899901390075684
4575.580000000001,0.3570840060710907
4579.63,0.35506299138069153
4583.67,0.3528040051460266
4587.73,0.350616991519928
4591.79,0.34843599796295166
4595.86,0.3461729884147644
4599.9400000000005,0.3437820076942444
4604.03,0.34118399024009705
4608.120000000001,0.33852100372314453
4612.219999999999,0.33567899465560913
4616.33,0.3328149914741516
4620.4400000000005,0.3300209939479828
4624.5599999999995,0.3271999955177307
4628.69,0.3243750035762787
4632.83,0.32167699933052063
4636.97,0.319023996591568
4641.12,0.316444993019104
4645.28,0.31395500898361206
4649.45,0.31150200963020325
4653.62,0.30904701352119446
4657.8,0.30677300691604614
4661.990000000001,0.3046239912509918
4666.1900000000005,0.30247101187705994
4670.39,0.30044201016426086
4674.599999999999,0.29891300201416016
4678.82,0.29760798811912537
4683.049999999999,0.2962529957294464
4687.280000000001,0.2951189875602722
4691.5199999999995,0.29409900307655334
4695.77,0.2930139899253845
4700.03,0.2920669913291931
4704.3,0.29114100337028503
4708.57,0.29011499881744385
4712.85,0.289122998714447
4717.139999999999,0.2881380021572113
4721.429999999999,0.2870289981365204
4725.74,0.2860549986362457
4730.05,0.2849290072917938
4734.37,0.28366801142692566
4738.7,0.2822369933128357
4743.03,0.28064000606536865
4747.38,0.2788569927215576
4751.7300000000005,0.2769260108470917
4756.09,0.27491599321365356
4760.45,0.2726700007915497
4764.83,0.2703700065612793
4769.21,0.2681860029697418
4773.6,0.26584601402282715
4778.0,0.26350799202919006
4782.41,0.2611919939517975
4786.83,0.2588469982147217
4791.25,0.25638899207115173
4795.68,0.2538760006427765
4800.13,0.2515310049057007
4804.57,0.24930700659751892
4809.03,0.24703900516033173
4813.5,0.24490700662136078
4817.97,0.24299900233745575
4822.45,0.24112500250339508
4826.94,0.23944999277591705
4831.44,0.23815999925136566
4835.950000000001,0.237062007188797
4840.46,0.2360379993915558
4844.99,0.23541900515556335
4849.52,0.23506399989128113
4854.0599999999995,0.23483699560165405
4858.61,0.23475399613380432
4863.17,0.23464199900627136
4867.73,0.23474900424480438
4872.3099999999995,0.23494799435138702
4876.89,0.2351990044116974
4881.48,0.23551799356937408
4886.08,0.2358810007572174
4890.6900000000005,0.2362069934606552
4895.31,0.23654000461101532
4899.94,0.23681199550628662
4904.57,0.23710200190544128
4909.22,0.23731400072574615
4913.87,0.23744900524616241
4918.53,0.2376759946346283
4923.21,0.23786699771881104
4927.88,0.23785799741744995
4932.57,0.23784500360488892
4937.2699999999995,0.23784799873828888
4941.9800000000005,0.237636998295784
4946.6900000000005,0.23757100105285645
4951.42,0.23750099539756775
4956.15,0.2372550070285797
4960.9,0.2368679940700531
4965.650000000001,0.23641300201416016
4970.41,0.23606599867343903
4975.18,0.23570400476455688
4979.96,0.23524799942970276
4984.75,0.23468799889087677
4989.54,0.23416300117969513
4994.349999999999,0.2334900051355362
4999.17,0.23271599411964417
5003.99,0.23190300166606903
5008.83,0.23086699843406677
5013.67,0.22970999777317047
5018.5199999999995,0.22864699363708496
5023.39,0.22747300565242767
5028.26,0.22606000304222107
5033.14,0.22445300221443176
5038.03,0.22269800305366516
5042.93,0.22078199684619904
5047.84,0.21885499358177185
5052.76,0.21698899567127228
5057.69,0.2149679958820343
5062.63,0.21285699307918549
5067.580000000001,0.2108139991760254
5072.54,0.2087399959564209
5077.51,0.20667999982833862
5082.49,0.20470699667930603
5087.469999999999,0.20275500416755676
5092.469999999999,0.2008890062570572
5097.48,0.19896599650382996
5102.5,0.1970990002155304
5107.52,0.195360004901886
5112.56,0.1935579925775528
5117.61,0.19174499809741974
5122.66,0.18999700248241425
5127.73,0.18834799528121948
5132.81,0.18678699433803558
5137.889999999999,0.18536800146102905
5142.99,0.1842000037431717
5148.1,0.18335099518299103
5153.22,0.18308700621128082
5158.34,0.18335199356079102
5163.48,0.18405799567699432
5168.63,0.18520300090312958
5173.79,0.1866299957036972
5178.96,0.18842799961566925
5184.13,0.19072100520133972
5189.320000000001,0.1931619942188263
5194.5199999999995,0.19552800059318542
5199.73,0.19803500175476074
5204.96,0.2005389928817749
5210.19,0.20287199318408966
5215.429999999999,0.20503200590610504
5220.679999999999,0.20750300586223602
5225.94,0.20964999496936798
5231.22,0.21137599647045135
5236.5,0.21295399963855743
5241.79,0.2145169973373413
5247.099999999999,0.2160550057888031
5252.42,0.21740500628948212
5257.74,0.21881000697612762
5263.080000000001,0.22024700045585632
5268.43,0.2216089963912964
5273.79,0.2232699990272522
5279.16,0.22507800161838531
5284.54,0.22711700201034546
5289.93,0.22930599749088287
5295.34,0.23171600699424744
5300.75,0.2341099977493286
5306.18,0.23611000180244446
5311.61,0.2381570041179657
5317.0599999999995,0.23996199667453766
5322.5199999999995,0.24147699773311615
5327.99,0.24271799623966217
5333.47,0.24352900683879852
5338.96,0.24419400095939636
5344.47,0.24463100731372833
5349.9800000000005,0.24477499723434448
5355.51,0.24488100409507751
5361.049999999999,0.24463899433612823
5366.6,0.2441129982471466
5372.16,0.24351799488067627
5377.73,0.24241499602794647
5383.320000000001,0.2409449964761734
5388.91,0.23947599530220032
5394.52,0.23772700130939484
5400.14,0.23573200404644012
5405.77,0.23382200300693512
5411.41,0.23189300298690796
5417.07,0.22996599972248077
5422.74,0.22808200120925903
5428.410000000001,0.22673900425434113
5434.1,0.22557200491428375
5439.8099999999995,0.22436800599098206
5445.52,0.22365400195121765
5451.25,0.2231680005788803
5456.98,0.2227340042591095
5462.73,0.22249600291252136
5468.5,0.22273099422454834
5474.2699999999995,0.22321699559688568
5480.0599999999995,0.22355900704860687
5485.86,0.22433799505233765
5491.67,0.2252659946680069
5497.49,0.22625799477100372
5503.33,0.2275419980287552
5509.179999999999,0.22889399528503418
5515.04,0.23015999794006348
5520.91,0.2313700020313263
5526.799999999999,0.2323939949274063
5532.69,0.2329930067062378
5538.610000000001,0.23308399319648743
5544.53,0.23260800540447235
5550.469999999999,0.23149700462818146
5556.41,0.22985799610614777
5562.38,0.22773200273513794
5568.349999999999,0.22514300048351288
5574.34,0.22242200374603271
5580.339999999999,0.2199999988079071
5586.35,0.2181279957294464
5592.38,0.2166139930486679
5598.42,0.21514500677585602
5604.47,0.2139730006456375
5610.54,0.2133059948682785
5616.61,0.21242700517177582
5622.71,0.2117689996957779
5628.8099999999995,0.2113109976053238
5634.929999999999,0.21075500547885895
5641.06,0.20999999344348907
5647.21,0.20951299369335175
5653.360000000001,0.20918099582195282
5659.54,0.20842599868774414
5665.72,0.20807099342346191
5671.92,0.2075510025024414
5678.13,0.20699399709701538
5684.36,0.20670099556446075
5690.599999999999,0.20628699660301208
5696.85,0.20590299367904663
5703.12,0.20566600561141968
5709.4,0.20496000349521637
5715.6900000000005,0.20446500182151794
5722.0,0.20414899289608002
5728.33,0.20351099967956543
5734.66,0.20274800062179565
5741.01,0.20192299783229828
5747.38,0.20108099281787872
5753.76,0.20055000483989716
5760.150000000001,0.2002359926700592
5766.56,0.19944700598716736
5772.98,0.19968999922275543
5779.410000000001,0.19999900460243225
5785.86,0.19966299831867218
5792.33,0.1996619999408722
5798.8099999999995,0.19968099892139435
5805.3,0.19972699880599976
5811.81,0.1998170018196106
5818.33,0.19946500658988953
5824.87,0.19926899671554565
5831.419999999999,0.19986000657081604
5837.99,0.19984999299049377
5844.57,0.19966700673103333
5851.17,0.19967800378799438
5857.78,0.19976499676704407
5864.410000000001,0.20002199709415436
5871.05,0.20040300488471985
5877.7,0.20024900138378143
5884.38,0.2000100016593933
5891.06,0.2004459947347641
5897.76,0.19929200410842896
5904.4800000000005,0.19848200678825378
5911.21,0.19726799428462982
5917.96,0.19496700167655945
5924.7300000000005,0.19259299337863922
5931.5,0.18974100053310394
5938.3,0.1866450011730194
5945.11,0.18366800248622894
5951.93,0.18011200428009033
5958.78,0.175929993391037
5965.63,0.1718440055847168
5972.51,0.16771799325942993
5979.39,0.1641319990158081
5986.3,0.1606229990720749
5993.22,0.1576399952173233
6000.16,0.15526899695396423
6007.11,0.15343299508094788
6014.08,0.15196000039577484
6021.06,0.15126800537109375
6028.06,0.15072999894618988
6035.08,0.15036499500274658
6042.12,0.1501149982213974
6049.17,0.14990299940109253
6056.2300000000005,0.15080299973487854
6063.32,0.151636004447937
6070.42,0.1513420045375824
6077.530000000001,0.15174800157546997
6084.67,0.1524679958820343
6091.820000000001,0.15279699862003326
6098.9800000000005,0.15288199484348297
6106.17,0.1529339998960495
6113.37,0.15277199447155
6120.58,0.15293599665164948
6127.82,0.15264800190925598
6135.07,0.15188699960708618
6142.34,0.15091800689697266
6149.63,0.14970700442790985
6156.93,0.14840500056743622
6164.25,0.14702799916267395
6171.59,0.14552100002765656
6178.950000000001,0.14385199546813965
6186.320000000001,0.1422239989042282
6193.71,0.14116500318050385
6201.120000000001,0.1402599960565567
6208.54,0.1393910050392151
6215.99,0.13886800408363342
6223.45,0.13870400190353394
6230.93,0.13889099657535553
6238.43,0.13918399810791016
6245.95,0.13941800594329834
6253.48,0.13971099257469177
6261.03,0.139833003282547
6268.6,0.1397860050201416
6276.19,0.13969899713993073
6283.8,0.13957999646663666
6291.43,0.13941900432109833
6299.070000000001,0.13931100070476532
6306.73,0.13926899433135986
6314.42,0.13940300047397614
6322.12,0.13983500003814697
6329.84,0.1405709981918335
6337.570000000001,0.14161400496959686
6345.33,0.14267900586128235
6353.11,0.14465700089931488
6360.9,0.14651800692081451
6368.719999999999,0.14802700281143188
6376.55,0.1501699984073639
6384.400000000001,0.15249699354171753
6392.2699999999995,0.15432000160217285
6400.17,0.15625600516796112
6408.08,0.1577419936656952
6416.01,0.15894100069999695
6423.96,0.16124700009822845
6431.93,0.1626109927892685
6439.92,0.1632000058889389
6447.93,0.16391099989414215
6455.96,0.1642639935016632
6464.01,0.16483700275421143
6472.08,0.16518500447273254
6480.17,0.16552400588989258
6488.28,0.16565699875354767
6496.41,0.16599400341510773
6504.5599999999995,0.1665389984846115
6512.7300000000005,0.16658000648021698
6520.92,0.16598999500274658
6529.14,0.16585999727249146
6537.37,0.16532599925994873
6545.63,0.16426099836826324
6553.9,0.163099005818367
6562.2,0.16195900738239288
6570.509999999999,0.16035500168800354
6578.85,0.1586730033159256
6587.21,0.1573439985513687
6595.589999999999,0.1559630036354065
6603.99,0.15491700172424316
6612.42,0.1538960039615631
6620.860000000001,0.15323199331760406
6629.330000000001,0.15286700427532196
6637.82,0.152538001537323
6646.33,0.15310299396514893
6654.860000000001,0.15394699573516846
6663.41,0.15429699420928955
6671.99,0.15492400527000427
6680.589999999999,0.15578000247478485
6689.21,0.15689599514007568
6697.849999999999,0.15784600377082825
6706.509999999999,0.1580750048160553
6715.200000000001,0.15838100016117096
6723.91,0.1587969958782196
6732.64,0.1591230034828186
6741.4,0.1592160016298294
6750.18,0.15921300649642944
6758.9800000000005,0.15929000079631805
6767.8,0.1592240035533905
6776.65,0.15900500118732452
6785.52,0.15890200436115265
6794.41,0.1588360071182251
6803.33,0.1589049994945526
6812.2699999999995,0.15868400037288666
6821.23,0.15828299522399902
6830.219999999999,0.15783700346946716
6839.23,0.1577019989490509
6848.26,0.15742599964141846
6857.32,0.15676100552082062
6866.4,0.15597300231456757
6875.51,0.1558070033788681
6884.64,0.15549500286579132
6893.799999999999,0.15501999855041504
6902.9800000000005,0.15452300012111664
6912.18,0.15389099717140198
6921.41,0.15340399742126465
6930.66,0.15266400575637817
6939.94,0.15198799967765808
6949.24,0.1514430046081543
6958.57,0.15090200304985046
6967.92,0.15056799352169037
6977.299999999999,0.1504170000553131
6986.7,0.14988699555397034
6996.13,0.14957499504089355
7005.59,0.14933699369430542
7015.07,0.1490900069475174
7024.57,0.1487399935722351
7034.099999999999,0.14861400425434113
7043.66,0.14829300343990326
7053.25,0.14834600687026978
7062.85,0.14859600365161896
7072.49,0.14839500188827515
7082.150000000001,0.14816400408744812
7091.84,0.14792299270629883
7101.549999999999,0.14776599407196045
7111.3,0.14758999645709991
7121.0599999999995,0.1470949947834015
7130.860000000001,0.14648500084877014
7140.679999999999,0.1457590013742447
7150.53,0.14494000375270844
7160.41,0.14409400522708893
7170.3099999999995,0.14305999875068665
7180.240000000001,0.14223100244998932
7190.2,0.14138300716876984
7200.1900000000005,0.14044900238513947
7210.200000000001,0.1396930068731308
7220.240000000001,0.138932004570961
7230.31,0.13807900249958038
7240.41,0.13712799549102783
7250.54,0.13615800440311432
7260.6900000000005,0.1351500004529953
7270.88,0.13404999673366547
7281.09,0.13290800154209137
7291.33,0.13193300366401672
7301.599999999999,0.13073700666427612
7311.9,0.129488006234169
7322.219999999999,0.12825800478458405
7332.58,0.1269569993019104
7342.97,0.1255429983139038
7353.379999999999,0.12406399846076965
7363.83,0.12251599878072739
7374.3,0.12093699723482132
7384.8099999999995,0.11920999735593796
7395.34,0.11779499799013138
7405.910000000001,0.11682000011205673
7416.5,0.11633999645709991
7427.13,0.11624400317668915
7437.78,0.11640699952840805
7448.47,0.11647599935531616
7459.1900000000005,0.11613400280475616
7469.9400000000005,0.11541599780321121
7480.71,0.11461400240659714
7491.52,0.11348800361156464
7502.37,0.11213000118732452
7513.24,0.11089599877595901
7524.14,0.11008399724960327
7535.08,0.10948199778795242
7546.05,0.10904499888420105
7557.05,0.1087070032954216
7568.08,0.10816700011491776
7579.150000000001,0.10735700279474258
7590.24,0.10649099946022034
7601.37,0.10559400171041489
7612.53,0.10485900193452835
7623.7300000000005,0.10397300124168396
7634.96,0.10303500294685364
7646.219999999999,0.10207299888134003
7657.51,0.10103899985551834
7668.84,0.10001300275325775
7680.2,0.09897799789905548
7691.59,0.09766899794340134
7703.02,0.096281997859478
7714.49,0.0947910025715828
7725.98,0.09338399767875671
7737.5199999999995,0.092010997235775
7749.08,0.0905819982290268
7760.679999999999,0.08924400061368942
7772.32,0.0878639966249466
7783.99,0.0864809975028038
7795.69,0.08536700159311295
7807.43,0.08428099751472473
7819.21,0.08307799696922302
7831.0199999999995,0.08167099952697754
7842.87,0.08022899925708771
7854.75,0.07877799868583679
7866.67,0.0771310031414032
7878.62,0.07542300224304199
7890.62,0.0738620012998581
7902.64,0.07225199788808823
7914.71,0.07067599892616272
7926.8099999999995,0.06902199983596802
7938.95,0.06731300055980682
7951.13,0.06565400213003159
7963.339999999999,0.06400000303983688
7975.59,0.06218300014734268
7987.879999999999,0.060520999133586884
8000.209999999999,0.05879100039601326
8012.570000000001,0.056995999068021774
8024.98,0.05528600141406059
8037.419999999999,0.05382499843835831
8049.899999999999,0.0522180013358593
8062.419999999999,0.050418999046087265
8074.9800000000005,0.04864700138568878
8087.57,0.04705199971795082
8100.210000000001,0.04533899948000908
8112.89,0.04344699904322624
8125.6,0.04152899980545044
8138.360000000001,0.03974999859929085
8151.160000000001,0.037769000977277756
8163.99,0.03589800000190735
8176.869999999999,0.0340690016746521
8189.79,0.03236199915409088
8202.75,0.03057200089097023
8215.75,0.028776999562978745
8228.79,0.027069000527262688
8241.87,0.02549399994313717
8254.99,0.023950999602675438
8268.16,0.022492000833153725
8281.37,0.021158000454306602
8294.62,0.01997699961066246
8307.91,0.018849000334739685
8321.24,0.017830999568104744
8334.619999999999,0.016840999945998192
8348.039999999999,0.016174999997019768
8361.51,0.015569999814033508
8375.019999999999,0.015087000094354153
8388.57,0.014980999752879143
8402.16,0.015256999991834164
8415.800000000001,0.01594099961221218
8429.49,0.01742199994623661
8443.22,0.01976099982857704
8456.99,0.023567000404000282
8470.81,0.029201999306678772
8484.67,0.036639999598264694
8498.58,0.0464400015771389
8512.539999999999,0.058991000056266785
8526.54,0.07421199977397919
8540.58,0.09216500073671341
8554.68,0.11263400316238403
8568.82,0.1353279948234558
8583.0,0.15978699922561646
8597.24,0.1857050061225891
8611.52,0.21264100074768066
8625.85,0.23979200422763824
8640.230000000001,0.26650699973106384
8654.65,0.29231199622154236
8669.119999999999,0.3165909945964813
8683.640000000001,0.3381960093975067
8698.21,0.3560599982738495
8712.83,0.36781999468803406
8727.5,0.3699899911880493
8742.22,0.35961899161338806
8756.99,0.3408629894256592
8771.800000000001,0.32809799909591675
8786.67,0.3337700068950653
8801.589999999998,0.3527730107307434
8816.560000000001,0.3707900047302246
8831.58,0.37841400504112244
8846.65,0.374550998210907
8861.77,0.3625960052013397
8876.939999999999,0.34728699922561646
8892.17,0.3316279947757721
8907.45,0.3183799982070923
8922.779999999999,0.30994901061058044
8938.16,0.306645005941391
8953.6,0.305976003408432
8969.09,0.3060219883918762
8984.640000000001,0.3056600093841553
9000.23,0.3045310080051422
9015.890000000001,0.303288996219635
9031.59,0.3022420108318329
9047.359999999999,0.30097898840904236
9063.17,0.29982200264930725
9079.050000000001,0.2984989881515503
9094.97,0.297203004360199
9110.960000000001,0.29614099860191345
9127.0,0.2952679991722107
9143.1,0.2945620119571686
9159.25,0.29428601264953613
9175.46,0.2942250072956085
9191.73,0.29477301239967346
9208.06,0.29563599824905396
9224.439999999999,0.2969140112400055
9240.880000000001,0.29859301447868347
9257.38,0.3006890118122101
9273.94,0.30299100279808044
9290.56,0.3057810068130493
9307.24,0.30894801020622253
9323.980000000001,0.3121170103549957
9340.78,0.31502801179885864
9357.64,0.3177089989185333
9374.57,0.3197689950466156
9391.550000000001,0.3213860094547272
9408.59,0.32214298844337463
9425.7,0.321603000164032
9442.869999999999,0.31969499588012695
9460.1,0.3165990114212036
9477.4,0.312142014503479
9494.75,0.3066929876804352
9512.17,0.30017200112342834
9529.66,0.29257699847221375
9547.21,0.28387001156806946
9564.83,0.27393001317977905
9582.5,0.2624959945678711
9600.25,0.2495409995317459
9618.06,0.23529699444770813
9635.94,0.22035400569438934
9653.88,0.20541499555110931
9671.89,0.19103999435901642
9689.970000000001,0.17843200266361237
9708.119999999999,0.16793900728225708
9726.33,0.15964099764823914
9744.619999999999,0.15383900701999664
9762.97,0.15072299540042877
9781.39,0.15076099336147308
9799.88,0.15415099263191223
9818.44,0.16063299775123596
9837.070000000002,0.16939599812030792
9855.77,0.17906199395656586
9874.539999999999,0.18808099627494812
9893.39,0.1953659951686859
9912.3,0.20048700273036957
9931.29,0.2023649960756302
9950.36,0.2007399946451187
9969.49,0.19624200463294983
9988.699999999999,0.1904820054769516
10007.98,0.18542900681495667
10027.34,0.1831659972667694
10046.77,0.18555499613285065
10066.28,0.19207899272441864
10085.869999999999,0.20063099265098572
10105.53,0.20865699648857117
10125.26,0.21714599430561066
10145.08,0.22925899922847748
10164.970000000001,0.24449600279331207
10184.939999999999,0.2591969966888428
10204.99,0.2697629928588867
10225.12,0.27383100986480713
10245.33,0.27096301317214966
10265.61,0.2620770037174225
10285.98,0.2485329955816269
10306.43,0.23300600051879883
10326.96,0.22051699459552765
10347.57,0.21451300382614136
10368.27,0.21546900272369385
10389.05,0.22038300335407257
10409.91,0.2254669964313507
10430.859999999999,0.2287220060825348
10451.88,0.22970399260520935
10473.0,0.22824400663375854
10494.199999999999,0.22497299313545227
10515.49,0.22062399983406067
10536.86,0.21563899517059326
10558.32,0.2106810063123703
10579.869999999999,0.20627300441265106
10601.5,0.20278699696063995
10623.23,0.20082899928092957
10645.039999999999,0.20031599700450897
10666.94,0.20159299671649933
10688.94,0.20457099378108978
10711.02,0.20848999917507172
10733.2,0.21222199499607086
10755.470000000001,0.2147980034351349
10777.83,0.21525000035762787
10800.28,0.2125840038061142
10822.83,0.20653900504112244
10845.470000000001,0.19770100712776184
10868.21,0.18678699433803558
10891.04,0.17404499650001526
10913.970000000001,0.1601009964942932
10936.99,0.14698700606822968
10960.119999999999,0.13640399277210236
10983.34,0.1297519952058792
11006.66,0.1277720034122467
11030.07,0.12974800169467926
11053.59,0.13409000635147095
11077.21,0.1387449949979782
11100.93,0.14171700179576874
11124.75,0.14262500405311584
11148.68,0.14299100637435913
11172.710000000001,0.144679993391037
11196.84,0.1498039960861206
11221.07,0.15978999435901642
11245.41,0.173335999250412
11269.859999999999,0.1871500015258789
11294.41,0.19859200716018677
11319.07,0.2063329964876175
11343.84,0.2104180008172989
11368.72,0.21208499372005463
11393.7,0.2119079977273941
11418.8,0.21014800667762756
11444.01,0.20762300491333008
11469.33,0.20436100661754608
11494.76,0.20050500333309174
11520.300000000001,0.1965090036392212
11545.96,0.1923460066318512
11571.730000000001,0.18803900480270386
11597.619999999999,0.18379400670528412
11623.62,0.17974400520324707
11649.74,0.17570200562477112
11675.98,0.17121900618076324
11702.34,0.16620999574661255
11728.81,0.1605280041694641
11755.41,0.15426599979400635
11782.130000000001,0.14799700677394867
11808.960000000001,0.14236000180244446
11835.92,0.1377989947795868
11863.009999999998,0.1340010017156601
11890.22,0.1305990070104599
11917.550000000001,0.12784400582313538
11945.01,0.12547899782657623
11972.6,0.12298999726772308
12000.310000000001,0.12063100188970566
12028.16,0.11881600320339203
12056.13,0.1172420009970665
12084.23,0.11583799868822098
12112.460000000001,0.11480399966239929
12140.83,0.11386100202798843
12169.33,0.11253699660301208
12197.960000000001,0.11124800145626068
12226.73,0.11016599833965302
12255.64,0.1095070019364357
12284.68,0.10874299705028534
12313.86,0.10796999931335449
12343.18,0.10723400115966797
12372.640000000001,0.10648900270462036
12402.240000000002,0.10565800219774246
12431.98,0.10476300120353699
12461.86,0.1041480004787445
12491.89,0.10383699834346771
12522.07,0.10336200147867203
12552.38,0.10294800251722336
12582.85,0.10239700227975845
12613.47,0.10173600167036057
12644.23,0.10097000002861023
12675.15,0.1000170037150383
12706.210000000001,0.09936899691820145
12737.43,0.0987360030412674
12768.81,0.09789499640464783
12800.33,0.09728100150823593
12832.02,0.09658899903297424
12863.86,0.09574799984693527
12895.86,0.0952799990773201
12928.02,0.09493699669837952
12960.34,0.09424400329589844
12992.82,0.0932449996471405
13025.460000000001,0.0920419991016388
13058.27,0.09084700047969818
13091.25,0.08946800231933594
13124.39,0.08804699778556824
13157.7,0.0865039974451065
13191.179999999998,0.08509399741888046
13224.83,0.08346399664878845
13258.660000000002,0.08157400041818619
13292.65,0.07907699793577194
13326.83,0.07630299776792526
13361.17,0.07341399788856506
13395.699999999999,0.07096599787473679
13430.400000000001,0.06990700215101242
13465.289999999999,0.07034900039434433
13500.349999999999,0.07068099826574326
13535.6,0.07004400342702866
13571.03,0.06841400265693665
13606.65,0.06648200005292892
13642.46,0.06530199944972992
13678.46,0.06538700312376022
13714.64,0.06778600066900253
13751.02,0.07248199731111526
13787.59,0.07648999989032745
13824.36,0.07765799760818481
13861.32,0.07669299840927124
13898.49,0.07490400224924088
13935.85,0.07314000278711319
13973.41,0.07165099680423737
14011.17,0.06988900154829025
14049.15,0.06789100170135498
14087.32,0.06655900180339813
14125.71,0.06502600014209747
14164.300000000001,0.06385599821805954
14203.11,0.06340400129556656
14242.13,0.06399500370025635
14281.359999999999,0.0659089982509613
14320.81,0.06977800279855728
14360.49,0.0758420005440712
14400.380000000001,0.08250699937343597
14440.49,0.08806400001049042
14480.82,0.09114699810743332
14521.39,0.09064599871635437
14562.18,0.08733399957418442
14603.199999999999,0.08260700106620789
14644.45,0.07767000049352646
14685.93,0.07331199944019318
14727.66,0.06986899673938751
14769.619999999999,0.06749600172042847
14811.81,0.06610599905252457
14854.25,0.06445600092411041
14896.94,0.06256599724292755
14939.87,0.060492999851703644
14983.050000000001,0.05774499848484993
15026.48,0.054655998945236206
15070.16,0.05144200101494789
15114.1,0.049316998571157455
15158.289999999999,0.048555999994277954
15202.74,0.05023900046944618
15247.460000000001,0.0549050010740757
15292.43,0.061494000256061554
15337.68,0.06823600083589554
15383.19,0.0729999989271164
15428.97,0.0750269964337349
15475.03,0.07511500269174576
15521.359999999999,0.07365100085735321
15567.970000000001,0.07130800187587738
15614.869999999999,0.06855399906635284
15662.039999999999,0.06559000164270401
15709.5,0.06292299926280975
15757.25,0.06134700030088425
15805.289999999999,0.06054199859499931
15853.619999999999,0.06087400019168854
15902.26,0.06290999799966812
15951.19,0.06675700098276138
16000.419999999998,0.07254800200462341
16049.949999999999,0.08074100315570831
16099.799999999997,0.09111899882555008
16149.95,0.10348699986934662
16200.420000000002,0.11654599756002426
16251.208999999999,0.1292790025472641
16302.311,0.14149299263954163
16353.741,0.15312999486923218
16405.491,0.16345199942588806
16457.569,0.17193500697612762
16509.979000000003,0.1791599988937378
16562.731,0.18524399399757385
16615.82,0.1900710016489029
16669.240999999998,0.1949950009584427
16723.021,0.1998469978570938
16777.14,0.20437900722026825
16831.61,0.20917700231075287
16886.431,0.21509400010108948
16941.62,0.2217310070991516
16997.16,0.22926700115203857
17053.08,0.23776599764823914
17109.36,0.24664199352264404
17166.01,0.2558090090751648
17223.04,0.2644810080528259
17280.451,0.27149999141693115
17338.239999999998,0.2763189971446991
17396.429,0.2779580056667328
17455.0,0.27535998821258545
17513.969,0.2692199945449829
17573.339,0.26178300380706787
17633.109999999997,0.25482499599456787
17693.290999999997,0.24978700280189514
17753.889,0.24571199715137482
17814.899,0.2438109964132309
17876.328999999998,0.24518899619579315
17938.181,0.24729600548744202
18000.468999999997,0.2485560029745102
18063.19,0.24915799498558044
18126.35,0.2521190047264099
18189.951,0.25921499729156494
18254.0,0.2669000029563904
18318.501,0.2704620063304901
18383.459,0.2675670087337494
18448.879,0.2596920132637024
18514.771,0.24922500550746918
18581.129,0.24010899662971497
18647.97,0.23571600019931793
18715.29,0.23641900718212128
18783.100000000002,0.23691999912261963
18851.4,0.23425400257110596
18920.2,0.2327589988708496
18989.51,0.23890699446201324
19059.32,0.25317099690437317
19129.65,0.27155399322509766
19200.5,0.28964799642562866
19271.878999999997,0.3039419949054718
19343.789999999997,0.31295499205589294
19416.240999999998,0.31728601455688477
19489.229000000003,0.31691300868988037
19562.771,0.31388598680496216
19636.880999999998,0.30904099345207214
19711.54,0.3039110004901886
19786.779,0.2984679937362671
19862.590999999997,0.29226499795913696
19938.98,0.28597500920295715
20015.961,0.2782360017299652
20093.55,0.2688339948654175
20171.73,0.25863298773765564
20250.530000000002,0.24765899777412415
20329.941000000003,0.23636199533939362
20409.981,0.2248309999704361
20490.649999999998,0.21477200090885162
20571.96,0.20514200627803802
20653.918999999998,0.19545599818229675
20736.54,0.1870959997177124
20819.82,0.17975899577140808
20903.77,0.17157399654388428
20988.399999999998,0.16258999705314636
21073.720999999998,0.15477000176906586
21159.731,0.14937199652194977
21246.46,0.1490750014781952
21333.891,0.1561640053987503
21422.041,0.1651819944381714
21510.929,0.1742209941148758
21600.559,0.185262992978096
21690.941,0.19996899366378784
21782.08,0.21581099927425385
21873.989,0.23002399504184723
21966.668999999998,0.23993700742721558
22060.15,0.24472199380397797
22154.421,0.2459300011396408
22249.510000000002,0.24487100541591644
22345.409,0.2408369928598404
22442.141,0.23457300662994385
22539.721,0.2245659977197647
22638.14,0.21114200353622437
22737.431,0.19492800533771515
22837.601,0.18052099645137787
22938.649999999998,0.16856400668621063
23040.600000000002,0.15992000699043274
23143.459,0.15630200505256653
23247.24,0.1562100052833557
23351.959000000003,0.1545030027627945
23457.63,0.14750100672245026
23564.251,0.13879600167274475
23671.85,0.134226992726326
23780.439000000002,0.131755992770195
23890.02,0.12788799405097961
24000.629,0.12447600066661835
24112.261,0.12307000160217285
24224.93,0.12334699928760529
24338.659,0.12556800246238708
24453.47,0.1274150013923645
24569.361,0.13493900001049042
24686.359,0.1480409950017929
24804.469999999998,0.15689200162887573
24923.731,0.1661359965801239
25044.129999999997,0.17699000239372253
25165.71,0.18318000435829163
25288.46,0.18108299374580383
25412.43,0.17759700119495392
25537.609,0.17578400671482086
25664.04,0.17080999910831451
25791.719,0.16035200655460358
25920.679,0.15204399824142456
