Data ID,Kaolinite LAKA04
Sample ID,LAKA04
Mineral Name,kaolinite
Sample Description,
Date Added,
Viewing Geometry,
Other Information,
Grain Size,
Database of Origin,MICA Files (USGS/RELAB)
Wavelength,Response
300.0,0.2705959975719452
305.0,0.2703309953212738
310.0,0.2716990113258362
315.0,0.27846500277519226
320.0,0.2891460061073303
325.0,0.3042590022087097
330.0,0.32506200671195984
335.0,0.3483920097351074
340.0,0.37341898679733276
345.0,0.39983999729156494
350.0,0.4255490005016327
355.0,0.4551500082015991
360.0,0.4810140132904053
365.0,0.5066490173339844
370.0,0.5280799865722656
375.0,0.5515249967575073
380.0,0.5691530108451843
385.0,0.5870149731636047
390.0,0.6037269830703735
395.0,0.6176310181617737
400.0,0.636102020740509
405.0,0.643172025680542
410.0,0.6535999774932861
415.0,0.6638690233230591
420.0,0.6742209792137146
425.0,0.6829299926757812
430.0,0.6972500085830688
435.0,0.7074159979820251
440.0,0.7188289761543274
445.0,0.72918701171875
450.0,0.7358180284500122
455.0,0.7443079948425293
460.0,0.7492690086364746
465.0,0.7538830041885376
470.0,0.7594029903411865
475.0,0.7632750272750854
480.0,0.7691259980201721
485.0,0.7751129865646362
490.0,0.781266987323761
495.0,0.7863669991493225
500.0,0.7938690185546875
505.0,0.8030400276184082
510.0,0.811037003993988
515.0,0.8201479911804199
520.0,0.8289039731025696
525.0,0.8350690007209778
530.0,0.8439090251922607
535.0,0.853763997554779
540.0,0.8614259958267212
545.0,0.86428302526474
550.0,0.8725849986076355
555.0,0.8770130276679993
560.0,0.8799780011177063
565.0,0.888841986656189
570.0,0.8910670280456543
575.0,0.893887996673584
580.0,0.8983830213546753
585.0,0.9009079933166504
590.0,0.9017189741134644
595.0,0.9038029909133911
600.0,0.9067419767379761
605.0,0.908236026763916
610.0,0.9119859933853149
615.0,0.9066280126571655
620.0,0.9095479846000671
625.0,0.9099209904670715
630.0,0.9121720194816589
635.0,0.910643994808197
640.0,0.9136649966239929
645.0,0.9167810082435608
650.0,0.9150069952011108
655.0,0.9169229865074158
660.0,0.914933979511261
665.0,0.9149140119552612
670.0,0.9186660051345825
675.0,0.9195089936256409
680.0,0.9207289814949036
685.0,0.9226580262184143
690.0,0.9234139919281006
695.0,0.9214379787445068
700.0,0.9223510026931763
705.0,0.9208250045776367
710.0,0.9218429923057556
715.0,0.9233160018920898
720.0,0.9247230291366577
725.0,0.9263330101966858
730.0,0.9281449913978577
735.0,0.92876797914505
740.0,0.9306139945983887
745.0,0.925366997718811
750.0,0.9302549958229065
755.0,0.9275209903717041
760.0,0.9309229850769043
765.0,0.9351540207862854
770.0,0.9332870244979858
775.0,0.9338189959526062
780.0,0.9301249980926514
785.0,0.9323809742927551
790.0,0.9342300295829773
795.0,0.93436598777771
800.0,0.935575008392334
805.0,0.9317520260810852
810.0,0.9334830045700073
815.0,0.9319189786911011
820.0,0.9338080286979675
825.0,0.9320600032806396
830.0,0.9326949715614319
835.0,0.9298369884490967
840.0,0.9357479810714722
845.0,0.9331650137901306
850.0,0.9365959763526917
855.0,0.9354509711265564
860.0,0.9333930015563965
865.0,0.9352220296859741
870.0,0.9350249767303467
875.0,0.9342510104179382
880.0,0.9372259974479675
885.0,0.9308239817619324
890.0,0.9316409826278687
895.0,0.9318450093269348
900.0,0.9333969950675964
905.0,0.9331560134887695
910.0,0.9335740208625793
915.0,0.9333879947662354
920.0,0.9319270253181458
925.0,0.9354609847068787
930.0,0.9325379729270935
935.0,0.933135986328125
940.0,0.9322490096092224
945.0,0.9322829842567444
950.0,0.9321140050888062
955.0,0.9274259805679321
960.0,0.929157018661499
965.0,0.926505982875824
970.0,0.9291059970855713
975.0,0.9349269866943359
980.0,0.9359740018844604
985.0,0.9376929998397827
990.0,0.9357159733772278
995.0,0.9355850219726562
1000.0,0.9400089979171753
1004.9999999999999,0.9370480179786682
1010.0,0.9367589950561523
1014.9999999999999,0.9361580014228821
1020.0,0.9396129846572876
1025.0,0.9379879832267761
1030.0,0.940343976020813
1035.0,0.9402089715003967
1040.0,0.9405400156974792
1045.0,0.9414950013160706
1050.0,0.9415259957313538
1055.0,0.9422469735145569
1060.0,0.9427030086517334
1065.0,0.9425870180130005
1070.0,0.9431210160255432
1075.0,0.9408689737319946
1080.0,0.9409530162811279
1085.0,0.9404500126838684
1090.0,0.9453629851341248
1095.0,0.9446089863777161
1100.0,0.9439489841461182
1105.0,0.9446930289268494
1110.0,0.9438689947128296
1115.0,0.946865975856781
1120.0,0.9442340135574341
1125.0,0.9487789869308472
1130.0,0.9465870261192322
1135.0,0.9452250003814697
1140.0,0.9482219815254211
1145.0,0.946986973285675
1150.0,0.9460960030555725
1155.0,0.9469599723815918
1160.0,0.9471740126609802
1165.0,0.9486539959907532
1170.0,0.948980987071991
1175.0,0.946960985660553
1180.0,0.9479979872703552
1185.0,0.9491429924964905
1190.0,0.950302004814148
1195.0,0.9483739733695984
1200.0,0.9497050046920776
1205.0,0.9481149911880493
1210.0,0.946524977684021
1215.0,0.9499430060386658
1220.0,0.9467849731445312
1225.0,0.9456899762153625
1230.0,0.9414089918136597
1235.0,0.9411870241165161
1240.0,0.937309980392456
1245.0,0.9395779967308044
1250.0,0.939831018447876
1255.0,0.9432920217514038
1260.0,0.9427369832992554
1265.0,0.9435549974441528
1270.0,0.9417139887809753
1275.0,0.9378389716148376
1280.0,0.9376310110092163
1285.0,0.9342889785766602
1290.0,0.9322710037231445
1295.0,0.925150990486145
1300.0,0.9207680225372314
1305.0,0.9167659878730774
1310.0,0.9143350124359131
1315.0,0.9132900238037109
1320.0,0.9105460047721863
1325.0,0.9076420068740845
1330.0,0.9067069888114929
1335.0,0.9062409996986389
1340.0,0.9041010141372681
1345.0,0.9017819762229919
1350.0,0.8949859738349915
1355.0,0.8773000240325928
1360.0,0.8713880181312561
1365.0,0.8730310201644897
1370.0,0.8680899739265442
1375.0,0.8566660284996033
1380.0,0.8303710222244263
1385.0,0.8094090223312378
1390.0,0.7838090062141418
1395.0,0.7576169967651367
1400.0,0.7679139971733093
1405.0,0.7761970162391663
1410.0,0.7853999733924866
1415.0,0.6777979731559753
1420.0,0.7851970195770264
1425.0,0.8542619943618774
1430.0,0.8791149854660034
1435.0,0.895609974861145
1440.0,0.9032480120658875
1445.0,0.9074320197105408
1450.0,0.9058319926261902
1455.0,0.9111459851264954
1460.0,0.9143949747085571
1465.0,0.9148749709129333
1470.0,0.9159780144691467
1475.0,0.9191380143165588
1480.0,0.9220899939537048
1485.0,0.9221510291099548
1490.0,0.9235320091247559
1495.0,0.9244499802589417
1500.0,0.9206590056419373
1505.0,0.9259470105171204
1510.0,0.9274610280990601
1515.0,0.9289960265159607
1520.0,0.9290540218353271
1525.0,0.9281960129737854
1530.0,0.9300469756126404
1535.0,0.9311609864234924
1540.0,0.930620014667511
1545.0,0.9335629940032959
1550.0,0.9347530007362366
1555.0,0.9320909976959229
1560.0,0.9323980212211609
1565.0,0.9337720274925232
1570.0,0.9350680112838745
1575.0,0.9330919981002808
1580.0,0.9372490048408508
1585.0,0.9338330030441284
1590.0,0.9346569776535034
1595.0,0.9352899789810181
1600.0,0.9359560012817383
1605.0,0.9364050030708313
1610.0,0.9362999796867371
1615.0,0.9370459914207458
1620.0,0.9341679811477661
1625.0,0.9340519905090332
1630.0,0.9337400197982788
1635.0,0.930895984172821
1640.0,0.9356399774551392
1645.0,0.9321720004081726
1650.0,0.9327149987220764
1655.0,0.9331009984016418
1660.0,0.9347550272941589
1665.0,0.9330009818077087
1670.0,0.9278709888458252
1675.0,0.9307339787483215
1680.0,0.9318860173225403
1685.0,0.9304699897766113
1690.0,0.9283310174942017
1695.0,0.9304059743881226
1700.0,0.9298629760742188
1705.0,0.9293370246887207
1710.0,0.9282540082931519
1715.0,0.928970992565155
1720.0,0.9258130192756653
1725.0,0.9280629754066467
1730.0,0.9253699779510498
1735.0,0.9252650141716003
1740.0,0.92289799451828
1745.0,0.9240900278091431
1750.0,0.9205800294876099
1755.0,0.9204490184783936
1760.0,0.9190220236778259
1765.0,0.9171820282936096
1770.0,0.914887011051178
1775.0,0.9132000207901001
1780.0,0.9111480116844177
1785.0,0.9089009761810303
1790.0,0.9056540131568909
1795.0,0.9021379947662354
1800.0,0.9041140079498291
1805.0,0.9001039862632751
1810.0,0.9011059999465942
1815.0,0.89860600233078
1820.0,0.8991569876670837
1825.0,0.8999980092048645
1830.0,0.8998100161552429
1835.0,0.8970919847488403
1840.0,0.8976330161094666
1845.0,0.8967519998550415
1850.0,0.8955770134925842
1855.0,0.8954480290412903
1860.0,0.9007009863853455
1865.0,0.8975610136985779
1870.0,0.8902260065078735
1875.0,0.8837190270423889
1880.0,0.8768439888954163
1885.0,0.8651589751243591
1890.0,0.8611440062522888
1895.0,0.8574219942092896
1900.0,0.8492910265922546
1905.0,0.8427609801292419
1910.0,0.8263480067253113
1915.0,0.8277919888496399
1920.0,0.8301860094070435
1925.0,0.8237749934196472
1930.0,0.8279330134391785
1935.0,0.8299999833106995
1940.0,0.8305990099906921
1945.0,0.8322669863700867
1950.0,0.8323010206222534
1955.0,0.8351920247077942
1960.0,0.8381239771842957
1965.0,0.8379039764404297
1970.0,0.8402590155601501
1975.0,0.8422449827194214
1980.0,0.8427770137786865
1985.0,0.8419860005378723
1990.0,0.8439729809761047
1995.0,0.8460100293159485
2000.0,0.8452919721603394
2005.0,0.8447319865226746
2009.9999999999998,0.844681978225708
2015.0000000000002,0.8450319766998291
2020.0,0.8454409837722778
2025.0,0.8464999794960022
2029.9999999999998,0.8443670272827148
2035.0000000000002,0.8421419858932495
2040.0,0.8414720296859741
2045.0,0.8404840230941772
2050.0,0.8389580249786377
2055.0,0.837323009967804
2060.0,0.83296799659729
2065.0,0.8314359784126282
2070.0,0.8238469958305359
2075.0,0.8198930025100708
2080.0,0.8157489895820618
2085.0,0.8136870265007019
2090.0,0.8068289756774902
2095.0,0.8024889826774597
2100.0,0.7998660206794739
2105.0,0.7957749962806702
2110.0,0.7843149900436401
2115.0,0.7725679874420166
2120.0,0.7704280018806458
2125.0,0.7700799703598022
2130.0,0.7630299925804138
2135.0,0.7526969909667969
2140.0,0.7340800166130066
2145.0,0.7081959843635559
2150.0,0.6730890274047852
2155.0,0.6336100101470947
2160.0,0.6084489822387695
2165.0,0.595104992389679
2170.0,0.5939599871635437
2175.0,0.5927190184593201
2180.0,0.5926769971847534
2185.0,0.5913739800453186
2190.0,0.5868239998817444
2195.0,0.5767220258712769
2200.0,0.5658159852027893
2205.0,0.5297430157661438
2210.0,0.4701330065727234
2215.0,0.5173370242118835
2220.0,0.6163859963417053
2225.0,0.6650099754333496
2230.0,0.6844019889831543
2235.0,0.6917070150375366
2240.0,0.6871979832649231
2245.0,0.6884080171585083
2250.0,0.6922810077667236
2255.0,0.6933330297470093
2260.0,0.691107988357544
2265.0,0.6876009702682495
2270.0,0.6848490238189697
2275.0,0.6773269772529602
2280.0,0.6695259809494019
2285.0,0.6647670269012451
2290.0,0.6573609709739685
2295.0,0.6501579880714417
2300.0,0.643887996673584
2305.0,0.6352019906044006
2310.0,0.6248070001602173
2315.0,0.6141200065612793
2320.0,0.6080790162086487
2325.0,0.6058340072631836
2330.0,0.6047729849815369
2335.0,0.6067010164260864
2340.0,0.6095489859580994
2345.0,0.6026920080184937
2350.0,0.5897769927978516
2355.0,0.5776299834251404
2360.0,0.5689399838447571
2365.0,0.5711089968681335
2370.0,0.5703920125961304
2375.0,0.5625330209732056
2380.0,0.5487200021743774
2385.0,0.5385289788246155
2390.0,0.5410320162773132
2395.0,0.5501689910888672
2400.0,0.5588780045509338
2405.0,0.5652880072593689
2410.0,0.5666670203208923
2415.0,0.5654810070991516
2420.0,0.5598850250244141
2425.0,0.5511279702186584
2430.0,0.5437219738960266
2435.0,0.5351660251617432
2440.0,0.5199300050735474
2445.0,0.5110329985618591
2450.0,0.5041959881782532
2455.0,0.5011000037193298
2460.0,0.4978789985179901
2465.0,0.4955660104751587
2470.0,0.49169299006462097
2475.0,0.4872399866580963
2480.0,0.4786750078201294
2485.0,0.4704590141773224
2490.0,0.46113499999046326
2495.0,0.4602090120315552
2500.0,0.4569909870624542
2505.0,0.4576599895954132
2510.0,0.4515880048274994
2515.0,0.4503050148487091
2520.0,0.4453740119934082
2525.0,0.4423460066318512
2530.0,0.4377090036869049
2531.32,0.43722689151763916
2532.55,0.4367777109146118
2533.7900000000004,0.4363248646259308
2535.0299999999997,0.435863196849823
2536.27,0.43503880500793457
2537.51,0.43421441316604614
2538.75,0.4333900511264801
2540.0,0.4325590133666992
2541.2400000000002,0.43132421374320984
2542.49,0.43007946014404297
2543.7400000000002,0.4288347065448761
2544.99,0.4275899827480316
2546.2400000000002,0.42734241485595703
2547.49,0.4271029531955719
2548.74,0.426863431930542
2549.9900000000002,0.4266239106655121
2551.25,0.4262455105781555
2552.5,0.4258689880371094
2553.76,0.4253300130367279
2555.02,0.4249260127544403
2556.28,0.4242750108242035
2557.54,0.4237529933452606
2558.8,0.42309701442718506
2560.07,0.4217289984226227
2561.33,0.41957300901412964
2562.6000000000004,0.4178610146045685
2563.86,0.4168359935283661
2565.13,0.41573798656463623
2566.3999999999996,0.41503000259399414
2567.67,0.4134399890899658
2568.9500000000003,0.41105398535728455
2570.22,0.40922799706459045
2571.5,0.4081859886646271
2572.77,0.40704599022865295
2574.05,0.40497300028800964
2575.33,0.40451300144195557
2576.61,0.4040989875793457
2577.89,0.40264999866485596
2579.17,0.40207698941230774
2580.46,0.40156999230384827
2581.74,0.3999899923801422
2583.0299999999997,0.39899298548698425
2584.31,0.39860498905181885
2585.6,0.3988650143146515
2586.89,0.39803600311279297
2588.19,0.3964579999446869
2589.48,0.39567700028419495
2590.77,0.3951509892940521
2592.07,0.3939549922943115
2593.36,0.3924109935760498
2594.6600000000003,0.3902750015258789
2595.96,0.38937801122665405
2597.2599999999998,0.39096298813819885
2598.56,0.3911080062389374
2599.8700000000003,0.38936200737953186
2601.17,0.38787099719047546
2602.48,0.3866629898548126
2603.78,0.38565999269485474
2605.09,0.38429000973701477
2606.3999999999996,0.3830989897251129
2607.71,0.38345399498939514
2609.03,0.3829199969768524
2610.3399999999997,0.3810569941997528
2611.6600000000003,0.3802799880504608
2612.97,0.3795259892940521
2614.29,0.37868601083755493
2615.61,0.37746500968933105
2616.93,0.37531501054763794
2618.25,0.3739300072193146
2619.57,0.37391600012779236
2620.8999999999996,0.37220001220703125
2622.22,0.3711859881877899
2623.5499999999997,0.37087899446487427
2624.88,0.3691810071468353
2626.21,0.36653900146484375
2627.5400000000004,0.3640739917755127
2628.87,0.3625609874725342
2630.21,0.36062198877334595
2631.5400000000004,0.3583639860153198
2632.88,0.35694199800491333
2634.21,0.35430899262428284
2635.5499999999997,0.35132500529289246
2636.8900000000003,0.3489820063114166
2638.2400000000002,0.34623900055885315
2639.58,0.3423599898815155
2640.92,0.3394399881362915
2642.27,0.3370850086212158
2643.62,0.334538996219635
2644.97,0.33149901032447815
2646.3199999999997,0.3276810050010681
2647.67,0.32384100556373596
2649.02,0.3208790123462677
2650.38,0.3177190124988556
2651.73,0.31430500745773315
2653.09,0.3112809956073761
2654.4500000000003,0.30765199661254883
2655.81,0.30368998646736145
2657.1699999999996,0.3001689910888672
2658.5299999999997,0.29604199528694153
2659.89,0.29117798805236816
2661.2599999999998,0.286204993724823
2662.63,0.2812960147857666
2664.0,0.27619799971580505
2665.36,0.2703250050544739
2666.74,0.2645680010318756
2668.11,0.25891000032424927
2669.48,0.25180599093437195
2670.8599999999997,0.24432599544525146
2672.23,0.23677599430084229
2673.61,0.22959299385547638
2674.9900000000002,0.22130300104618073
2676.37,0.2132679969072342
2677.76,0.2051369994878769
2679.14,0.19694599509239197
2680.52,0.18839100003242493
2681.91,0.18063700199127197
2683.3,0.17256200313568115
2684.6899999999996,0.16347399353981018
2686.08,0.1536400020122528
2687.47,0.14345400035381317
2688.87,0.13277700543403625
2690.2599999999998,0.12139400094747543
2691.6600000000003,0.1097709983587265
2693.06,0.09897200018167496
2694.46,0.08791600167751312
2695.86,0.07656200230121613
2697.26,0.06619500368833542
2698.66,0.057429999113082886
2700.07,0.0500820018351078
2701.48,0.04370199888944626
2702.89,0.03767099976539612
2704.2999999999997,0.032430000603199005
2705.71,0.02858700044453144
2707.1200000000003,0.025599999353289604
2708.53,0.023979000747203827
2709.9500000000003,0.023753000423312187
2711.37,0.024526000022888184
2712.79,0.02623800002038479
2714.21,0.028449999168515205
2715.63,0.03129500150680542
2717.05,0.03475400060415268
2718.48,0.03719199821352959
2719.9,0.03849799931049347
2721.33,0.03855999931693077
2722.76,0.037608999758958817
2724.19,0.035895999521017075
2725.6200000000003,0.03380899876356125
2727.06,0.032319001853466034
2728.49,0.03145499899983406
2729.93,0.03186099976301193
2731.37,0.032669998705387115
2732.8100000000004,0.032412998378276825
2734.25,0.031957000494003296
2735.69,0.0311879999935627
2737.1400000000003,0.030943000689148903
2738.58,0.03104100003838539
2740.0299999999997,0.031943000853061676
2741.48,0.03390200063586235
2742.93,0.036215998232364655
2744.38,0.03862300142645836
2745.8300000000004,0.04171900078654289
2747.29,0.04510200023651123
2748.75,0.04725399985909462
2750.2,0.047954998910427094
2751.6600000000003,0.047370001673698425
2753.13,0.045763999223709106
2754.5899999999997,0.04320799931883812
2756.05,0.038617998361587524
2757.52,0.03204600140452385
2758.99,0.025578999891877174
2760.46,0.021632999181747437
2761.93,0.021618999540805817
2763.3999999999996,0.026094000786542892
2764.8700000000003,0.03537600114941597
2766.35,0.047412000596523285
2767.82,0.059144001454114914
2769.2999999999997,0.07032699882984161
2770.7799999999997,0.08002100139856339
2772.26,0.08869200199842453
2773.75,0.09591100364923477
2775.23,0.10058200359344482
2776.7200000000003,0.10316400229930878
2778.21,0.1039780005812645
2779.7000000000003,0.1050179973244667
2781.19,0.10876300185918808
2782.68,0.11434199661016464
2784.1800000000003,0.12033700197935104
2785.67,0.12574400007724762
2787.17,0.13030199706554413
2788.67,0.1346690058708191
2790.1699999999996,0.13857600092887878
2791.67,0.14146800339221954
2793.18,0.14438800513744354
2794.68,0.14772899448871613
2796.19,0.1509930044412613
2797.7,0.15408100187778473
2799.21,0.15694700181484222
2800.7200000000003,0.15919500589370728
2802.24,0.16167500615119934
2803.75,0.16429300606250763
2805.27,0.1668729931116104
2806.79,0.16886800527572632
2808.31,0.1707870066165924
2809.83,0.1728529930114746
2811.35,0.17470699548721313
2812.8799999999997,0.17612099647521973
2814.41,0.17749999463558197
2815.93,0.1790039986371994
2817.46,0.1805810034275055
2819.0,0.1819089949131012
2820.53,0.1832599937915802
2822.07,0.18451400101184845
2823.6,0.18588300049304962
2825.1400000000003,0.1872050017118454
2826.6800000000003,0.1884869933128357
2828.22,0.18971000611782074
2829.77,0.19098800420761108
2831.3100000000004,0.19230400025844574
2832.86,0.19357499480247498
2834.4100000000003,0.19486400485038757
2835.96,0.19603699445724487
2837.5099999999998,0.19702300429344177
2839.07,0.1983329951763153
2840.62,0.19944199919700623
2842.18,0.2004469931125641
2843.74,0.20167499780654907
2845.2999999999997,0.20270100235939026
2846.86,0.20356400310993195
2848.43,0.20452100038528442
2849.9900000000002,0.205252006649971
2851.56,0.20617899298667908
2853.13,0.20721900463104248
2854.7,0.20847299695014954
2856.27,0.20950299501419067
2857.85,0.2106180042028427
2859.42,0.21185100078582764
2861.0,0.21307000517845154
2862.58,0.2140980064868927
2864.16,0.21509699523448944
2865.75,0.21592499315738678
2867.33,0.21712200343608856
2868.92,0.21842099726200104
2870.5099999999998,0.21956999599933624
2872.1,0.2207300066947937
2873.69,0.22203800082206726
2875.28,0.2227099984884262
2876.88,0.22366400063037872
2878.48,0.22451800107955933
2880.0699999999997,0.22515399754047394
2881.68,0.22582699358463287
2883.28,0.2267020046710968
2884.88,0.22752699255943298
2886.49,0.22837699949741364
2888.1,0.22890900075435638
2889.71,0.22968800365924835
2891.3199999999997,0.23021300137043
2892.93,0.23089100420475006
2894.55,0.2316790074110031
2896.16,0.23247799277305603
2897.78,0.23308899998664856
2899.4,0.23354999721050262
2901.03,0.23357799649238586
2902.65,0.2329459935426712
2904.2799999999997,0.23195399343967438
2905.91,0.23023000359535217
2907.54,0.22742600739002228
2909.17,0.22369599342346191
2910.8,0.21998299658298492
2912.44,0.21764199435710907
2914.07,0.21695899963378906
2915.7099999999996,0.218299001455307
2917.35,0.22210800647735596
2918.99,0.22774800658226013
2920.6400000000003,0.2337699979543686
2922.29,0.23921799659729004
2923.93,0.24440500140190125
2925.58,0.2491600066423416
2927.24,0.2530840039253235
2928.89,0.2562989890575409
2930.55,0.2588059902191162
2932.2,0.26126599311828613
2933.86,0.2638559937477112
2935.52,0.2659589946269989
2937.19,0.26773199439048767
2938.85,0.26910901069641113
2940.52,0.2709159851074219
2942.19,0.2726449966430664
2943.86,0.2738960087299347
2945.53,0.27482300996780396
2947.21,0.27595698833465576
2948.88,0.2773289978504181
2950.56,0.27828800678253174
2952.2400000000002,0.27958598732948303
2953.92,0.2809450030326843
2955.61,0.2819089889526367
2957.29,0.28297901153564453
2958.98,0.2842159867286682
2960.67,0.2850460112094879
2962.3599999999997,0.28588101267814636
2964.06,0.28690001368522644
2965.75,0.28793901205062866
2967.45,0.2888230085372925
2969.15,0.28951001167297363
2970.85,0.29015401005744934
2972.55,0.2910040020942688
2974.26,0.2921999990940094
2975.97,0.29323700070381165
2977.68,0.29382801055908203
2979.39,0.29459598660469055
2981.1,0.2954910099506378
2982.8199999999997,0.2961750030517578
2984.5299999999997,0.2970849871635437
2986.25,0.2979939877986908
2987.97,0.2990419864654541
2989.7,0.30031099915504456
2991.42,0.3015330135822296
2993.15,0.3027620017528534
2994.88,0.30385398864746094
2996.61,0.30489200353622437
2998.3399999999997,0.3061999976634979
3000.08,0.30755800008773804
3001.8199999999997,0.3086180090904236
3003.55,0.3100050091743469
3005.3,0.31134700775146484
3007.04,0.3125840127468109
3008.7799999999997,0.3133629858493805
3010.53,0.31438198685646057
3012.28,0.31545698642730713
3014.03,0.31645798683166504
3015.79,0.31728899478912354
3017.54,0.3182390034198761
3019.2999999999997,0.31937500834465027
3021.06,0.32043299078941345
3022.8199999999997,0.32126298546791077
3024.58,0.322160005569458
3026.35,0.32305899262428284
3028.12,0.3240259885787964
3029.89,0.3251950144767761
3031.66,0.32610100507736206
3033.4300000000003,0.32651400566101074
3035.21,0.32753899693489075
3036.99,0.32873299717903137
3038.77,0.3296220004558563
3040.55,0.3302280008792877
3042.3300000000004,0.33118200302124023
3044.12,0.3321090042591095
3045.9100000000003,0.3329879939556122
3047.7,0.33385801315307617
3049.4900000000002,0.3350459933280945
3051.29,0.3357749879360199
3053.08,0.3365130126476288
3054.8799999999997,0.3376449942588806
3056.6800000000003,0.33863401412963867
3058.49,0.33949801325798035
3060.29,0.34032899141311646
3062.1,0.3411230146884918
3063.91,0.3417479991912842
3065.72,0.34253600239753723
3067.54,0.34349799156188965
3069.35,0.34459400177001953
3071.17,0.345196008682251
3072.99,0.3458609879016876
3074.81,0.3467729985713959
3076.64,0.34765300154685974
3078.47,0.3487139940261841
3080.2900000000004,0.3494879901409149
3082.1299999999997,0.34999600052833557
3083.96,0.35057199001312256
3085.79,0.3514469861984253
3087.6299999999997,0.3520840108394623
3089.47,0.3529689908027649
3091.31,0.3538239896297455
3093.1600000000003,0.3544279932975769
3095.0099999999998,0.35509300231933594
3096.85,0.3557719886302948
3098.71,0.3563399910926819
3100.5600000000004,0.35700398683547974
3102.41,0.3577190041542053
3104.27,0.3586530089378357
3106.1299999999997,0.3595399856567383
3107.9900000000002,0.36038899421691895
3109.8599999999997,0.3613339960575104
3111.73,0.36221200227737427
3113.5899999999997,0.3628480136394501
3115.4700000000003,0.36371898651123047
3117.34,0.3644619882106781
3119.21,0.3651539981365204
3121.09,0.3660779893398285
3122.97,0.36692100763320923
3124.86,0.3675979971885681
3126.74,0.36820998787879944
3128.6299999999997,0.36893200874328613
3130.52,0.36996400356292725
3132.4100000000003,0.37110599875450134
3134.3,0.3719080090522766
3136.2000000000003,0.3722420036792755
3138.1,0.37288498878479004
3140.0,0.37384599447250366
3141.9,0.3748979866504669
3143.8100000000004,0.375557005405426
3145.7099999999996,0.3762809932231903
3147.62,0.3771649897098541
3149.54,0.37797001004219055
3151.4500000000003,0.3786129951477051
3153.37,0.37933701276779175
3155.29,0.3802909851074219
3157.21,0.3810639977455139
3159.13,0.38152098655700684
3161.06,0.3820750117301941
3162.9900000000002,0.3828989863395691
3164.92,0.3834570050239563
3166.8500000000004,0.38411998748779297
3168.79,0.3847639858722687
3170.7200000000003,0.3852050006389618
3172.67,0.38571101427078247
3174.61,0.3864850103855133
3176.55,0.38719499111175537
3178.5,0.3876830041408539
3180.45,0.38847601413726807
3182.4,0.38902100920677185
3184.3599999999997,0.3895840048789978
3186.3199999999997,0.39041098952293396
3188.27,0.3912220001220703
3190.2400000000002,0.39187899231910706
3192.2000000000003,0.3925760090351105
3194.17,0.3932090103626251
3196.1400000000003,0.3941279947757721
3198.1099999999997,0.39476799964904785
3200.08,0.3953379988670349
3202.06,0.39615699648857117
3204.04,0.39692801237106323
3206.02,0.39751899242401123
3208.0,0.39834898710250854
3209.99,0.399275004863739
3211.98,0.3998979926109314
3213.9700000000003,0.4005959928035736
3215.96,0.4015190005302429
3217.96,0.4023689925670624
3219.96,0.4032000005245209
3221.96,0.40383800864219666
3223.96,0.40474098920822144
3225.97,0.4057370126247406
3227.98,0.406264990568161
3229.99,0.40692800283432007
3232.0,0.40794700384140015
3234.02,0.4085879921913147
3236.04,0.4089820086956024
3238.06,0.40980398654937744
3240.08,0.4107629954814911
3242.1099999999997,0.41155898571014404
3244.14,0.4122940003871918
3246.17,0.41306400299072266
3248.2000000000003,0.41367998719215393
3250.24,0.41414201259613037
3252.2799999999997,0.4146040081977844
3254.3199999999997,0.41513100266456604
3256.37,0.41562798619270325
3258.41,0.4163529872894287
3260.46,0.41721099615097046
3262.5099999999998,0.4182110130786896
3264.57,0.41898301243782043
3266.63,0.41952601075172424
3268.69,0.42018601298332214
3270.75,0.42069798707962036
3272.8100000000004,0.4213300049304962
3274.88,0.4221169948577881
3276.95,0.42287200689315796
3279.02,0.4234830141067505
3281.1,0.42429500818252563
3283.1800000000003,0.42517098784446716
3285.26,0.42574599385261536
3287.34,0.4262700080871582
3289.43,0.4270879924297333
3291.51,0.42811599373817444
3293.61,0.42903101444244385
3295.7000000000003,0.4296709895133972
3297.8,0.43025699257850647
3299.9,0.43114399909973145
3302.0,0.4319390058517456
3304.1,0.4327020049095154
3306.21,0.4333440065383911
3308.32,0.43406400084495544
3310.4300000000003,0.4347130060195923
3312.5499999999997,0.4353170096874237
3314.66,0.435930997133255
3316.79,0.43669500946998596
3318.91,0.43747401237487793
3321.0299999999997,0.4379259943962097
3323.1600000000003,0.438632994890213
3325.29,0.4393880069255829
3327.4300000000003,0.4401009976863861
3329.5699999999997,0.44091400504112244
3331.71,0.44171300530433655
3333.85,0.44236600399017334
3335.99,0.44293999671936035
3338.1400000000003,0.4434800148010254
3340.29,0.44402700662612915
3342.45,0.4449569880962372
3344.6,0.44555801153182983
3346.76,0.4459879994392395
3348.92,0.4466579854488373
3351.09,0.44739699363708496
3353.26,0.44782501459121704
3355.4300000000003,0.44823500514030457
3357.6000000000004,0.44878101348876953
3359.78,0.4492970108985901
3361.96,0.44975900650024414
3364.14,0.4499160051345825
3366.32,0.44998499751091003
3368.51,0.4501799941062927
3370.7,0.4501909911632538
3372.89,0.45030200481414795
3375.09,0.4509289860725403
3377.29,0.45160698890686035
3379.4900000000002,0.4521769881248474
3381.69,0.4527209997177124
3383.9,0.45327699184417725
3386.11,0.4538010060787201
3388.32,0.45423200726509094
3390.54,0.4545480012893677
3392.76,0.4549660086631775
3394.98,0.4552839994430542
3397.21,0.45538198947906494
3399.4300000000003,0.4556410014629364
3401.6600000000003,0.4556869864463806
3403.9,0.45524200797080994
3406.13,0.45492398738861084
3408.3700000000003,0.4550029933452606
3410.61,0.45495399832725525
3412.8599999999997,0.4550830125808716
3415.1099999999997,0.4554780125617981
3417.36,0.45624300837516785
3419.61,0.45753899216651917
3421.8700000000003,0.4589860141277313
3424.13,0.4606049954891205
3426.39,0.4627630114555359
3428.66,0.4648590087890625
3430.93,0.4664900004863739
3433.2,0.4678800106048584
3435.48,0.4693630039691925
3437.7599999999998,0.4706299901008606
3440.0400000000004,0.4719110131263733
3442.32,0.4731389880180359
3444.61,0.47429201006889343
3446.8999999999996,0.4753589928150177
3449.19,0.4765529930591583
3451.4900000000002,0.4778519868850708
3453.79,0.47897300124168396
3456.09,0.47989198565483093
3458.4,0.48081400990486145
3460.7000000000003,0.4816890060901642
3463.0200000000004,0.4825569987297058
3465.33,0.4833280146121979
3467.65,0.4840260148048401
3469.97,0.4845690131187439
3472.29,0.4851680099964142
3474.62,0.48580101132392883
3476.95,0.4861930012702942
3479.2900000000004,0.4864949882030487
3481.62,0.4870170056819916
3483.96,0.4876140058040619
3486.3,0.4880230128765106
3488.6499999999996,0.48820000886917114
3491.0,0.48846200108528137
3493.35,0.48890799283981323
3495.71,0.4887639880180359
3498.0699999999997,0.4886769950389862
3500.4300000000003,0.4891600012779236
3502.79,0.4899219870567322
3505.16,0.4910629987716675
3507.53,0.49248600006103516
3509.9100000000003,0.4939340054988861
3512.29,0.495388001203537
3514.67,0.4967670142650604
3517.0499999999997,0.4979870021343231
3519.44,0.4989030063152313
3521.83,0.49962300062179565
3524.23,0.5006020069122314
3526.62,0.5018270015716553
3529.02,0.5030009746551514
3531.43,0.5038610100746155
3533.83,0.504800021648407
3536.24,0.5057970285415649
3538.6600000000003,0.5066189765930176
3541.08,0.5072339773178101
3543.5,0.5079410076141357
3545.92,0.5085989832878113
3548.35,0.509223997592926
3550.78,0.5096759796142578
3553.21,0.5099260210990906
3555.65,0.5102189779281616
3558.09,0.5104249715805054
3560.5299999999997,0.5107579827308655
3562.98,0.5113070011138916
3565.4300000000003,0.5117419958114624
3567.88,0.512257993221283
3570.3399999999997,0.5127829909324646
3572.8,0.5132970213890076
3575.27,0.5139750242233276
3577.73,0.5146920084953308
3580.2000000000003,0.5152580142021179
3582.68,0.515887975692749
3585.1600000000003,0.5164110064506531
3587.64,0.5170440077781677
3590.1200000000003,0.5176900029182434
3592.61,0.5181999802589417
3595.1,0.518775999546051
3597.6,0.5195879936218262
3600.0899999999997,0.5202490091323853
3602.6,0.520950973033905
3605.1000000000004,0.5216900110244751
3607.61,0.5223230123519897
3610.1200000000003,0.5228400230407715
3612.64,0.5233529806137085
3615.16,0.5240579843521118
3617.68,0.5248609781265259
3620.21,0.5254780054092407
3622.74,0.5262669920921326
3625.27,0.5269749760627747
3627.8100000000004,0.5277019739151001
3630.35,0.5283300280570984
3632.8900000000003,0.528764009475708
3635.44,0.5292159914970398
3637.99,0.5298529863357544
3640.54,0.5303329825401306
3643.1,0.5306010246276855
3645.66,0.5309399962425232
3648.23,0.5314750075340271
3650.7999999999997,0.5316759943962097
3653.37,0.531711995601654
3655.95,0.5317010283470154
3658.5299999999997,0.531620979309082
3661.1099999999997,0.5312290191650391
3663.7,0.5307790040969849
3666.29,0.5305789709091187
3668.8900000000003,0.5297819972038269
3671.48,0.5286290049552917
3674.09,0.527662992477417
3676.6899999999996,0.5261170268058777
3679.3,0.5241810083389282
3681.91,0.5218390226364136
3684.53,0.5191159844398499
3687.15,0.5163120031356812
3689.7799999999997,0.5136899948120117
3692.4,0.5119040012359619
3695.04,0.5111160278320312
3697.67,0.5114139914512634
3700.31,0.513060986995697
3702.95,0.5159940123558044
3705.6,0.5196509957313538
3708.25,0.5233529806137085
3710.9100000000003,0.5271239876747131
3713.5600000000004,0.5308120250701904
3716.23,0.5341629981994629
3718.89,0.5371699929237366
3721.5600000000004,0.5398929715156555
3724.23,0.5421910285949707
3726.9100000000003,0.5440469980239868
3729.59,0.5453870296478271
3732.2799999999997,0.546779990196228
3734.9700000000003,0.5480149984359741
3737.66,0.5485810041427612
3740.36,0.5483030080795288
3743.06,0.5481579899787903
3745.76,0.5497230291366577
3748.4700000000003,0.5530359745025635
3751.1800000000003,0.5557529926300049
3753.8999999999996,0.5574979782104492
3756.62,0.5591369867324829
3759.3399999999997,0.5603640079498291
3762.07,0.5614359974861145
3764.8,0.5623409748077393
3767.54,0.5631489753723145
3770.28,0.564096987247467
3773.02,0.5648980140686035
3775.77,0.5658239722251892
3778.52,0.56672602891922
3781.28,0.5676180124282837
3784.04,0.5683540105819702
3786.7999999999997,0.5689910054206848
3789.5699999999997,0.5695319771766663
3792.3399999999997,0.5701540112495422
3795.12,0.5708190202713013
3797.8999999999996,0.5714110136032104
3800.69,0.5721849799156189
3803.47,0.5727890133857727
3806.27,0.5733100175857544
3809.06,0.5740529894828796
3811.8599999999997,0.5747500061988831
3814.67,0.5753340125083923
3817.48,0.5758100152015686
3820.29,0.5764600038528442
3823.1099999999997,0.5770570039749146
3825.93,0.5776079893112183
3828.7599999999998,0.5781679749488831
3831.5899999999997,0.5786539912223816
3834.42,0.5791910290718079
3837.26,0.5796340107917786
3840.1,0.5800420045852661
3842.9500000000003,0.580594003200531
3845.8,0.5809770226478577
3848.65,0.5814189910888672
3851.51,0.5820459723472595
3854.38,0.5825039744377136
3857.24,0.582755982875824
3860.1200000000003,0.5830150246620178
3862.99,0.5834500193595886
3865.8700000000003,0.5838879942893982
3868.7599999999998,0.5842350125312805
3871.6499999999996,0.5846099853515625
3874.54,0.5849279761314392
3877.44,0.5852559804916382
3880.3399999999997,0.5856099724769592
3883.25,0.5858250260353088
3886.16,0.5860369801521301
3889.0699999999997,0.5864359736442566
3891.99,0.5865610241889954
3894.92,0.586696982383728
3897.85,0.5871139764785767
3900.78,0.587315022945404
3903.72,0.5873600244522095
3906.66,0.587457001209259
3909.6000000000004,0.5875440239906311
3912.55,0.5876349806785583
3915.5099999999998,0.5877479910850525
3918.4700000000003,0.5879359841346741
3921.43,0.5878599882125854
3924.4,0.587867021560669
3927.3799999999997,0.5878769755363464
3930.35,0.5879420042037964
3933.3300000000004,0.5880849957466125
3936.3199999999997,0.588038980960846
3939.31,0.5879989862442017
3942.31,0.5882229804992676
3945.31,0.5882959961891174
3948.3100000000004,0.588238000869751
3951.32,0.588113009929657
3954.34,0.5881400108337402
3957.35,0.5882290005683899
3960.3799999999997,0.5883389711380005
3963.4100000000003,0.5884910225868225
3966.44,0.5884569883346558
3969.48,0.5884609818458557
3972.52,0.5886369943618774
3975.5600000000004,0.5886139869689941
3978.61,0.5884109735488892
3981.6699999999996,0.5886020064353943
3984.73,0.588729977607727
3987.8,0.5888100266456604
3990.8700000000003,0.5887899994850159
3993.9399999999996,0.5887349843978882
3997.02,0.5888760089874268
4000.1,0.5889089703559875
4003.19,0.5888869762420654
4006.29,0.5886960029602051
4009.39,0.5887269973754883
4012.49,0.5887179970741272
4015.6,0.5887219905853271
4018.7099999999996,0.5886369943618774
4021.8299999999995,0.5885679721832275
4024.9499999999994,0.5885649919509888
4028.08,0.5885829925537109
4031.2099999999996,0.5884739756584167
4034.35,0.5882620215415955
4037.4900000000002,0.5880079865455627
4040.64,0.5878940224647522
4043.7900000000004,0.5877699851989746
4046.94,0.587647020816803
4050.11,0.5874019861221313
4053.2700000000004,0.5871059894561768
4056.44,0.5868809819221497
4059.62,0.586758017539978
4062.8,0.5865809917449951
4065.9900000000002,0.586230993270874
4069.1800000000003,0.5859609842300415
4072.38,0.5859460234642029
4075.5800000000004,0.5857660174369812
4078.78,0.5855249762535095
4082.0,0.5851709842681885
4085.21,0.5849630236625671
4088.43,0.5848339796066284
4091.66,0.5845779776573181
4094.8900000000003,0.584293007850647
4098.13,0.5840150117874146
4101.37,0.5836290121078491
4104.62,0.5831999778747559
4107.87,0.5829700231552124
4111.13,0.5828409790992737
4114.39,0.5824570059776306
4117.66,0.5820599794387817
4120.93,0.5818060040473938
4124.21,0.5816439986228943
4127.5,0.5812199711799622
4130.79,0.5808799862861633
4134.08,0.5807030200958252
4137.38,0.580452024936676
4140.679999999999,0.5800639986991882
4143.99,0.5796539783477783
4147.31,0.5792120099067688
4150.629999999999,0.5789909958839417
4153.95,0.5787469744682312
4157.29,0.5785329937934875
4160.62,0.5783209800720215
4163.96,0.5780010223388672
4167.3099999999995,0.5776259899139404
4170.66,0.577318012714386
4174.0199999999995,0.5769169926643372
4177.39,0.5767369866371155
4180.75,0.5766180157661438
4184.13,0.5763239860534668
4187.509999999999,0.5761060118675232
4190.889999999999,0.575872004032135
4194.28,0.5756580233573914
4197.68,0.5755730271339417
4201.08,0.5754899978637695
4204.49,0.5753089785575867
4207.900000000001,0.5753039717674255
4211.32,0.575452983379364
4214.74,0.5753239989280701
4218.17,0.5755699872970581
4221.61,0.5757169723510742
4225.05,0.5757650136947632
4228.5,0.5758299827575684
4231.950000000001,0.5756980180740356
4235.400000000001,0.5754250288009644
4238.870000000001,0.5750319957733154
4242.34,0.5743470191955566
4245.8099999999995,0.5733019709587097
4249.29,0.5716419816017151
4252.78,0.5692909955978394
4256.2699999999995,0.5664089918136597
4259.7699999999995,0.5629410147666931
4263.27,0.5596209764480591
4266.78,0.5573300123214722
4270.29,0.5565879940986633
4273.81,0.5577219724655151
4277.34,0.5602220296859741
4280.87,0.5629500150680542
4284.41,0.5651000142097473
4287.950000000001,0.566635012626648
4291.5,0.5674939751625061
4295.06,0.5680140256881714
4298.62,0.5681639909744263
4302.1900000000005,0.5682399868965149
4305.76,0.5679799914360046
4309.34,0.5677419900894165
4312.92,0.567441999912262
4316.5199999999995,0.567101001739502
4320.11,0.5666589736938477
4323.719999999999,0.5661190152168274
4327.320000000001,0.5654609799385071
4330.94,0.5648710131645203
4334.5599999999995,0.5643569827079773
4338.19,0.5638719797134399
4341.820000000001,0.5632990002632141
4345.46,0.5628049969673157
4349.11,0.5622289776802063
4352.76,0.5618109703063965
4356.42,0.561385989189148
4360.08,0.5607950091362
4363.75,0.5602689981460571
4367.429999999999,0.5598649978637695
4371.11,0.5594480037689209
4374.799999999999,0.5590270161628723
4378.49,0.5586349964141846
4382.19,0.5584570169448853
4385.900000000001,0.5580719709396362
4389.610000000001,0.557558000087738
4393.33,0.557217001914978
4397.0599999999995,0.5568670034408569
4400.79,0.5564429759979248
4404.530000000001,0.5559390187263489
4408.280000000001,0.555554986000061
4412.03,0.5551630258560181
4415.79,0.5545169711112976
4419.55,0.5541089773178101
4423.320000000001,0.5537949800491333
4427.1,0.5533559918403625
4430.88,0.5528209805488586
4434.68,0.5523489713668823
4438.469999999999,0.5520740151405334
4442.280000000001,0.5517449975013733
4446.08,0.551272988319397
4449.900000000001,0.5509039759635925
4453.719999999999,0.5503209829330444
4457.55,0.5497980117797852
4461.389999999999,0.5491229891777039
4465.2300000000005,0.5481749773025513
4469.08,0.5472000241279602
4472.9400000000005,0.5460569858551025
4476.8,0.544750988483429
4480.67,0.5434319972991943
4484.549999999999,0.5421479940414429
4488.43,0.5409939885139465
4492.320000000001,0.5399979948997498
4496.21,0.5389999747276306
4500.12,0.5380110144615173
4504.030000000001,0.5373370051383972
4507.94,0.5367439985275269
4511.87,0.5362439751625061
4515.799999999999,0.5358440279960632
4519.7300000000005,0.5355669856071472
4523.679999999999,0.5351300239562988
4527.63,0.5347849726676941
4531.589999999999,0.5344939827919006
4535.55,0.5341640114784241
4539.52,0.533827006816864
4543.5,0.5333759784698486
4547.49,0.5328099727630615
4551.48,0.5322089791297913
4555.4800000000005,0.5312389731407166
4559.490000000001,0.5301250219345093
4563.5,0.5289369821548462
4567.52,0.5276809930801392
4571.55,0.5262280106544495
4575.580000000001,0.5247970223426819
4579.63,0.5233299732208252
4583.67,0.5217289924621582
4587.73,0.5198950171470642
4591.79,0.5180990099906921
4595.86,0.5164120197296143
4599.9400000000005,0.5145320296287537
4604.03,0.512440025806427
4608.120000000001,0.5101550221443176
4612.219999999999,0.5077959895133972
4616.33,0.5052719712257385
4620.4400000000005,0.5025010108947754
4624.5599999999995,0.49965900182724
4628.69,0.49697500467300415
4632.83,0.49418801069259644
4636.97,0.49121400713920593
4641.12,0.48830801248550415
4645.28,0.4855650067329407
4649.45,0.48297399282455444
4653.62,0.4804219901561737
4657.8,0.4781309962272644
4661.990000000001,0.47586700320243835
4666.1900000000005,0.4738909900188446
4670.39,0.4722230136394501
4674.599999999999,0.4707919955253601
4678.82,0.4695979952812195
4683.049999999999,0.46876800060272217
4687.280000000001,0.4681360125541687
4691.5199999999995,0.46768099069595337
4695.77,0.467397004365921
4700.03,0.4672609865665436
4704.3,0.46711599826812744
4708.57,0.4670169949531555
4712.85,0.4669579863548279
4717.139999999999,0.4670700132846832
4721.429999999999,0.4671210050582886
4725.74,0.46710601449012756
4730.05,0.46698999404907227
4734.37,0.4669800102710724
4738.7,0.46679601073265076
4743.03,0.4665980041027069
4747.38,0.4664590060710907
4751.7300000000005,0.4662030041217804
4756.09,0.46585899591445923
4760.45,0.46537598967552185
4764.83,0.46468400955200195
4769.21,0.4639959931373596
4773.6,0.4631560146808624
4778.0,0.46224600076675415
4782.41,0.4610629975795746
4786.83,0.45976799726486206
4791.25,0.4584450125694275
4795.68,0.4569309949874878
4800.13,0.45515599846839905
4804.57,0.4533289968967438
4809.03,0.45147499442100525
4813.5,0.4496000111103058
4817.97,0.44753700494766235
4822.45,0.4452889859676361
4826.94,0.4430150091648102
4831.44,0.4409019947052002
4835.950000000001,0.43884599208831787
4840.46,0.43665799498558044
4844.99,0.4345740079879761
4849.52,0.432545006275177
4854.0599999999995,0.43059098720550537
4858.61,0.4286220073699951
4863.17,0.42662400007247925
4867.73,0.42465201020240784
4872.3099999999995,0.42256298661231995
4876.89,0.42053401470184326
4881.48,0.4184739887714386
4886.08,0.4162909984588623
4890.6900000000005,0.41439399123191833
4895.31,0.4126160144805908
4899.94,0.41071999073028564
4904.57,0.40881800651550293
4909.22,0.40713798999786377
4913.87,0.4057300090789795
4918.53,0.4043799936771393
4923.21,0.4029659926891327
4927.88,0.40177199244499207
4932.57,0.40061599016189575
4937.2699999999995,0.39925000071525574
4941.9800000000005,0.3978610038757324
4946.6900000000005,0.39635801315307617
4951.42,0.3946489989757538
4956.15,0.392767995595932
4960.9,0.39075300097465515
4965.650000000001,0.388496994972229
4970.41,0.38591301441192627
4975.18,0.38324201107025146
4979.96,0.38051700592041016
4984.75,0.37768998742103577
4989.54,0.3748590052127838
4994.349999999999,0.37202200293540955
4999.17,0.3692370057106018
5003.99,0.3662540018558502
5008.83,0.36327099800109863
5013.67,0.3604060113430023
5018.5199999999995,0.35735198855400085
5023.39,0.3541310131549835
5028.26,0.35087499022483826
5033.14,0.3473150134086609
5038.03,0.34355899691581726
5042.93,0.3396649956703186
5047.84,0.3356429934501648
5052.76,0.3314099907875061
5057.69,0.3271920084953308
5062.63,0.3227890133857727
5067.580000000001,0.3181949853897095
5072.54,0.3136320114135742
5077.51,0.3091590106487274
5082.49,0.3047040104866028
5087.469999999999,0.30014699697494507
5092.469999999999,0.2955250144004822
5097.48,0.29107698798179626
5102.5,0.28682300448417664
5107.52,0.28260400891304016
5112.56,0.2783980071544647
5117.61,0.27427300810813904
5122.66,0.2704710066318512
5127.73,0.2668980062007904
5132.81,0.2634809911251068
5137.889999999999,0.26023098826408386
5142.99,0.257315993309021
5148.1,0.2546890079975128
5153.22,0.2523750066757202
5158.34,0.25036200881004333
5163.48,0.24847300350666046
5168.63,0.24669499695301056
5173.79,0.2452249974012375
5178.96,0.24404199421405792
5184.13,0.24313899874687195
5189.320000000001,0.24258600175380707
5194.5199999999995,0.2422800064086914
5199.73,0.24222399294376373
5204.96,0.24245500564575195
5210.19,0.24292699992656708
5215.429999999999,0.24337799847126007
5220.679999999999,0.24401099979877472
5225.94,0.24488100409507751
5231.22,0.2456970065832138
5236.5,0.24654899537563324
5241.79,0.24758300185203552
5247.099999999999,0.24886000156402588
5252.42,0.250093013048172
5257.74,0.25127699971199036
5263.080000000001,0.25262799859046936
5268.43,0.25396600365638733
5273.79,0.25523701310157776
5279.16,0.25648701190948486
5284.54,0.25759801268577576
5289.93,0.2584869861602783
5295.34,0.2590560019016266
5300.75,0.259550005197525
5306.18,0.259876012802124
5311.61,0.2598559856414795
5317.0599999999995,0.2595430016517639
5322.5199999999995,0.2590180039405823
5327.99,0.2582100033760071
5333.47,0.2571839988231659
5338.96,0.25598299503326416
5344.47,0.2546960115432739
5349.9800000000005,0.2530519962310791
5355.51,0.25121501088142395
5361.049999999999,0.2492630034685135
5366.6,0.24727100133895874
5372.16,0.24505899846553802
5377.73,0.24263200163841248
5383.320000000001,0.2400120049715042
5388.91,0.23735299706459045
5394.52,0.23464499413967133
5400.14,0.2319909930229187
5405.77,0.22930000722408295
5411.41,0.22666700184345245
5417.07,0.22405199706554413
5422.74,0.2214290052652359
5428.410000000001,0.2188130021095276
5434.1,0.2164749950170517
5439.8099999999995,0.21411900222301483
5445.52,0.21162399649620056
5451.25,0.2089949995279312
5456.98,0.2063080072402954
5462.73,0.20343899726867676
5468.5,0.2005160003900528
5474.2699999999995,0.19776499271392822
5480.0599999999995,0.1954440027475357
5485.86,0.1935269981622696
5491.67,0.19241799414157867
5497.49,0.1922830045223236
5503.33,0.19307200610637665
5509.179999999999,0.19481399655342102
5515.04,0.19762299954891205
5520.91,0.2010679990053177
5526.799999999999,0.2049739956855774
5532.69,0.20908699929714203
5538.610000000001,0.2134609967470169
5544.53,0.21796900033950806
5550.469999999999,0.2222689986228943
5556.41,0.22628700733184814
5562.38,0.22994600236415863
5568.349999999999,0.2332870066165924
5574.34,0.23629799485206604
5580.339999999999,0.23868399858474731
5586.35,0.24077700078487396
5592.38,0.2426149994134903
5598.42,0.24384699761867523
5604.47,0.24473999440670013
5610.54,0.24528199434280396
5616.61,0.2454099953174591
5622.71,0.2452230006456375
5628.8099999999995,0.24480600655078888
5634.929999999999,0.2440910041332245
5641.06,0.24318699538707733
5647.21,0.24217599630355835
5653.360000000001,0.24112899601459503
5659.54,0.23997800052165985
5665.72,0.23883600533008575
5671.92,0.23760999739170074
5678.13,0.2364249974489212
5684.36,0.235493004322052
5690.599999999999,0.23463499546051025
5696.85,0.2339469939470291
5703.12,0.23342299461364746
5709.4,0.23296500742435455
5715.6900000000005,0.23262299597263336
5722.0,0.23248499631881714
5728.33,0.23257899284362793
5734.66,0.23271499574184418
5741.01,0.23261700570583344
5747.38,0.23240099847316742
5753.76,0.23210500180721283
5760.150000000001,0.23161199688911438
5766.56,0.23084500432014465
5772.98,0.23014700412750244
5779.410000000001,0.22955699265003204
5785.86,0.228752002120018
5792.33,0.22799700498580933
5798.8099999999995,0.22757099568843842
5805.3,0.22723400592803955
5811.81,0.22691500186920166
5818.33,0.22672800719738007
5824.87,0.22673100233078003
5831.419999999999,0.22713600099086761
5837.99,0.22765399515628815
5844.57,0.22817200422286987
5851.17,0.2289779931306839
5857.78,0.22979100048542023
5864.410000000001,0.23059499263763428
5871.05,0.23153400421142578
5877.7,0.2325260043144226
5884.38,0.23336300253868103
5891.06,0.23459500074386597
5897.76,0.23540599644184113
5904.4800000000005,0.23613299429416656
5911.21,0.23696699738502502
5917.96,0.23762500286102295
5924.7300000000005,0.238304004073143
5931.5,0.23879800736904144
5938.3,0.2389809936285019
5945.11,0.23905199766159058
5951.93,0.23921699821949005
5958.78,0.23922500014305115
5965.63,0.23907199501991272
5972.51,0.23883600533008575
5979.39,0.23864099383354187
5986.3,0.23830200731754303
5993.22,0.23793399333953857
6000.16,0.23743300139904022
6007.11,0.23702199757099152
6014.08,0.2364879995584488
6021.06,0.23564399778842926
6028.06,0.2347390055656433
6035.08,0.23376600444316864
6042.12,0.23279599845409393
6049.17,0.23206199705600739
6056.2300000000005,0.2318599969148636
6063.32,0.2323170006275177
6070.42,0.23277899622917175
6077.530000000001,0.23310300707817078
6084.67,0.23312999308109283
6091.820000000001,0.23308899998664856
6098.9800000000005,0.2328519970178604
6106.17,0.23254700005054474
6113.37,0.23220700025558472
6120.58,0.2318660020828247
6127.82,0.23177999258041382
6135.07,0.23191599547863007
6142.34,0.23211699724197388
6149.63,0.23235900700092316
6156.93,0.2326579988002777
6164.25,0.23311899602413177
6171.59,0.23371000587940216
6178.950000000001,0.23445099592208862
6186.320000000001,0.2351370006799698
6193.71,0.23582899570465088
6201.120000000001,0.23652899265289307
6208.54,0.237062007188797
6215.99,0.2374110072851181
6223.45,0.23761600255966187
6230.93,0.23771899938583374
6238.43,0.23769299685955048
6245.95,0.23749299347400665
6253.48,0.23725299537181854
6261.03,0.2367590069770813
6268.6,0.2361070066690445
6276.19,0.23529499769210815
6283.8,0.23434600234031677
6291.43,0.23322799801826477
6299.070000000001,0.23203599452972412
6306.73,0.23071999847888947
6314.42,0.2295359969139099
6322.12,0.2285040020942688
6329.84,0.22763100266456604
6337.570000000001,0.2268799990415573
6345.33,0.2262900024652481
6353.11,0.2256859987974167
6360.9,0.22524499893188477
6368.719999999999,0.22495000064373016
6376.55,0.22444500029087067
6384.400000000001,0.22367100417613983
6392.2699999999995,0.2230280041694641
6400.17,0.22224700450897217
6408.08,0.22139699757099152
6416.01,0.22025999426841736
6423.96,0.2184389978647232
6431.93,0.21696099638938904
6439.92,0.21588000655174255
6447.93,0.21445100009441376
6455.96,0.21317599713802338
6464.01,0.21170100569725037
6472.08,0.21047599613666534
6480.17,0.20921899378299713
6488.28,0.20817899703979492
6496.41,0.2072020024061203
6504.5599999999995,0.2063020020723343
6512.7300000000005,0.2059199959039688
6520.92,0.2058420032262802
6529.14,0.20533199608325958
6537.37,0.20491300523281097
6545.63,0.20457600057125092
6553.9,0.20407499372959137
6562.2,0.20321400463581085
6570.509999999999,0.20231400430202484
6578.85,0.20115600526332855
6587.21,0.199631005525589
6595.589999999999,0.19828400015830994
6603.99,0.19666600227355957
6612.42,0.1949560046195984
6620.860000000001,0.1931850016117096
6629.330000000001,0.1913589984178543
6637.82,0.18978899717330933
6646.33,0.18777599930763245
6654.860000000001,0.18617799878120422
6663.41,0.18508000671863556
6671.99,0.18404899537563324
6680.589999999999,0.18303200602531433
6689.21,0.1819619983434677
6697.849999999999,0.18082599341869354
6706.509999999999,0.18010500073432922
6715.200000000001,0.1792369931936264
6723.91,0.17803199589252472
6732.64,0.17677800357341766
6741.4,0.17553800344467163
6750.18,0.1742669939994812
6758.9800000000005,0.1728370040655136
6767.8,0.17115500569343567
6776.65,0.16952300071716309
6785.52,0.16760000586509705
6794.41,0.16581499576568604
6803.33,0.1640080064535141
6812.2699999999995,0.1625880002975464
6821.23,0.16163299977779388
6830.219999999999,0.16102899610996246
6839.23,0.16057400405406952
6848.26,0.1604209989309311
6857.32,0.1605049967765808
6866.4,0.16056199371814728
6875.51,0.16019399464130402
6884.64,0.16003699600696564
6893.799999999999,0.15997999906539917
6902.9800000000005,0.1596429944038391
6912.18,0.15913300216197968
6921.41,0.1584700047969818
6930.66,0.1578350067138672
6939.94,0.15688300132751465
6949.24,0.15567100048065186
6958.57,0.1544259935617447
6967.92,0.15279899537563324
6977.299999999999,0.1511950045824051
6986.7,0.15010499954223633
6996.13,0.14897899329662323
7005.59,0.14744800329208374
7015.07,0.1459140032529831
7024.57,0.14436399936676025
7034.099999999999,0.14267799258232117
7043.66,0.14111000299453735
7053.25,0.13944700360298157
7062.85,0.13752399384975433
7072.49,0.13606099784374237
7082.150000000001,0.13476699590682983
7091.84,0.13353000581264496
7101.549999999999,0.13208599388599396
7111.3,0.1307079941034317
7121.0599999999995,0.12930700182914734
7130.860000000001,0.12790100276470184
7140.679999999999,0.12656399607658386
7150.53,0.12520599365234375
7160.41,0.12365499883890152
7170.3099999999995,0.12233900278806686
7180.240000000001,0.12101499736309052
7190.2,0.1196260005235672
7200.1900000000005,0.11834400147199631
7210.200000000001,0.1171569973230362
7220.240000000001,0.1156890019774437
7230.31,0.11419100314378738
7240.41,0.11271599680185318
7250.54,0.11122000217437744
7260.6900000000005,0.10966700315475464
7270.88,0.10806900262832642
7281.09,0.10638999938964844
7291.33,0.10468500107526779
7301.599999999999,0.10306300222873688
7311.9,0.1014920026063919
7322.219999999999,0.0997840017080307
7332.58,0.09835299849510193
7342.97,0.0969650000333786
7353.379999999999,0.09551999717950821
7363.83,0.09418600052595139
7374.3,0.09297899901866913
7384.8099999999995,0.09168200194835663
7395.34,0.09046600013971329
7405.910000000001,0.08923099935054779
7416.5,0.0880960002541542
7427.13,0.08703000098466873
7437.78,0.08599100261926651
7448.47,0.08488400280475616
7459.1900000000005,0.08382000029087067
7469.9400000000005,0.08249799907207489
7480.71,0.08112599700689316
7491.52,0.07987699657678604
7502.37,0.07867699861526489
7513.24,0.07735899835824966
7524.14,0.07597299665212631
7535.08,0.07443399727344513
7546.05,0.07303600013256073
7557.05,0.07156199961900711
7568.08,0.07006199657917023
7579.150000000001,0.06859999895095825
7590.24,0.06708399951457977
7601.37,0.06550700217485428
7612.53,0.06398200243711472
7623.7300000000005,0.06237100064754486
7634.96,0.060857001692056656
7646.219999999999,0.05935399979352951
7657.51,0.057913001626729965
7668.84,0.05646799877285957
7680.2,0.05519900098443031
7691.59,0.05391800031065941
7703.02,0.05281800031661987
7714.49,0.05173400044441223
7725.98,0.05047399923205376
7737.5199999999995,0.049233000725507736
7749.08,0.04798299819231033
7760.679999999999,0.046512000262737274
7772.32,0.04503599926829338
7783.99,0.04360400140285492
7795.69,0.042187001556158066
7807.43,0.04062600061297417
7819.21,0.03911200165748596
7831.0199999999995,0.03749699890613556
7842.87,0.035895999521017075
7854.75,0.03450300171971321
7866.67,0.03315199911594391
7878.62,0.03177100047469139
7890.62,0.03050200082361698
7902.64,0.029169000685214996
7914.71,0.027981000021100044
7926.8099999999995,0.026774000376462936
7938.95,0.025668000802397728
7951.13,0.02462800033390522
7963.339999999999,0.023615999147295952
7975.59,0.022585000842809677
7987.879999999999,0.02154799923300743
8000.209999999999,0.02049499936401844
8012.570000000001,0.0196749996393919
8024.98,0.018749000504612923
8037.419999999999,0.017753999680280685
8049.899999999999,0.016946999356150627
8062.419999999999,0.01620600000023842
8074.9800000000005,0.015405000187456608
8087.57,0.014698999933898449
8100.210000000001,0.013976000249385834
8112.89,0.013404999859631062
8125.6,0.01269999984651804
8138.360000000001,0.012118999846279621
8151.160000000001,0.011629000306129456
8163.99,0.011233000084757805
8176.869999999999,0.010924999602138996
8189.79,0.010684999637305737
8202.75,0.010443000122904778
8215.75,0.010269000194966793
8228.79,0.01005600020289421
8241.87,0.010053999722003937
8254.99,0.010009000077843666
8268.16,0.010125000029802322
8281.37,0.010191000066697598
8294.62,0.010400000028312206
8307.91,0.010786999948322773
8321.24,0.011365000158548355
8334.619999999999,0.011978000402450562
8348.039999999999,0.01281800027936697
8361.51,0.013872000388801098
8375.019999999999,0.015123000368475914
8388.57,0.01631000079214573
8402.16,0.01791599951684475
8415.800000000001,0.019871000200510025
8429.49,0.022267000749707222
8443.22,0.024977000430226326
8456.99,0.02810000069439411
8470.81,0.03185499832034111
8484.67,0.03627400100231171
8498.58,0.04098900035023689
8512.539999999999,0.04617699980735779
8526.54,0.05190899968147278
8540.58,0.05824999883770943
8554.68,0.0649150013923645
8568.82,0.07203199714422226
8583.0,0.07952599972486496
8597.24,0.0873590037226677
8611.52,0.09550900012254715
8625.85,0.10380999743938446
8640.230000000001,0.1122329980134964
8654.65,0.1210469976067543
8669.119999999999,0.12991200387477875
8683.640000000001,0.13901099562644958
8698.21,0.1484149992465973
8712.83,0.1580130010843277
8727.5,0.16754500567913055
8742.22,0.17693500220775604
8756.99,0.18609100580215454
8771.800000000001,0.19437900185585022
8786.67,0.20142200589179993
8801.589999999998,0.2066580057144165
8816.560000000001,0.20975400507450104
8831.58,0.21034599840641022
8846.65,0.20839600265026093
8861.77,0.20429499447345734
8876.939999999999,0.19764100015163422
8892.17,0.1878799945116043
8907.45,0.17449699342250824
8922.779999999999,0.15705600380897522
8938.16,0.1362770050764084
8953.6,0.11463599652051926
8969.09,0.09495099633932114
8984.640000000001,0.0789249986410141
9000.23,0.06694299727678299
9015.890000000001,0.05992899835109711
9031.59,0.057760000228881836
9047.359999999999,0.058747999370098114
9063.17,0.06104699894785881
9079.050000000001,0.06341700255870819
9094.97,0.06565999984741211
9110.960000000001,0.06814999878406525
9127.0,0.07096900045871735
9143.1,0.07427400350570679
9159.25,0.07807400077581406
9175.46,0.08273500204086304
9191.73,0.08817200362682343
9208.06,0.09442999958992004
9224.439999999999,0.10110100358724594
9240.880000000001,0.10801099985837936
9257.38,0.11454900354146957
9273.94,0.12033800035715103
9290.56,0.12520700693130493
9307.24,0.12870700657367706
9323.980000000001,0.13065899908542633
9340.78,0.13123199343681335
9357.64,0.13105499744415283
9374.57,0.1308709979057312
9391.550000000001,0.13105200231075287
9408.59,0.13158699870109558
9425.7,0.13166600465774536
9442.869999999999,0.13089600205421448
9460.1,0.1291310042142868
9477.4,0.1262180060148239
9494.75,0.12246699631214142
9512.17,0.11836499720811844
9529.66,0.11399699747562408
9547.21,0.10955700278282166
9564.83,0.10531199723482132
9582.5,0.1012670025229454
9600.25,0.09724099934101105
9618.06,0.09310399740934372
9635.94,0.08869899809360504
9653.88,0.08412999659776688
9671.89,0.0796319991350174
9689.970000000001,0.0751279965043068
9708.119999999999,0.07043399661779404
9726.33,0.065591000020504
9744.619999999999,0.060752999037504196
9762.97,0.05635000020265579
9781.39,0.052602000534534454
9799.88,0.049658000469207764
9818.44,0.04817499965429306
9837.070000000002,0.048337001353502274
9855.77,0.04982699826359749
9874.539999999999,0.05203299969434738
9893.39,0.05420399829745293
9912.3,0.05589500069618225
9931.29,0.05657200142741203
9950.36,0.05639500170946121
9969.49,0.05576299875974655
9988.699999999999,0.05492300167679787
10007.98,0.053807999938726425
10027.34,0.053091999143362045
10046.77,0.05308400094509125
10066.28,0.05350499972701073
10085.869999999999,0.054113999009132385
10105.53,0.05452299863100052
10125.26,0.05476899817585945
10145.08,0.05503400042653084
10164.970000000001,0.055215999484062195
10184.939999999999,0.05532500147819519
10204.99,0.05502999946475029
10225.12,0.05442800000309944
10245.33,0.05352900177240372
10265.61,0.052372999489307404
10285.98,0.05072399973869324
10306.43,0.04861300066113472
10326.96,0.046243999153375626
10347.57,0.043793000280857086
10368.27,0.04147300124168396
10389.05,0.039177000522613525
10409.91,0.03668399900197983
10430.859999999999,0.03432200103998184
10451.88,0.03219300135970116
10473.0,0.03016499988734722
10494.199999999999,0.02823299914598465
10515.49,0.026565000414848328
10536.86,0.025459999218583107
10558.32,0.024865999817848206
10579.869999999999,0.024925999343395233
10601.5,0.025905000045895576
10623.23,0.02727000042796135
10645.039999999999,0.028714999556541443
10666.94,0.029958000406622887
10688.94,0.03086799941956997
10711.02,0.031293999403715134
10733.2,0.031296998262405396
10755.470000000001,0.03125
10777.83,0.03143800050020218
10800.28,0.031824998557567596
10822.83,0.032627999782562256
10845.470000000001,0.033803001046180725
10868.21,0.035144999623298645
10891.04,0.0365619994699955
10913.970000000001,0.03805200010538101
10936.99,0.03928900137543678
10960.119999999999,0.040355000644922256
10983.34,0.04144499823451042
11006.66,0.042479000985622406
11030.07,0.043306998908519745
11053.59,0.04412499815225601
11077.21,0.0450109988451004
11100.93,0.04602300003170967
11124.75,0.047301001846790314
11148.68,0.04870599880814552
11172.710000000001,0.050085000693798065
11196.84,0.05136600136756897
11221.07,0.052696000784635544
11245.41,0.05396699905395508
11269.859999999999,0.05488499999046326
11294.41,0.055691998451948166
11319.07,0.056471001356840134
11343.84,0.057036999613046646
11368.72,0.05722799897193909
11393.7,0.057263001799583435
11418.8,0.05745600163936615
11444.01,0.0583220012485981
11469.33,0.05926499888300896
11494.76,0.06029399856925011
11520.300000000001,0.06145700067281723
11545.96,0.062394000589847565
11571.730000000001,0.06313899904489517
11597.619999999999,0.06386800110340118
11623.62,0.06425999850034714
11649.74,0.06439799815416336
11675.98,0.06434399634599686
11702.34,0.06419099867343903
11728.81,0.06398499757051468
11755.41,0.06372100114822388
11782.130000000001,0.06318999826908112
11808.960000000001,0.06244000047445297
11835.92,0.0619020015001297
11863.009999999998,0.06142500042915344
11890.22,0.06052599847316742
11917.550000000001,0.05944700166583061
11945.01,0.05847899988293648
11972.6,0.057349998503923416
12000.310000000001,0.05597800016403198
12028.16,0.05478699877858162
12056.13,0.05339299887418747
12084.23,0.052083998918533325
12112.460000000001,0.05071600154042244
12140.83,0.04931100085377693
12169.33,0.04801199957728386
12197.960000000001,0.046397000551223755
12226.73,0.04433299973607063
12255.64,0.042226001620292664
12284.68,0.04018799960613251
12313.86,0.03792399913072586
12343.18,0.0353889986872673
12372.640000000001,0.033038001507520676
12402.240000000002,0.03057599999010563
12431.98,0.028001999482512474
12461.86,0.02573399990797043
12491.89,0.024264000356197357
12522.07,0.02325800061225891
12552.38,0.0229909997433424
12582.85,0.023259000852704048
12613.47,0.023811999708414078
12644.23,0.02434000000357628
12675.15,0.024692999199032784
12706.210000000001,0.024988999590277672
12737.43,0.025704000145196915
12768.81,0.026388000696897507
12800.33,0.026866000145673752
12832.02,0.02706100046634674
12863.86,0.027191000059247017
12895.86,0.027233000844717026
12928.02,0.027218999341130257
12960.34,0.026731999590992928
12992.82,0.026058999821543694
13025.460000000001,0.025578999891877174
13058.27,0.024904999881982803
13091.25,0.024136999621987343
13124.39,0.023661000654101372
13157.7,0.023118000477552414
13191.179999999998,0.022523999214172363
13224.83,0.021952999755740166
13258.660000000002,0.021748000755906105
13292.65,0.021839000284671783
13326.83,0.022079000249505043
13361.17,0.0221560001373291
13395.699999999999,0.022207999601960182
13430.400000000001,0.022420000284910202
13465.289999999999,0.022623000666499138
13500.349999999999,0.022655999287962914
13535.6,0.022526999935507774
13571.03,0.022227000445127487
13606.65,0.022004999220371246
13642.46,0.02141599915921688
13678.46,0.020705999806523323
13714.64,0.020109999924898148
13751.02,0.019329000264406204
13787.59,0.018231000751256943
13824.36,0.01762400008738041
13861.32,0.01686999946832657
13898.49,0.015928000211715698
13935.85,0.014964000321924686
13973.41,0.014268999919295311
14011.17,0.013895999640226364
14049.15,0.013790000230073929
14087.32,0.01445200014859438
14125.71,0.01546700019389391
14164.300000000001,0.016471000388264656
14203.11,0.01802000030875206
14242.13,0.01976500079035759
14281.359999999999,0.02124200016260147
14320.81,0.022470999509096146
14360.49,0.02342900075018406
14400.380000000001,0.024088000878691673
14440.49,0.02447899989783764
14480.82,0.02449600026011467
14521.39,0.02464199997484684
14562.18,0.024755999445915222
14603.199999999999,0.02483000047504902
14644.45,0.02469000034034252
14685.93,0.02435700036585331
14727.66,0.02409300021827221
14769.619999999999,0.02399500086903572
14811.81,0.023879999294877052
14854.25,0.024150999262928963
14896.94,0.02422799915075302
14939.87,0.024058999493718147
14983.050000000001,0.02368300035595894
15026.48,0.023448999971151352
15070.16,0.023684000596404076
15114.1,0.02398099936544895
15158.289999999999,0.02392599917948246
15202.74,0.024058999493718147
15247.460000000001,0.024522999301552773
15292.43,0.024954000487923622
15337.68,0.025095999240875244
15383.19,0.025387000292539597
15428.97,0.026043999940156937
15475.03,0.02684600092470646
15521.359999999999,0.02769700065255165
15567.970000000001,0.028433000668883324
15614.869999999999,0.029015999287366867
15662.039999999999,0.029628999531269073
15709.5,0.03039100021123886
15757.25,0.03156299889087677
15805.289999999999,0.03234399855136871
15853.619999999999,0.03372099995613098
15902.26,0.035725001245737076
15951.19,0.038277000188827515
16000.419999999998,0.04146299883723259
16049.949999999999,0.04531700164079666
16099.799999999997,0.049782998859882355
16149.95,0.05515500158071518
16200.420000000002,0.06143999844789505
16251.208999999999,0.06794700026512146
16302.311,0.07424700260162354
16353.741,0.08059100061655045
16405.491,0.08637300133705139
16457.569,0.09095100313425064
16509.979000000003,0.09434200078248978
16562.731,0.09650299698114395
16615.82,0.09824799746274948
16669.240999999998,0.10005100071430206
16723.021,0.1027040034532547
16777.14,0.10645599663257599
16831.61,0.11037199944257736
16886.431,0.11404500156641006
16941.62,0.11775100231170654
16997.16,0.1216920018196106
17053.08,0.1247820034623146
17109.36,0.12717199325561523
17166.01,0.12962700426578522
17223.04,0.13179999589920044
17280.451,0.1337829977273941
17338.239999999998,0.13537399470806122
17396.429,0.13658399879932404
17455.0,0.13745400309562683
17513.969,0.1378609985113144
17573.339,0.13749699294567108
17633.109999999997,0.13658399879932404
17693.290999999997,0.13538199663162231
17753.889,0.13374799489974976
17814.899,0.13173800706863403
17876.328999999998,0.12967200577259064
17938.181,0.1272210031747818
18000.468999999997,0.12480700016021729
18063.19,0.12275499850511551
18126.35,0.12102600187063217
18189.951,0.11977799981832504
18254.0,0.11819799989461899
18318.501,0.1160539984703064
18383.459,0.11354000121355057
18448.879,0.11091700196266174
18514.771,0.10771799832582474
18581.129,0.10425999760627747
18647.97,0.10117000341415405
18715.29,0.09802599996328354
18783.100000000002,0.09477999806404114
18851.4,0.09112399816513062
18920.2,0.08800199627876282
18989.51,0.08501199632883072
19059.32,0.08180899918079376
19129.65,0.07901400327682495
19200.5,0.07716699689626694
19271.878999999997,0.07486499845981598
19343.789999999997,0.07203599810600281
19416.240999999998,0.06925400346517563
19489.229000000003,0.0664450004696846
19562.771,0.06407800316810608
19636.880999999998,0.06202999874949455
19711.54,0.059769999235868454
19786.779,0.05783500149846077
19862.590999999997,0.056019000709056854
19938.98,0.05482099950313568
20015.961,0.053433001041412354
20093.55,0.05135200172662735
20171.73,0.04948300123214722
20250.530000000002,0.04728899896144867
20329.941000000003,0.04506399855017662
20409.981,0.04528899863362312
20490.649999999998,0.048944998532533646
20571.96,0.056536998599767685
20653.918999999998,0.06907200068235397
20736.54,0.08380699902772903
20819.82,0.09626899659633636
20903.77,0.10535799711942673
20988.399999999998,0.11017800122499466
21073.720999999998,0.11120100319385529
21159.731,0.11000300198793411
21246.46,0.10727400332689285
21333.891,0.10521499812602997
21422.041,0.10248800367116928
21510.929,0.09786699712276459
21600.559,0.09431800246238708
21690.941,0.09008800238370895
21782.08,0.08529700338840485
21873.989,0.08200699836015701
21966.668999999998,0.08024299889802933
22060.15,0.07883299887180328
22154.421,0.07688499987125397
22249.510000000002,0.07439199835062027
22345.409,0.07212100178003311
22442.141,0.06915000081062317
22539.721,0.06694400310516357
22638.14,0.06547799706459045
22737.431,0.06532999873161316
22837.601,0.06684300303459167
22938.649999999998,0.06953699886798859
23040.600000000002,0.07384300231933594
23143.459,0.07830300182104111
23247.24,0.08077099919319153
23351.959000000003,0.08089099824428558
23457.63,0.08068200200796127
23564.251,0.07999499887228012
23671.85,0.07864399999380112
23780.439000000002,0.07785400003194809
23890.02,0.07683400064706802
24000.629,0.07550500333309174
24112.261,0.07643800228834152
24224.93,0.07681900262832642
24338.659,0.07498899847269058
24453.47,0.07290399819612503
24569.361,0.07508999854326248
24686.359,0.0775810033082962
24804.469999999998,0.07636500149965286
24923.731,0.07597699761390686
25044.129999999997,0.07840999960899353
25165.71,0.08079300075769424
25288.46,0.07998800277709961
25412.43,0.07905200123786926
25537.609,0.07914300262928009
25664.04,0.0805089995265007
25791.719,0.07775799930095673
25920.679,0.07243700325489044
