Data ID,Illite LAIL02
Sample ID,LAIL02
Mineral Name,illite
Sample Description,
Date Added,
Viewing Geometry,
Other Information,
Grain Size,
Database of Origin,MICA Files (USGS/RELAB)
Wavelength,Response
300.0,0.09513399749994278
305.0,0.10323899984359741
310.0,0.11163900047540665
315.0,0.12020000070333481
320.0,0.1283389925956726
325.0,0.13472400605678558
330.0,0.1417039930820465
335.0,0.14745700359344482
340.0,0.15395599603652954
345.0,0.15983599424362183
350.0,0.16505900025367737
355.0,0.1718599945306778
360.0,0.177714005112648
365.0,0.1832679957151413
370.0,0.1887899935245514
375.0,0.19601699709892273
380.0,0.2022790014743805
385.0,0.2103240042924881
390.0,0.21762900054454803
395.0,0.22492900490760803
400.0,0.23473599553108215
405.0,0.23804299533367157
410.0,0.243708997964859
415.0,0.25038400292396545
420.0,0.2570439875125885
425.0,0.26287099719047546
430.0,0.27163100242614746
435.0,0.2787860035896301
440.0,0.2859160006046295
445.0,0.29159799218177795
450.0,0.29687100648880005
455.0,0.3028930127620697
460.0,0.3064970076084137
465.0,0.31088900566101074
470.0,0.3148219883441925
475.0,0.31831398606300354
480.0,0.3229759931564331
485.0,0.32737600803375244
490.0,0.33244800567626953
495.0,0.3372040092945099
500.0,0.3428249955177307
505.0,0.34931299090385437
510.0,0.354775995016098
515.0,0.3614090085029602
520.0,0.36775100231170654
525.0,0.37497198581695557
530.0,0.37894099950790405
535.0,0.3849410116672516
540.0,0.3900339901447296
545.0,0.39430201053619385
550.0,0.399728000164032
555.0,0.4046890139579773
560.0,0.4074150025844574
565.0,0.4128519892692566
570.0,0.4156390130519867
575.0,0.41795000433921814
580.0,0.42061498761177063
585.0,0.4218499958515167
590.0,0.4220919907093048
595.0,0.42342498898506165
600.0,0.42473798990249634
605.0,0.42596200108528137
610.0,0.424780011177063
615.0,0.42343199253082275
620.0,0.4233910143375397
625.0,0.42225098609924316
630.0,0.4219290018081665
635.0,0.42107701301574707
640.0,0.4203430116176605
645.0,0.4206179976463318
650.0,0.4201839864253998
655.0,0.4204779863357544
660.0,0.41733500361442566
665.0,0.41708800196647644
670.0,0.4173530042171478
675.0,0.4170460104942322
680.0,0.415787011384964
685.0,0.41482698917388916
690.0,0.4155060052871704
695.0,0.4136120080947876
700.0,0.41214698553085327
705.0,0.4112670123577118
710.0,0.4114589989185333
715.0,0.4110879898071289
720.0,0.4116800129413605
725.0,0.4118500053882599
730.0,0.41159701347351074
735.0,0.4113970100879669
740.0,0.4118970036506653
745.0,0.4119580090045929
750.0,0.4125640094280243
755.0,0.4125880002975464
760.0,0.41556400060653687
765.0,0.4174560010433197
770.0,0.41849198937416077
775.0,0.4210520088672638
780.0,0.4204480051994324
785.0,0.4231269955635071
790.0,0.4262799918651581
795.0,0.42837101221084595
800.0,0.43122199177742004
805.0,0.43265500664711
810.0,0.43402600288391113
815.0,0.43372100591659546
820.0,0.43657898902893066
825.0,0.43791601061820984
830.0,0.44067299365997314
835.0,0.43980199098587036
840.0,0.4408639967441559
845.0,0.4413830041885376
850.0,0.44295400381088257
855.0,0.4401380121707916
860.0,0.43949300050735474
865.0,0.4403400123119354
870.0,0.43990498781204224
875.0,0.4385870099067688
880.0,0.4407210052013397
885.0,0.43823298811912537
890.0,0.43840301036834717
895.0,0.4373149871826172
900.0,0.43827998638153076
905.0,0.4376550018787384
910.0,0.4387489855289459
915.0,0.4389230012893677
920.0,0.4380919933319092
925.0,0.4391210079193115
930.0,0.4382050037384033
935.0,0.4396649897098541
940.0,0.4394820034503937
945.0,0.44018998742103577
950.0,0.4406140148639679
955.0,0.4402250051498413
960.0,0.44047099351882935
965.0,0.4414060115814209
970.0,0.4427570104598999
975.0,0.44343701004981995
980.0,0.44381898641586304
985.0,0.44440099596977234
990.0,0.44474101066589355
995.0,0.4447529911994934
1000.0,0.4452719986438751
1004.9999999999999,0.44568800926208496
1010.0,0.4460960030555725
1014.9999999999999,0.44708698987960815
1020.0,0.44684600830078125
1025.0,0.44672098755836487
1030.0,0.44615501165390015
1035.0,0.4478819966316223
1040.0,0.4475040137767792
1045.0,0.4473380148410797
1050.0,0.44775301218032837
1055.0,0.44648098945617676
1060.0,0.44668900966644287
1065.0,0.44662898778915405
1070.0,0.44696399569511414
1075.0,0.4489229917526245
1080.0,0.44728198647499084
1085.0,0.4478810131549835
1090.0,0.44904300570487976
1095.0,0.4485670030117035
1100.0,0.4493109881877899
1105.0,0.4503050148487091
1110.0,0.45037999749183655
1115.0,0.45241498947143555
1120.0,0.45341500639915466
1125.0,0.4549019932746887
1130.0,0.45399901270866394
1135.0,0.45532000064849854
1140.0,0.45679500699043274
1145.0,0.45708000659942627
1150.0,0.45917999744415283
1155.0,0.4600510001182556
1160.0,0.46182599663734436
1165.0,0.46286100149154663
1170.0,0.46501100063323975
1175.0,0.4659459888935089
1180.0,0.4663729965686798
1185.0,0.4699850082397461
1190.0,0.4725930094718933
1195.0,0.47338101267814636
1200.0,0.47501400113105774
1205.0,0.47686100006103516
1210.0,0.47870901226997375
1215.0,0.48246800899505615
1220.0,0.48300299048423767
1225.0,0.4843840003013611
1230.0,0.4870780110359192
1235.0,0.48888200521469116
1240.0,0.48995500802993774
1245.0,0.49295398592948914
1250.0,0.49465298652648926
1255.0,0.4969780147075653
1260.0,0.4987240135669708
1265.0,0.4996339976787567
1270.0,0.5029969811439514
1275.0,0.5037750005722046
1280.0,0.5061039924621582
1285.0,0.5082740187644958
1290.0,0.5113059878349304
1295.0,0.5118929743766785
1300.0,0.5141720175743103
1305.0,0.5167949795722961
1310.0,0.5197089910507202
1315.0,0.5202770233154297
1320.0,0.5222730040550232
1325.0,0.5246899724006653
1330.0,0.5264350175857544
1335.0,0.5303919911384583
1340.0,0.5317959785461426
1345.0,0.5308380126953125
1350.0,0.5339980125427246
1355.0,0.5329660177230835
1360.0,0.5365999937057495
1365.0,0.5398659706115723
1370.0,0.5409510135650635
1375.0,0.5428799986839294
1380.0,0.541254997253418
1385.0,0.5475540161132812
1390.0,0.5459550023078918
1395.0,0.540041983127594
1400.0,0.536312997341156
1405.0,0.5335069894790649
1410.0,0.530826985836029
1415.0,0.5277609825134277
1420.0,0.5317230224609375
1425.0,0.5390070080757141
1430.0,0.5459110140800476
1435.0,0.5541859865188599
1440.0,0.5575780272483826
1445.0,0.5598610043525696
1450.0,0.5624639987945557
1455.0,0.565733015537262
1460.0,0.5677180290222168
1465.0,0.5701209902763367
1470.0,0.5707839727401733
1475.0,0.5751339793205261
1480.0,0.5772789716720581
1485.0,0.5783060193061829
1490.0,0.579695999622345
1495.0,0.5831149816513062
1500.0,0.583670973777771
1505.0,0.5868030190467834
1510.0,0.5881270170211792
1515.0,0.5904979705810547
1520.0,0.592274010181427
1525.0,0.592860996723175
1530.0,0.5928590297698975
1535.0,0.5964279770851135
1540.0,0.5997610092163086
1545.0,0.5999159812927246
1550.0,0.601951003074646
1555.0,0.6023659706115723
1560.0,0.6045160293579102
1565.0,0.6057260036468506
1570.0,0.6064239740371704
1575.0,0.6077650189399719
1580.0,0.6109920144081116
1585.0,0.6119030117988586
1590.0,0.6131880283355713
1595.0,0.6143159866333008
1600.0,0.6161590218544006
1605.0,0.6146979928016663
1610.0,0.6193670034408569
1615.0,0.6205859780311584
1620.0,0.6203629970550537
1625.0,0.6218940019607544
1630.0,0.6218039989471436
1635.0,0.624426007270813
1640.0,0.626954972743988
1645.0,0.6268510222434998
1650.0,0.6287940144538879
1655.0,0.628296971321106
1660.0,0.6296110153198242
1665.0,0.6296430230140686
1670.0,0.6284120082855225
1675.0,0.6299859881401062
1680.0,0.6303110122680664
1685.0,0.6324260234832764
1690.0,0.6320670247077942
1695.0,0.6344180107116699
1700.0,0.6350659728050232
1705.0,0.6375889778137207
1710.0,0.6378729939460754
1715.0,0.6388329863548279
1720.0,0.6397920250892639
1725.0,0.6405429840087891
1730.0,0.6407150030136108
1735.0,0.6406580209732056
1740.0,0.6436139941215515
1745.0,0.6442790031433105
1750.0,0.6428449749946594
1755.0,0.6448310017585754
1760.0,0.6457980275154114
1765.0,0.6465809941291809
1770.0,0.6467429995536804
1775.0,0.6482920050621033
1780.0,0.6481940150260925
1785.0,0.6490700244903564
1790.0,0.6496790051460266
1795.0,0.650672972202301
1800.0,0.6533550024032593
1805.0,0.6522809863090515
1810.0,0.6534680128097534
1815.0,0.6554830074310303
1820.0,0.6564289927482605
1825.0,0.6545339822769165
1830.0,0.65801602602005
1835.0,0.6593739986419678
1840.0,0.6569610238075256
1845.0,0.6565340161323547
1850.0,0.657148003578186
1855.0,0.6573619842529297
1860.0,0.657597005367279
1865.0,0.6573699712753296
1870.0,0.6618009805679321
1875.0,0.651265025138855
1880.0,0.6470659971237183
1885.0,0.6461589932441711
1890.0,0.639477014541626
1895.0,0.6290460228919983
1900.0,0.6190000176429749
1905.0,0.6054139733314514
1910.0,0.5993459820747375
1915.0,0.6037120223045349
1920.0,0.6084539890289307
1925.0,0.6115530133247375
1930.0,0.6148179769515991
1935.0,0.6193289756774902
1940.0,0.6223829984664917
1945.0,0.6238380074501038
1950.0,0.6250290274620056
1955.0,0.6271849870681763
1960.0,0.6298999786376953
1965.0,0.6298509836196899
1970.0,0.6337940096855164
1975.0,0.6355360150337219
1980.0,0.6378859877586365
1985.0,0.6384220123291016
1990.0,0.6411949992179871
1995.0,0.6428130269050598
2000.0,0.6448749899864197
2005.0,0.6461939811706543
2009.9999999999998,0.6492589712142944
2015.0000000000002,0.6511600017547607
2020.0,0.652990996837616
2025.0,0.6548749804496765
2029.9999999999998,0.6565489768981934
2035.0000000000002,0.6579179763793945
2040.0,0.6585469841957092
2045.0,0.6615560054779053
2050.0,0.6613270044326782
2055.0,0.6632620096206665
2060.0,0.661761999130249
2065.0,0.6638050079345703
2070.0,0.6633309721946716
2075.0,0.6639130115509033
2080.0,0.666487991809845
2085.0,0.6665560007095337
2090.0,0.665332019329071
2095.0,0.6648020148277283
2100.0,0.6643459796905518
2105.0,0.6644899845123291
2110.0,0.6635609865188599
2115.0,0.6632030010223389
2120.0,0.6630470156669617
2125.0,0.6629199981689453
2130.0,0.6653140187263489
2135.0,0.6650239825248718
2140.0,0.6643829941749573
2145.0,0.6653140187263489
2150.0,0.6653029918670654
2155.0,0.6627470254898071
2160.0,0.662293016910553
2165.0,0.6607549786567688
2170.0,0.6570850014686584
2175.0,0.6534799933433533
2180.0,0.6494029760360718
2185.0,0.6412439942359924
2190.0,0.6350100040435791
2195.0,0.6263800263404846
2200.0,0.6175749897956848
2205.0,0.6083629727363586
2210.0,0.601597011089325
2215.0,0.5950409770011902
2220.0,0.5920889973640442
2225.0,0.5922790169715881
2230.0,0.5965129733085632
2235.0,0.604295015335083
2240.0,0.6098639965057373
2245.0,0.6123070120811462
2250.0,0.6140689849853516
2255.0,0.6168749928474426
2260.0,0.6213160157203674
2265.0,0.6269000172615051
2270.0,0.6337140202522278
2275.0,0.6374859809875488
2280.0,0.6426759958267212
2285.0,0.6458079814910889
2290.0,0.6451900005340576
2295.0,0.6447799801826477
2300.0,0.6426420211791992
2305.0,0.6394339799880981
2310.0,0.6345109939575195
2315.0,0.6284989714622498
2320.0,0.6224430203437805
2325.0,0.6161389946937561
2330.0,0.6106119751930237
2335.0,0.6029019951820374
2340.0,0.5975630283355713
2345.0,0.5922179818153381
2350.0,0.5890679955482483
2355.0,0.5876539945602417
2360.0,0.5899270176887512
2365.0,0.5912269949913025
2370.0,0.59306800365448
2375.0,0.5956689715385437
2380.0,0.5973110198974609
2385.0,0.5965589880943298
2390.0,0.5975750088691711
2395.0,0.5988140106201172
2400.0,0.5984230041503906
2405.0,0.5962539911270142
2410.0,0.5961980223655701
2415.0,0.595192015171051
2420.0,0.5905560255050659
2425.0,0.5859959721565247
2430.0,0.5821549892425537
2435.0,0.5785239934921265
2440.0,0.5756580233573914
2445.0,0.5744079947471619
2450.0,0.5726320147514343
2455.0,0.5728579759597778
2460.0,0.5724570155143738
2465.0,0.5751439929008484
2470.0,0.5736029744148254
2475.0,0.572458028793335
2480.0,0.5738610029220581
2485.0,0.5739219784736633
2490.0,0.5745850205421448
2495.0,0.5736709833145142
2500.0,0.5727360248565674
2505.0,0.5751109719276428
2510.0,0.5760440230369568
2515.0,0.5770580172538757
2520.0,0.5749359726905823
2525.0,0.5774959921836853
2530.0,0.5774930715560913
2531.32,0.5773680210113525
2532.55,0.577580988407135
2533.7900000000004,0.578245997428894
2535.0299999999997,0.5779160261154175
2536.27,0.5779269933700562
2537.51,0.5784239768981934
2538.75,0.5780659914016724
2540.0,0.5773770213127136
2541.2400000000002,0.5775570273399353
2542.49,0.5773159861564636
2543.7400000000002,0.577360987663269
2544.99,0.5774210095405579
2546.2400000000002,0.5768759846687317
2547.49,0.5764279961585999
2548.74,0.5764449834823608
2549.9900000000002,0.5767419934272766
2551.25,0.576541006565094
2552.5,0.5764610171318054
2553.76,0.5761520266532898
2555.02,0.57607501745224
2556.28,0.5756909847259521
2557.54,0.5755900144577026
2558.8,0.5756930112838745
2560.07,0.5753459930419922
2561.33,0.5743460059165955
2562.6000000000004,0.5736039876937866
2563.86,0.5739079713821411
2565.13,0.5744019746780396
2566.3999999999996,0.574409008026123
2567.67,0.5733479857444763
2568.9500000000003,0.5720810294151306
2570.22,0.5716829895973206
2571.5,0.571931004524231
2572.77,0.5721139907836914
2574.05,0.5707979798316956
2575.33,0.570518970489502
2576.61,0.5701910257339478
2577.89,0.5693320035934448
2579.17,0.569549024105072
2580.46,0.5695310235023499
2581.74,0.5683339834213257
2583.0299999999997,0.5678369998931885
2584.31,0.5669919848442078
2585.6,0.5675209760665894
2586.89,0.5677719712257385
2588.19,0.5659639835357666
2589.48,0.5653120279312134
2590.77,0.5656520128250122
2592.07,0.5656610131263733
2593.36,0.5646309852600098
2594.6600000000003,0.5621340274810791
2595.96,0.5615490078926086
2597.2599999999998,0.5647150278091431
2598.56,0.565280020236969
2599.8700000000003,0.5635280013084412
2601.17,0.5620689988136292
2602.48,0.5606439709663391
2603.78,0.5603049993515015
2605.09,0.5600360035896301
2606.3999999999996,0.5600069761276245
2607.71,0.5603839755058289
2609.03,0.5600050091743469
2610.3399999999997,0.5596020221710205
2611.6600000000003,0.5597079992294312
2612.97,0.5590659976005554
2614.29,0.5586820244789124
2615.61,0.5587589740753174
2616.93,0.5579320192337036
2618.25,0.5580490231513977
2619.57,0.5591639876365662
2620.8999999999996,0.5577329993247986
2622.22,0.5579090118408203
2623.5499999999997,0.5590699911117554
2624.88,0.5581619739532471
2626.21,0.5568810105323792
2627.5400000000004,0.5564939975738525
2628.87,0.5575739741325378
2630.21,0.557066023349762
2631.5400000000004,0.5563160181045532
2632.88,0.5574970245361328
2634.21,0.5573750138282776
2635.5499999999997,0.556784987449646
2636.8900000000003,0.5567349791526794
2638.2400000000002,0.5567780137062073
2639.58,0.5562390089035034
2640.92,0.5555710196495056
2642.27,0.5552250146865845
2643.62,0.5550230145454407
2644.97,0.5546320080757141
2646.3199999999997,0.5541210174560547
2647.67,0.5535989999771118
2649.02,0.5534120202064514
2650.38,0.5527439713478088
2651.73,0.5515609979629517
2653.09,0.5506569743156433
2654.4500000000003,0.5501260161399841
2655.81,0.5492219924926758
2657.1699999999996,0.5484930276870728
2658.5299999999997,0.5472189784049988
2659.89,0.5454840064048767
2661.2599999999998,0.5441949963569641
2662.63,0.5432400107383728
2664.0,0.541579008102417
2665.36,0.5390310287475586
2666.74,0.5372130274772644
2668.11,0.5368149876594543
2669.48,0.5350800156593323
2670.8599999999997,0.5303270220756531
2672.23,0.5266479849815369
2673.61,0.5245370268821716
2674.9900000000002,0.5198130011558533
2676.37,0.5150349736213684
2677.76,0.5112249851226807
2679.14,0.5083720088005066
2680.52,0.5046870112419128
2681.91,0.5008649826049805
2683.3,0.4956749975681305
2684.6899999999996,0.48993200063705444
2686.08,0.4840250015258789
2687.47,0.4774569869041443
2688.87,0.4698899984359741
2690.2599999999998,0.4614810049533844
2691.6600000000003,0.4527760148048401
2693.06,0.4439530074596405
2694.46,0.43428900837898254
2695.86,0.4245940148830414
2697.26,0.4150170087814331
2698.66,0.4060229957103729
2700.07,0.39726099371910095
2701.48,0.3892880082130432
2702.89,0.381523996591568
2704.2999999999997,0.3739989995956421
2705.71,0.36562100052833557
2707.1200000000003,0.35707199573516846
2708.53,0.3484030067920685
2709.9500000000003,0.34022900462150574
2711.37,0.3317809998989105
2712.79,0.3228360116481781
2714.21,0.31316500902175903
2715.63,0.30239400267601013
2717.05,0.29080501198768616
2718.48,0.2794010043144226
2719.9,0.26797300577163696
2721.33,0.25595301389694214
2722.76,0.24279700219631195
2724.19,0.2309029996395111
2725.6200000000003,0.219200000166893
2727.06,0.20779600739479065
2728.49,0.19734899699687958
2729.93,0.1878329962491989
2731.37,0.17936600744724274
2732.8100000000004,0.17170999944210052
2734.25,0.16442300379276276
2735.69,0.15791399776935577
2737.1400000000003,0.15211999416351318
2738.58,0.14680799841880798
2740.0299999999997,0.14179499447345734
2741.48,0.13684600591659546
2742.93,0.13233500719070435
2744.38,0.12878699600696564
2745.8300000000004,0.12533199787139893
2747.29,0.12181200087070465
2748.75,0.11833599954843521
2750.2,0.11535000056028366
2751.6600000000003,0.11223900318145752
2753.13,0.1093979999423027
2754.5899999999997,0.10673999786376953
2756.05,0.10433000326156616
2757.52,0.1023550033569336
2758.99,0.1005219966173172
2760.46,0.09901099652051926
2761.93,0.09803599864244461
2763.3999999999996,0.09749999642372131
2764.8700000000003,0.09740599989891052
2766.35,0.09767100214958191
2767.82,0.09809300303459167
2769.2999999999997,0.09849999845027924
2770.7799999999997,0.09907600283622742
2772.26,0.10005799680948257
2773.75,0.10115399956703186
2775.23,0.10260400176048279
2776.7200000000003,0.10464099794626236
2778.21,0.10727199912071228
2779.7000000000003,0.11021800339221954
2781.19,0.11329100281000137
2782.68,0.11648999899625778
2784.1800000000003,0.11984200030565262
2785.67,0.1234159991145134
2787.17,0.1272220015525818
2788.67,0.1310350000858307
2790.1699999999996,0.13459999859333038
2791.67,0.13840900361537933
2793.18,0.14230799674987793
2794.68,0.14654499292373657
2796.19,0.15095600485801697
2797.7,0.15521100163459778
2799.21,0.15877799689769745
2800.7200000000003,0.16272300481796265
2802.24,0.16712799668312073
2803.75,0.17141500115394592
2805.27,0.17523899674415588
2806.79,0.1794549971818924
2808.31,0.1835940033197403
2809.83,0.18796700239181519
2811.35,0.19262799620628357
2812.8799999999997,0.19691799581050873
2814.41,0.2011370062828064
2815.93,0.2056570053100586
2817.46,0.21040000021457672
2819.0,0.21488499641418457
2820.53,0.21906399726867676
2822.07,0.22349999845027924
2823.6,0.22824999690055847
2825.1400000000003,0.23267899453639984
2826.6800000000003,0.23685500025749207
2828.22,0.24117599427700043
2829.77,0.24549500644207
2831.3100000000004,0.24989600479602814
2832.86,0.2542249858379364
2834.4100000000003,0.25855299830436707
2835.96,0.2627989947795868
2837.5099999999998,0.2668580114841461
2839.07,0.2708730101585388
2840.62,0.27489399909973145
2842.18,0.27824801206588745
2843.74,0.28146201372146606
2845.2999999999997,0.28504499793052673
2846.86,0.2883850038051605
2848.43,0.29134801030158997
2849.9900000000002,0.29435500502586365
2851.56,0.29721298813819885
2853.13,0.2997100055217743
2854.7,0.3022249937057495
2856.27,0.3045879900455475
2857.85,0.30633100867271423
2859.42,0.3082770109176636
2861.0,0.3102310001850128
2862.58,0.3119100034236908
2864.16,0.31328698992729187
2865.75,0.3144179880619049
2867.33,0.3155049979686737
2868.92,0.31643998622894287
2870.5099999999998,0.31737399101257324
2872.1,0.31787800788879395
2873.69,0.3183650076389313
2875.28,0.3189670145511627
2876.88,0.3195919990539551
2878.48,0.31992998719215393
2880.0699999999997,0.3203299939632416
2881.68,0.3205530047416687
2883.28,0.32102298736572266
2884.88,0.3210659921169281
2886.49,0.3215180039405823
2888.1,0.32170501351356506
2889.71,0.32162100076675415
2891.3199999999997,0.3217819929122925
2892.93,0.32186898589134216
2894.55,0.3219340145587921
2896.16,0.3220210075378418
2897.78,0.3219909965991974
2899.4,0.32192501425743103
2901.03,0.3221830129623413
2902.65,0.3224009871482849
2904.2799999999997,0.3223649859428406
2905.91,0.3222790062427521
2907.54,0.3220910131931305
2909.17,0.32221099734306335
2910.8,0.32227200269699097
2912.44,0.3224239945411682
2914.07,0.32263699173927307
2915.7099999999996,0.3227330148220062
2917.35,0.3228360116481781
2918.99,0.32290399074554443
2920.6400000000003,0.3231309950351715
2922.29,0.3230920135974884
2923.93,0.3231379985809326
2925.58,0.3236039876937866
2927.24,0.3239000141620636
2928.89,0.32397499680519104
2930.55,0.3242349922657013
2932.2,0.3245840072631836
2933.86,0.32477301359176636
2935.52,0.3250330090522766
2937.19,0.3249959945678711
2938.85,0.3250890076160431
2940.52,0.3256419897079468
2942.19,0.3259679973125458
2943.86,0.32615700364112854
2945.53,0.3262139856815338
2947.21,0.32660698890686035
2948.88,0.32712501287460327
2950.56,0.32745999097824097
2952.2400000000002,0.32775700092315674
2953.92,0.32840099930763245
2955.61,0.3288770020008087
2957.29,0.329272985458374
2958.98,0.3295210003852844
2960.67,0.3296450078487396
2962.3599999999997,0.32990700006484985
2964.06,0.33028700947761536
2965.75,0.33090999722480774
2967.45,0.3313339948654175
2969.15,0.3313010036945343
2970.85,0.33133798837661743
2972.55,0.3319939970970154
2974.26,0.3323639929294586
2975.97,0.3325839936733246
2977.68,0.3328700065612793
2979.39,0.3331960141658783
2981.1,0.33346500992774963
2982.8199999999997,0.33365699648857117
2984.5299999999997,0.33382800221443176
2986.25,0.3338890075683594
2987.97,0.33393099904060364
2989.7,0.3341749906539917
2991.42,0.33444398641586304
2993.15,0.3346030116081238
2994.88,0.33434298634529114
2996.61,0.33422601222991943
2998.3399999999997,0.3343859910964966
3000.08,0.33479800820350647
3001.8199999999997,0.33512601256370544
3003.55,0.3351210057735443
3005.3,0.3349759876728058
3007.04,0.33488398790359497
3008.7799999999997,0.3348050117492676
3010.53,0.33479300141334534
3012.28,0.33506500720977783
3014.03,0.33538100123405457
3015.79,0.3352609872817993
3017.54,0.33511900901794434
3019.2999999999997,0.33522599935531616
3021.06,0.3352780044078827
3022.8199999999997,0.3353649973869324
3024.58,0.33577001094818115
3026.35,0.335875004529953
3028.12,0.33568501472473145
3029.89,0.33621200919151306
3031.66,0.3365969955921173
3033.4300000000003,0.33643999695777893
3035.21,0.3362480103969574
3036.99,0.3363009989261627
3038.77,0.3365029990673065
3040.55,0.3369100093841553
3042.3300000000004,0.33713099360466003
3044.12,0.3370879888534546
3045.9100000000003,0.33721300959587097
3047.7,0.33746299147605896
3049.4900000000002,0.3378260135650635
3051.29,0.3382990062236786
3053.08,0.33876100182533264
3054.8799999999997,0.3389570116996765
3056.6800000000003,0.33907899260520935
3058.49,0.33923599123954773
3060.29,0.33942100405693054
3062.1,0.33975398540496826
3063.91,0.340021014213562
3065.72,0.34036698937416077
3067.54,0.3406670093536377
3069.35,0.341064989566803
3071.17,0.34147098660469055
3072.99,0.34174200892448425
3074.81,0.3419390022754669
3076.64,0.3420940041542053
3078.47,0.3424780070781708
3080.2900000000004,0.34295299649238586
3082.1299999999997,0.34348300099372864
3083.96,0.3438529968261719
3085.79,0.3441619873046875
3087.6299999999997,0.34459298849105835
3089.47,0.34507301449775696
3091.31,0.34556201100349426
3093.1600000000003,0.34600499272346497
3095.0099999999998,0.3466399908065796
3096.85,0.34717801213264465
3098.71,0.34749698638916016
3100.5600000000004,0.3479509949684143
3102.41,0.34855300188064575
3104.27,0.34926798939704895
3106.1299999999997,0.3497219979763031
3107.9900000000002,0.3501479923725128
3109.8599999999997,0.35078299045562744
3111.73,0.3512730002403259
3113.5899999999997,0.35183000564575195
3115.4700000000003,0.35228899121284485
3117.34,0.3528299927711487
3119.21,0.35366201400756836
3121.09,0.354218989610672
3122.97,0.3547689914703369
3124.86,0.3553430140018463
3126.74,0.3560110032558441
3128.6299999999997,0.356469988822937
3130.52,0.3570060133934021
3132.4100000000003,0.357683002948761
3134.3,0.358585000038147
3136.2000000000003,0.3592219948768616
3138.1,0.3596459925174713
3140.0,0.35990801453590393
3141.9,0.36086100339889526
3143.8100000000004,0.36167699098587036
3145.7099999999996,0.3620019853115082
3147.62,0.3625360131263733
3149.54,0.3631120026111603
3151.4500000000003,0.363646000623703
3153.37,0.36456000804901123
3155.29,0.36532101035118103
3157.21,0.36596301198005676
3159.13,0.36677300930023193
3161.06,0.3674030005931854
3162.9900000000002,0.3680329918861389
3164.92,0.3686560094356537
3166.8500000000004,0.36972901225090027
3168.79,0.37050700187683105
3170.7200000000003,0.37100300192832947
3172.67,0.37158599495887756
3174.61,0.3722609877586365
3176.55,0.3730059862136841
3178.5,0.3737339973449707
3180.45,0.37440600991249084
3182.4,0.375124990940094
3184.3599999999997,0.37588900327682495
3186.3199999999997,0.3763990104198456
3188.27,0.3772290050983429
3190.2400000000002,0.37801799178123474
3192.2000000000003,0.3787580132484436
3194.17,0.379628986120224
3196.1400000000003,0.3804889917373657
3198.1099999999997,0.38118699193000793
3200.08,0.38184499740600586
3202.06,0.38286900520324707
3204.04,0.3839789927005768
3206.02,0.3846459984779358
3208.0,0.3852689862251282
3209.99,0.386137992143631
3211.98,0.3868600130081177
3213.9700000000003,0.3876349925994873
3215.96,0.3885299861431122
3217.96,0.3894079923629761
3219.96,0.3902069926261902
3221.96,0.3910689949989319
3223.96,0.3917919993400574
3225.97,0.3925490081310272
3227.98,0.3933970034122467
3229.99,0.3942210078239441
3232.0,0.39489099383354187
3234.02,0.3957580029964447
3236.04,0.3963150084018707
3238.06,0.3968909978866577
3240.08,0.39787301421165466
3242.1099999999997,0.3987390100955963
3244.14,0.39946800470352173
3246.17,0.4001629948616028
3248.2000000000003,0.40067100524902344
3250.24,0.4013899862766266
3252.2799999999997,0.4021260142326355
3254.3199999999997,0.40279799699783325
3256.37,0.4034700095653534
3258.41,0.40416601300239563
3260.46,0.40469101071357727
3262.5099999999998,0.4053179919719696
3264.57,0.40601199865341187
3266.63,0.4065220057964325
3268.69,0.40701401233673096
3270.75,0.4077500104904175
3272.8100000000004,0.40852901339530945
3274.88,0.4093559980392456
3276.95,0.41006600856781006
3279.02,0.41075000166893005
3281.1,0.411516010761261
3283.1800000000003,0.41206100583076477
3285.26,0.4127059876918793
3287.34,0.41350701451301575
3289.43,0.4142580032348633
3291.51,0.4151810109615326
3293.61,0.41589799523353577
3295.7000000000003,0.41662898659706116
3297.8,0.4173339903354645
3299.9,0.41811099648475647
3302.0,0.4190410077571869
3304.1,0.4198260009288788
3306.21,0.42058899998664856
3308.32,0.4215889871120453
3310.4300000000003,0.42256399989128113
3312.5499999999997,0.423334002494812
3314.66,0.4240820109844208
3316.79,0.4249570071697235
3318.91,0.425915002822876
3321.0299999999997,0.4266510009765625
3323.1600000000003,0.4273509979248047
3325.29,0.4283190071582794
3327.4300000000003,0.42941200733184814
3329.5699999999997,0.4301849901676178
3331.71,0.4309599995613098
3333.85,0.43183600902557373
3335.99,0.4327149987220764
3338.1400000000003,0.43356001377105713
3340.29,0.43438199162483215
3342.45,0.435137003660202
3344.6,0.4358600080013275
3346.76,0.43651100993156433
3348.92,0.43737998604774475
3351.09,0.4382239878177643
3353.26,0.4389359951019287
3355.4300000000003,0.43952101469039917
3357.6000000000004,0.440189003944397
3359.78,0.44099000096321106
3361.96,0.44157299399375916
3364.14,0.4420199990272522
3366.32,0.4425260126590729
3368.51,0.4430199861526489
3370.7,0.4434889853000641
3372.89,0.4440059959888458
3375.09,0.4445970058441162
3377.29,0.44533398747444153
3379.4900000000002,0.4459879994392395
3381.69,0.44683799147605896
3383.9,0.44761601090431213
3386.11,0.4483819901943207
3388.32,0.44931599497795105
3390.54,0.45004698634147644
3392.76,0.4507780075073242
3394.98,0.4515460133552551
3397.21,0.45176398754119873
3399.4300000000003,0.4519599974155426
3401.6600000000003,0.45217400789260864
3403.9,0.4524550139904022
3406.13,0.4526959955692291
3408.3700000000003,0.45266300439834595
3410.61,0.4528290033340454
3412.8599999999997,0.45326998829841614
3415.1099999999997,0.45381999015808105
3417.36,0.4545930027961731
3419.61,0.4559679925441742
3421.8700000000003,0.4574179947376251
3424.13,0.4591839909553528
3426.39,0.46143001317977905
3428.66,0.4634630084037781
3430.93,0.46512800455093384
3433.2,0.46690601110458374
3435.48,0.4684630036354065
3437.7599999999998,0.4698050022125244
3440.0400000000004,0.47127199172973633
3442.32,0.4726560115814209
3444.61,0.4739069938659668
3446.8999999999996,0.4751549959182739
3449.19,0.4764010012149811
3451.4900000000002,0.47752100229263306
3453.79,0.4787760078907013
3456.09,0.48004499077796936
3458.4,0.4811350107192993
3460.7000000000003,0.48204299807548523
3463.0200000000004,0.4830619990825653
3465.33,0.4840579926967621
3467.65,0.48479101061820984
3469.97,0.4854719936847687
3472.29,0.4862940013408661
3474.62,0.48695701360702515
3476.95,0.48749101161956787
3479.2900000000004,0.48798099160194397
3481.62,0.4885079860687256
3483.96,0.4892430007457733
3486.3,0.48969998955726624
3488.6499999999996,0.4901430010795593
3491.0,0.49061599373817444
3493.35,0.4907799959182739
3495.71,0.49087798595428467
3498.0699999999997,0.4910469949245453
3500.4300000000003,0.4913789927959442
3502.79,0.49202799797058105
3505.16,0.4927850067615509
3507.53,0.493835985660553
3509.9100000000003,0.4951780140399933
3512.29,0.4964269995689392
3514.67,0.4975909888744354
3517.0499999999997,0.4987339973449707
3519.44,0.49988600611686707
3521.83,0.5009729862213135
3524.23,0.5021370053291321
3526.62,0.5034580230712891
3529.02,0.5046759843826294
3531.43,0.505948007106781
3533.83,0.5071840286254883
3536.24,0.5082269906997681
3538.6600000000003,0.5093129873275757
3541.08,0.5103979706764221
3543.5,0.511493980884552
3545.92,0.5126320123672485
3548.35,0.5137919783592224
3550.78,0.5147330164909363
3553.21,0.5155969858169556
3555.65,0.5166140198707581
3558.09,0.5176560282707214
3560.5299999999997,0.5187190175056458
3562.98,0.5198019742965698
3565.4300000000003,0.5208439826965332
3567.88,0.5218560099601746
3570.3399999999997,0.5227360129356384
3572.8,0.5239139795303345
3575.27,0.5252379775047302
3577.73,0.5263149738311768
3580.2000000000003,0.5271419882774353
3582.68,0.5281959772109985
3585.1600000000003,0.5290930271148682
3587.64,0.5299620032310486
3590.1200000000003,0.530938982963562
3592.61,0.531906008720398
3595.1,0.5328029990196228
3597.6,0.533847987651825
3600.0899999999997,0.5347920060157776
3602.6,0.5356670022010803
3605.1000000000004,0.5365390181541443
3607.61,0.5374240279197693
3610.1200000000003,0.5381550192832947
3612.64,0.5389209985733032
3615.16,0.5397639870643616
3617.68,0.5406190156936646
3620.21,0.5413450002670288
3622.74,0.5421509742736816
3625.27,0.5429450273513794
3627.8100000000004,0.5437639951705933
3630.35,0.5445489883422852
3632.8900000000003,0.5452889800071716
3635.44,0.5461230278015137
3637.99,0.5468140244483948
3640.54,0.5473030209541321
3643.1,0.5478439927101135
3645.66,0.5485799908638
3648.23,0.5493549704551697
3650.7999999999997,0.5499899983406067
3653.37,0.5505610108375549
3655.95,0.5509340167045593
3658.5299999999997,0.5514050126075745
3661.1099999999997,0.5519480109214783
3663.7,0.5526670217514038
3666.29,0.553505003452301
3668.8900000000003,0.5540210008621216
3671.48,0.5545169711112976
3674.09,0.5551469922065735
3676.6899999999996,0.5557209849357605
3679.3,0.5562949776649475
3681.91,0.5567709803581238
3684.53,0.5573890209197998
3687.15,0.5580419898033142
3689.7799999999997,0.5586259961128235
3692.4,0.5591269731521606
3695.04,0.5597500205039978
3697.67,0.5604550242424011
3700.31,0.5611969828605652
3702.95,0.5618230104446411
3705.6,0.5624880194664001
3708.25,0.5632179975509644
3710.9100000000003,0.5639119744300842
3713.5600000000004,0.5646380186080933
3716.23,0.565310001373291
3718.89,0.5658599734306335
3721.5600000000004,0.5667250156402588
3724.23,0.5675820112228394
3726.9100000000003,0.5684599876403809
3729.59,0.5690900087356567
3732.2799999999997,0.5697600245475769
3734.9700000000003,0.5705609917640686
3737.66,0.5712329745292664
3740.36,0.5719550251960754
3743.06,0.5730299949645996
3745.76,0.5739269852638245
3748.4700000000003,0.5747680068016052
3751.1800000000003,0.5755169987678528
3753.8999999999996,0.5764679908752441
3756.62,0.5772809982299805
3759.3399999999997,0.5780490040779114
3762.07,0.5789740085601807
3764.8,0.5798550248146057
3767.54,0.5806630253791809
3770.28,0.581421971321106
3773.02,0.5821390151977539
3775.77,0.5831320285797119
3778.52,0.5839440226554871
3781.28,0.5846610069274902
3784.04,0.5852609872817993
3786.7999999999997,0.5860639810562134
3789.5699999999997,0.5868840217590332
3792.3399999999997,0.5874390006065369
3795.12,0.5880709886550903
3797.8999999999996,0.5886330008506775
3800.69,0.589148998260498
3803.47,0.5896689891815186
3806.27,0.5902450084686279
3809.06,0.5908560156822205
3811.8599999999997,0.5914859771728516
3814.67,0.5920439958572388
3817.48,0.5925520062446594
3820.29,0.5930879712104797
3823.1099999999997,0.5935220122337341
3825.93,0.5938959717750549
3828.7599999999998,0.5942779779434204
3831.5899999999997,0.5946930050849915
3834.42,0.5951189994812012
3837.26,0.5956689715385437
3840.1,0.5960699915885925
3842.9500000000003,0.5965219736099243
3845.8,0.5969079732894897
3848.65,0.597337007522583
3851.51,0.5977820158004761
3854.38,0.5981569886207581
3857.24,0.598567008972168
3860.1200000000003,0.5989180207252502
3862.99,0.5994219779968262
3865.8700000000003,0.599835991859436
3868.7599999999998,0.6001409888267517
3871.6499999999996,0.6004989743232727
3874.54,0.6008059978485107
3877.44,0.6011220216751099
3880.3399999999997,0.6014940142631531
3883.25,0.6018689870834351
3886.16,0.6021080017089844
3889.0699999999997,0.6024479866027832
3891.99,0.6027590036392212
3894.92,0.602961003780365
3897.85,0.603210985660553
3900.78,0.6035619974136353
3903.72,0.6037870049476624
3906.66,0.6039860248565674
3909.6000000000004,0.60418301820755
3912.55,0.604511022567749
3915.5099999999998,0.6047800183296204
3918.4700000000003,0.604997992515564
3921.43,0.6051570177078247
3924.4,0.6052650213241577
3927.3799999999997,0.6052539944648743
3930.35,0.6053820252418518
3933.3300000000004,0.6054689884185791
3936.3199999999997,0.6056489944458008
3939.31,0.6058840155601501
3942.31,0.6061339974403381
3945.31,0.6062139868736267
3948.3100000000004,0.6062139868736267
3951.32,0.6061109900474548
3954.34,0.6060940027236938
3957.35,0.6060500144958496
3960.3799999999997,0.6061080098152161
3963.4100000000003,0.606007993221283
3966.44,0.6059120297431946
3969.48,0.606099009513855
3972.52,0.606207013130188
3975.5600000000004,0.6063640117645264
3978.61,0.6064249873161316
3981.6699999999996,0.6064760088920593
3984.73,0.6065160036087036
3987.8,0.6066589951515198
3990.8700000000003,0.6067969799041748
3993.9399999999996,0.6069589853286743
3997.02,0.6072229743003845
4000.1,0.6074900031089783
4003.19,0.6077920198440552
4006.29,0.6080449819564819
4009.39,0.6083289980888367
4012.49,0.6085000038146973
4015.6,0.6088370084762573
4018.7099999999996,0.6089379787445068
4021.8299999999995,0.6090549826622009
4024.9499999999994,0.6091740131378174
4028.08,0.6093220114707947
4031.2099999999996,0.6094580292701721
4034.35,0.6095579862594604
4037.4900000000002,0.6095420122146606
4040.64,0.6096919775009155
4043.7900000000004,0.6097180247306824
4046.94,0.6097790002822876
4050.11,0.6096969842910767
4053.2700000000004,0.6097880005836487
4056.44,0.6096450090408325
4059.62,0.6095799803733826
4062.8,0.6096010208129883
4065.9900000000002,0.6095629930496216
4069.1800000000003,0.6094580292701721
4072.38,0.60930997133255
4075.5800000000004,0.6090360283851624
4078.78,0.6088600158691406
4082.0,0.6087319850921631
4085.21,0.6086260080337524
4088.43,0.6085050106048584
4091.66,0.6082190275192261
4094.8900000000003,0.6079679727554321
4098.13,0.6078910231590271
4101.37,0.6077200174331665
4104.62,0.607312023639679
4107.87,0.606909990310669
4111.13,0.6067410111427307
4114.39,0.6065930128097534
4117.66,0.6064220070838928
4120.93,0.6062279939651489
4124.21,0.6059139966964722
4127.5,0.6055669784545898
4130.79,0.6054289937019348
4134.08,0.6051530241966248
4137.38,0.6048669815063477
4140.679999999999,0.6047120094299316
4143.99,0.604511022567749
4147.31,0.6041110157966614
4150.629999999999,0.6038439869880676
4153.95,0.6036440134048462
4157.29,0.6034870147705078
4160.62,0.6031100153923035
4163.96,0.6027759909629822
4167.3099999999995,0.6025859713554382
4170.66,0.6023889780044556
4174.0199999999995,0.6021360158920288
4177.39,0.6019089818000793
4180.75,0.6019279956817627
4184.13,0.601839005947113
4187.509999999999,0.6015580296516418
4190.889999999999,0.6012129783630371
4194.28,0.6011170148849487
4197.68,0.6011130213737488
4201.08,0.6009349822998047
4204.49,0.6007850170135498
4207.900000000001,0.6006699800491333
4211.32,0.6006140112876892
4214.74,0.6006019711494446
4218.17,0.600691020488739
4221.61,0.600799024105072
4225.05,0.6009629964828491
4228.5,0.6009179949760437
4231.950000000001,0.600803017616272
4235.400000000001,0.6005290150642395
4238.870000000001,0.6003559827804565
4242.34,0.6002479791641235
4245.8099999999995,0.5998899936676025
4249.29,0.5992339849472046
4252.78,0.598505973815918
4256.2699999999995,0.5976409912109375
4259.7699999999995,0.5961959958076477
4263.27,0.5948519706726074
4266.78,0.5944210290908813
4270.29,0.5945169925689697
4273.81,0.5949360132217407
4277.34,0.5954070091247559
4280.87,0.5958260297775269
4284.41,0.5961679816246033
4287.950000000001,0.5964170098304749
4291.5,0.5965009927749634
4295.06,0.5967869758605957
4298.62,0.5968639850616455
4302.1900000000005,0.5967649817466736
4305.76,0.5966839790344238
4309.34,0.596763014793396
4312.92,0.596671998500824
4316.5199999999995,0.5964980125427246
4320.11,0.5962989926338196
4323.719999999999,0.596189022064209
4327.320000000001,0.5961310267448425
4330.94,0.5960040092468262
4334.5599999999995,0.5958399772644043
4338.19,0.5956739783287048
4341.820000000001,0.5955119729042053
4345.46,0.5952669978141785
4349.11,0.5951210260391235
4352.76,0.5949739813804626
4356.42,0.5946570038795471
4360.08,0.5943930149078369
4363.75,0.5942270159721375
4367.429999999999,0.5939429998397827
4371.11,0.5934069752693176
4374.799999999999,0.5930860042572021
4378.49,0.5927370190620422
4382.19,0.5922080278396606
4385.900000000001,0.5916200280189514
4389.610000000001,0.5910999774932861
4393.33,0.5906220078468323
4397.0599999999995,0.5901979804039001
4400.79,0.589680016040802
4404.530000000001,0.5889919996261597
4408.280000000001,0.5883200168609619
4412.03,0.5877950191497803
4415.79,0.5872610211372375
4419.55,0.5867149829864502
4423.320000000001,0.5860339999198914
4427.1,0.5854430198669434
4430.88,0.5848600268363953
4434.68,0.584210991859436
4438.469999999999,0.5835440158843994
4442.280000000001,0.5828250050544739
4446.08,0.5822349786758423
4449.900000000001,0.5817779898643494
4453.719999999999,0.5811709761619568
4457.55,0.580469012260437
4461.389999999999,0.5796229839324951
4465.2300000000005,0.5788620114326477
4469.08,0.5782480239868164
4472.9400000000005,0.5777609944343567
4476.8,0.5773040056228638
4480.67,0.576852023601532
4484.549999999999,0.5765849947929382
4488.43,0.5763999819755554
4492.320000000001,0.5760369896888733
4496.21,0.575793981552124
4500.12,0.5756719708442688
4504.030000000001,0.5756059885025024
4507.94,0.5755569934844971
4511.87,0.5756440162658691
4515.799999999999,0.5757189989089966
4519.7300000000005,0.575829029083252
4523.679999999999,0.5759620070457458
4527.63,0.5759720206260681
4531.589999999999,0.5758569836616516
4535.55,0.5757229924201965
4539.52,0.5754799842834473
4543.5,0.57532799243927
4547.49,0.5751240253448486
4551.48,0.5748850107192993
4555.4800000000005,0.5744839906692505
4559.490000000001,0.5740460157394409
4563.5,0.5735870003700256
4567.52,0.5731189846992493
4571.55,0.5726479887962341
4575.580000000001,0.5722150206565857
4579.63,0.5716009736061096
4583.67,0.5709199905395508
4587.73,0.5702149868011475
4591.79,0.5695589780807495
4595.86,0.5689709782600403
4599.9400000000005,0.5683879852294922
4604.03,0.567782998085022
4608.120000000001,0.5670989751815796
4612.219999999999,0.5662239789962769
4616.33,0.5653619766235352
4620.4400000000005,0.5646190047264099
4624.5599999999995,0.5637879967689514
4628.69,0.5629280209541321
4632.83,0.5621129870414734
4636.97,0.5612390041351318
4641.12,0.5604199767112732
4645.28,0.5595830082893372
4649.45,0.5586860179901123
4653.62,0.5575739741325378
4657.8,0.5564500093460083
4661.990000000001,0.5553320050239563
4666.1900000000005,0.5543019771575928
4670.39,0.5532060265541077
4674.599999999999,0.5522270202636719
4678.82,0.5512710213661194
4683.049999999999,0.5503529906272888
4687.280000000001,0.5495679974555969
4691.5199999999995,0.548911988735199
4695.77,0.54830402135849
4700.03,0.547851026058197
4704.3,0.5473949909210205
4708.57,0.5470830202102661
4712.85,0.5467230081558228
4717.139999999999,0.546301007270813
4721.429999999999,0.5458250045776367
4725.74,0.5453270077705383
4730.05,0.5447319746017456
4734.37,0.5441740155220032
4738.7,0.5434600114822388
4743.03,0.5427060127258301
4747.38,0.5419210195541382
4751.7300000000005,0.5411999821662903
4756.09,0.5403710007667542
4760.45,0.5395439863204956
4764.83,0.5385860204696655
4769.21,0.5377259850502014
4773.6,0.5369250178337097
4778.0,0.5361430048942566
4782.41,0.5353749990463257
4786.83,0.5345739722251892
4791.25,0.5336909890174866
4795.68,0.5328869819641113
4800.13,0.5320630073547363
4804.57,0.5312479734420776
4809.03,0.5303999781608582
4813.5,0.5296739935874939
4817.97,0.5289880037307739
4822.45,0.5282289981842041
4826.94,0.5274630188941956
4831.44,0.5266619920730591
4835.950000000001,0.5259119868278503
4840.46,0.5250430107116699
4844.99,0.5241140127182007
4849.52,0.523144006729126
4854.0599999999995,0.5221269726753235
4858.61,0.5211039781570435
4863.17,0.5198929905891418
4867.73,0.5185930132865906
4872.3099999999995,0.5171830058097839
4876.89,0.5156840085983276
4881.48,0.5140259861946106
4886.08,0.512050986289978
4890.6900000000005,0.509859025478363
4895.31,0.5074489712715149
4899.94,0.5046200156211853
4904.57,0.5015680193901062
4909.22,0.49826300144195557
4913.87,0.4949299991130829
4918.53,0.4917140007019043
4923.21,0.48868298530578613
4927.88,0.4859519898891449
4932.57,0.48362401127815247
4937.2699999999995,0.48150700330734253
4941.9800000000005,0.47971799969673157
4946.6900000000005,0.47810399532318115
4951.42,0.4766089916229248
4956.15,0.47498199343681335
4960.9,0.4729880094528198
4965.650000000001,0.4706999957561493
4970.41,0.46790599822998047
4975.18,0.46479299664497375
4979.96,0.4615280032157898
4984.75,0.45834800601005554
4989.54,0.45549899339675903
4994.349999999999,0.4529249966144562
4999.17,0.4507960081100464
5003.99,0.44900500774383545
5008.83,0.4475899934768677
5013.67,0.4464470148086548
5018.5199999999995,0.4453200101852417
5023.39,0.4444510042667389
5028.26,0.4440839886665344
5033.14,0.44363901019096375
5038.03,0.4432219862937927
5042.93,0.4426810145378113
5047.84,0.4420669972896576
5052.76,0.4415920078754425
5057.69,0.44115400314331055
5062.63,0.4406970143318176
5067.580000000001,0.44032400846481323
5072.54,0.44001999497413635
5077.51,0.43990299105644226
5082.49,0.4400550127029419
5087.469999999999,0.4405919909477234
5092.469999999999,0.44124001264572144
5097.48,0.441648006439209
5102.5,0.44197800755500793
5107.52,0.4421769976615906
5112.56,0.44200399518013
5117.61,0.4415239989757538
5122.66,0.44081398844718933
5127.73,0.4399079978466034
5132.81,0.43890300393104553
5137.889999999999,0.4379329979419708
5142.99,0.436955988407135
5148.1,0.4359239935874939
5153.22,0.4351530075073242
5158.34,0.43435001373291016
5163.48,0.4331429898738861
5168.63,0.4319069981575012
5173.79,0.43064001202583313
5178.96,0.4294640123844147
5184.13,0.4281100034713745
5189.320000000001,0.42670199275016785
5194.5199999999995,0.4251540005207062
5199.73,0.42344701290130615
5204.96,0.42157799005508423
5210.19,0.41944199800491333
5215.429999999999,0.4167410135269165
5220.679999999999,0.4138439893722534
5225.94,0.4103890061378479
5231.22,0.4063650071620941
5236.5,0.4019849896430969
5241.79,0.3972730040550232
5247.099999999999,0.3924340009689331
5252.42,0.3874970078468323
5257.74,0.38271400332450867
5263.080000000001,0.37803399562835693
5268.43,0.3734250068664551
5273.79,0.3690119981765747
5279.16,0.36476799845695496
5284.54,0.3608590066432953
5289.93,0.3571139872074127
5295.34,0.35352298617362976
5300.75,0.3505469858646393
5306.18,0.3476310074329376
5311.61,0.34496501088142395
5317.0599999999995,0.34258800745010376
5322.5199999999995,0.3404560089111328
5327.99,0.3384400010108948
5333.47,0.3365499973297119
5338.96,0.33484700322151184
5344.47,0.3333289921283722
5349.9800000000005,0.3319540023803711
5355.51,0.33118098974227905
5361.049999999999,0.3310459852218628
5366.6,0.33131998777389526
5372.16,0.33223798871040344
5377.73,0.3337549865245819
5383.320000000001,0.33594799041748047
5388.91,0.33861100673675537
5394.52,0.34160399436950684
5400.14,0.3447679877281189
5405.77,0.3479749858379364
5411.41,0.3507640063762665
5417.07,0.3531860113143921
5422.74,0.35479798913002014
5428.410000000001,0.3567419946193695
5434.1,0.35835298895835876
5439.8099999999995,0.3585380017757416
5445.52,0.3587140142917633
5451.25,0.3587090075016022
5456.98,0.35824498534202576
5462.73,0.3572399914264679
5468.5,0.3561680018901825
5474.2699999999995,0.35521700978279114
5480.0599999999995,0.3536660075187683
5485.86,0.3522869944572449
5491.67,0.3508650064468384
5497.49,0.349047988653183
5503.33,0.34742701053619385
5509.179999999999,0.3457939922809601
5515.04,0.3441709876060486
5520.91,0.3423349857330322
5526.799999999999,0.34068799018859863
5532.69,0.33923399448394775
5538.610000000001,0.33774900436401367
5544.53,0.336122989654541
5550.469999999999,0.33461999893188477
5556.41,0.3334769904613495
5562.38,0.3326590061187744
5568.349999999999,0.33174100518226624
5574.34,0.3309609889984131
5580.339999999999,0.33025598526000977
5586.35,0.3304300010204315
5592.38,0.3307879865169525
5598.42,0.33085599541664124
5604.47,0.33118098974227905
5610.54,0.33191001415252686
5616.61,0.33237600326538086
5622.71,0.33312100172042847
5628.8099999999995,0.3341769874095917
5634.929999999999,0.335207998752594
5641.06,0.33619099855422974
5647.21,0.3380509912967682
5653.360000000001,0.34052199125289917
5659.54,0.34206101298332214
5665.72,0.34408000111579895
5671.92,0.3455739915370941
5678.13,0.34703999757766724
5684.36,0.3489069938659668
5690.599999999999,0.3500100076198578
5696.85,0.35094699263572693
5703.12,0.352183997631073
5709.4,0.3524929881095886
5715.6900000000005,0.35319098830223083
5722.0,0.3542729914188385
5728.33,0.35474100708961487
5734.66,0.35494500398635864
5741.01,0.3549709916114807
5747.38,0.3547320067882538
5753.76,0.3544459939002991
5760.150000000001,0.3540709912776947
5766.56,0.3526729941368103
5772.98,0.35256099700927734
5779.410000000001,0.3525469899177551
5785.86,0.35098499059677124
5792.33,0.34977099299430847
5798.8099999999995,0.34858399629592896
5805.3,0.3473919928073883
5811.81,0.34613901376724243
5818.33,0.3444400131702423
5824.87,0.3428010046482086
5831.419999999999,0.34219399094581604
5837.99,0.3407770097255707
5844.57,0.3388170003890991
5851.17,0.3366900086402893
5857.78,0.33464300632476807
5864.410000000001,0.3324509859085083
5871.05,0.330377995967865
5877.7,0.32781800627708435
5884.38,0.32490700483322144
5891.06,0.3235580027103424
5897.76,0.32075899839401245
5904.4800000000005,0.3185099959373474
5911.21,0.3163059949874878
5917.96,0.3132680058479309
5924.7300000000005,0.3107900023460388
5931.5,0.30842700600624084
5938.3,0.3059540092945099
5945.11,0.30489999055862427
5951.93,0.30374300479888916
5958.78,0.3020710051059723
5965.63,0.3009040057659149
5972.51,0.29976800084114075
5979.39,0.29965999722480774
5986.3,0.29877498745918274
5993.22,0.2979409992694855
6000.16,0.29767701029777527
6007.11,0.29684001207351685
6014.08,0.29532501101493835
6021.06,0.29431799054145813
6028.06,0.29334598779678345
6035.08,0.29190999269485474
6042.12,0.29017001390457153
6049.17,0.28792598843574524
6056.2300000000005,0.28729599714279175
6063.32,0.28694701194763184
6070.42,0.2845210134983063
6077.530000000001,0.2828969955444336
6084.67,0.28187599778175354
6091.820000000001,0.28036999702453613
6098.9800000000005,0.27856698632240295
6106.17,0.2768920063972473
6113.37,0.27501600980758667
6120.58,0.2740040123462677
6127.82,0.2732729911804199
6135.07,0.272038996219635
6142.34,0.2710059881210327
6149.63,0.27046000957489014
6156.93,0.2699449956417084
6164.25,0.26965901255607605
6171.59,0.27025699615478516
6178.950000000001,0.2707020044326782
6186.320000000001,0.27114900946617126
6193.71,0.2731980085372925
6201.120000000001,0.27549099922180176
6208.54,0.27711498737335205
6215.99,0.27955499291419983
6223.45,0.28226301074028015
6230.93,0.2851809859275818
6238.43,0.28809499740600586
6245.95,0.2912119925022125
6253.48,0.29426899552345276
6261.03,0.29746100306510925
6268.6,0.3006420135498047
6276.19,0.3040330111980438
6283.8,0.3073450028896332
6291.43,0.3106290102005005
6299.070000000001,0.31373199820518494
6306.73,0.31678900122642517
6314.42,0.3196159899234772
6322.12,0.3224639892578125
6329.84,0.3252280056476593
6337.570000000001,0.327796995639801
6345.33,0.3296709954738617
6353.11,0.3328840136528015
6360.9,0.3355430066585541
6368.719999999999,0.33674898743629456
6376.55,0.33859899640083313
6384.400000000001,0.34083399176597595
6392.2699999999995,0.34236299991607666
6400.17,0.3439840078353882
6408.08,0.3446910083293915
6416.01,0.34501200914382935
6423.96,0.34715700149536133
6431.93,0.34795600175857544
6439.92,0.3474879860877991
6447.93,0.3474409878253937
6455.96,0.3466140031814575
6464.01,0.345892995595932
6472.08,0.34450098872184753
6480.17,0.3428969979286194
6488.28,0.3409619927406311
6496.41,0.33884701132774353
6504.5599999999995,0.3370859920978546
6512.7300000000005,0.33451399207115173
6520.92,0.33069899678230286
6529.14,0.32743600010871887
6537.37,0.3241569995880127
6545.63,0.32079601287841797
6553.9,0.31812599301338196
6562.2,0.316210001707077
6570.509999999999,0.31449800729751587
6578.85,0.3133620023727417
6587.21,0.3132050037384033
6595.589999999999,0.31235501170158386
6603.99,0.3118470013141632
6612.42,0.3110319972038269
6620.860000000001,0.310139000415802
6629.330000000001,0.30915799736976624
6637.82,0.30783700942993164
6646.33,0.30723699927330017
6654.860000000001,0.3065440058708191
6663.41,0.30462101101875305
6671.99,0.30251801013946533
6680.589999999999,0.3004220128059387
6689.21,0.29863500595092773
6697.849999999999,0.296891987323761
6706.509999999999,0.2948310077190399
6715.200000000001,0.2930789887905121
6723.91,0.2918820083141327
6732.64,0.2907789945602417
6741.4,0.28976500034332275
6750.18,0.288659006357193
6758.9800000000005,0.2877640128135681
6767.8,0.2867810130119324
6776.65,0.2857849895954132
6785.52,0.2845959961414337
6794.41,0.2831900119781494
6803.33,0.28174299001693726
6812.2699999999995,0.2800169885158539
6821.23,0.2782529890537262
6830.219999999999,0.27659499645233154
6839.23,0.2750000059604645
6848.26,0.273048996925354
6857.32,0.2708419859409332
6866.4,0.26865899562835693
6875.51,0.2667829990386963
6884.64,0.2645910084247589
6893.799999999999,0.2620120048522949
6902.9800000000005,0.2592790126800537
6912.18,0.25634199380874634
6921.41,0.25349101424217224
6930.66,0.2504909932613373
6939.94,0.247530996799469
6949.24,0.24446000158786774
6958.57,0.24130000174045563
6967.92,0.23818500339984894
6977.299999999999,0.23547500371932983
6986.7,0.23276999592781067
6996.13,0.23041599988937378
7005.59,0.22831299901008606
7015.07,0.22664999961853027
7024.57,0.22524000704288483
7034.099999999999,0.22435499727725983
7043.66,0.22345800697803497
7053.25,0.2229589968919754
7062.85,0.22269199788570404
7072.49,0.22229599952697754
7082.150000000001,0.2220589965581894
7091.84,0.22215500473976135
7101.549999999999,0.22246000170707703
7111.3,0.22284600138664246
7121.0599999999995,0.22303099930286407
7130.860000000001,0.22328199446201324
7140.679999999999,0.22335900366306305
7150.53,0.22339199483394623
7160.41,0.22328400611877441
7170.3099999999995,0.22299399971961975
7180.240000000001,0.22273899614810944
7190.2,0.22240599989891052
7200.1900000000005,0.22168199717998505
7210.200000000001,0.22092799842357635
7220.240000000001,0.22002199292182922
7230.31,0.21880799531936646
7240.41,0.21729999780654907
7250.54,0.21557900309562683
7260.6900000000005,0.2136390060186386
7270.88,0.2117300033569336
7281.09,0.2096550017595291
7291.33,0.20758000016212463
7301.599999999999,0.20549100637435913
7311.9,0.20360100269317627
7322.219999999999,0.20162899792194366
7332.58,0.1996379941701889
7342.97,0.19776900112628937
7353.379999999999,0.1960349977016449
7363.83,0.19416600465774536
7374.3,0.19237500429153442
7384.8099999999995,0.19061599671840668
7395.34,0.18873700499534607
7405.910000000001,0.18678200244903564
7416.5,0.18489600718021393
7427.13,0.18279999494552612
7437.78,0.18064500391483307
7448.47,0.17844299972057343
7459.1900000000005,0.176269993185997
7469.9400000000005,0.17396999895572662
7480.71,0.17163899540901184
7491.52,0.16937200725078583
7502.37,0.16720999777317047
7513.24,0.16505999863147736
7524.14,0.1628659963607788
7535.08,0.1605049967765808
7546.05,0.15809699892997742
7557.05,0.15546199679374695
7568.08,0.15271000564098358
7579.150000000001,0.14983099699020386
7590.24,0.1470469981431961
7601.37,0.14423100650310516
7612.53,0.14148199558258057
7623.7300000000005,0.13886499404907227
7634.96,0.13650000095367432
7646.219999999999,0.13417600095272064
7657.51,0.13196499645709991
7668.84,0.12965799868106842
7680.2,0.12730899453163147
7691.59,0.12477699667215347
7703.02,0.12218400090932846
7714.49,0.11944200098514557
7725.98,0.11684399843215942
7737.5199999999995,0.11424200236797333
7749.08,0.11157900094985962
7760.679999999999,0.10891400277614594
7772.32,0.10636299848556519
7783.99,0.10373300313949585
7795.69,0.10107699781656265
7807.43,0.09843000024557114
7819.21,0.09605299681425095
7831.0199999999995,0.0938040018081665
7842.87,0.09201899915933609
7854.75,0.09062299877405167
7866.67,0.08944500237703323
7878.62,0.08832599967718124
7890.62,0.08747600018978119
7902.64,0.08677099645137787
7914.71,0.08636300265789032
7926.8099999999995,0.08596999943256378
7938.95,0.08572100102901459
7951.13,0.08557400107383728
7963.339999999999,0.08563700318336487
7975.59,0.08562800288200378
7987.879999999999,0.08561799675226212
8000.209999999999,0.08544699847698212
8012.570000000001,0.08527900278568268
8024.98,0.08500199764966965
8037.419999999999,0.08498100191354752
8049.899999999999,0.08511000126600266
8062.419999999999,0.08543799817562103
8074.9800000000005,0.0858519971370697
8087.57,0.08649399876594543
8100.210000000001,0.08728399872779846
8112.89,0.08843400329351425
8125.6,0.08963000029325485
8138.360000000001,0.09101899713277817
8151.160000000001,0.09248799830675125
8163.99,0.09402400255203247
8176.869999999999,0.09535499662160873
8189.79,0.09641999751329422
8202.75,0.09713900089263916
8215.75,0.09775499999523163
8228.79,0.09817499667406082
8241.87,0.0984790027141571
8254.99,0.09860800206661224
8268.16,0.09861499816179276
8281.37,0.09845999628305435
8294.62,0.09836699813604355
8307.91,0.0982849970459938
8321.24,0.09849999845027924
8334.619999999999,0.09870599955320358
8348.039999999999,0.09913299977779388
8361.51,0.09956599771976471
8375.019999999999,0.10003399848937988
8388.57,0.10054299980401993
8402.16,0.10125900059938431
8415.800000000001,0.10183300077915192
8429.49,0.10250099748373032
8443.22,0.10311699658632278
8456.99,0.10369499772787094
8470.81,0.104373998939991
8484.67,0.10492700338363647
8498.58,0.10511700063943863
8512.539999999999,0.1053370013833046
8526.54,0.10528100281953812
8540.58,0.10476099699735641
8554.68,0.10377199947834015
8568.82,0.10222399979829788
8583.0,0.10006699711084366
8597.24,0.0977339968085289
8611.52,0.09558899700641632
8625.85,0.0948140025138855
8640.230000000001,0.09588400274515152
8654.65,0.09851899743080139
8669.119999999999,0.10130099952220917
8683.640000000001,0.10334400087594986
8698.21,0.10435999929904938
8712.83,0.10479100048542023
8727.5,0.10476099699735641
8742.22,0.10449600219726562
8756.99,0.10407499969005585
8771.800000000001,0.10363200306892395
8786.67,0.10306499898433685
8801.589999999998,0.10230199992656708
8816.560000000001,0.10156100243330002
8831.58,0.10102999955415726
8846.65,0.10025499761104584
8861.77,0.09954699873924255
8876.939999999999,0.09880699962377548
8892.17,0.09813299775123596
8907.45,0.09754499793052673
8922.779999999999,0.0970500037074089
8938.16,0.09639500081539154
8953.6,0.09573599696159363
8969.09,0.09517200291156769
8984.640000000001,0.09474600106477737
9000.23,0.09421200305223465
9015.890000000001,0.09379199892282486
9031.59,0.09329599887132645
9047.359999999999,0.09275700151920319
9063.17,0.09230300039052963
9079.050000000001,0.09177599847316742
9094.97,0.09102600067853928
9110.960000000001,0.09023500233888626
9127.0,0.08934000134468079
9143.1,0.08845700323581696
9159.25,0.08742199838161469
9175.46,0.08631599694490433
9191.73,0.08518300205469131
9208.06,0.0842759981751442
9224.439999999999,0.08340500295162201
9240.880000000001,0.08278399705886841
9257.38,0.08248700201511383
9273.94,0.0824190005660057
9290.56,0.08237399905920029
9307.24,0.08247300237417221
9323.980000000001,0.08276999741792679
9340.78,0.08327800035476685
9357.64,0.0834520012140274
9374.57,0.08376800268888474
9391.550000000001,0.08400899916887283
9408.59,0.08413100242614746
9425.7,0.08389399945735931
9442.869999999999,0.08368600159883499
9460.1,0.0835380032658577
9477.4,0.0833979994058609
9494.75,0.08314699679613113
9512.17,0.08272100239992142
9529.66,0.08212800323963165
9547.21,0.08146099746227264
9564.83,0.08041899651288986
9582.5,0.07936199754476547
9600.25,0.0782570019364357
9618.06,0.07716500014066696
9635.94,0.07575999945402145
9653.88,0.07437100261449814
9671.89,0.07307399809360504
9689.970000000001,0.0717570036649704
9708.119999999999,0.07032199949026108
9726.33,0.06905899941921234
9744.619999999999,0.06799100339412689
9762.97,0.06698399782180786
9781.39,0.06593900173902512
9799.88,0.06507500261068344
9818.44,0.0642789974808693
9837.070000000002,0.0636489987373352
9855.77,0.06305400282144547
9874.539999999999,0.06256899982690811
9893.39,0.06205600127577782
9912.3,0.061507999897003174
9931.29,0.06108599901199341
9950.36,0.06074900180101395
9969.49,0.06027799844741821
9988.699999999999,0.05999699980020523
10007.98,0.05971100181341171
10027.34,0.05943499878048897
10046.77,0.059227000921964645
10066.28,0.05898100137710571
10085.869999999999,0.05883299931883812
10105.53,0.058758001774549484
10125.26,0.05875299870967865
10145.08,0.058788999915122986
10164.970000000001,0.058844998478889465
10184.939999999999,0.05898100137710571
10204.99,0.05909299850463867
10225.12,0.059432998299598694
10245.33,0.059741999953985214
10265.61,0.06019899994134903
10285.98,0.060777001082897186
10306.43,0.061423998326063156
10326.96,0.06207700073719025
10347.57,0.06283099949359894
10368.27,0.06345199793577194
10389.05,0.06429500132799149
10409.91,0.0652410015463829
10430.859999999999,0.066102996468544
10451.88,0.06690400093793869
10473.0,0.06770800054073334
10494.199999999999,0.06845699995756149
10515.49,0.06921599805355072
10536.86,0.06978499889373779
10558.32,0.07017599791288376
10579.869999999999,0.07036100327968597
10601.5,0.07056999951601028
10623.23,0.07042499631643295
10645.039999999999,0.07003100216388702
10666.94,0.06946899741888046
10688.94,0.06882300227880478
10711.02,0.06812500208616257
10733.2,0.06756900250911713
10755.470000000001,0.0670590028166771
10777.83,0.06655800342559814
10800.28,0.06612899899482727
10822.83,0.06582699716091156
10845.470000000001,0.06549400091171265
10868.21,0.06510300189256668
10891.04,0.06470300257205963
10913.970000000001,0.06447499990463257
10936.99,0.06439799815416336
10960.119999999999,0.06444299966096878
10983.34,0.06456399708986282
11006.66,0.06487800180912018
11030.07,0.06551499664783478
11053.59,0.06667199730873108
11077.21,0.06794700026512146
11100.93,0.06956999748945236
11124.75,0.07151400297880173
11148.68,0.07336399704217911
11172.710000000001,0.074863001704216
11196.84,0.07628899812698364
11221.07,0.0776429995894432
11245.41,0.07891999930143356
11269.859999999999,0.07987099885940552
11294.41,0.08070000261068344
11319.07,0.08142600208520889
11343.84,0.08199500292539597
11368.72,0.08256900310516357
11393.7,0.08315200358629227
11418.8,0.08369799703359604
11444.01,0.08432299643754959
11469.33,0.08499500155448914
11494.76,0.0857120007276535
11520.300000000001,0.08632099628448486
11545.96,0.08684299886226654
11571.730000000001,0.08726199716329575
11597.619999999999,0.08774500340223312
11623.62,0.0882909968495369
11649.74,0.08852999657392502
11675.98,0.0887570008635521
11702.34,0.08894400298595428
11728.81,0.08861400187015533
11755.41,0.08816900104284286
11782.130000000001,0.08765800297260284
11808.960000000001,0.08653400093317032
11835.92,0.08498799800872803
11863.009999999998,0.08355200290679932
11890.22,0.08188699930906296
11917.550000000001,0.07998300343751907
11945.01,0.07798700034618378
11972.6,0.07593599706888199
12000.310000000001,0.07406400144100189
12028.16,0.0723399966955185
12056.13,0.07091599702835083
12084.23,0.06985799968242645
12112.460000000001,0.06904300302267075
12140.83,0.0685880035161972
12169.33,0.06823000311851501
12197.960000000001,0.0680290013551712
12226.73,0.06787600368261337
12255.64,0.06780599802732468
12284.68,0.06741499900817871
12313.86,0.0666470006108284
12343.18,0.06553199887275696
12372.640000000001,0.06410299986600876
12402.240000000002,0.06205800175666809
12431.98,0.05960800126194954
12461.86,0.05720299854874611
12491.89,0.05580899864435196
12522.07,0.05547399818897247
12552.38,0.056233000010252
12582.85,0.058056000620126724
12613.47,0.06049799919128418
12644.23,0.06255300343036652
12675.15,0.06422500312328339
12706.210000000001,0.06519900262355804
12737.43,0.0655289962887764
12768.81,0.06498400121927261
12800.33,0.06391999870538712
12832.02,0.06303700059652328
12863.86,0.06311900168657303
12895.86,0.06446599960327148
12928.02,0.06683199852705002
12960.34,0.06948799639940262
12992.82,0.07182800024747849
13025.460000000001,0.07372000068426132
13058.27,0.07500399649143219
13091.25,0.07542499899864197
13124.39,0.07565899938344955
13157.7,0.07554899901151657
13191.179999999998,0.07499399781227112
13224.83,0.0742029994726181
13258.660000000002,0.07345499843358994
13292.65,0.07266400009393692
13326.83,0.07221200317144394
13361.17,0.07200799882411957
13395.699999999999,0.07203800231218338
13430.400000000001,0.07221200317144394
13465.289999999999,0.07247599959373474
13500.349999999999,0.07295200228691101
13535.6,0.0736050009727478
13571.03,0.07390300184488297
13606.65,0.07394000142812729
13642.46,0.07374799996614456
13678.46,0.07339899986982346
13714.64,0.07277800142765045
13751.02,0.07250899821519852
13787.59,0.07246900349855423
13824.36,0.07229100167751312
13861.32,0.07182300090789795
13898.49,0.071322001516819
13935.85,0.0709799975156784
13973.41,0.07045699656009674
14011.17,0.06961199641227722
14049.15,0.06840100139379501
14087.32,0.06704500317573547
14125.71,0.06595099717378616
14164.300000000001,0.06418000161647797
14203.11,0.062307000160217285
14242.13,0.06026899814605713
14281.359999999999,0.05787999927997589
14320.81,0.05495399981737137
14360.49,0.05223499983549118
14400.380000000001,0.050558000802993774
14440.49,0.050553999841213226
14480.82,0.051917001605033875
14521.39,0.05329599976539612
14562.18,0.05407100170850754
14603.199999999999,0.054552000015974045
14644.45,0.0545089989900589
14685.93,0.054437000304460526
14727.66,0.05429600179195404
14769.619999999999,0.05411599949002266
14811.81,0.05380000174045563
14854.25,0.05334800109267235
14896.94,0.05286499857902527
14939.87,0.05260099843144417
14983.050000000001,0.05204999819397926
15026.48,0.05136200040578842
15070.16,0.0507499985396862
15114.1,0.050415001809597015
15158.289999999999,0.04966599866747856
15202.74,0.048822999000549316
15247.460000000001,0.04806400090456009
15292.43,0.04718500003218651
15337.68,0.046271998435258865
15383.19,0.045476000756025314
15428.97,0.04457399994134903
15475.03,0.043588001281023026
15521.359999999999,0.04294800013303757
15567.970000000001,0.04246100038290024
15614.869999999999,0.04192499816417694
15662.039999999999,0.04156399890780449
15709.5,0.04097399860620499
15757.25,0.04033900052309036
15805.289999999999,0.03976999968290329
15853.619999999999,0.03939500078558922
15902.26,0.03915200009942055
15951.19,0.03870199993252754
16000.419999999998,0.03820599988102913
16049.949999999999,0.038006000220775604
16099.799999999997,0.03771800175309181
16149.95,0.037700001150369644
16200.420000000002,0.0379600003361702
16251.208999999999,0.038467999547719955
16302.311,0.038993000984191895
16353.741,0.03958500176668167
16405.491,0.04045899957418442
16457.569,0.041391000151634216
16509.979000000003,0.042458999902009964
16562.731,0.04402099922299385
16615.82,0.0453139990568161
16669.240999999998,0.04658399894833565
16723.021,0.04822799935936928
16777.14,0.04980200156569481
16831.61,0.05140100046992302
16886.431,0.05305999889969826
16941.62,0.05499900132417679
16997.16,0.05688000097870827
17053.08,0.058816999197006226
17109.36,0.06128799915313721
17166.01,0.06358999758958817
17223.04,0.06597399711608887
17280.451,0.06803800165653229
17338.239999999998,0.06988400220870972
17396.429,0.07140599936246872
17455.0,0.07318399846553802
17513.969,0.07490500062704086
17573.339,0.07648099958896637
17633.109999999997,0.07814899832010269
17693.290999999997,0.07951200008392334
17753.889,0.08059900254011154
17814.899,0.08185900002717972
17876.328999999998,0.08288300037384033
17938.181,0.08355700224637985
18000.468999999997,0.08423200249671936
18063.19,0.08498600125312805
18126.35,0.0860230028629303
18189.951,0.08714800328016281
18254.0,0.08811499923467636
18318.501,0.08906800299882889
18383.459,0.08992599695920944
18448.879,0.09070300310850143
18514.771,0.0911720022559166
18581.129,0.09129799902439117
18647.97,0.09051100164651871
18715.29,0.08976399898529053
18783.100000000002,0.08848000317811966
18851.4,0.08698800206184387
18920.2,0.08554600179195404
18989.51,0.08445700258016586
19059.32,0.08344200253486633
19129.65,0.08200699836015701
19200.5,0.08010900020599365
19271.878999999997,0.07868299633264542
19343.789999999997,0.07756400108337402
19416.240999999998,0.07605499774217606
19489.229000000003,0.07470099627971649
19562.771,0.07380200177431107
19636.880999999998,0.07261399924755096
19711.54,0.07191699743270874
19786.779,0.07164999842643738
19862.590999999997,0.0715700015425682
19938.98,0.07188799977302551
20015.961,0.0723470002412796
20093.55,0.07272499799728394
20171.73,0.07407800108194351
20250.530000000002,0.075825996696949
20329.941000000003,0.07769700139760971
20409.981,0.07935500144958496
20490.649999999998,0.08119600266218185
20571.96,0.08303199708461761
20653.918999999998,0.08495999872684479
20736.54,0.08715900033712387
20819.82,0.08935900032520294
20903.77,0.09016899764537811
20988.399999999998,0.09053000062704086
21073.720999999998,0.09036099910736084
21159.731,0.09004999697208405
21246.46,0.08890900015830994
21333.891,0.08723700046539307
21422.041,0.086667999625206
21510.929,0.08603300154209137
21600.559,0.08470000326633453
21690.941,0.08356200158596039
21782.08,0.0825899988412857
21873.989,0.08180499821901321
21966.668999999998,0.08193899691104889
22060.15,0.08209999650716782
22154.421,0.08118700236082077
22249.510000000002,0.08072499930858612
22345.409,0.08024799823760986
22442.141,0.0797789990901947
22539.721,0.07906299829483032
22638.14,0.07901100069284439
22737.431,0.07898099720478058
22837.601,0.07838799804449081
22938.649999999998,0.07756099849939346
23040.600000000002,0.07632199674844742
23143.459,0.075825996696949
23247.24,0.07703199982643127
23351.959000000003,0.07775600254535675
23457.63,0.07737799733877182
23564.251,0.07720799744129181
23671.85,0.07753299921751022
23780.439000000002,0.07684700191020966
23890.02,0.07868500053882599
24000.629,0.0787770003080368
24112.261,0.07778800278902054
24224.93,0.07795900106430054
24338.659,0.07796599715948105
24453.47,0.07876499742269516
24569.361,0.07992000132799149
24686.359,0.08103899657726288
24804.469999999998,0.08171600103378296
24923.731,0.08094099909067154
25044.129999999997,0.08117499947547913
25165.71,0.08080500364303589
25288.46,0.08127599954605103
25412.43,0.08306299895048141
25537.609,0.0858829990029335
25664.04,0.08699300140142441
25791.719,0.08914799988269806
25920.679,0.09248600155115128
