Data ID,Calcite CAGR01
Sample ID,CAGR01
Mineral Name,calcite
Sample Description,
Date Added,
Viewing Geometry,
Other Information,
Grain Size,
Database of Origin,MICA Files (USGS/RELAB)
Wavelength,Response
300.0,0.703881025314331
305.0,0.7059109807014465
310.0,0.7089669704437256
315.0,0.7137460112571716
320.0,0.7167930006980896
325.0,0.719743013381958
330.0,0.7259510159492493
335.0,0.7282819747924805
340.0,0.7305399775505066
345.0,0.7370129823684692
350.0,0.7417020201683044
355.0,0.7462549805641174
360.0,0.7506269812583923
365.0,0.7580569982528687
370.0,0.7615540027618408
375.0,0.767130970954895
380.0,0.7712900042533875
385.0,0.774914026260376
390.0,0.7785220146179199
395.0,0.7835929989814758
400.0,0.788565993309021
405.0,0.7885010242462158
410.0,0.7940469980239868
415.0,0.7962279915809631
420.0,0.7978559732437134
425.0,0.8016800284385681
430.0,0.8098949790000916
435.0,0.8116750121116638
440.0,0.8147349953651428
445.0,0.8169080018997192
450.0,0.8193560242652893
455.0,0.8222029805183411
460.0,0.8241649866104126
465.0,0.8244479894638062
470.0,0.8273770213127136
475.0,0.8289710283279419
480.0,0.8325679898262024
485.0,0.8327289819717407
490.0,0.8338930010795593
495.0,0.835316002368927
500.0,0.8391330242156982
505.0,0.8375620245933533
510.0,0.8398979902267456
515.0,0.8409180045127869
520.0,0.8435419797897339
525.0,0.8442040085792542
530.0,0.8475970029830933
535.0,0.8490610122680664
540.0,0.8492249846458435
545.0,0.8491010069847107
550.0,0.8510159850120544
555.0,0.8506929874420166
560.0,0.8534820079803467
565.0,0.854058027267456
570.0,0.8550689816474915
575.0,0.8591510057449341
580.0,0.859145998954773
585.0,0.8591700196266174
590.0,0.8606550097465515
595.0,0.8608840107917786
600.0,0.8619480133056641
605.0,0.8615180253982544
610.0,0.8635920286178589
615.0,0.8646489977836609
620.0,0.8662639856338501
625.0,0.865559995174408
630.0,0.8641020059585571
635.0,0.8671429753303528
640.0,0.8678579926490784
645.0,0.8675100207328796
650.0,0.8696069717407227
655.0,0.8692039847373962
660.0,0.8713989853858948
665.0,0.8693469762802124
670.0,0.8704479932785034
675.0,0.8693280220031738
680.0,0.8717560172080994
685.0,0.8707209825515747
690.0,0.8721349835395813
695.0,0.8719140291213989
700.0,0.872963011264801
705.0,0.87431800365448
710.0,0.8750519752502441
715.0,0.8741880059242249
720.0,0.8755279779434204
725.0,0.8775960206985474
730.0,0.8770760297775269
735.0,0.8786609768867493
740.0,0.877140998840332
745.0,0.8791040182113647
750.0,0.8784040212631226
755.0,0.8782520294189453
760.0,0.8803949952125549
765.0,0.8806530237197876
770.0,0.8846049904823303
775.0,0.8837649822235107
780.0,0.8869249820709229
785.0,0.8821240067481995
790.0,0.8836380243301392
795.0,0.8816800117492676
800.0,0.8839190006256104
805.0,0.8831210136413574
810.0,0.8839510083198547
815.0,0.8838310241699219
820.0,0.8841019868850708
825.0,0.8846510052680969
830.0,0.8835639953613281
835.0,0.8859879970550537
840.0,0.8834710121154785
845.0,0.8847579956054688
850.0,0.8837389945983887
855.0,0.8850550055503845
860.0,0.884020984172821
865.0,0.883683979511261
870.0,0.8852350115776062
875.0,0.8853309750556946
880.0,0.8838629722595215
885.0,0.8847209811210632
890.0,0.8844410181045532
895.0,0.8848789930343628
900.0,0.8848699927330017
905.0,0.8834319710731506
910.0,0.8840969800949097
915.0,0.8838210105895996
920.0,0.8832719922065735
925.0,0.8860219717025757
930.0,0.8843380212783813
935.0,0.8851979970932007
940.0,0.884456992149353
945.0,0.8850430250167847
950.0,0.8847060203552246
955.0,0.8846099972724915
960.0,0.8845530152320862
965.0,0.8856449723243713
970.0,0.8837910294532776
975.0,0.8854640126228333
980.0,0.8854780197143555
985.0,0.8846390247344971
990.0,0.8851680159568787
995.0,0.885109007358551
1000.0,0.8858259916305542
1004.9999999999999,0.8844119906425476
1010.0,0.8821250200271606
1014.9999999999999,0.8828999996185303
1020.0,0.8831160068511963
1025.0,0.8844259977340698
1030.0,0.8844040036201477
1035.0,0.8841069936752319
1040.0,0.8849819898605347
1045.0,0.8826389908790588
1050.0,0.8836429715156555
1055.0,0.8843039870262146
1060.0,0.8815270066261292
1065.0,0.8848279714584351
1070.0,0.8816909790039062
1075.0,0.8835189938545227
1080.0,0.8858060240745544
1085.0,0.884876012802124
1090.0,0.8858469724655151
1095.0,0.8847429752349854
1100.0,0.8847180008888245
1105.0,0.883512020111084
1110.0,0.886135995388031
1115.0,0.8833180069923401
1120.0,0.884037971496582
1125.0,0.8853899836540222
1130.0,0.8846269845962524
1135.0,0.8855159878730774
1140.0,0.8845000267028809
1145.0,0.8866140246391296
1150.0,0.8861449956893921
1155.0,0.8859999775886536
1160.0,0.8829780220985413
1165.0,0.8851600289344788
1170.0,0.8860359787940979
1175.0,0.8881909847259521
1180.0,0.8858109712600708
1185.0,0.884905993938446
1190.0,0.8866509795188904
1195.0,0.8869460225105286
1200.0,0.8868280053138733
1205.0,0.8893629908561707
1210.0,0.8864859938621521
1215.0,0.8864529728889465
1220.0,0.8881160020828247
1225.0,0.8872359991073608
1230.0,0.8877879977226257
1235.0,0.8868070244789124
1240.0,0.8887640237808228
1245.0,0.8890119791030884
1250.0,0.8881480097770691
1255.0,0.889274001121521
1260.0,0.8897410035133362
1265.0,0.8887609839439392
1270.0,0.889037013053894
1275.0,0.8886989951133728
1280.0,0.8879150152206421
1285.0,0.888621985912323
1290.0,0.8899570107460022
1295.0,0.8886709809303284
1300.0,0.891834020614624
1305.0,0.888375997543335
1310.0,0.8884789943695068
1315.0,0.8900150060653687
1320.0,0.889831006526947
1325.0,0.8901569843292236
1330.0,0.8901450037956238
1335.0,0.889057993888855
1340.0,0.8898130059242249
1345.0,0.8888429999351501
1350.0,0.8884620070457458
1355.0,0.885483980178833
1360.0,0.8838649988174438
1365.0,0.8835099935531616
1370.0,0.8866860270500183
1375.0,0.8861520290374756
1380.0,0.8865190148353577
1385.0,0.886165976524353
1390.0,0.8872960209846497
1395.0,0.884768009185791
1400.0,0.8866609930992126
1405.0,0.8876919746398926
1410.0,0.8880289793014526
1415.0,0.8857380151748657
1420.0,0.8884149789810181
1425.0,0.889503002166748
1430.0,0.8902990221977234
1435.0,0.8902789950370789
1440.0,0.8896750211715698
1445.0,0.890263020992279
1450.0,0.8900759816169739
1455.0,0.8901619911193848
1460.0,0.8908370137214661
1465.0,0.8894249796867371
1470.0,0.8907439708709717
1475.0,0.8927810192108154
1480.0,0.8919820189476013
1485.0,0.8911479711532593
1490.0,0.8908010125160217
1495.0,0.8933979868888855
1500.0,0.8923270106315613
1505.0,0.8932759761810303
1510.0,0.8933089971542358
1515.0,0.8926079869270325
1520.0,0.8930609822273254
1525.0,0.8936600089073181
1530.0,0.8927940130233765
1535.0,0.8932089805603027
1540.0,0.8947259783744812
1545.0,0.893638014793396
1550.0,0.8935880064964294
1555.0,0.8939989805221558
1560.0,0.8936709761619568
1565.0,0.8953269720077515
1570.0,0.8940730094909668
1575.0,0.8943120241165161
1580.0,0.8942300081253052
1585.0,0.8932200074195862
1590.0,0.8947950005531311
1595.0,0.8939560055732727
1600.0,0.8985469937324524
1605.0,0.8964229822158813
1610.0,0.8965319991111755
1615.0,0.8957279920578003
1620.0,0.895334005355835
1625.0,0.8971449732780457
1630.0,0.8947679996490479
1635.0,0.8967739939689636
1640.0,0.8979889750480652
1645.0,0.8990809917449951
1650.0,0.8969020247459412
1655.0,0.8992999792098999
1660.0,0.8963950276374817
1665.0,0.8966500163078308
1670.0,0.8971830010414124
1675.0,0.8980050086975098
1680.0,0.8983150124549866
1685.0,0.8976730108261108
1690.0,0.8975369930267334
1695.0,0.8972669839859009
1700.0,0.9014210104942322
1705.0,0.898002028465271
1710.0,0.8995569944381714
1715.0,0.8987699747085571
1720.0,0.8989149928092957
1725.0,0.8980559706687927
1730.0,0.8978350162506104
1735.0,0.8978750109672546
1740.0,0.8971930146217346
1745.0,0.8967139720916748
1750.0,0.8975380063056946
1755.0,0.895048975944519
1760.0,0.8947790265083313
1765.0,0.8937990069389343
1770.0,0.8944479823112488
1775.0,0.8954859972000122
1780.0,0.8944230079650879
1785.0,0.8942300081253052
1790.0,0.8937870264053345
1795.0,0.891776978969574
1800.0,0.8917539715766907
1805.0,0.8909299969673157
1810.0,0.8923320174217224
1815.0,0.8924049735069275
1820.0,0.8918579816818237
1825.0,0.8932999968528748
1830.0,0.8909909725189209
1835.0,0.8903899788856506
1840.0,0.8878399729728699
1845.0,0.8870940208435059
1850.0,0.8869959712028503
1855.0,0.8860139846801758
1860.0,0.8857300281524658
1865.0,0.8837130069732666
1870.0,0.881833016872406
1875.0,0.8785439729690552
1880.0,0.8761669993400574
1885.0,0.8806869983673096
1890.0,0.8822979927062988
1895.0,0.8808720111846924
1900.0,0.8823750019073486
1905.0,0.8822119832038879
1910.0,0.8822169899940491
1915.0,0.8810160160064697
1920.0,0.880511999130249
1925.0,0.8809840083122253
1930.0,0.88093101978302
1935.0,0.88093101978302
1940.0,0.8785420060157776
1945.0,0.8783019781112671
1950.0,0.876130998134613
1955.0,0.8755599856376648
1960.0,0.8753290176391602
1965.0,0.8755249977111816
1970.0,0.8738960027694702
1975.0,0.8742300271987915
1980.0,0.8742259740829468
1985.0,0.872838020324707
1990.0,0.8711040019989014
1995.0,0.8694930076599121
2000.0,0.8704109787940979
2005.0,0.8726819753646851
2009.9999999999998,0.8744819760322571
2015.0000000000002,0.8758990168571472
2020.0,0.8766829967498779
2025.0,0.8772420287132263
2029.9999999999998,0.8767189979553223
2035.0000000000002,0.877659022808075
2040.0,0.8794119954109192
2045.0,0.8769479990005493
2050.0,0.8792380094528198
2055.0,0.8759440183639526
2060.0,0.8767349720001221
2065.0,0.8756110072135925
2070.0,0.8766710162162781
2075.0,0.8763480186462402
2080.0,0.8771290183067322
2085.0,0.874455988407135
2090.0,0.8755360245704651
2095.0,0.8753870129585266
2100.0,0.8747760057449341
2105.0,0.872983992099762
2110.0,0.8727520108222961
2115.0,0.8741419911384583
2120.0,0.8715850114822388
2125.0,0.8714320063591003
2130.0,0.8714579939842224
2135.0,0.8693259954452515
2140.0,0.8661100268363953
2145.0,0.8643360137939453
2150.0,0.8637049794197083
2155.0,0.8628060221672058
2160.0,0.8625879883766174
2165.0,0.864982008934021
2170.0,0.864421010017395
2175.0,0.8667600154876709
2180.0,0.8666470050811768
2185.0,0.866661012172699
2190.0,0.8658319711685181
2195.0,0.8671780228614807
2200.0,0.866798996925354
2205.0,0.8667619824409485
2210.0,0.8642799854278564
2215.0,0.8653339743614197
2220.0,0.864978015422821
2225.0,0.8630149960517883
2230.0,0.8617349863052368
2235.0,0.859529972076416
2240.0,0.8564720153808594
2245.0,0.8542789816856384
2250.0,0.8525019884109497
2255.0,0.8485010266304016
2260.0,0.8463839888572693
2265.0,0.8395370244979858
2270.0,0.8371090292930603
2275.0,0.8309910297393799
2280.0,0.8230389952659607
2285.0,0.8178750276565552
2290.0,0.8135110139846802
2295.0,0.8093309998512268
2300.0,0.804751992225647
2305.0,0.8018829822540283
2310.0,0.8008059859275818
2315.0,0.7949650287628174
2320.0,0.7893900275230408
2325.0,0.7804009914398193
2330.0,0.7700620293617249
2335.0,0.7625939846038818
2340.0,0.760977029800415
2345.0,0.7667289972305298
2350.0,0.7781350016593933
2355.0,0.7967709898948669
2360.0,0.8140580058097839
2365.0,0.8289999961853027
2370.0,0.8388329744338989
2375.0,0.8444250226020813
2380.0,0.8487600088119507
2385.0,0.8503980040550232
2390.0,0.8524720072746277
2395.0,0.8517839908599854
2400.0,0.8507189750671387
2405.0,0.8515849709510803
2410.0,0.850134015083313
2415.0,0.8495129942893982
2420.0,0.845990002155304
2425.0,0.8421239852905273
2430.0,0.8396720290184021
2435.0,0.8349789977073669
2440.0,0.8291640281677246
2445.0,0.8245109915733337
2450.0,0.8186860084533691
2455.0,0.8116409778594971
2460.0,0.8033109903335571
2465.0,0.7938730120658875
2470.0,0.7821879982948303
2475.0,0.7715399861335754
2480.0,0.7607660293579102
2485.0,0.7531610131263733
2490.0,0.7483230233192444
2495.0,0.7440429925918579
2500.0,0.7393789887428284
2505.0,0.7374269962310791
2510.0,0.7334629893302917
2515.0,0.7271590232849121
2520.0,0.7158510088920593
2525.0,0.7005429863929749
2530.0,0.6853110194206238
2531.32,0.6838670969009399
2532.55,0.6825217604637146
2533.7900000000004,0.6811654567718506
2535.0299999999997,0.6798827052116394
2536.27,0.6815766096115112
2537.51,0.6832705140113831
2538.75,0.6849644184112549
2540.0,0.6866719722747803
2541.2400000000002,0.6921366453170776
2542.49,0.697645366191864
2543.7400000000002,0.7031541466712952
2544.99,0.7086628675460815
2546.2400000000002,0.7159454226493835
2547.49,0.723240852355957
2548.74,0.7305377125740051
2549.9900000000002,0.7378345727920532
2551.25,0.745468020439148
2552.5,0.753042995929718
2553.76,0.7606787085533142
2555.02,0.7682693004608154
2556.28,0.7730705738067627
2557.54,0.7778726816177368
2558.8,0.7826748490333557
2560.07,0.7875732183456421
2561.33,0.7934199571609497
2562.6000000000004,0.7993120551109314
2563.86,0.8051587343215942
2565.13,0.8106146454811096
2566.3999999999996,0.8122340440750122
2567.67,0.81385338306427
2568.9500000000003,0.8154852390289307
2570.22,0.8170649409294128
2571.5,0.8184666037559509
2572.77,0.8198572993278503
2574.05,0.8212586641311646
2575.33,0.82252436876297
2576.61,0.8233987092971802
2577.89,0.8242728114128113
2579.17,0.8251471519470215
2580.46,0.8262823820114136
2581.74,0.8278631567955017
2583.0299999999997,0.829456627368927
2584.31,0.8310377597808838
2585.6,0.8322449922561646
2586.89,0.8330084681510925
2588.19,0.833777904510498
2589.48,0.8345412611961365
2590.77,0.836814820766449
2592.07,0.8401336669921875
2593.36,0.8434262871742249
2594.6600000000003,0.8467451333999634
2595.96,0.8475924730300903
2597.2599999999998,0.8475646376609802
2598.56,0.8475368022918701
2599.8700000000003,0.8475087881088257
2601.17,0.8483920097351074
2602.48,0.8493838310241699
2603.78,0.8503682613372803
2605.09,0.8513190746307373
2606.3999999999996,0.8517137169837952
2607.71,0.8521082401275635
2609.03,0.8525058627128601
2610.3399999999997,0.8523417711257935
2611.6600000000003,0.850571870803833
2612.97,0.8488150238990784
2614.29,0.8470451235771179
2615.61,0.8477117419242859
2616.93,0.8512157201766968
2618.25,0.8547190427780151
2619.57,0.858223021030426
2620.8999999999996,0.8573468923568726
2622.22,0.8543882966041565
2623.5499999999997,0.8514078259468079
2624.88,0.8484267592430115
2626.21,0.8493940830230713
2627.5400000000004,0.8507528901100159
2628.87,0.8521115183830261
2630.21,0.8532703518867493
2631.5400000000004,0.853297770023346
2632.88,0.853325366973877
2634.21,0.8533527851104736
2635.5499999999997,0.8533475399017334
2636.8900000000003,0.8533419966697693
2638.2400000000002,0.8534775376319885
2639.58,0.8536120057106018
2640.92,0.8535178303718567
2642.27,0.853422999382019
2643.62,0.8532220125198364
2644.97,0.8530210256576538
2646.3199999999997,0.8528130054473877
2647.67,0.8526049852371216
2649.02,0.8525422215461731
2650.38,0.8524789810180664
2651.73,0.8522019982337952
2653.09,0.8519229888916016
2654.4500000000003,0.8513195514678955
2655.81,0.8507159948348999
2657.1699999999996,0.8501600027084351
2658.5299999999997,0.8496040105819702
2659.89,0.8492019772529602
2661.2599999999998,0.8487970232963562
2662.63,0.848406970500946
2664.0,0.8480169773101807
2665.36,0.8470972776412964
2666.74,0.8461639881134033
2668.11,0.8452636003494263
2669.48,0.8443629741668701
2670.8599999999997,0.8437839150428772
2672.23,0.8432090282440186
2673.61,0.8426880240440369
2674.9900000000002,0.8421670198440552
2676.37,0.8413693904876709
2677.76,0.8405659794807434
2679.14,0.8394889235496521
2680.52,0.8384119868278503
2681.91,0.8372895121574402
2683.3,0.8361669778823853
2684.6899999999996,0.8343330025672913
2686.08,0.8324990272521973
2687.47,0.8300687670707703
2688.87,0.8276209831237793
2690.2599999999998,0.8244887590408325
2691.6600000000003,0.8213340044021606
2693.06,0.8173375129699707
2694.46,0.8133410215377808
2695.86,0.8090940117835999
2697.26,0.804847002029419
2698.66,0.8010441064834595
2700.07,0.7972139716148376
2701.48,0.7935410141944885
2702.89,0.7898679971694946
2704.2999999999997,0.7866389751434326
2705.71,0.7834100127220154
2707.1200000000003,0.780857503414154
2708.53,0.7783049941062927
2709.9500000000003,0.7760685086250305
2711.37,0.7738320231437683
2712.79,0.7716605067253113
2714.21,0.7694889903068542
2715.63,0.7677655220031738
2717.05,0.7660419940948486
2718.48,0.7631240487098694
2719.9,0.7602270245552063
2721.33,0.75672847032547
2722.76,0.7532299757003784
2724.19,0.7518314719200134
2725.6200000000003,0.7504330277442932
2727.06,0.7500240802764893
2728.49,0.7496179938316345
2729.93,0.7484800815582275
2731.37,0.7473419904708862
2732.8100000000004,0.7456600069999695
2734.25,0.7439780235290527
2735.69,0.7417789697647095
2737.1400000000003,0.7395650148391724
2738.58,0.7380751967430115
2740.0299999999997,0.7365750074386597
2741.48,0.7354053854942322
2742.93,0.7342360019683838
2744.38,0.7334460020065308
2745.8300000000004,0.7326560020446777
2747.29,0.7322640419006348
2748.75,0.731872022151947
2750.2,0.7307119965553284
2751.6600000000003,0.7295439839363098
2753.13,0.7279055714607239
2754.5899999999997,0.7262780070304871
2756.05,0.7241954803466797
2757.52,0.7220990061759949
2758.99,0.7196843028068542
2760.46,0.717270016670227
2761.93,0.7149310111999512
2763.3999999999996,0.7125920057296753
2764.8700000000003,0.7107992768287659
2766.35,0.7089939713478088
2767.82,0.7071803212165833
2769.2999999999997,0.7053539752960205
2770.7799999999997,0.7026597857475281
2772.26,0.6999660134315491
2773.75,0.6964483857154846
2775.23,0.6929550170898438
2776.7200000000003,0.6888181567192078
2778.21,0.6846820116043091
2779.7000000000003,0.6802826523780823
2781.19,0.6758840084075928
2782.68,0.6714176535606384
2784.1800000000003,0.6669219732284546
2785.67,0.6631444096565247
2787.17,0.6593419909477234
2788.67,0.6573483347892761
2790.1699999999996,0.6553549766540527
2791.67,0.656283974647522
2793.18,0.6572189927101135
2794.68,0.6602112650871277
2796.19,0.6632230281829834
2797.7,0.6671372056007385
2799.21,0.6710519790649414
2800.7200000000003,0.6738243103027344
2802.24,0.6766149997711182
2803.75,0.6784310936927795
2805.27,0.6802589893341064
2806.79,0.6817766427993774
2808.31,0.6832939982414246
2809.83,0.6844754219055176
2811.35,0.6856570243835449
2812.8799999999997,0.6866415143013
2814.41,0.6876260042190552
2815.93,0.6886644959449768
2817.46,0.6897100210189819
2819.0,0.690669596195221
2820.53,0.6916229724884033
2822.07,0.6923066973686218
2823.6,0.692986011505127
2825.1400000000003,0.6930580139160156
2826.6800000000003,0.6931300163269043
2828.22,0.6930024027824402
2829.77,0.692874014377594
2831.3100000000004,0.6931336522102356
2832.86,0.6933950185775757
2834.4100000000003,0.6937869787216187
2835.96,0.6941789984703064
2837.5099999999998,0.6941176652908325
2839.07,0.69405597448349
2840.62,0.6938381791114807
2842.18,0.6936190128326416
2843.74,0.6935439705848694
2845.2999999999997,0.6934689879417419
2846.86,0.6930612921714783
2848.43,0.6926509737968445
2849.9900000000002,0.6920006275177002
2851.56,0.6913459897041321
2853.13,0.6907045245170593
2854.7,0.6900629997253418
2856.27,0.6898157596588135
2857.85,0.6895670294761658
2859.42,0.6891852021217346
2861.0,0.6888009905815125
2862.58,0.6882274746894836
2864.16,0.6876540184020996
2865.75,0.6869803667068481
2867.33,0.6863110065460205
2868.92,0.6855350136756897
2870.5099999999998,0.6847590208053589
2872.1,0.6843424439430237
2873.69,0.683925986289978
2875.28,0.6836214661598206
2876.88,0.6833149790763855
2878.48,0.6823991537094116
2880.0699999999997,0.6814889907836914
2881.68,0.6807436943054199
2883.28,0.6800029873847961
2884.88,0.6794158220291138
2886.49,0.6788250207901001
2888.1,0.6783475279808044
2889.71,0.677869975566864
2891.3199999999997,0.6774190068244934
2892.93,0.676967978477478
2894.55,0.6763089299201965
2896.16,0.6756540536880493
2897.78,0.6749212741851807
2899.4,0.6741880178451538
2901.03,0.67360919713974
2902.65,0.6730340123176575
2904.2799999999997,0.672480046749115
2905.91,0.6719260215759277
2907.54,0.6713509559631348
2909.17,0.6707760095596313
2910.8,0.6704340577125549
2912.44,0.6700900197029114
2914.07,0.669572651386261
2915.7099999999996,0.669052004814148
2917.35,0.6684414744377136
2918.99,0.6678310036659241
2920.6400000000003,0.6673750281333923
2922.29,0.6669189929962158
2923.93,0.6665491461753845
2925.58,0.666176974773407
2927.24,0.6658354997634888
2928.89,0.6654959917068481
2930.55,0.6651378870010376
2932.2,0.6647819876670837
2933.86,0.6643924713134766
2935.52,0.6640030145645142
2937.19,0.663646936416626
2938.85,0.6632930040359497
2940.52,0.662680983543396
2942.19,0.6620690226554871
2943.86,0.6617825031280518
2945.53,0.6614959836006165
2947.21,0.6612327098846436
2948.88,0.6609709858894348
2950.56,0.6603224277496338
2952.2400000000002,0.6596739888191223
2953.92,0.6593480110168457
2955.61,0.6590200066566467
2957.29,0.6591401100158691
2958.98,0.6592609882354736
2960.67,0.6590495109558105
2962.3599999999997,0.6588379740715027
2964.06,0.658616840839386
2965.75,0.6583970189094543
2967.45,0.6580615043640137
2969.15,0.657725989818573
2970.85,0.6573150157928467
2972.55,0.6569039821624756
2974.26,0.656841516494751
2975.97,0.6567789912223816
2977.68,0.6568694710731506
2979.39,0.6569600105285645
2981.1,0.6567232012748718
2982.8199999999997,0.6564850211143494
2984.5299999999997,0.6561185717582703
2986.25,0.6557499766349792
2987.97,0.65548175573349
2989.7,0.6552119851112366
2991.42,0.6548720002174377
2993.15,0.6545299887657166
2994.88,0.654540479183197
2996.61,0.6545510292053223
2998.3399999999997,0.6541118025779724
3000.08,0.6536700129508972
3001.8199999999997,0.6534330248832703
3003.55,0.6530939936637878
3005.3,0.6527969837188721
3007.04,0.6524930000305176
3008.7799999999997,0.6522510051727295
3010.53,0.6518139839172363
3012.28,0.6516619920730591
3014.03,0.6513530015945435
3015.79,0.6510130167007446
3017.54,0.6504790186882019
3019.2999999999997,0.6501820087432861
3021.06,0.6497390270233154
3022.8199999999997,0.6493210196495056
3024.58,0.6487569808959961
3026.35,0.648356020450592
3028.12,0.6479619741439819
3029.89,0.6476039886474609
3031.66,0.6471729874610901
3033.4300000000003,0.6467000246047974
3035.21,0.6461060047149658
3036.99,0.6455420255661011
3038.77,0.6450200080871582
3040.55,0.644491970539093
3042.3300000000004,0.6438189744949341
3044.12,0.6432179808616638
3045.9100000000003,0.6426180005073547
3047.7,0.6419870257377625
3049.4900000000002,0.6412950158119202
3051.29,0.6407430171966553
3053.08,0.640034019947052
3054.8799999999997,0.6391720175743103
3056.6800000000003,0.6383349895477295
3058.49,0.637474000453949
3060.29,0.6366609930992126
3062.1,0.6359390020370483
3063.91,0.6351929903030396
3065.72,0.6345139741897583
3067.54,0.6338220238685608
3069.35,0.6331850290298462
3071.17,0.6324390172958374
3072.99,0.63189297914505
3074.81,0.6312500238418579
3076.64,0.6305649876594543
3078.47,0.6296060085296631
3080.2900000000004,0.6285629868507385
3082.1299999999997,0.6272649765014648
3083.96,0.62602698802948
3085.79,0.624364972114563
3087.6299999999997,0.6224849820137024
3089.47,0.6205009818077087
3091.31,0.618511974811554
3093.1600000000003,0.6162850260734558
3095.0099999999998,0.6141989827156067
3096.85,0.6122090220451355
3098.71,0.610194981098175
3100.5600000000004,0.6081929802894592
3102.41,0.6063129901885986
3104.27,0.6043720245361328
3106.1299999999997,0.6028429865837097
3107.9900000000002,0.6013929843902588
3109.8599999999997,0.6004409790039062
3111.73,0.599943995475769
3113.5899999999997,0.6001260280609131
3115.4700000000003,0.6007869839668274
3117.34,0.6019700169563293
3119.21,0.6035829782485962
3121.09,0.6055489778518677
3122.97,0.6075559854507446
3124.86,0.6093760132789612
3126.74,0.6107109785079956
3128.6299999999997,0.6115170121192932
3130.52,0.6116330027580261
3132.4100000000003,0.6115170121192932
3134.3,0.611020028591156
3136.2000000000003,0.6101769804954529
3138.1,0.6091639995574951
3140.0,0.6081209778785706
3141.9,0.6069740056991577
3143.8100000000004,0.6057310104370117
3145.7099999999996,0.6046810150146484
3147.62,0.6037229895591736
3149.54,0.6027699708938599
3151.4500000000003,0.6021760106086731
3153.37,0.6018059849739075
3155.29,0.601951003074646
3157.21,0.6025999784469604
3159.13,0.6039530038833618
3161.06,0.6058819890022278
3162.9900000000002,0.6082900166511536
3164.92,0.6108260154724121
3166.8500000000004,0.6134099960327148
3168.79,0.6158000230789185
3170.7200000000003,0.6179839968681335
3172.67,0.6197550296783447
3174.61,0.621284008026123
3176.55,0.6224240064620972
3178.5,0.6233100295066833
3180.45,0.6239219903945923
3182.4,0.6245049834251404
3184.3599999999997,0.6247720122337341
3186.3199999999997,0.6248379945755005
3188.27,0.6249229907989502
3190.2400000000002,0.6250020265579224
3192.2000000000003,0.624875009059906
3194.17,0.624783992767334
3196.1400000000003,0.6244930028915405
3198.1099999999997,0.6242979764938354
3200.08,0.6239039897918701
3202.06,0.6235889792442322
3204.04,0.6231160163879395
3206.02,0.6225090026855469
3208.0,0.6219019889831543
3209.99,0.6213560104370117
3211.98,0.6206769943237305
3213.9700000000003,0.6200770139694214
3215.96,0.6194210052490234
3217.96,0.61878502368927
3219.96,0.6180019974708557
3221.96,0.6172919869422913
3223.96,0.6164190173149109
3225.97,0.6156359910964966
3227.98,0.6146900057792664
3229.99,0.6137440204620361
3232.0,0.6127910017967224
3234.02,0.6118209958076477
3236.04,0.6107590198516846
3238.06,0.6096130013465881
3240.08,0.6084539890289307
3242.1099999999997,0.6073989868164062
3244.14,0.6062830090522766
3246.17,0.6053540110588074
3248.2000000000003,0.6043230295181274
3250.24,0.6033040285110474
3252.2799999999997,0.6021699905395508
3254.3199999999997,0.6010900139808655
3256.37,0.5998340249061584
3258.41,0.5984389781951904
3260.46,0.5970140099525452
3262.5099999999998,0.5956609845161438
3264.57,0.5942360162734985
3266.63,0.5926830172538757
3268.69,0.590965986251831
3270.75,0.5892860293388367
3272.8100000000004,0.5873870253562927
3274.88,0.5854880213737488
3276.95,0.5834019780158997
3279.02,0.5812479853630066
3281.1,0.5788400173187256
3283.1800000000003,0.5764930248260498
3285.26,0.5739570260047913
3287.34,0.5713059902191162
3289.43,0.5687040090560913
3291.51,0.5661860108375549
3293.61,0.5634689927101135
3295.7000000000003,0.5605090260505676
3297.8,0.5573970079421997
3299.9,0.5541700124740601
3302.0,0.5506880283355713
3304.1,0.5470730066299438
3306.21,0.543274998664856
3308.32,0.5392109751701355
3310.4300000000003,0.5348799824714661
3312.5499999999997,0.5304210186004639
3314.66,0.5255439877510071
3316.79,0.5202969908714294
3318.91,0.5144370198249817
3321.0299999999997,0.5080620050430298
3323.1600000000003,0.5009229779243469
3325.29,0.4930669963359833
3327.4300000000003,0.4840109944343567
3329.5699999999997,0.4736199975013733
3331.71,0.4613780081272125
3333.85,0.44702601432800293
3335.99,0.4299449920654297
3338.1400000000003,0.40953299403190613
3340.29,0.38526299595832825
3342.45,0.35761401057243347
3344.6,0.3285459876060486
3346.76,0.30167898535728455
3348.92,0.28044798970222473
3351.09,0.2663689851760864
3353.26,0.2590959966182709
3355.4300000000003,0.2569369971752167
3357.6000000000004,0.25844699144363403
3359.78,0.2623170018196106
3361.96,0.2674430012702942
3364.14,0.27292099595069885
3366.32,0.2778950035572052
3368.51,0.2819890081882477
3370.7,0.28497400879859924
3372.89,0.2869510054588318
3375.09,0.288098007440567
3377.29,0.2888619899749756
3379.4900000000002,0.2894990146160126
3381.69,0.29042699933052063
3383.9,0.291592001914978
3386.11,0.29291999340057373
3388.32,0.2943820059299469
3390.54,0.29594099521636963
3392.76,0.2974089980125427
3394.98,0.29865899682044983
3397.21,0.2997500002384186
3399.4300000000003,0.3008359968662262
3401.6600000000003,0.30181899666786194
3403.9,0.302717000246048
3406.13,0.30353599786758423
3408.3700000000003,0.3044329881668091
3410.61,0.3052699863910675
3412.8599999999997,0.30606499314308167
3415.1099999999997,0.30666598677635193
3417.36,0.3071810007095337
3419.61,0.307545006275177
3421.8700000000003,0.30797600746154785
3424.13,0.3083460032939911
3426.39,0.3087399899959564
3428.66,0.3089590072631836
3430.93,0.30910998582839966
3433.2,0.3090499937534332
3435.48,0.3089340031147003
3437.7599999999998,0.30869200825691223
3440.0400000000004,0.3083460032939911
3442.32,0.30775099992752075
3444.61,0.30702999234199524
3446.8999999999996,0.30605900287628174
3449.19,0.30492499470710754
3451.4900000000002,0.303384006023407
3453.79,0.30146101117134094
3456.09,0.298895001411438
3458.4,0.29548001289367676
3460.7000000000003,0.29079699516296387
3463.0200000000004,0.28422799706459045
3465.33,0.2751230001449585
3467.65,0.26302701234817505
3469.97,0.24852900207042694
3472.29,0.2338619977235794
3474.62,0.22125700116157532
3476.95,0.2121029943227768
3479.2900000000004,0.20674100518226624
3481.62,0.20512700080871582
3483.96,0.20646800100803375
3486.3,0.20970700681209564
3488.6499999999996,0.21385599672794342
3491.0,0.2185939997434616
3493.35,0.22386500239372253
3495.71,0.2295369952917099
3498.0699999999997,0.23540900647640228
3500.4300000000003,0.24134700000286102
3502.79,0.2472430020570755
3505.16,0.2532060146331787
3507.53,0.2593269944190979
3509.9100000000003,0.26579299569129944
3512.29,0.27273300290107727
3514.67,0.28057000041007996
3517.0499999999997,0.2899230122566223
3519.44,0.30137598514556885
3521.83,0.31556400656700134
3524.23,0.332489013671875
3526.62,0.351626992225647
3529.02,0.3717780113220215
3531.43,0.3917109966278076
3533.83,0.41050899028778076
3536.24,0.42774900794029236
3538.6600000000003,0.4433560073375702
3541.08,0.45726001262664795
3543.5,0.46958601474761963
3545.92,0.4804069995880127
3548.35,0.49001601338386536
3550.78,0.49844199419021606
3553.21,0.5058299899101257
3555.65,0.5121510028839111
3558.09,0.5174340009689331
3560.5299999999997,0.521668016910553
3562.98,0.5248410105705261
3565.4300000000003,0.5267819762229919
3567.88,0.5276309847831726
3570.3399999999997,0.5277040004730225
3572.8,0.5281100273132324
3575.27,0.5302029848098755
3577.73,0.534850001335144
3580.2000000000003,0.5415520071983337
3582.68,0.5494260191917419
3585.1600000000003,0.5573300123214722
3587.64,0.5648459792137146
3590.1200000000003,0.5718100070953369
3592.61,0.5781239867210388
3595.1,0.5837600231170654
3597.6,0.588811993598938
3600.0899999999997,0.5933560132980347
3602.6,0.5974379777908325
3605.1000000000004,0.6010169982910156
3607.61,0.6044809818267822
3610.1200000000003,0.6074900031089783
3612.64,0.6103039979934692
3615.16,0.6128219962120056
3617.68,0.6150540113449097
3620.21,0.6170859932899475
3622.74,0.6190329790115356
3625.27,0.6208040118217468
3627.8100000000004,0.622497022151947
3630.35,0.6240320205688477
3632.8900000000003,0.6254870295524597
3635.44,0.6268399953842163
3637.99,0.6281629800796509
3640.54,0.6293209791183472
3643.1,0.6304799914360046
3645.66,0.6316140294075012
3648.23,0.6327549815177917
3650.7999999999997,0.6337370276451111
3653.37,0.6347870230674744
3655.95,0.6357210278511047
3658.5299999999997,0.6366729736328125
3661.1099999999997,0.6375589966773987
3663.7,0.6383470296859741
3666.29,0.6390269994735718
3668.8900000000003,0.6396939754486084
3671.48,0.640209972858429
3674.09,0.6408590078353882
3676.6899999999996,0.6413140296936035
3679.3,0.6417319774627686
3681.91,0.6419510245323181
3684.53,0.642175018787384
3687.15,0.6422659754753113
3689.7799999999997,0.6423389911651611
3692.4,0.6421930193901062
3695.04,0.6419690251350403
3697.67,0.6416839957237244
3700.31,0.641398012638092
3702.95,0.6409069895744324
3705.6,0.6404280066490173
3708.25,0.6397789716720581
3710.9100000000003,0.6391479969024658
3713.5600000000004,0.638329029083252
3716.23,0.6373890042304993
3718.89,0.6363030076026917
3721.5600000000004,0.6353200078010559
3724.23,0.6340770125389099
3726.9100000000003,0.6327670216560364
3729.59,0.6311709880828857
3732.2799999999997,0.6294360160827637
3734.9700000000003,0.627344012260437
3737.66,0.6250630021095276
3740.36,0.6224849820137024
3743.06,0.6196399927139282
3745.76,0.6168619990348816
3748.4700000000003,0.6143559813499451
3751.1800000000003,0.6120089888572693
3753.8999999999996,0.6099100112915039
3756.62,0.607725977897644
3759.3399999999997,0.6057180166244507
3762.07,0.6034740209579468
3764.8,0.6007930040359497
3767.54,0.5974259972572327
3770.28,0.5936049818992615
3773.02,0.5892919898033142
3775.77,0.5845119953155518
3778.52,0.5789920091629028
3781.28,0.5727919936180115
3784.04,0.5656530261039734
3786.7999999999997,0.557220995426178
3789.5699999999997,0.546999990940094
3792.3399999999997,0.5345339775085449
3795.12,0.5192779898643494
3797.8999999999996,0.5016930103302002
3800.69,0.48274898529052734
3803.47,0.46373799443244934
3806.27,0.44540101289749146
3809.06,0.4283370077610016
3811.8599999999997,0.41261398792266846
3814.67,0.39817699790000916
3817.48,0.3847469985485077
3820.29,0.3721419870853424
3823.1099999999997,0.3601369857788086
3825.93,0.3485510051250458
3828.7599999999998,0.337226003408432
3831.5899999999997,0.32618600130081177
3834.42,0.3153820037841797
3837.26,0.30514898896217346
3840.1,0.2960380017757416
3842.9500000000003,0.2885589897632599
3845.8,0.28283798694610596
3848.65,0.2786349952220917
3851.51,0.2753170132637024
3854.38,0.2727450132369995
3857.24,0.27070000767707825
3860.1200000000003,0.2689470052719116
3862.99,0.2673279941082001
3865.8700000000003,0.26587799191474915
3868.7599999999998,0.2645860016345978
3871.6499999999996,0.26341500878334045
3874.54,0.26240798830986023
3877.44,0.2617410123348236
3880.3399999999997,0.26117101311683655
3883.25,0.26034000515937805
3886.16,0.2591809928417206
3889.0699999999997,0.2579739987850189
3891.99,0.25674301385879517
3894.92,0.25548699498176575
3897.85,0.2542490065097809
3900.78,0.2530120015144348
3903.72,0.2516529858112335
3906.66,0.2502099871635437
3909.6000000000004,0.2486809939146042
3912.55,0.24700699746608734
3915.5099999999998,0.24507200717926025
3918.4700000000003,0.24289999902248383
3921.43,0.24029800295829773
3924.4,0.23720400035381317
3927.3799999999997,0.23350399732589722
3930.35,0.22951200604438782
3933.3300000000004,0.22608500719070435
3936.3199999999997,0.22330699861049652
3939.31,0.21899400651454926
3942.31,0.21034400165081024
3945.31,0.19742900133132935
3948.3100000000004,0.18333800137043
3951.32,0.17011399567127228
3954.34,0.15807299315929413
3957.35,0.14728200435638428
3960.3799999999997,0.13820700347423553
3963.4100000000003,0.13089199364185333
3966.44,0.12512899935245514
3969.48,0.12074899673461914
3972.52,0.11766800284385681
3975.5600000000004,0.115557000041008
3978.61,0.11407700181007385
3981.6699999999996,0.11326400190591812
3984.73,0.11344599723815918
3987.8,0.11517500132322311
3990.8700000000003,0.11904499679803848
3993.9399999999996,0.12508000433444977
3997.02,0.1329910010099411
4000.1,0.14267799258232117
4003.19,0.15428200364112854
4006.29,0.16767600178718567
4009.39,0.18280400335788727
4012.49,0.19944900274276733
4015.6,0.21696799993515015
4018.7099999999996,0.23392200469970703
4021.8299999999995,0.24932999908924103
4024.9499999999994,0.2633120119571686
4028.08,0.2768569886684418
4031.2099999999996,0.2904509902000427
4034.35,0.30445200204849243
4037.4900000000002,0.31911900639533997
4040.64,0.3350850045681
4043.7900000000004,0.3522090017795563
4046.94,0.369733989238739
4050.11,0.3866029977798462
4053.2700000000004,0.4022409915924072
4056.44,0.41610801219940186
4059.62,0.42826399207115173
4062.8,0.4387339949607849
4065.9900000000002,0.4479849934577942
4069.1800000000003,0.4563249945640564
4072.38,0.46428999304771423
4075.5800000000004,0.4719879925251007
4078.78,0.4795460104942322
4082.0,0.48680099844932556
4085.21,0.49377700686454773
4088.43,0.500298023223877
4091.66,0.5064299702644348
4094.8900000000003,0.5121260285377502
4098.13,0.5176219940185547
4101.37,0.5227659940719604
4104.62,0.5277770161628723
4107.87,0.5325440168380737
4111.13,0.5373309850692749
4114.39,0.5419350266456604
4117.66,0.5465450286865234
4120.93,0.5510640144348145
4124.21,0.5556859970092773
4127.5,0.5600900053977966
4130.79,0.5645239949226379
4134.08,0.5688859820365906
4137.38,0.573173999786377
4140.679999999999,0.5771960020065308
4143.99,0.5812119841575623
4147.31,0.5849729776382446
4150.629999999999,0.5885940194129944
4153.95,0.5918819904327393
4157.29,0.5950480103492737
4160.62,0.5978689789772034
4163.96,0.60064697265625
4167.3099999999995,0.603177011013031
4170.66,0.6055729985237122
4174.0199999999995,0.6078230142593384
4177.39,0.6100130081176758
4180.75,0.6108633279800415
4184.13,0.6117188930511475
4187.509999999999,0.6125742793083191
4190.889999999999,0.6134297251701355
4194.28,0.614287793636322
4197.68,0.6151483058929443
4201.08,0.6160087585449219
4204.49,0.6168718934059143
4207.900000000001,0.6177349090576172
4211.32,0.6186004877090454
4214.74,0.6194660663604736
4218.17,0.620334267616272
4221.61,0.6212048530578613
4225.05,0.6220754981040955
4228.5,0.6229486465454102
4231.950000000001,0.6238217949867249
4235.400000000001,0.6246951222419739
4238.870000000001,0.6255733370780945
4242.34,0.6264515519142151
4245.8099999999995,0.6273297667503357
4249.29,0.6282105445861816
4252.78,0.6290938258171082
4256.2699999999995,0.6299771070480347
4259.7699999999995,0.6308629512786865
4263.27,0.6317487955093384
4266.78,0.6326371431350708
4270.29,0.633525550365448
4273.81,0.634416401386261
4277.34,0.6353098750114441
4280.87,0.6362032890319824
4284.41,0.6370992660522461
4287.950000000001,0.6379952430725098
4291.5,0.638893723487854
4295.06,0.6397947669029236
4298.62,0.6406958103179932
4302.1900000000005,0.6415992379188538
4305.76,0.6425028443336487
4309.34,0.6434089541435242
4312.92,0.6443150639533997
4316.5199999999995,0.645226240158081
4320.11,0.6461347341537476
4323.719999999999,0.6470484137535095
4327.320000000001,0.6479595899581909
4330.94,0.6488757133483887
4334.5599999999995,0.649791955947876
4338.19,0.6507107615470886
4341.820000000001,0.6516293883323669
4345.46,0.6525507569313049
4349.11,0.6534745693206787
4352.76,0.6543983221054077
4356.42,0.6553246974945068
4360.08,0.6562509536743164
4363.75,0.6571798324584961
4367.429999999999,0.6581113338470459
4371.11,0.6590426564216614
4374.799999999999,0.659976601600647
4378.49,0.6609104871749878
4382.19,0.6618469953536987
4385.900000000001,0.6620110273361206
4389.610000000001,0.662077009677887
4393.33,0.6616290211677551
4397.0599999999995,0.6610519886016846
4400.79,0.6601849794387817
4404.530000000001,0.6593359708786011
4408.280000000001,0.6584320068359375
4412.03,0.6574919819831848
4415.79,0.6562060117721558
4419.55,0.6547979712486267
4423.320000000001,0.6531180143356323
4427.1,0.6514319777488708
4430.88,0.6494839787483215
4434.68,0.6474519968032837
4438.469999999999,0.6450740098953247
4442.280000000001,0.642503023147583
4446.08,0.6396089792251587
4449.900000000001,0.6366850137710571
4453.719999999999,0.6336950063705444
4457.55,0.6309829950332642
4461.389999999999,0.6283749938011169
4465.2300000000005,0.6259670257568359
4469.08,0.6233580112457275
4472.9400000000005,0.6206160187721252
4476.8,0.6174499988555908
4480.67,0.6140289902687073
4484.549999999999,0.6104320287704468
4488.43,0.6069679856300354
4492.320000000001,0.6035950183868408
4496.21,0.6005079746246338
4500.12,0.5977110266685486
4504.030000000001,0.5954849720001221
4507.94,0.5936769843101501
4511.87,0.5924100279808044
4515.799999999999,0.5913360118865967
4519.7300000000005,0.5905900001525879
4523.679999999999,0.5899590253829956
4527.63,0.5894010066986084
4531.589999999999,0.5889099836349487
4535.55,0.588690996170044
4539.52,0.5884119868278503
4543.5,0.5883209705352783
4547.49,0.5881329774856567
4551.48,0.5879819989204407
4555.4800000000005,0.5876719951629639
4559.490000000001,0.5873810052871704
4563.5,0.5869140028953552
4567.52,0.5864530205726624
4571.55,0.5859010219573975
4575.580000000001,0.5853850245475769
4579.63,0.584712028503418
4583.67,0.584069013595581
4587.73,0.5831350088119507
4591.79,0.5821700096130371
4595.86,0.5806959867477417
4599.9400000000005,0.5787670016288757
4604.03,0.5764260292053223
4608.120000000001,0.5743569731712341
4612.219999999999,0.5719670057296753
4616.33,0.5685340166091919
4620.4400000000005,0.5633540153503418
4624.5599999999995,0.5566020011901855
4628.69,0.5489230155944824
4632.83,0.5407400131225586
4636.97,0.531063973903656
4641.12,0.5196300148963928
4645.28,0.5069460272789001
4649.45,0.4943529963493347
4653.62,0.4824329912662506
4657.8,0.47206100821495056
4661.990000000001,0.46402299404144287
4666.1900000000005,0.4586549997329712
4670.39,0.4554159939289093
4674.599999999999,0.4540199935436249
4678.82,0.45401400327682495
4683.049999999999,0.45545199513435364
4687.280000000001,0.45844900608062744
4691.5199999999995,0.4634169936180115
4695.77,0.4700469970703125
4700.03,0.4786849915981293
4704.3,0.4894149899482727
4708.57,0.5025359988212585
4712.85,0.5173310041427612
4717.139999999999,0.5333880186080933
4721.429999999999,0.5498260259628296
4725.74,0.56563401222229
4730.05,0.579397976398468
4734.37,0.590578019618988
4738.7,0.5991610288619995
4743.03,0.6060760021209717
4747.38,0.6119059920310974
4751.7300000000005,0.6169340014457703
4756.09,0.6211320161819458
4760.45,0.6248869895935059
4764.83,0.6282349824905396
4769.21,0.6315109729766846
4773.6,0.6342830061912537
4778.0,0.6366850137710571
4782.41,0.6384320259094238
4786.83,0.6397669911384583
4791.25,0.6405370235443115
4795.68,0.6411380171775818
4800.13,0.6414170265197754
4804.57,0.6416530013084412
4809.03,0.641664981842041
4813.5,0.6417930126190186
4817.97,0.6417379975318909
4822.45,0.6417689919471741
4826.94,0.6416710019111633
4831.44,0.6415989995002747
4835.950000000001,0.6413620114326477
4840.46,0.6412349939346313
4844.99,0.6408889889717102
4849.52,0.6404889822006226
4854.0599999999995,0.639972984790802
4858.61,0.6396579742431641
4863.17,0.6391720175743103
4867.73,0.6388019919395447
4872.3099999999995,0.6383230090141296
4876.89,0.637923002243042
4881.48,0.637382984161377
4886.08,0.6370069980621338
4890.6900000000005,0.6365209817886353
4895.31,0.6361449956893921
4899.94,0.6355209946632385
4904.57,0.635004997253418
4909.22,0.6343259811401367
4913.87,0.6338589787483215
4918.53,0.6332399845123291
4923.21,0.6327360272407532
4927.88,0.632220983505249
4932.57,0.6319299936294556
4937.2699999999995,0.6314749717712402
4941.9800000000005,0.6312739849090576
4946.6900000000005,0.6309829950332642
4951.42,0.6308680176734924
4956.15,0.630728006362915
4960.9,0.6308069825172424
4965.650000000001,0.630649983882904
4970.41,0.6307650208473206
4975.18,0.6307770013809204
4979.96,0.6310439705848694
4984.75,0.6310920119285583
4989.54,0.6313650012016296
4994.349999999999,0.6314749717712402
4999.17,0.6316689848899841
5003.99,0.6316379904747009
5008.83,0.6317480206489563
5013.67,0.631650984287262
5018.5199999999995,0.6318079829216003
5023.39,0.6317660212516785
5028.26,0.6317110061645508
5033.14,0.6316019892692566
5038.03,0.6316750049591064
5042.93,0.6315529942512512
5047.84,0.631443977355957
5052.76,0.631026029586792
5057.69,0.6306740045547485
5062.63,0.6298969984054565
5067.580000000001,0.629006028175354
5072.54,0.6273859739303589
5077.51,0.6249719858169556
5082.49,0.620386004447937
5087.469999999999,0.6122210025787354
5092.469999999999,0.596904993057251
5097.48,0.5723429918289185
5102.5,0.5476549863815308
5107.52,0.5451130270957947
5112.56,0.5636569857597351
5117.61,0.5852519869804382
5122.66,0.5999860167503357
5127.73,0.60698002576828
5132.81,0.6095640063285828
5137.889999999999,0.610256016254425
5142.99,0.6099950075149536
5148.1,0.609358012676239
5153.22,0.6081330180168152
5158.34,0.6065800189971924
5163.48,0.6051239967346191
5168.63,0.6033530235290527
5173.79,0.6014540195465088
5178.96,0.6001920104026794
5184.13,0.598954975605011
5189.320000000001,0.5975229740142822
5194.5199999999995,0.5956670045852661
5199.73,0.5938529968261719
5204.96,0.5916510224342346
5210.19,0.5892670154571533
5215.429999999999,0.5871809720993042
5220.679999999999,0.5847179889678955
5225.94,0.5821099877357483
5231.22,0.579908013343811
5236.5,0.5775120258331299
5241.79,0.5751640200614929
5247.099999999999,0.572409987449646
5252.42,0.5697349905967712
5257.74,0.5667809844017029
5263.080000000001,0.5637900233268738
5268.43,0.5606060028076172
5273.79,0.5575550198554993
5279.16,0.5544180274009705
5284.54,0.5512819886207581
5289.93,0.5480369925498962
5295.34,0.5448769927024841
5300.75,0.5409089922904968
5306.18,0.5369669795036316
5311.61,0.5327749848365784
5317.0599999999995,0.5284259915351868
5322.5199999999995,0.5237429738044739
5327.99,0.5189380049705505
5333.47,0.51385498046875
5338.96,0.5087779760360718
5344.47,0.5034639835357666
5349.9800000000005,0.49865400791168213
5355.51,0.49350398778915405
5361.049999999999,0.4879229962825775
5366.6,0.4825490117073059
5372.16,0.47731998562812805
5377.73,0.47181200981140137
5383.320000000001,0.46607300639152527
5388.91,0.4600139856338501
5394.52,0.45388099551200867
5400.14,0.447609007358551
5405.77,0.4412029981613159
5411.41,0.43459099531173706
5417.07,0.4277909994125366
5422.74,0.4210459887981415
5428.410000000001,0.41335999965667725
5434.1,0.40449199080467224
5439.8099999999995,0.3962480127811432
5445.52,0.38753101229667664
5451.25,0.37858399748802185
5456.98,0.3692300021648407
5462.73,0.3601189851760864
5468.5,0.35059499740600586
5474.2699999999995,0.3401319980621338
5480.0599999999995,0.329818993806839
5485.86,0.31888899207115173
5491.67,0.30702999234199524
5497.49,0.2948850095272064
5503.33,0.2816680073738098
5509.179999999999,0.26723700761795044
5515.04,0.2510949969291687
5520.91,0.2329699993133545
5526.799999999999,0.21173299849033356
5532.69,0.18652300536632538
5538.610000000001,0.15719999372959137
5544.53,0.12428600341081619
5550.469999999999,0.09163299947977066
5556.41,0.0649849995970726
5562.38,0.04976499825716019
5568.349999999999,0.04470599815249443
5574.34,0.04482800140976906
5580.339999999999,0.046452999114990234
5586.35,0.052834998816251755
5592.38,0.06737499684095383
5598.42,0.08933400362730026
5604.47,0.11396799981594086
5610.54,0.13790400326251984
5616.61,0.1587650030851364
5622.71,0.17621099948883057
5628.8099999999995,0.1889979988336563
5634.929999999999,0.19787199795246124
5641.06,0.2039559930562973
5647.21,0.20760799944400787
5653.360000000001,0.2079479992389679
5659.54,0.20605500042438507
5665.72,0.20175400376319885
5671.92,0.19721700251102448
5678.13,0.193122997879982
5684.36,0.18795999884605408
5690.599999999999,0.18305900692939758
5696.85,0.17953500151634216
5703.12,0.17589500546455383
5709.4,0.17262600362300873
5715.6900000000005,0.16918599605560303
5722.0,0.16554099321365356
5728.33,0.16218599677085876
5734.66,0.15905000269412994
5741.01,0.1559620052576065
5747.38,0.1530809998512268
5753.76,0.15037000179290771
5760.150000000001,0.14796100556850433
5766.56,0.14683300256729126
5772.98,0.14603200554847717
5779.410000000001,0.1450680047273636
5785.86,0.14525599777698517
5792.33,0.1456809937953949
5798.8099999999995,0.14631099998950958
5805.3,0.14688800275325775
5811.81,0.14733700454235077
5818.33,0.147816002368927
5824.87,0.14855599403381348
5831.419999999999,0.1486710011959076
5837.99,0.14876200258731842
5844.57,0.1489199995994568
5851.17,0.14922299981117249
5857.78,0.1494169980287552
5864.410000000001,0.1494780033826828
5871.05,0.14915600419044495
5877.7,0.14869500696659088
5884.38,0.14868900179862976
5891.06,0.147148996591568
5897.76,0.14588099718093872
5904.4800000000005,0.1443520039319992
5911.21,0.14205899834632874
5917.96,0.14042100310325623
5924.7300000000005,0.1383650004863739
5931.5,0.13626599311828613
5938.3,0.13450099527835846
5945.11,0.1316560059785843
5951.93,0.12847700715065002
5958.78,0.12622100114822388
5965.63,0.12406700104475021
5972.51,0.12238699942827225
5979.39,0.12016099691390991
5986.3,0.11839000135660172
5993.22,0.1168069988489151
6000.16,0.11462300270795822
6007.11,0.11228100210428238
6014.08,0.11025500297546387
6021.06,0.10782299935817719
6028.06,0.10517200082540512
6035.08,0.1026730015873909
6042.12,0.10036800056695938
6049.17,0.09865099936723709
6056.2300000000005,0.0961880013346672
6063.32,0.09295500069856644
6070.42,0.09146899729967117
6077.530000000001,0.09003099799156189
6084.67,0.0882359966635704
6091.820000000001,0.0867919996380806
6098.9800000000005,0.08596699684858322
6106.17,0.08522699773311615
6113.37,0.08497799932956696
6120.58,0.08451099693775177
6127.82,0.08381400257349014
6135.07,0.08340699970722198
6142.34,0.08341900259256363
6149.63,0.08348000049591064
6156.93,0.08383800089359283
6164.25,0.08441399782896042
6171.59,0.08522699773311615
6178.950000000001,0.08625199645757675
6186.320000000001,0.08813299983739853
6193.71,0.09007400274276733
6201.120000000001,0.09218499809503555
6208.54,0.0947749987244606
6215.99,0.09802599996328354
6223.45,0.10141699761152267
6230.93,0.10531099885702133
6238.43,0.1094060018658638
6245.95,0.11410100013017654
6253.48,0.11881399899721146
6261.03,0.12381300330162048
6268.6,0.1285810023546219
6276.19,0.13324500620365143
6283.8,0.13693900406360626
6291.43,0.13967500627040863
6299.070000000001,0.14175599813461304
6306.73,0.14603200554847717
6314.42,0.15303300321102142
6322.12,0.16216200590133667
6329.84,0.17181900143623352
6337.570000000001,0.18275600671768188
6345.33,0.19605900347232819
6353.11,0.21244899928569794
6360.9,0.22612200677394867
6368.719999999999,0.23773199319839478
6376.55,0.24897199869155884
6384.400000000001,0.259321004152298
6392.2699999999995,0.26839500665664673
6400.17,0.27803999185562134
6408.08,0.28710898756980896
6416.01,0.2975969910621643
6423.96,0.3086009919643402
6431.93,0.3167470097541809
6439.92,0.32398998737335205
6447.93,0.33031100034713745
6455.96,0.33331298828125
6464.01,0.33324098587036133
6472.08,0.33028000593185425
6480.17,0.32615599036216736
6488.28,0.3209809958934784
6496.41,0.3156979978084564
6504.5599999999995,0.30883699655532837
6512.7300000000005,0.30135801434516907
6520.92,0.2950429916381836
6529.14,0.2891170084476471
6537.37,0.2825169861316681
6545.63,0.27633601427078247
6553.9,0.27050599455833435
6562.2,0.26465898752212524
6570.509999999999,0.2588599920272827
6578.85,0.25332099199295044
6587.21,0.24709199368953705
6595.589999999999,0.24109800159931183
6603.99,0.23517799377441406
6612.42,0.22930599749088287
6620.860000000001,0.22393199801445007
6629.330000000001,0.21890899538993835
6637.82,0.21470500528812408
6646.33,0.21053199470043182
6654.860000000001,0.2057819962501526
6663.41,0.20148800313472748
6671.99,0.1979449987411499
6680.589999999999,0.19463899731636047
6689.21,0.19141200184822083
6697.849999999999,0.18795999884605408
6706.509999999999,0.18474499881267548
6715.200000000001,0.18193699419498444
6723.91,0.17917099595069885
6732.64,0.1762170046567917
6741.4,0.17345699667930603
6750.18,0.17092099785804749
6758.9800000000005,0.16864599287509918
6767.8,0.16645699739456177
6776.65,0.1644970029592514
6785.52,0.16260500252246857
6794.41,0.16085200011730194
6803.33,0.15893499553203583
6812.2699999999995,0.1567929983139038
6821.23,0.1548520028591156
6830.219999999999,0.15317800641059875
6839.23,0.15143699944019318
6848.26,0.14958100020885468
6857.32,0.1479550004005432
6866.4,0.14674200117588043
6875.51,0.1453769952058792
6884.64,0.143545001745224
6893.799999999999,0.14184699952602386
6902.9800000000005,0.14031200110912323
6912.18,0.1387840062379837
6921.41,0.13732799887657166
6930.66,0.1359259933233261
6939.94,0.1348710060119629
6949.24,0.1340699940919876
6958.57,0.13360899686813354
6967.92,0.133432999253273
6977.299999999999,0.1331540048122406
6986.7,0.1326330006122589
6996.13,0.13234800100326538
7005.59,0.13202600181102753
7015.07,0.13164399564266205
7024.57,0.13124999403953552
7034.099999999999,0.13101300597190857
7043.66,0.13072200119495392
7053.25,0.13066700100898743
7062.85,0.1304430067539215
7072.49,0.13003000617027283
7082.150000000001,0.1295270025730133
7091.84,0.12878699600696564
7101.549999999999,0.12756800651550293
7111.3,0.12552900612354279
7121.0599999999995,0.12238699942827225
7130.860000000001,0.11853499710559845
7140.679999999999,0.11512599885463715
7150.53,0.1131490021944046
7160.41,0.11213599890470505
7170.3099999999995,0.11146800220012665
7180.240000000001,0.11068599671125412
7190.2,0.109934002161026
7200.1900000000005,0.10954599827528
7210.200000000001,0.10964900255203247
7220.240000000001,0.11018200218677521
7230.31,0.11108600348234177
7240.41,0.11219599843025208
7250.54,0.11350700259208679
7260.6900000000005,0.11480499804019928
7270.88,0.11623600125312805
7281.09,0.11789199709892273
7291.33,0.12000899761915207
7301.599999999999,0.12256299704313278
7311.9,0.1256749927997589
7322.219999999999,0.1292479932308197
7332.58,0.13295400142669678
7342.97,0.1368360072374344
7353.379999999999,0.140748992562294
7363.83,0.14441899955272675
7374.3,0.14793099462985992
7384.8099999999995,0.1512250006198883
7395.34,0.1541370004415512
7405.910000000001,0.15666000545024872
7416.5,0.158952996134758
7427.13,0.1611430048942566
7437.78,0.1632539927959442
7448.47,0.16548000276088715
7459.1900000000005,0.16777899861335754
7469.9400000000005,0.1701200008392334
7480.71,0.17227999866008759
7491.52,0.17409999668598175
7502.37,0.17559200525283813
7513.24,0.1768839955329895
7524.14,0.17792099714279175
7535.08,0.17878900468349457
7546.05,0.17950400710105896
7557.05,0.1801539957523346
7568.08,0.1807900071144104
7579.150000000001,0.18164600431919098
7590.24,0.18266500532627106
7601.37,0.18398700654506683
7612.53,0.185698002576828
7623.7300000000005,0.18793000280857086
7634.96,0.19067800045013428
7646.219999999999,0.19401399791240692
7657.51,0.19772100448608398
7668.84,0.20168200135231018
7680.2,0.20569099485874176
7691.59,0.20974299311637878
7703.02,0.21374699473381042
7714.49,0.2175929993391037
7725.98,0.221001997590065
7737.5199999999995,0.22392000257968903
7749.08,0.22626100480556488
7760.679999999999,0.22804400324821472
7772.32,0.22921499609947205
7783.99,0.2299789935350418
7795.69,0.23042799532413483
7807.43,0.23102299869060516
7819.21,0.23226599395275116
7831.0199999999995,0.23452900350093842
7842.87,0.23716799914836884
7854.75,0.23930299282073975
7866.67,0.24037699401378632
7878.62,0.2405339926481247
7890.62,0.2400979995727539
7902.64,0.23986700177192688
7914.71,0.2402859926223755
7926.8099999999995,0.2417050004005432
7938.95,0.24390099942684174
7951.13,0.2465520054101944
7963.339999999999,0.2490449994802475
7975.59,0.2511189877986908
7987.879999999999,0.2524240016937256
8000.209999999999,0.25316399335861206
8012.570000000001,0.2533699870109558
8024.98,0.2530539929866791
8037.419999999999,0.2520290017127991
8049.899999999999,0.25061601400375366
8062.419999999999,0.24908100068569183
8074.9800000000005,0.248431995511055
8087.57,0.2491540014743805
8100.210000000001,0.2511799931526184
8112.89,0.25356999039649963
8125.6,0.25565698742866516
8138.360000000001,0.2571130096912384
8151.160000000001,0.2582109868526459
8163.99,0.259223997592926
8176.869999999999,0.26056399941444397
8189.79,0.26214098930358887
8202.75,0.2636519968509674
8215.75,0.26443400979042053
8228.79,0.264506995677948
8241.87,0.2639549970626831
8254.99,0.2630999982357025
8268.16,0.2619349956512451
8281.37,0.26055800914764404
8294.62,0.2589690089225769
8307.91,0.2574949860572815
8321.24,0.25609999895095825
8334.619999999999,0.2547830045223236
8348.039999999999,0.25323599576950073
8361.51,0.2513920068740845
8375.019999999999,0.24892400205135345
8388.57,0.24585400521755219
8402.16,0.2421109974384308
8415.800000000001,0.238319993019104
8429.49,0.23511700332164764
8443.22,0.2327820062637329
8456.99,0.2307009994983673
8470.81,0.2284570038318634
8484.67,0.2259880006313324
8498.58,0.22423499822616577
8512.539999999999,0.22371900081634521
8526.54,0.22456899285316467
8540.58,0.22614599764347076
8554.68,0.22755900025367737
8568.82,0.22788700461387634
8583.0,0.22721299529075623
8597.24,0.22652199864387512
8611.52,0.22735899686813354
8625.85,0.23065300285816193
8640.230000000001,0.2368829995393753
8654.65,0.2453629970550537
8669.119999999999,0.2548989951610565
8683.640000000001,0.26410698890686035
8698.21,0.272489994764328
8712.83,0.2799629867076874
8727.5,0.28708499670028687
8742.22,0.293956995010376
8756.99,0.3006660044193268
8771.800000000001,0.3068479895591736
8786.67,0.3125559985637665
8801.589999999998,0.31738999485969543
8816.560000000001,0.321491003036499
8831.58,0.3246690034866333
8846.65,0.3274109959602356
8861.77,0.32953399419784546
8876.939999999999,0.33155399560928345
8892.17,0.3333800137042999
8907.45,0.3352299928665161
8922.779999999999,0.33692899346351624
8938.16,0.3388209939002991
8953.6,0.34072598814964294
8969.09,0.3429099917411804
8984.640000000001,0.3448390066623688
9000.23,0.34657999873161316
9015.890000000001,0.3477259874343872
9031.59,0.3486360013484955
9047.359999999999,0.3489449918270111
9063.17,0.34906700253486633
9079.050000000001,0.3486909866333008
9094.97,0.3483870029449463
9110.960000000001,0.3477019965648651
9127.0,0.3467920124530792
9143.1,0.3451240062713623
9159.25,0.34269800782203674
9175.46,0.33873000741004944
9191.73,0.3325609862804413
9208.06,0.3226490020751953
9224.439999999999,0.3136410117149353
9240.880000000001,0.3092069923877716
9257.38,0.31532201170921326
9273.94,0.3285520076751709
9290.56,0.33580100536346436
9307.24,0.33646199107170105
9323.980000000001,0.3345569968223572
9340.78,0.33202698826789856
9357.64,0.329600989818573
9374.57,0.3276839852333069
9391.550000000001,0.32767200469970703
9408.59,0.33171799778938293
9425.7,0.33661898970603943
9442.869999999999,0.33942198753356934
9460.1,0.3407750129699707
9477.4,0.3409929871559143
9494.75,0.34067800641059875
9512.17,0.3398649990558624
9529.66,0.33870598673820496
9547.21,0.33676499128341675
9564.83,0.3340719938278198
9582.5,0.3309600055217743
9600.25,0.32850900292396545
9618.06,0.326884001493454
9635.94,0.325749009847641
9653.88,0.3239839971065521
9671.89,0.3209570050239563
9689.970000000001,0.31617701053619385
9708.119999999999,0.3101229965686798
9726.33,0.3035230040550232
9744.619999999999,0.29779699444770813
9762.97,0.29362401366233826
9781.39,0.29113098978996277
9799.88,0.2893649935722351
9818.44,0.2875640094280243
9837.070000000002,0.28510698676109314
9855.77,0.2822740077972412
9874.539999999999,0.27981799840927124
9893.39,0.27879801392555237
9912.3,0.27948999404907227
9931.29,0.28173398971557617
9950.36,0.2845189869403839
9969.49,0.28696298599243164
9988.699999999999,0.2886979877948761
10007.98,0.2900390028953552
10027.34,0.2910279929637909
10046.77,0.2923069894313812
10066.28,0.29385998845100403
10085.869999999999,0.2960500121116638
10105.53,0.2994590103626251
10125.26,0.3039659857749939
10145.08,0.3081580102443695
10164.970000000001,0.3110629916191101
10184.939999999999,0.3122459948062897
10204.99,0.31210100650787354
10225.12,0.3114030063152313
10245.33,0.3127189874649048
10265.61,0.317456990480423
10285.98,0.3239479959011078
10306.43,0.32920700311660767
10326.96,0.3329010009765625
10347.57,0.3350540101528168
10368.27,0.33596399426460266
10389.05,0.33577001094818115
10409.91,0.33493301272392273
10430.859999999999,0.33316200971603394
10451.88,0.3302080035209656
10473.0,0.32601600885391235
10494.199999999999,0.32124200463294983
10515.49,0.3160009980201721
10536.86,0.31144601106643677
10558.32,0.308212012052536
10579.869999999999,0.3069629967212677
10601.5,0.307096004486084
10623.23,0.30769699811935425
10645.039999999999,0.307684987783432
10666.94,0.30702298879623413
10688.94,0.3061079978942871
10711.02,0.30630800127983093
10733.2,0.3083280026912689
10755.470000000001,0.3125799894332886
10777.83,0.31833699345588684
10800.28,0.32491201162338257
10822.83,0.3314329981803894
10845.470000000001,0.33781400322914124
10868.21,0.3435159921646118
10891.04,0.34837499260902405
10913.970000000001,0.35165101289749146
10936.99,0.353536993265152
10960.119999999999,0.3537980020046234
10983.34,0.3528819978237152
11006.66,0.35073500871658325
11030.07,0.34818699955940247
11053.59,0.3451240062713623
11077.21,0.3417940139770508
11100.93,0.33772900700569153
11124.75,0.3329559862613678
11148.68,0.32639798521995544
11172.710000000001,0.3181549906730652
11196.84,0.30799999833106995
11221.07,0.2968139946460724
11245.41,0.2838209867477417
11269.859999999999,0.26047900319099426
11294.41,0.21064099669456482
11319.07,0.154681995511055
11343.84,0.12598399817943573
11368.72,0.1197730004787445
11393.7,0.1172190010547638
11418.8,0.11049800366163254
11444.01,0.10249699652194977
11469.33,0.09661900252103806
11494.76,0.09490200132131577
11520.300000000001,0.10216300189495087
11545.96,0.12026999890804291
11571.730000000001,0.1434060037136078
11597.619999999999,0.16652299463748932
11623.62,0.18850000202655792
11649.74,0.2086150050163269
11675.98,0.22699500620365143
11702.34,0.24263900518417358
11728.81,0.2542249858379364
11755.41,0.25296300649642944
11782.130000000001,0.21642200648784637
11808.960000000001,0.16080300509929657
11835.92,0.17843100428581238
11863.009999999998,0.2508220076560974
11890.22,0.2995080053806305
11917.550000000001,0.3238629996776581
11945.01,0.3370499908924103
11972.6,0.345876008272171
12000.310000000001,0.3518329858779907
12028.16,0.3564249873161316
12056.13,0.35946398973464966
12084.23,0.36131399869918823
12112.460000000001,0.36173298954963684
12140.83,0.361519992351532
12169.33,0.360368013381958
12197.960000000001,0.3584209978580475
12226.73,0.35539400577545166
12255.64,0.35156598687171936
12284.68,0.34751400351524353
12313.86,0.34413498640060425
12343.18,0.3418239951133728
12372.640000000001,0.3406839966773987
12402.240000000002,0.3396889865398407
12431.98,0.3377540111541748
12461.86,0.3343690037727356
12491.89,0.3303169906139374
12522.07,0.3266040086746216
12552.38,0.3240329921245575
12582.85,0.32224300503730774
12613.47,0.32025301456451416
12644.23,0.31717199087142944
12675.15,0.3130530118942261
12706.210000000001,0.3084070086479187
12737.43,0.30395999550819397
12768.81,0.3002240061759949
12800.33,0.2980090081691742
12832.02,0.29708099365234375
12863.86,0.29694798588752747
12895.86,0.297105997800827
12928.02,0.29758501052856445
12960.34,0.29922300577163696
12992.82,0.3028079867362976
13025.460000000001,0.30795198678970337
13058.27,0.3141449987888336
13091.25,0.3208180069923401
13124.39,0.32725998759269714
13157.7,0.33324700593948364
13191.179999999998,0.3388940095901489
13224.83,0.34411099553108215
13258.660000000002,0.3484779894351959
13292.65,0.3518030047416687
13326.83,0.3541019856929779
13361.17,0.3553510010242462
13395.699999999999,0.35527199506759644
13430.400000000001,0.3536829948425293
13465.289999999999,0.35043200850486755
13500.349999999999,0.3454029858112335
13535.6,0.33853599429130554
13571.03,0.32959499955177307
13606.65,0.3184700012207031
13642.46,0.3053309917449951
13678.46,0.2907240092754364
13714.64,0.2746489942073822
13751.02,0.255638986825943
13787.59,0.23169000446796417
13824.36,0.2022089958190918
13861.32,0.16730600595474243
13898.49,0.12838000059127808
13935.85,0.08791399747133255
13973.41,0.05469699949026108
14011.17,0.03968999907374382
14049.15,0.04696900025010109
14087.32,0.062206998467445374
14125.71,0.07826899737119675
14164.300000000001,0.10115599632263184
14203.11,0.12985999882221222
14242.13,0.16089999675750732
14281.359999999999,0.19026599824428558
14320.81,0.21297700703144073
14360.49,0.23276400566101074
14400.380000000001,0.25003400444984436
14440.49,0.2618499994277954
14480.82,0.27482500672340393
14521.39,0.2882609963417053
14562.18,0.29811298847198486
14603.199999999999,0.30406901240348816
14644.45,0.3079270124435425
14685.93,0.3100869953632355
14727.66,0.3122040033340454
14769.619999999999,0.3137019872665405
14811.81,0.31421199440956116
14854.25,0.31326499581336975
14896.94,0.3119310140609741
14939.87,0.3117850124835968
14983.050000000001,0.3226560056209564
15026.48,0.32415398955345154
15070.16,0.3050819933414459
15114.1,0.29732999205589294
15158.289999999999,0.2936899960041046
15202.74,0.2898330092430115
15247.460000000001,0.28549501299858093
15292.43,0.2811639904975891
15337.68,0.2767789959907532
15383.19,0.27267199754714966
15428.97,0.2687470018863678
15475.03,0.26474401354789734
15521.359999999999,0.2604059875011444
15567.970000000001,0.2561909854412079
15614.869999999999,0.2518469989299774
15662.039999999999,0.2476010024547577
15709.5,0.2434699982404709
15757.25,0.2392120063304901
15805.289999999999,0.23511700332164764
15853.619999999999,0.23123499751091003
15902.26,0.22729800641536713
15951.19,0.22343400120735168
16000.419999999998,0.2195100039243698
16049.949999999999,0.21558499336242676
16099.799999999997,0.2117449939250946
16149.95,0.20789900422096252
16200.420000000002,0.2042050063610077
16251.208999999999,0.20070500671863556
16302.311,0.19682300090789795
16353.741,0.19269199669361115
16405.491,0.18819700181484222
16457.569,0.18342900276184082
16509.979000000003,0.17861899733543396
16562.731,0.17362700402736664
16615.82,0.1683489978313446
16669.240999999998,0.16309000551700592
16723.021,0.15803100168704987
16777.14,0.15328699350357056
16831.61,0.14898699522018433
16886.431,0.14516499638557434
16941.62,0.14164100587368011
16997.16,0.1385830044746399
17053.08,0.13615700602531433
17109.36,0.13382799923419952
17166.01,0.13195300102233887
17223.04,0.13067899644374847
17280.451,0.12968499958515167
17338.239999999998,0.12912699580192566
17396.429,0.1285499930381775
17455.0,0.12806500494480133
17513.969,0.12787699699401855
17573.339,0.12768900394439697
17633.109999999997,0.12712499499320984
17693.290999999997,0.12628799676895142
17753.889,0.1252260059118271
17814.899,0.12414000183343887
17876.328999999998,0.12282399833202362
17938.181,0.12075500190258026
18000.468999999997,0.11831700056791306
18063.19,0.11590299755334854
18126.35,0.11302699893712997
18189.951,0.10955800116062164
18254.0,0.10616099834442139
18318.501,0.10307899862527847
18383.459,0.09999799728393555
18448.879,0.09690400213003159
18514.771,0.09404700249433517
18581.129,0.09151700139045715
18647.97,0.08897600322961807
18715.29,0.0863799974322319
18783.100000000002,0.08361999690532684
18851.4,0.08115699887275696
18920.2,0.07871200144290924
18989.51,0.07614599913358688
19059.32,0.0737989991903305
19129.65,0.07151199877262115
19200.5,0.06936399638652802
19271.878999999997,0.06731999665498734
19343.789999999997,0.06525199860334396
19416.240999999998,0.06314100325107574
19489.229000000003,0.06095699965953827
19562.771,0.05878499895334244
19636.880999999998,0.05696599930524826
19711.54,0.05525499954819679
19786.779,0.05329599976539612
19862.590999999997,0.05199199914932251
19938.98,0.05053599923849106
20015.961,0.048315998166799545
20093.55,0.04676299914717674
20171.73,0.045263998210430145
20250.530000000002,0.043522998690605164
20329.941000000003,0.04209800064563751
20409.981,0.04044799879193306
20490.649999999998,0.03825199976563454
20571.96,0.03651700168848038
20653.918999999998,0.035826001316308975
20736.54,0.03484300151467323
20819.82,0.03355100005865097
20903.77,0.03252600133419037
20988.399999999998,0.03122200071811676
21073.720999999998,0.030021000653505325
21159.731,0.029225999489426613
21246.46,0.029079999774694443
21333.891,0.02827399969100952
21422.041,0.026847999542951584
21510.929,0.02562900073826313
21600.559,0.024748999625444412
21690.941,0.02367600053548813
21782.08,0.021764999255537987
21873.989,0.020666999742388725
21966.668999999998,0.01918100006878376
22060.15,0.01793700084090233
22154.421,0.01810700073838234
22249.510000000002,0.018113000318408012
22345.409,0.017191000282764435
22442.141,0.016699999570846558
22539.721,0.015092000365257263
22638.14,0.014941000379621983
22737.431,0.015194999985396862
22837.601,0.015170999802649021
22938.649999999998,0.014910000376403332
23040.600000000002,0.014213000424206257
23143.459,0.01436999998986721
23247.24,0.016110999509692192
23351.959000000003,0.01722699962556362
23457.63,0.018192000687122345
23564.251,0.0196359995752573
23671.85,0.02167399972677231
23780.439000000002,0.025544000789523125
23890.02,0.029608000069856644
24000.629,0.03564399853348732
24112.261,0.04444500058889389
24224.93,0.05210699886083603
24338.659,0.06150300055742264
24453.47,0.07510899752378464
24569.361,0.08961299806833267
24686.359,0.10493499785661697
24804.469999999998,0.12104099988937378
24923.731,0.1408279985189438
25044.129999999997,0.16312000155448914
25165.71,0.1844239979982376
25288.46,0.2062309980392456
25412.43,0.2285899966955185
25537.609,0.2515200078487396
25664.04,0.27417001128196716
25791.719,0.2927750051021576
25920.679,0.30415400862693787
