Data ID,Montmorillonite LAMO02
Sample ID,LAMO02
Mineral Name,montmorillonite
Sample Description,
Date Added,
Viewing Geometry,
Other Information,
Grain Size,
Database of Origin,MICA Files (USGS/RELAB)
Wavelength,Response
300.0,0.16403700411319733
305.0,0.1922519952058792
310.0,0.21237200498580933
315.0,0.22692200541496277
320.0,0.23937900364398956
325.0,0.2499990016222
330.0,0.2595379948616028
335.0,0.26743701100349426
340.0,0.2752630114555359
345.0,0.2827860116958618
350.0,0.28976699709892273
355.0,0.2977209985256195
360.0,0.3047969937324524
365.0,0.3154659867286682
370.0,0.32782500982284546
375.0,0.34068599343299866
380.0,0.35537299513816833
385.0,0.3679710030555725
390.0,0.37984898686408997
395.0,0.38601499795913696
400.0,0.3972240090370178
405.0,0.4018769860267639
410.0,0.4099540114402771
415.0,0.4171980023384094
420.0,0.42601901292800903
425.0,0.4343680143356323
430.0,0.4433149993419647
435.0,0.45043399930000305
440.0,0.4562489986419678
445.0,0.46369901299476624
450.0,0.46900901198387146
455.0,0.47432398796081543
460.0,0.47659701108932495
465.0,0.4828220009803772
470.0,0.4847230017185211
475.0,0.4888260066509247
480.0,0.49338299036026
485.0,0.4942150115966797
490.0,0.49859699606895447
495.0,0.5003250241279602
500.0,0.5054489970207214
505.0,0.5094360113143921
510.0,0.5127130150794983
515.0,0.5139089822769165
520.0,0.5158039927482605
525.0,0.5225359797477722
530.0,0.5262629985809326
535.0,0.5262640118598938
540.0,0.5287550091743469
545.0,0.5344079732894897
550.0,0.5332739949226379
555.0,0.536408007144928
560.0,0.5376999974250793
565.0,0.5398190021514893
570.0,0.5410460233688354
575.0,0.5424759984016418
580.0,0.5427529811859131
585.0,0.5444530248641968
590.0,0.5451239943504333
595.0,0.5473150014877319
600.0,0.5476210117340088
605.0,0.5474780201911926
610.0,0.5464249849319458
615.0,0.5479009747505188
620.0,0.5507979989051819
625.0,0.5506510138511658
630.0,0.5539270043373108
635.0,0.5537599921226501
640.0,0.5519260168075562
645.0,0.5529230237007141
650.0,0.5536159873008728
655.0,0.5599150061607361
660.0,0.5590050220489502
665.0,0.5586040019989014
670.0,0.5583469867706299
675.0,0.5611109733581543
680.0,0.5615919828414917
685.0,0.5607640147209167
690.0,0.5629000067710876
695.0,0.5658230185508728
700.0,0.5648940205574036
705.0,0.5653550028800964
710.0,0.5672659873962402
715.0,0.5678369998931885
720.0,0.5670430064201355
725.0,0.5708010196685791
730.0,0.5690720081329346
735.0,0.5718690156936646
740.0,0.5728750228881836
745.0,0.5740799903869629
750.0,0.5725929737091064
755.0,0.5734620094299316
760.0,0.5745710134506226
765.0,0.5764080286026001
770.0,0.5763720273971558
775.0,0.575560986995697
780.0,0.5780389904975891
785.0,0.5764099955558777
790.0,0.5785049796104431
795.0,0.5775690078735352
800.0,0.5797669887542725
805.0,0.5783479809761047
810.0,0.5776029825210571
815.0,0.5774620175361633
820.0,0.5791680216789246
825.0,0.5773829817771912
830.0,0.5781800150871277
835.0,0.5795199871063232
840.0,0.577085018157959
845.0,0.5776600241661072
850.0,0.5758860111236572
855.0,0.5771359801292419
860.0,0.5774490237236023
865.0,0.5758159756660461
870.0,0.576134979724884
875.0,0.5754269957542419
880.0,0.5769219994544983
885.0,0.5781139731407166
890.0,0.5785660147666931
895.0,0.5776010155677795
900.0,0.579928994178772
905.0,0.5799310207366943
910.0,0.5786139965057373
915.0,0.5792719721794128
920.0,0.5788909792900085
925.0,0.5797439813613892
930.0,0.581479012966156
935.0,0.5854399800300598
940.0,0.5815209746360779
945.0,0.5824159979820251
950.0,0.5838680267333984
955.0,0.5836099982261658
960.0,0.5830129981040955
965.0,0.5837929844856262
970.0,0.5829690098762512
975.0,0.5829409956932068
980.0,0.5867159962654114
985.0,0.5878329873085022
990.0,0.5879309773445129
995.0,0.5848810076713562
1000.0,0.5884860157966614
1004.9999999999999,0.5905259847640991
1010.0,0.5869399905204773
1014.9999999999999,0.5889210104942322
1020.0,0.586592972278595
1025.0,0.5896400213241577
1030.0,0.5883920192718506
1035.0,0.5917289853096008
1040.0,0.5907620191574097
1045.0,0.5927540063858032
1050.0,0.5892840027809143
1055.0,0.5903180241584778
1060.0,0.5896610021591187
1065.0,0.5928789973258972
1070.0,0.5940160155296326
1075.0,0.594103991985321
1080.0,0.5979949831962585
1085.0,0.5935090184211731
1090.0,0.5968959927558899
1095.0,0.5977010130882263
1100.0,0.5964760184288025
1105.0,0.5977280139923096
1110.0,0.5975049734115601
1115.0,0.5978310108184814
1120.0,0.5963289737701416
1125.0,0.5967609882354736
1130.0,0.5994110107421875
1135.0,0.6004599928855896
1140.0,0.5983729958534241
1145.0,0.5992199778556824
1150.0,0.5955219864845276
1155.0,0.6002659797668457
1160.0,0.6007180213928223
1165.0,0.6044139862060547
1170.0,0.6005359888076782
1175.0,0.6012930274009705
1180.0,0.6031240224838257
1185.0,0.6020169854164124
1190.0,0.6051890254020691
1195.0,0.6057699918746948
1200.0,0.6082800030708313
1205.0,0.611391007900238
1210.0,0.6151049733161926
1215.0,0.6150310039520264
1220.0,0.6144999861717224
1225.0,0.6137670278549194
1230.0,0.6123290061950684
1235.0,0.6151319742202759
1240.0,0.6173740029335022
1245.0,0.6168220043182373
1250.0,0.6164889931678772
1255.0,0.6162179708480835
1260.0,0.618153989315033
1265.0,0.6195909976959229
1270.0,0.6145060062408447
1275.0,0.618556022644043
1280.0,0.6182810068130493
1285.0,0.617455005645752
1290.0,0.6164669990539551
1295.0,0.6175529956817627
1300.0,0.6149489879608154
1305.0,0.6156610250473022
1310.0,0.6195600032806396
1315.0,0.6157410144805908
1320.0,0.6171879768371582
1325.0,0.6146199703216553
1330.0,0.617389976978302
1335.0,0.6164429783821106
1340.0,0.6176819801330566
1345.0,0.6181880235671997
1350.0,0.6160939931869507
1355.0,0.6192409992218018
1360.0,0.6176649928092957
1365.0,0.6111810207366943
1370.0,0.6097480058670044
1375.0,0.6080359816551208
1380.0,0.6095659732818604
1385.0,0.5910509824752808
1390.0,0.5843210220336914
1395.0,0.5735440254211426
1400.0,0.5579990148544312
1405.0,0.5388129949569702
1410.0,0.5222539901733398
1415.0,0.5202299952507019
1420.0,0.5302420258522034
1425.0,0.5526340007781982
1430.0,0.5641829967498779
1435.0,0.5746880173683167
1440.0,0.583782970905304
1445.0,0.5879359841346741
1450.0,0.59163898229599
1455.0,0.5894039869308472
1460.0,0.5900470018386841
1465.0,0.5925040245056152
1470.0,0.5931040048599243
1475.0,0.6006069779396057
1480.0,0.6039270162582397
1485.0,0.6066030263900757
1490.0,0.6090720295906067
1495.0,0.6119239926338196
1500.0,0.6128360033035278
1505.0,0.6145009994506836
1510.0,0.6190590262413025
1515.0,0.6174899935722351
1520.0,0.6194149851799011
1525.0,0.6221010088920593
1530.0,0.622177004814148
1535.0,0.6227999925613403
1540.0,0.6252750158309937
1545.0,0.6278370022773743
1550.0,0.6244450211524963
1555.0,0.6257990002632141
1560.0,0.6272040009498596
1565.0,0.6260280013084412
1570.0,0.6295850276947021
1575.0,0.6329119801521301
1580.0,0.6286060214042664
1585.0,0.6325849890708923
1590.0,0.6303229928016663
1595.0,0.6326979994773865
1600.0,0.6354320049285889
1605.0,0.6340929865837097
1610.0,0.636322021484375
1615.0,0.6358180046081543
1620.0,0.6356719732284546
1625.0,0.6337419748306274
1630.0,0.6346290111541748
1635.0,0.6346269845962524
1640.0,0.6372280120849609
1645.0,0.6349260210990906
1650.0,0.6367639899253845
1655.0,0.6368269920349121
1660.0,0.637848973274231
1665.0,0.6390150189399719
1670.0,0.6403430104255676
1675.0,0.6398640275001526
1680.0,0.6410760283470154
1685.0,0.6406930088996887
1690.0,0.6397960186004639
1695.0,0.6408770084381104
1700.0,0.6405969858169556
1705.0,0.6404010057449341
1710.0,0.6402990221977234
1715.0,0.6423270106315613
1720.0,0.6386129856109619
1725.0,0.6407009959220886
1730.0,0.6399480104446411
1735.0,0.6378769874572754
1740.0,0.6373410224914551
1745.0,0.6355969905853271
1750.0,0.6350089907646179
1755.0,0.6354110240936279
1760.0,0.6357370018959045
1765.0,0.6336989998817444
1770.0,0.6334400177001953
1775.0,0.6326079964637756
1780.0,0.6324099898338318
1785.0,0.6318410038948059
1790.0,0.6321750283241272
1795.0,0.6306380033493042
1800.0,0.6308429837226868
1805.0,0.6306759715080261
1810.0,0.6293110251426697
1815.0,0.6287000179290771
1820.0,0.6304900050163269
1825.0,0.6282740235328674
1830.0,0.6291369795799255
1835.0,0.6284949779510498
1840.0,0.6249340176582336
1845.0,0.6233339905738831
1850.0,0.6213170289993286
1855.0,0.6222580075263977
1860.0,0.6176279783248901
1865.0,0.6120749711990356
1870.0,0.6094099879264832
1875.0,0.5902510285377502
1880.0,0.5697289705276489
1885.0,0.5438140034675598
1890.0,0.5019980072975159
1895.0,0.44736000895500183
1900.0,0.40216100215911865
1905.0,0.37584999203681946
1910.0,0.3853450119495392
1915.0,0.41192400455474854
1920.0,0.44188299775123596
1925.0,0.46809500455856323
1930.0,0.4841040074825287
1935.0,0.4973889887332916
1940.0,0.502839982509613
1945.0,0.50907301902771
1950.0,0.5110520124435425
1955.0,0.5140870213508606
1960.0,0.5167880058288574
1965.0,0.5212500095367432
1970.0,0.524167001247406
1975.0,0.5297589898109436
1980.0,0.5343989729881287
1985.0,0.5405380129814148
1990.0,0.5466920137405396
1995.0,0.5527290105819702
2000.0,0.5582969784736633
2005.0,0.5635489821434021
2009.9999999999998,0.5694720149040222
2015.0000000000002,0.5736079812049866
2020.0,0.5796759724617004
2025.0,0.5823630094528198
2029.9999999999998,0.5862630009651184
2035.0000000000002,0.5887069702148438
2040.0,0.5900830030441284
2045.0,0.5923659801483154
2050.0,0.5941979885101318
2055.0,0.594327986240387
2060.0,0.5959280133247375
2065.0,0.5972020030021667
2070.0,0.5987070202827454
2075.0,0.5984539985656738
2080.0,0.5974109768867493
2085.0,0.597465991973877
2090.0,0.5975369811058044
2095.0,0.5964800119400024
2100.0,0.5976799726486206
2105.0,0.5983049869537354
2110.0,0.5972080230712891
2115.0,0.5989050269126892
2120.0,0.6002650260925293
2125.0,0.600596010684967
2130.0,0.5999159812927246
2135.0,0.6001660227775574
2140.0,0.6000319719314575
2145.0,0.5995789766311646
2150.0,0.5980160236358643
2155.0,0.5956720113754272
2160.0,0.5938320159912109
2165.0,0.588038980960846
2170.0,0.5821700096130371
2175.0,0.5723810195922852
2180.0,0.5633220076560974
2185.0,0.5533639788627625
2190.0,0.5408110022544861
2195.0,0.5272259712219238
2200.0,0.510699987411499
2205.0,0.4980959892272949
2210.0,0.4984630048274994
2215.0,0.5084109902381897
2220.0,0.5241169929504395
2225.0,0.5374680161476135
2230.0,0.5423539876937866
2235.0,0.5459489822387695
2240.0,0.5522689819335938
2245.0,0.5575720071792603
2250.0,0.5652480125427246
2255.0,0.5708960294723511
2260.0,0.575007975101471
2265.0,0.5766130089759827
2270.0,0.5767499804496765
2275.0,0.5774580240249634
2280.0,0.573930025100708
2285.0,0.5723990201950073
2290.0,0.56939697265625
2295.0,0.5653349757194519
2300.0,0.5620030164718628
2305.0,0.5603669881820679
2310.0,0.5566669702529907
2315.0,0.5538750290870667
2320.0,0.5484169721603394
2325.0,0.546754002571106
2330.0,0.5426890254020691
2335.0,0.5385280251502991
2340.0,0.5341309905052185
2345.0,0.5283129811286926
2350.0,0.5238479971885681
2355.0,0.5180519819259644
2360.0,0.5127999782562256
2365.0,0.5083580017089844
2370.0,0.5055000185966492
2375.0,0.5023940205574036
2380.0,0.4975540041923523
2385.0,0.4933139979839325
2390.0,0.4882889986038208
2395.0,0.4842739999294281
2400.0,0.4798029959201813
2405.0,0.4755530059337616
2410.0,0.4700160026550293
2415.0,0.4654510021209717
2420.0,0.4603469967842102
2425.0,0.45506998896598816
2430.0,0.4504910111427307
2435.0,0.44508400559425354
2440.0,0.43953201174736023
2445.0,0.43511301279067993
2450.0,0.43021100759506226
2455.0,0.42589399218559265
2460.0,0.4240590035915375
2465.0,0.4199250042438507
2470.0,0.4177919924259186
2475.0,0.4144580066204071
2480.0,0.41250500082969666
2485.0,0.41047099232673645
2490.0,0.40836799144744873
2495.0,0.40619099140167236
2500.0,0.4017600119113922
2505.0,0.39811599254608154
2510.0,0.39485400915145874
2515.0,0.39183101058006287
2520.0,0.3890259861946106
2525.0,0.38616400957107544
2530.0,0.38478198647499084
2531.32,0.38419798016548157
2532.55,0.383653849363327
2533.7900000000004,0.3831052780151367
2535.0299999999997,0.3825521469116211
2536.27,0.38180986046791077
2537.51,0.38106757402420044
2538.75,0.3803252875804901
2540.0,0.37957701086997986
2541.2400000000002,0.37974539399147034
2542.49,0.37991514801979065
2543.7400000000002,0.38008490204811096
2544.99,0.3802546262741089
2546.2400000000002,0.3798460364341736
2547.49,0.3794328570365906
2548.74,0.3790195882320404
2549.9900000000002,0.37860631942749023
2551.25,0.37839850783348083
2552.5,0.37819400429725647
2553.76,0.37849700450897217
2555.02,0.37888601422309875
2556.28,0.3787040114402771
2557.54,0.37852999567985535
2558.8,0.3782370090484619
2560.07,0.3780060112476349
2561.33,0.37764298915863037
2562.6000000000004,0.3781929910182953
2563.86,0.37842100858688354
2565.13,0.37814098596572876
2566.3999999999996,0.37796199321746826
2567.67,0.3778519928455353
2568.9500000000003,0.37745800614356995
2570.22,0.37710100412368774
2571.5,0.37719500064849854
2572.77,0.37719500064849854
2574.05,0.37673699855804443
2575.33,0.37699300050735474
2576.61,0.3766990005970001
2577.89,0.3766460120677948
2579.17,0.3769490122795105
2580.46,0.3763979971408844
2581.74,0.37563300132751465
2583.0299999999997,0.3750010132789612
2584.31,0.3743709921836853
2585.6,0.3750840127468109
2586.89,0.3754029870033264
2588.19,0.3748149871826172
2589.48,0.37459099292755127
2590.77,0.37482699751853943
2592.07,0.3750399947166443
2593.36,0.3741939961910248
2594.6600000000003,0.37231698632240295
2595.96,0.37197399139404297
2597.2599999999998,0.373649001121521
2598.56,0.3736329972743988
2599.8700000000003,0.3723219931125641
2601.17,0.37162598967552185
2602.48,0.37107399106025696
2603.78,0.3703790009021759
2605.09,0.3691290020942688
2606.3999999999996,0.3687790036201477
2607.71,0.3690580129623413
2609.03,0.36867401003837585
2610.3399999999997,0.36786699295043945
2611.6600000000003,0.3677150011062622
2612.97,0.36712801456451416
2614.29,0.3665289878845215
2615.61,0.3658890128135681
2616.93,0.3650380074977875
2618.25,0.36464399099349976
2619.57,0.3645339906215668
2620.8999999999996,0.36326101422309875
2622.22,0.36333000659942627
2623.5499999999997,0.36352699995040894
2624.88,0.36250901222229004
2626.21,0.3614870011806488
2627.5400000000004,0.36047500371932983
2628.87,0.36007601022720337
2630.21,0.3593690097332001
2631.5400000000004,0.3584829866886139
2632.88,0.35871198773384094
2634.21,0.35745200514793396
2635.5499999999997,0.3566339910030365
2636.8900000000003,0.3562760055065155
2638.2400000000002,0.3554820120334625
2639.58,0.35491400957107544
2640.92,0.35398998856544495
2642.27,0.35304901003837585
2643.62,0.3528110086917877
2644.97,0.3517630100250244
2646.3199999999997,0.35076600313186646
2647.67,0.3503760099411011
2649.02,0.34993401169776917
2650.38,0.348921000957489
2651.73,0.34771299362182617
2653.09,0.34630900621414185
2654.4500000000003,0.3454200029373169
2655.81,0.3442380130290985
2657.1699999999996,0.3429090082645416
2658.5299999999997,0.34210899472236633
2659.89,0.34113699197769165
2661.2599999999998,0.33981600403785706
2662.63,0.33838000893592834
2664.0,0.33682501316070557
2665.36,0.334867000579834
2666.74,0.33292898535728455
2668.11,0.3313109874725342
2669.48,0.32894501090049744
2670.8599999999997,0.32541799545288086
2672.23,0.32301801443099976
2673.61,0.3204270005226135
2674.9900000000002,0.3161639869213104
2676.37,0.3116909861564636
2677.76,0.3068099915981293
2679.14,0.30184000730514526
2680.52,0.2960340082645416
2681.91,0.28971800208091736
2683.3,0.2818959951400757
2684.6899999999996,0.2725920081138611
2686.08,0.2611050009727478
2687.47,0.2485470026731491
2688.87,0.23511700332164764
2690.2599999999998,0.22115199267864227
2691.6600000000003,0.2068209946155548
2693.06,0.19379499554634094
2694.46,0.18186700344085693
2695.86,0.17044900357723236
2697.26,0.16033700108528137
2698.66,0.15158799290657043
2700.07,0.14378100633621216
2701.48,0.1372240036725998
2702.89,0.13147799670696259
2704.2999999999997,0.12684999406337738
2705.71,0.12302999943494797
2707.1200000000003,0.11948999762535095
2708.53,0.11610399931669235
2709.9500000000003,0.11315999925136566
2711.37,0.11022499948740005
2712.79,0.107853002846241
2714.21,0.10516700148582458
2715.63,0.10199599713087082
2717.05,0.09814099967479706
2718.48,0.09387099742889404
2719.9,0.08948300033807755
2721.33,0.08496800065040588
2722.76,0.07937700301408768
2724.19,0.07401800155639648
2725.6200000000003,0.06922899931669235
2727.06,0.06488700211048126
2728.49,0.060805000364780426
2729.93,0.05718600004911423
2731.37,0.053543999791145325
2732.8100000000004,0.05036500096321106
2734.25,0.047954998910427094
2735.69,0.04558899998664856
2737.1400000000003,0.04335600137710571
2738.58,0.041781000792980194
2740.0299999999997,0.04028699919581413
2741.48,0.03876800090074539
2742.93,0.03714200109243393
2744.38,0.03609300032258034
2745.8300000000004,0.03531600162386894
2747.29,0.03465300053358078
2748.75,0.03409799933433533
2750.2,0.033355001360177994
2751.6600000000003,0.032937001436948776
2753.13,0.03304599970579147
2754.5899999999997,0.03315399959683418
2756.05,0.033403001725673676
2757.52,0.03399699926376343
2758.99,0.03416699916124344
2760.46,0.03475400060415268
2761.93,0.03572800010442734
2763.3999999999996,0.03663099929690361
2764.8700000000003,0.037686001509428024
2766.35,0.039218999445438385
2767.82,0.040828999131917953
2769.2999999999997,0.04233400151133537
2770.7799999999997,0.04387199878692627
2772.26,0.04541600123047829
2773.75,0.04712599888443947
2775.23,0.04922499880194664
2776.7200000000003,0.051187001168727875
2778.21,0.05327700078487396
2779.7000000000003,0.05580899864435196
2781.19,0.057985998690128326
2782.68,0.06029700115323067
2784.1800000000003,0.06304900348186493
2785.67,0.06594400107860565
2787.17,0.06863600015640259
2788.67,0.0716399997472763
2790.1699999999996,0.07531099766492844
2791.67,0.07870099693536758
2793.18,0.08224300295114517
2794.68,0.0860849991440773
2796.19,0.09000600129365921
2797.7,0.09393300116062164
2799.21,0.09803900122642517
2800.7200000000003,0.1020599976181984
2802.24,0.10587500035762787
2803.75,0.10994900017976761
2805.27,0.11427400261163712
2806.79,0.11843699961900711
2808.31,0.12231399863958359
2809.83,0.12639999389648438
2811.35,0.13054899871349335
2812.8799999999997,0.1344510018825531
2814.41,0.13839900493621826
2815.93,0.14191199839115143
2817.46,0.14537900686264038
2819.0,0.1488730013370514
2820.53,0.15227200090885162
2822.07,0.15536600351333618
2823.6,0.1582850068807602
2825.1400000000003,0.16075499355793
2826.6800000000003,0.1630370020866394
2828.22,0.16513200104236603
2829.77,0.16727100312709808
2831.3100000000004,0.1691029965877533
2832.86,0.170974999666214
2834.4100000000003,0.17303399741649628
2835.96,0.1749269962310791
2837.5099999999998,0.17656800150871277
2839.07,0.17810200154781342
2840.62,0.17955300211906433
2842.18,0.18127299845218658
2843.74,0.18279999494552612
2845.2999999999997,0.18373000621795654
2846.86,0.18445399403572083
2848.43,0.18540699779987335
2849.9900000000002,0.18639500439167023
2851.56,0.18730300664901733
2853.13,0.18807099759578705
2854.7,0.18891499936580658
2856.27,0.18985100090503693
2857.85,0.19038799405097961
2859.42,0.1908469945192337
2861.0,0.19151900708675385
2862.58,0.19214299321174622
2864.16,0.19272300601005554
2865.75,0.19345399737358093
2867.33,0.19426600635051727
2868.92,0.19486500322818756
2870.5099999999998,0.1952580064535141
2872.1,0.1955769956111908
2873.69,0.19605900347232819
2875.28,0.19666799902915955
2876.88,0.19717000424861908
2878.48,0.19761599600315094
2880.0699999999997,0.19814999401569366
2881.68,0.19880500435829163
2883.28,0.19931699335575104
2884.88,0.199753999710083
2886.49,0.20029400289058685
2888.1,0.20086899399757385
2889.71,0.20172500610351562
2891.3199999999997,0.20247800648212433
2892.93,0.20295000076293945
2894.55,0.20322400331497192
2896.16,0.20367200672626495
2897.78,0.20423300564289093
2899.4,0.204926997423172
2901.03,0.20548099279403687
2902.65,0.20618599653244019
2904.2799999999997,0.20690800249576569
2905.91,0.20756100118160248
2907.54,0.20794600248336792
2909.17,0.2083519995212555
2910.8,0.20891599357128143
2912.44,0.20944899320602417
2914.07,0.20982299745082855
2915.7099999999996,0.21030299365520477
2917.35,0.2108220010995865
2918.99,0.21131600439548492
2920.6400000000003,0.2120549976825714
2922.29,0.21268300712108612
2923.93,0.21290799975395203
2925.58,0.2132440060377121
2927.24,0.21384699642658234
2928.89,0.21441000699996948
2930.55,0.21491600573062897
2932.2,0.2152159959077835
2933.86,0.21551300585269928
2935.52,0.2161400020122528
2937.19,0.21673700213432312
2938.85,0.21709699928760529
2940.52,0.21752500534057617
2942.19,0.21795600652694702
2943.86,0.21858899295330048
2945.53,0.21930000185966492
2947.21,0.21966400742530823
2948.88,0.22010000050067902
2950.56,0.22085900604724884
2952.2400000000002,0.22148199379444122
2953.92,0.2220049947500229
2955.61,0.222680002450943
2957.29,0.223238006234169
2958.98,0.22350500524044037
2960.67,0.22406800091266632
2962.3599999999997,0.22494299709796906
2964.06,0.22572000324726105
2965.75,0.22636400163173676
2967.45,0.22692899405956268
2969.15,0.2274249941110611
2970.85,0.22788000106811523
2972.55,0.2285590022802353
2974.26,0.22904999554157257
2975.97,0.22941899299621582
2977.68,0.23015399277210236
2979.39,0.2309820055961609
2981.1,0.23141099512577057
2982.8199999999997,0.23180599510669708
2984.5299999999997,0.23231300711631775
2986.25,0.23296700417995453
2987.97,0.23346300423145294
2989.7,0.23384499549865723
2991.42,0.23437699675559998
2993.15,0.23503799736499786
2994.88,0.2355249971151352
2996.61,0.23594200611114502
2998.3399999999997,0.23638099431991577
3000.08,0.23696200549602509
3001.8199999999997,0.23757800459861755
3003.55,0.23823599517345428
3005.3,0.2386700063943863
3007.04,0.2391750067472458
3008.7799999999997,0.23957499861717224
3010.53,0.24005800485610962
3012.28,0.24060800671577454
3014.03,0.24105499684810638
3015.79,0.24173200130462646
3017.54,0.2423889935016632
3019.2999999999997,0.24268800020217896
3021.06,0.24293699860572815
3022.8199999999997,0.24343599379062653
3024.58,0.24379999935626984
3026.35,0.244486004114151
3028.12,0.24511300027370453
3029.89,0.2455269992351532
3031.66,0.24626100063323975
3033.4300000000003,0.2466440051794052
3035.21,0.24693900346755981
3036.99,0.24759800732135773
3038.77,0.24813400208950043
3040.55,0.24850499629974365
3042.3300000000004,0.2489989995956421
3044.12,0.24950699508190155
3045.9100000000003,0.2500639855861664
3047.7,0.25053301453590393
3049.4900000000002,0.2513259947299957
3051.29,0.25203800201416016
3053.08,0.25224199891090393
3054.8799999999997,0.2524409890174866
3056.6800000000003,0.2530379891395569
3058.49,0.25384700298309326
3060.29,0.25439900159835815
3062.1,0.2545889914035797
3063.91,0.25503599643707275
3065.72,0.25589099526405334
3067.54,0.2563849985599518
3069.35,0.2568120062351227
3071.17,0.25717300176620483
3072.99,0.25764700770378113
3074.81,0.2584710121154785
3076.64,0.25918200612068176
3078.47,0.2593959867954254
3080.2900000000004,0.2596530020236969
3082.1299999999997,0.2603139877319336
3083.96,0.2612299919128418
3085.79,0.26194998621940613
3087.6299999999997,0.26266399025917053
3089.47,0.26320400834083557
3091.31,0.26385098695755005
3093.1600000000003,0.2646459937095642
3095.0099999999998,0.2654609978199005
3096.85,0.2666090130805969
3098.71,0.2673709988594055
3100.5600000000004,0.26804399490356445
3102.41,0.26899099349975586
3104.27,0.2699649930000305
3106.1299999999997,0.2709450125694275
3107.9900000000002,0.271822988986969
3109.8599999999997,0.2725819945335388
3111.73,0.27351099252700806
3113.5899999999997,0.2744700014591217
3115.4700000000003,0.27529600262641907
3117.34,0.2763049900531769
3119.21,0.27733999490737915
3121.09,0.27803298830986023
3122.97,0.27905699610710144
3124.86,0.28004199266433716
3126.74,0.2810710072517395
3128.6299999999997,0.2819550037384033
3130.52,0.28290700912475586
3132.4100000000003,0.2838369905948639
3134.3,0.2848750054836273
3136.2000000000003,0.28576400876045227
3138.1,0.28660398721694946
3140.0,0.28759199380874634
3141.9,0.2884950041770935
3143.8100000000004,0.28934600949287415
3145.7099999999996,0.2904050052165985
3147.62,0.2914089858531952
3149.54,0.29250600934028625
3151.4500000000003,0.29358500242233276
3153.37,0.29456600546836853
3155.29,0.29546400904655457
3157.21,0.29633501172065735
3159.13,0.29715800285339355
3161.06,0.29819101095199585
3162.9900000000002,0.29912900924682617
3164.92,0.30003100633621216
3166.8500000000004,0.300942987203598
3168.79,0.3018060028553009
3170.7200000000003,0.3026300072669983
3172.67,0.30356699228286743
3174.61,0.30460500717163086
3176.55,0.3054569959640503
3178.5,0.306425005197525
3180.45,0.3074890077114105
3182.4,0.30846700072288513
3184.3599999999997,0.3093680143356323
3186.3199999999997,0.31009000539779663
3188.27,0.3107700049877167
3190.2400000000002,0.31174200773239136
3192.2000000000003,0.31269899010658264
3194.17,0.3134860098361969
3196.1400000000003,0.3143259882926941
3198.1099999999997,0.31511300802230835
3200.08,0.3159500062465668
3202.06,0.316893994808197
3204.04,0.3177730143070221
3206.02,0.3185490071773529
3208.0,0.31911399960517883
3209.99,0.31984400749206543
3211.98,0.3206210136413574
3213.9700000000003,0.3214839994907379
3215.96,0.32221901416778564
3217.96,0.32276999950408936
3219.96,0.3233180046081543
3221.96,0.324178010225296
3223.96,0.32511499524116516
3225.97,0.3258090019226074
3227.98,0.32649099826812744
3229.99,0.32720500230789185
3232.0,0.3278450071811676
3234.02,0.3287059962749481
3236.04,0.3292889893054962
3238.06,0.32983800768852234
3240.08,0.3305639922618866
3242.1099999999997,0.33108198642730713
3244.14,0.3316360116004944
3246.17,0.3324950039386749
3248.2000000000003,0.33313700556755066
3250.24,0.33360999822616577
3252.2799999999997,0.33428698778152466
3254.3199999999997,0.33500999212265015
3256.37,0.3355729877948761
3258.41,0.33605098724365234
3260.46,0.3366619944572449
3262.5099999999998,0.3375279903411865
3264.57,0.33816099166870117
3266.63,0.338672012090683
3268.69,0.33924201130867004
3270.75,0.339946985244751
3272.8100000000004,0.3404879868030548
3274.88,0.3410699963569641
3276.95,0.3417840003967285
3279.02,0.34231799840927124
3281.1,0.3426479995250702
3283.1800000000003,0.34320300817489624
3285.26,0.34383800625801086
3287.34,0.34456899762153625
3289.43,0.34502801299095154
3291.51,0.3455820083618164
3293.61,0.3462409973144531
3295.7000000000003,0.3468509912490845
3297.8,0.3472369909286499
3299.9,0.34767499566078186
3302.0,0.34808799624443054
3304.1,0.34861499071121216
3306.21,0.34902599453926086
3308.32,0.3493979871273041
3310.4300000000003,0.34977999329566956
3312.5499999999997,0.3503659963607788
3314.66,0.35087600350379944
3316.79,0.35126200318336487
3318.91,0.3515790104866028
3321.0299999999997,0.35189899802207947
3323.1600000000003,0.35215699672698975
3325.29,0.35264700651168823
3327.4300000000003,0.3530620038509369
3329.5699999999997,0.3533329963684082
3331.71,0.3536109924316406
3333.85,0.3536059856414795
3335.99,0.3536210060119629
3338.1400000000003,0.3537279963493347
3340.29,0.3536750078201294
3342.45,0.3536989986896515
3344.6,0.3537589907646179
3346.76,0.35370901226997375
3348.92,0.3534480035305023
3351.09,0.3532019853591919
3353.26,0.3528519868850708
3355.4300000000003,0.3525350093841553
3357.6000000000004,0.3524709939956665
3359.78,0.3525319993495941
3361.96,0.3524239957332611
3364.14,0.3520619869232178
3366.32,0.3516730070114136
3368.51,0.35150599479675293
3370.7,0.35129401087760925
3372.89,0.3509660065174103
3375.09,0.3507550060749054
3377.29,0.35054099559783936
3379.4900000000002,0.35028699040412903
3381.69,0.35036399960517883
3383.9,0.3504120111465454
3386.11,0.35042500495910645
3388.32,0.3504349887371063
3390.54,0.35043999552726746
3392.76,0.35039299726486206
3394.98,0.350380003452301
3397.21,0.35001900792121887
3399.4300000000003,0.3495360016822815
3401.6600000000003,0.3489589989185333
3403.9,0.34826400876045227
3406.13,0.34748899936676025
3408.3700000000003,0.34683099389076233
3410.61,0.3464280068874359
3412.8599999999997,0.34602299332618713
3415.1099999999997,0.3459570109844208
3417.36,0.34613698720932007
3419.61,0.3466919958591461
3421.8700000000003,0.34776100516319275
3424.13,0.34914499521255493
3426.39,0.3504680097103119
3428.66,0.3520669937133789
3430.93,0.3536210060119629
3433.2,0.35499298572540283
3435.48,0.35628899931907654
3437.7599999999998,0.3576290011405945
3440.0400000000004,0.35879701375961304
3442.32,0.3596940040588379
3444.61,0.36049699783325195
3446.8999999999996,0.36131900548934937
3449.19,0.3621959984302521
3451.4900000000002,0.3629879951477051
3453.79,0.3637399971485138
3456.09,0.3644219934940338
3458.4,0.3650340139865875
3460.7000000000003,0.3654380142688751
3463.0200000000004,0.36592501401901245
3465.33,0.36632099747657776
3467.65,0.3664639890193939
3469.97,0.36670899391174316
3472.29,0.36666199564933777
3474.62,0.36639198660850525
3476.95,0.3662019968032837
3479.2900000000004,0.36599200963974
3481.62,0.36594900488853455
3483.96,0.3659439980983734
3486.3,0.3659830093383789
3488.6499999999996,0.36592400074005127
3491.0,0.3658190071582794
3493.35,0.3657500147819519
3495.71,0.36553099751472473
3498.0699999999997,0.36532101035118103
3500.4300000000003,0.36535701155662537
3502.79,0.36556801199913025
3505.16,0.36618900299072266
3507.53,0.36715298891067505
3509.9100000000003,0.3683210015296936
3512.29,0.36962398886680603
3514.67,0.3711940050125122
3517.0499999999997,0.3726609945297241
3519.44,0.37396401166915894
3521.83,0.3752169907093048
3524.23,0.376567006111145
3526.62,0.37795400619506836
3529.02,0.37915000319480896
3531.43,0.3801819980144501
3533.83,0.3813199996948242
3536.24,0.38238000869750977
3538.6600000000003,0.383215993642807
3541.08,0.38407599925994873
3543.5,0.3849849998950958
3545.92,0.3857080042362213
3548.35,0.3864719867706299
3550.78,0.3872550129890442
3553.21,0.3880069851875305
3555.65,0.38873499631881714
3558.09,0.3893220126628876
3560.5299999999997,0.3897629976272583
3562.98,0.39031898975372314
3565.4300000000003,0.39095398783683777
3567.88,0.3914079964160919
3570.3399999999997,0.3917439877986908
3572.8,0.39225998520851135
3575.27,0.39285001158714294
3577.73,0.3933599889278412
3580.2000000000003,0.3937529921531677
3582.68,0.3942900002002716
3585.1600000000003,0.3948200047016144
3587.64,0.39513400197029114
3590.1200000000003,0.395330011844635
3592.61,0.39590901136398315
3595.1,0.3961319923400879
3597.6,0.39638400077819824
3600.0899999999997,0.39665699005126953
3602.6,0.3968749940395355
3605.1000000000004,0.3972190022468567
3607.61,0.39754000306129456
3610.1200000000003,0.3976309895515442
3612.64,0.39765700697898865
3615.16,0.39774999022483826
3617.68,0.3980270028114319
3620.21,0.39819198846817017
3622.74,0.3982490003108978
3625.27,0.39835599064826965
3627.8100000000004,0.39833399653434753
3630.35,0.39829498529434204
3632.8900000000003,0.39829400181770325
3635.44,0.39822301268577576
3637.99,0.3981829881668091
3640.54,0.3982810080051422
3643.1,0.3983539938926697
3645.66,0.39820998907089233
3648.23,0.3979089856147766
3650.7999999999997,0.39775699377059937
3653.37,0.39785799384117126
3655.95,0.3977929949760437
3658.5299999999997,0.39782801270484924
3661.1099999999997,0.39771199226379395
3663.7,0.39765799045562744
3666.29,0.3975119888782501
3668.8900000000003,0.39747101068496704
3671.48,0.39754098653793335
3674.09,0.39748600125312805
3676.6899999999996,0.39740198850631714
3679.3,0.3974910080432892
3681.91,0.3977920114994049
3684.53,0.39785298705101013
3687.15,0.39799100160598755
3689.7799999999997,0.39826700091362
3692.4,0.3983980119228363
3695.04,0.39875900745391846
3697.67,0.3990119993686676
3700.31,0.3991129994392395
3702.95,0.39942699670791626
3705.6,0.3998419940471649
3708.25,0.40017300844192505
3710.9100000000003,0.4003320038318634
3713.5600000000004,0.40064099431037903
3716.23,0.40105998516082764
3718.89,0.4014990031719208
3721.5600000000004,0.40182098746299744
3724.23,0.40198999643325806
3726.9100000000003,0.40232300758361816
3729.59,0.4028089940547943
3732.2799999999997,0.4031670093536377
3734.9700000000003,0.40344199538230896
3737.66,0.4038130044937134
3740.36,0.404231995344162
3743.06,0.40473198890686035
3745.76,0.40500199794769287
3748.4700000000003,0.4052079916000366
3751.1800000000003,0.4054830074310303
3753.8999999999996,0.40586501359939575
3756.62,0.4062019884586334
3759.3399999999997,0.4062409996986389
3762.07,0.4064730107784271
3764.8,0.4068480134010315
3767.54,0.40706801414489746
3770.28,0.4072610139846802
3773.02,0.4075140058994293
3775.77,0.4077819883823395
3778.52,0.4078409969806671
3781.28,0.4078249931335449
3784.04,0.407943993806839
3786.7999999999997,0.4080510139465332
3789.5699999999997,0.40799999237060547
3792.3399999999997,0.4079819917678833
3795.12,0.4078719913959503
3797.8999999999996,0.407710999250412
3800.69,0.4075140058994293
3803.47,0.40727999806404114
3806.27,0.40708398818969727
3809.06,0.4069960117340088
3811.8599999999997,0.40693798661231995
3814.67,0.4069730043411255
3817.48,0.40691301226615906
3820.29,0.40675199031829834
3823.1099999999997,0.40661200881004333
3825.93,0.4063490033149719
3828.7599999999998,0.4060859978199005
3831.5899999999997,0.4059300124645233
3834.42,0.4057669937610626
3837.26,0.40564200282096863
3840.1,0.4055980145931244
3842.9500000000003,0.4055649936199188
3845.8,0.40543198585510254
3848.65,0.4053179919719696
3851.51,0.4052779972553253
3854.38,0.40527600049972534
3857.24,0.40518298745155334
3860.1200000000003,0.40506699681282043
3862.99,0.4050759971141815
3865.8700000000003,0.4049769937992096
3868.7599999999998,0.4048379957675934
3871.6499999999996,0.4048210084438324
3874.54,0.40475600957870483
3877.44,0.4047969877719879
3880.3399999999997,0.4048590064048767
3883.25,0.4047510027885437
3886.16,0.40460100769996643
3889.0699999999997,0.4045419991016388
3891.99,0.40442898869514465
3894.92,0.40429699420928955
3897.85,0.40413999557495117
3900.78,0.40415799617767334
3903.72,0.40401700139045715
3906.66,0.40393900871276855
3909.6000000000004,0.40387099981307983
3912.55,0.40355101227760315
3915.5099999999998,0.4032920002937317
3918.4700000000003,0.4032300114631653
3921.43,0.403095006942749
3924.4,0.4029330015182495
3927.3799999999997,0.40271100401878357
3930.35,0.4025050103664398
3933.3300000000004,0.40207499265670776
3936.3199999999997,0.4015820026397705
3939.31,0.40114399790763855
3942.31,0.4007290005683899
3945.31,0.40023499727249146
3948.3100000000004,0.39953699707984924
3951.32,0.3986540138721466
3954.34,0.3978379964828491
3957.35,0.39713001251220703
3960.3799999999997,0.39654600620269775
3963.4100000000003,0.395922988653183
3966.44,0.3953390121459961
3969.48,0.39471399784088135
3972.52,0.39430999755859375
3975.5600000000004,0.39398398995399475
3978.61,0.3938159942626953
3981.6699999999996,0.39369499683380127
3984.73,0.39368999004364014
3987.8,0.39393699169158936
3990.8700000000003,0.39437800645828247
3993.9399999999996,0.3947429955005646
3997.02,0.39528998732566833
4000.1,0.39621099829673767
4003.19,0.39709800481796265
4006.29,0.3979179859161377
4009.39,0.3989129960536957
4012.49,0.39977800846099854
4015.6,0.400626003742218
4018.7099999999996,0.40147000551223755
4021.8299999999995,0.4023689925670624
4024.9499999999994,0.4032520055770874
4028.08,0.40432998538017273
4031.2099999999996,0.4052239954471588
4034.35,0.4060570001602173
4037.4900000000002,0.40706300735473633
4040.64,0.4081369936466217
4043.7900000000004,0.40914198756217957
4046.94,0.4100320041179657
4050.11,0.41092199087142944
4053.2700000000004,0.41176000237464905
4056.44,0.41242900490760803
4059.62,0.4131239950656891
4062.8,0.4138979911804199
4065.9900000000002,0.4145689904689789
4069.1800000000003,0.415118008852005
4072.38,0.41551199555397034
4075.5800000000004,0.41598400473594666
4078.78,0.4165019989013672
4082.0,0.41689199209213257
4085.21,0.4171200096607208
4088.43,0.417477011680603
4091.66,0.417946994304657
4094.8900000000003,0.41823500394821167
4098.13,0.41833600401878357
4101.37,0.41848400235176086
4104.62,0.41876599192619324
4107.87,0.41907998919487
4111.13,0.4193269908428192
4114.39,0.4193820059299469
4117.66,0.41951799392700195
4120.93,0.41969600319862366
4124.21,0.4199739992618561
4127.5,0.4200649857521057
4130.79,0.42023301124572754
4134.08,0.4203200042247772
4137.38,0.42036300897598267
4140.679999999999,0.42041000723838806
4143.99,0.4205450117588043
4147.31,0.4206250011920929
4150.629999999999,0.42058899998664856
4153.95,0.42066800594329834
4157.29,0.4207890033721924
4160.62,0.420771986246109
4163.96,0.4207899868488312
4167.3099999999995,0.4208019971847534
4170.66,0.4209190011024475
4174.0199999999995,0.42092400789260864
4177.39,0.42095500230789185
4180.75,0.4209200143814087
4184.13,0.42100799083709717
4187.509999999999,0.42118000984191895
4190.889999999999,0.42121899127960205
4194.28,0.4210740029811859
4197.68,0.42103898525238037
4201.08,0.42107799649238586
4204.49,0.4210349917411804
4207.900000000001,0.420991986989975
4211.32,0.4209609925746918
4214.74,0.42085298895835876
4218.17,0.4208869934082031
4221.61,0.4209890067577362
4225.05,0.4210360050201416
4228.5,0.42103299498558044
4231.950000000001,0.42097899317741394
4235.400000000001,0.42090898752212524
4238.870000000001,0.4209040105342865
4242.34,0.42081499099731445
4245.8099999999995,0.42092999815940857
4249.29,0.4209800064563751
4252.78,0.4208270013332367
4256.2699999999995,0.4204609990119934
4259.7699999999995,0.4197100102901459
4263.27,0.4189000129699707
4266.78,0.4187520146369934
4270.29,0.41883501410484314
4273.81,0.41892099380493164
4277.34,0.41893699765205383
4280.87,0.41887399554252625
4284.41,0.41864898800849915
4287.950000000001,0.4184589982032776
4291.5,0.41833099722862244
4295.06,0.41808900237083435
4298.62,0.4178659915924072
4302.1900000000005,0.41772499680519104
4305.76,0.4175040125846863
4309.34,0.4173699915409088
4312.92,0.4171049892902374
4316.5199999999995,0.41690900921821594
4320.11,0.41665300726890564
4323.719999999999,0.4163469970226288
4327.320000000001,0.416034996509552
4330.94,0.4158099889755249
4334.5599999999995,0.4155319929122925
4338.19,0.41526898741722107
4341.820000000001,0.4148310124874115
4345.46,0.4145379960536957
4349.11,0.4142009913921356
4352.76,0.41394200921058655
4356.42,0.41369199752807617
4360.08,0.4134660065174103
4363.75,0.41310998797416687
4367.429999999999,0.4128029942512512
4371.11,0.4126110076904297
4374.799999999999,0.41238099336624146
4378.49,0.411967009305954
4382.19,0.41159000992774963
4385.900000000001,0.4112490117549896
4389.610000000001,0.41092801094055176
4393.33,0.41058799624443054
4397.0599999999995,0.4103449881076813
4400.79,0.4099560081958771
4404.530000000001,0.4096049964427948
4408.280000000001,0.4092220067977905
4412.03,0.4087130129337311
4415.79,0.4083710014820099
4419.55,0.4081229865550995
4423.320000000001,0.4077709913253784
4427.1,0.4074699878692627
4430.88,0.4071179926395416
4434.68,0.40667301416397095
4438.469999999999,0.40613600611686707
4442.280000000001,0.40568000078201294
4446.08,0.4053030014038086
4449.900000000001,0.4049440026283264
4453.719999999999,0.40452998876571655
4457.55,0.4039979875087738
4461.389999999999,0.40338099002838135
4465.2300000000005,0.40292298793792725
4469.08,0.402446985244751
4472.9400000000005,0.40197300910949707
4476.8,0.40155500173568726
4480.67,0.4012660086154938
4484.549999999999,0.4007819890975952
4488.43,0.4003620147705078
4492.320000000001,0.3999600112438202
4496.21,0.3995620012283325
4500.12,0.3991340100765228
4504.030000000001,0.39883700013160706
4507.94,0.398389995098114
4511.87,0.3980239927768707
4515.799999999999,0.39781099557876587
4519.7300000000005,0.3975679874420166
4523.679999999999,0.39711201190948486
4527.63,0.3966580033302307
4531.589999999999,0.396248996257782
4535.55,0.3959139883518219
4539.52,0.3956010043621063
4543.5,0.39520201086997986
4547.49,0.3946560025215149
4551.48,0.39431801438331604
4555.4800000000005,0.39394301176071167
4559.490000000001,0.393561989068985
4563.5,0.39324599504470825
4567.52,0.39285001158714294
4571.55,0.39241400361061096
4575.580000000001,0.3920449912548065
4579.63,0.3916679918766022
4583.67,0.3913570046424866
4587.73,0.3909519910812378
4591.79,0.3905470073223114
4595.86,0.3901349902153015
4599.9400000000005,0.38970300555229187
4604.03,0.38919198513031006
4608.120000000001,0.3887709975242615
4612.219999999999,0.3883279860019684
4616.33,0.3878920078277588
4620.4400000000005,0.38746199011802673
4624.5599999999995,0.3870440125465393
4628.69,0.3866040110588074
4632.83,0.3861280083656311
4636.97,0.3855850100517273
4641.12,0.3850789964199066
4645.28,0.38467198610305786
4649.45,0.3840790092945099
4653.62,0.3833329975605011
4657.8,0.38272398710250854
4661.990000000001,0.38205400109291077
4666.1900000000005,0.3814859986305237
4670.39,0.38095998764038086
4674.599999999999,0.3803800046443939
4678.82,0.3796530067920685
4683.049999999999,0.37897399067878723
4687.280000000001,0.37828201055526733
4691.5199999999995,0.37775498628616333
4695.77,0.37727299332618713
4700.03,0.37675899267196655
4704.3,0.3762190043926239
4708.57,0.37568700313568115
4712.85,0.3751800060272217
4717.139999999999,0.37468400597572327
4721.429999999999,0.3740229904651642
4725.74,0.3734169900417328
4730.05,0.3729099929332733
4734.37,0.37230798602104187
4738.7,0.3715609908103943
4743.03,0.3709630072116852
4747.38,0.37032899260520935
4751.7300000000005,0.36973899602890015
4756.09,0.3691520094871521
4760.45,0.36859700083732605
4764.83,0.36806100606918335
4769.21,0.3675079941749573
4773.6,0.3668519854545593
4778.0,0.36621999740600586
4782.41,0.36552301049232483
4786.83,0.3647969961166382
4791.25,0.3640719950199127
4795.68,0.3635309934616089
4800.13,0.3628470003604889
4804.57,0.36208298802375793
4809.03,0.36138999462127686
4813.5,0.3607810139656067
4817.97,0.3600980043411255
4822.45,0.35930201411247253
4826.94,0.35848501324653625
4831.44,0.35776200890541077
4835.950000000001,0.35699498653411865
4840.46,0.3562160134315491
4844.99,0.3554440140724182
4849.52,0.3545530140399933
4854.0599999999995,0.35364100337028503
4858.61,0.35273200273513794
4863.17,0.35175999999046326
4867.73,0.3508149981498718
4872.3099999999995,0.3497459888458252
4876.89,0.34860900044441223
4881.48,0.3474760055541992
4886.08,0.34620800614356995
4890.6900000000005,0.3446980118751526
4895.31,0.34314799308776855
4899.94,0.34145599603652954
4904.57,0.3396329879760742
4909.22,0.3376539945602417
4913.87,0.33551499247550964
4918.53,0.3332599997520447
4923.21,0.3310509920120239
4927.88,0.3286910057067871
4932.57,0.3262909948825836
4937.2699999999995,0.3239000141620636
4941.9800000000005,0.32150599360466003
4946.6900000000005,0.31914299726486206
4951.42,0.31672200560569763
4956.15,0.31430500745773315
4960.9,0.31181299686431885
4965.650000000001,0.30924099683761597
4970.41,0.3065760135650635
4975.18,0.30382099747657776
4979.96,0.30114999413490295
4984.75,0.2984980046749115
4989.54,0.2958599925041199
4994.349999999999,0.2933480143547058
4999.17,0.29093098640441895
5003.99,0.2885209918022156
5008.83,0.2862139940261841
5013.67,0.28386300802230835
5018.5199999999995,0.2816320061683655
5023.39,0.27958399057388306
5028.26,0.2778170108795166
5033.14,0.27603501081466675
5038.03,0.2742930054664612
5042.93,0.2726309895515442
5047.84,0.27106499671936035
5052.76,0.2695760130882263
5057.69,0.26823198795318604
5062.63,0.2669900059700012
5067.580000000001,0.2658790051937103
5072.54,0.2648259997367859
5077.51,0.26400598883628845
5082.49,0.2631840109825134
5087.469999999999,0.26243001222610474
5092.469999999999,0.2618800103664398
5097.48,0.26129600405693054
5102.5,0.26069900393486023
5107.52,0.260140985250473
5112.56,0.25970399379730225
5117.61,0.25918200612068176
5122.66,0.2586880028247833
5127.73,0.2580839991569519
5132.81,0.25738099217414856
5137.889999999999,0.2568509876728058
5142.99,0.25628000497817993
5148.1,0.2554979920387268
5153.22,0.2548989951610565
5158.34,0.25444599986076355
5163.48,0.25380799174308777
5168.63,0.2531700134277344
5173.79,0.25244900584220886
5178.96,0.2516390085220337
5184.13,0.2507910132408142
5189.320000000001,0.24998000264167786
5194.5199999999995,0.2490690052509308
5199.73,0.2480510026216507
5204.96,0.24706900119781494
5210.19,0.2459779977798462
5215.429999999999,0.24445700645446777
5220.679999999999,0.2432129979133606
5225.94,0.2417909950017929
5231.22,0.2400359958410263
5236.5,0.23822499811649323
5241.79,0.2363400012254715
5247.099999999999,0.23434899747371674
5252.42,0.23219899833202362
5257.74,0.22992999851703644
5263.080000000001,0.22768299281597137
5268.43,0.22539600729942322
5273.79,0.22296200692653656
5279.16,0.22054199874401093
5284.54,0.21832500398159027
5289.93,0.21610300242900848
5295.34,0.21382799744606018
5300.75,0.2118230015039444
5306.18,0.20983800292015076
5311.61,0.20786400139331818
5317.0599999999995,0.2059279978275299
5322.5199999999995,0.20420999825000763
5327.99,0.20254899561405182
5333.47,0.20101499557495117
5338.96,0.19962500035762787
5344.47,0.1983020007610321
5349.9800000000005,0.1970839947462082
5355.51,0.1962130069732666
5361.049999999999,0.1956070065498352
5366.6,0.19504399597644806
5372.16,0.19479000568389893
5377.73,0.1947530061006546
5383.320000000001,0.19478000700473785
5388.91,0.19481399655342102
5394.52,0.19498799741268158
5400.14,0.19533100724220276
5405.77,0.19573800265789032
5411.41,0.19599699974060059
5417.07,0.1961739957332611
5422.74,0.19624100625514984
5428.410000000001,0.19677500426769257
5434.1,0.19726499915122986
5439.8099999999995,0.19736899435520172
5445.52,0.19768600165843964
5451.25,0.19799500703811646
5456.98,0.1983889937400818
5462.73,0.19866499304771423
5468.5,0.19896300137043
5474.2699999999995,0.19951100647449493
5480.0599999999995,0.19979999959468842
5485.86,0.20039799809455872
5491.67,0.20105299353599548
5497.49,0.2015029937028885
5503.33,0.2019609957933426
5509.179999999999,0.20246200263500214
5515.04,0.20302100479602814
5520.91,0.20343999564647675
5526.799999999999,0.20399299263954163
5532.69,0.20458999276161194
5538.610000000001,0.20493599772453308
5544.53,0.2050189971923828
5550.469999999999,0.20494599640369415
5556.41,0.20483799278736115
5562.38,0.20496800541877747
5568.349999999999,0.20514899492263794
5574.34,0.20526400208473206
5580.339999999999,0.20530900359153748
5586.35,0.20610399544239044
5592.38,0.2069990038871765
5598.42,0.20755499601364136
5604.47,0.20809400081634521
5610.54,0.20870600640773773
5616.61,0.2090349942445755
5622.71,0.2093839943408966
5628.8099999999995,0.2097489982843399
5634.929999999999,0.2098969966173172
5641.06,0.20972399413585663
5647.21,0.20988400280475616
5653.360000000001,0.21024900674819946
5659.54,0.21014100313186646
5665.72,0.21025900542736053
5671.92,0.2099190056324005
5678.13,0.20958000421524048
5684.36,0.20951299369335175
5690.599999999999,0.20921799540519714
5696.85,0.2088869959115982
5703.12,0.20873700082302094
5709.4,0.20799300074577332
5715.6900000000005,0.20762799680233002
5722.0,0.20738400518894196
5728.33,0.20692600309848785
5734.66,0.2064719945192337
5741.01,0.20595000684261322
5747.38,0.20519599318504333
5753.76,0.20457300543785095
5760.150000000001,0.20413100719451904
5766.56,0.20288799703121185
5772.98,0.20252400636672974
5779.410000000001,0.20237800478935242
5785.86,0.20163500308990479
5792.33,0.20112000405788422
5798.8099999999995,0.20055699348449707
5805.3,0.20009799301624298
5811.81,0.19965499639511108
5818.33,0.19891799986362457
5824.87,0.19836999475955963
5831.419999999999,0.19871999323368073
5837.99,0.1987379938364029
5844.57,0.19857199490070343
5851.17,0.1983949989080429
5857.78,0.19829699397087097
5864.410000000001,0.19811999797821045
5871.05,0.1982640027999878
5877.7,0.19794799387454987
5884.38,0.19745700061321259
5891.06,0.1983339935541153
5897.76,0.19800099730491638
5904.4800000000005,0.1983100026845932
5911.21,0.19847799837589264
5917.96,0.19798099994659424
5924.7300000000005,0.19780799746513367
5931.5,0.19736599922180176
5938.3,0.19647400081157684
5945.11,0.1966329962015152
5951.93,0.196726992726326
5958.78,0.19626499712467194
5965.63,0.19571800529956818
5972.51,0.1948769986629486
5979.39,0.19462800025939941
5986.3,0.19355300068855286
5993.22,0.19241200387477875
6000.16,0.1913519948720932
6007.11,0.18999400734901428
6014.08,0.18813900649547577
6021.06,0.18633399903774261
6028.06,0.1842769980430603
6035.08,0.18201999366283417
6042.12,0.17935499548912048
6049.17,0.1763010025024414
6056.2300000000005,0.1737069934606552
6063.32,0.1712920069694519
6070.42,0.1683019995689392
6077.530000000001,0.16558200120925903
6084.67,0.1629520058631897
6091.820000000001,0.16030700504779816
6098.9800000000005,0.15757299959659576
6106.17,0.15514199435710907
6113.37,0.1529030054807663
6120.58,0.15123100578784943
6127.82,0.14991599321365356
6135.07,0.1489190012216568
6142.34,0.14830000698566437
6149.63,0.14811600744724274
6156.93,0.14830000698566437
6164.25,0.14895300567150116
6171.59,0.150736004114151
6178.950000000001,0.1530340015888214
6186.320000000001,0.15569700300693512
6193.71,0.1600620001554489
6201.120000000001,0.16457000374794006
6208.54,0.16825300455093384
6215.99,0.17227500677108765
6223.45,0.176146000623703
6230.93,0.17984500527381897
6238.43,0.18309399485588074
6245.95,0.18606799840927124
6253.48,0.18866600096225739
6261.03,0.19097800552845
6268.6,0.19299499690532684
6276.19,0.19484299421310425
6283.8,0.1963759958744049
6291.43,0.19775499403476715
6299.070000000001,0.19893500208854675
6306.73,0.19991199672222137
6314.42,0.20058800280094147
6322.12,0.2011290043592453
6329.84,0.2016039937734604
6337.570000000001,0.20168299973011017
6345.33,0.20130500197410583
6353.11,0.20162099599838257
6360.9,0.20159000158309937
6368.719999999999,0.20080000162124634
6376.55,0.20018500089645386
6384.400000000001,0.19954100251197815
6392.2699999999995,0.19853299856185913
6400.17,0.197270005941391
6408.08,0.19558100402355194
6416.01,0.1935030072927475
6423.96,0.1918559968471527
6431.93,0.18993200361728668
6439.92,0.1878640055656433
6447.93,0.18556399643421173
6455.96,0.18282899260520935
6464.01,0.1799120008945465
6472.08,0.17674699425697327
6480.17,0.17335200309753418
6488.28,0.1699019968509674
6496.41,0.16650700569152832
6504.5599999999995,0.16333499550819397
6512.7300000000005,0.16021999716758728
6520.92,0.15714600682258606
6529.14,0.15389999747276306
6537.37,0.15095999836921692
6545.63,0.14824800193309784
6553.9,0.14567899703979492
6562.2,0.14312200248241425
6570.509999999999,0.14073100686073303
6578.85,0.1384900063276291
6587.21,0.13654200732707977
6595.589999999999,0.13447900116443634
6603.99,0.13260699808597565
6612.42,0.1307159960269928
6620.860000000001,0.1290149986743927
6629.330000000001,0.12697899341583252
6637.82,0.1250769942998886
6646.33,0.12321600317955017
6654.860000000001,0.12163899838924408
6663.41,0.11997900158166885
6671.99,0.11827400326728821
6680.589999999999,0.11641500145196915
6689.21,0.11482600122690201
6697.849999999999,0.1132190003991127
6706.509999999999,0.11177299916744232
6715.200000000001,0.11027000099420547
6723.91,0.10886599868535995
6732.64,0.10748299956321716
6741.4,0.10636699944734573
6750.18,0.10524599999189377
6758.9800000000005,0.1041489988565445
6767.8,0.10302100330591202
6776.65,0.1020829975605011
6785.52,0.1009569987654686
6794.41,0.099932000041008
6803.33,0.09897899627685547
6812.2699999999995,0.0981139987707138
6821.23,0.09730800241231918
6830.219999999999,0.09653200209140778
6839.23,0.09564699977636337
6848.26,0.09482499957084656
6857.32,0.09396299719810486
6866.4,0.09319800138473511
6875.51,0.09250599890947342
6884.64,0.09192299842834473
6893.799999999999,0.09135100245475769
6902.9800000000005,0.09078100323677063
6912.18,0.09010100364685059
6921.41,0.08957099914550781
6930.66,0.08902200311422348
6939.94,0.0885159969329834
6949.24,0.08794300258159637
6958.57,0.08737800270318985
6967.92,0.08685600012540817
6977.299999999999,0.08651500195264816
6986.7,0.08620399981737137
6996.13,0.08601900190114975
7005.59,0.08573000133037567
7015.07,0.08557499945163727
7024.57,0.08546300232410431
7034.099999999999,0.08562400192022324
7043.66,0.08578500151634216
7053.25,0.08610200136899948
7062.85,0.08664599806070328
7072.49,0.08742299675941467
7082.150000000001,0.08833599835634232
7091.84,0.08943899720907211
7101.549999999999,0.09075699746608734
7111.3,0.0922200009226799
7121.0599999999995,0.09371700137853622
7130.860000000001,0.09533199667930603
7140.679999999999,0.09679699689149857
7150.53,0.09817799925804138
7160.41,0.09955599904060364
7170.3099999999995,0.10081899911165237
7180.240000000001,0.10205499827861786
7190.2,0.10310599952936172
7200.1900000000005,0.10367400199174881
7210.200000000001,0.10411400347948074
7220.240000000001,0.10449700057506561
7230.31,0.10473199933767319
7240.41,0.1046300008893013
7250.54,0.10437799990177155
7260.6900000000005,0.10401599854230881
7270.88,0.1035659983754158
7281.09,0.10299400240182877
7291.33,0.10234200209379196
7301.599999999999,0.10160800069570541
7311.9,0.10084600001573563
7322.219999999999,0.09997899830341339
7332.58,0.09909699857234955
7342.97,0.0980679988861084
7353.379999999999,0.09691599756479263
7363.83,0.09568499773740768
7374.3,0.09452900290489197
7384.8099999999995,0.09322699904441833
7395.34,0.0918089970946312
7405.910000000001,0.09033499658107758
7416.5,0.08888600021600723
7427.13,0.08731500059366226
7437.78,0.08585000038146973
7448.47,0.08423800021409988
7459.1900000000005,0.08257400244474411
7469.9400000000005,0.0809129998087883
7480.71,0.07918799668550491
7491.52,0.07736299932003021
7502.37,0.07564599812030792
7513.24,0.07386700063943863
7524.14,0.07204599678516388
7535.08,0.07016699761152267
7546.05,0.0683870017528534
7557.05,0.06645499914884567
7568.08,0.06457799673080444
7579.150000000001,0.06275799870491028
7590.24,0.06094300001859665
7601.37,0.05910399928689003
7612.53,0.05735500156879425
7623.7300000000005,0.05553499981760979
7634.96,0.053925998508930206
7646.219999999999,0.052312999963760376
7657.51,0.05067799985408783
7668.84,0.0490339994430542
7680.2,0.04746900126338005
7691.59,0.04586600139737129
7703.02,0.044339001178741455
7714.49,0.04281499981880188
7725.98,0.04132499918341637
7737.5199999999995,0.03985900059342384
7749.08,0.03847799822688103
7760.679999999999,0.037122998386621475
7772.32,0.03585699945688248
7783.99,0.03449299931526184
7795.69,0.033243000507354736
7807.43,0.03208699822425842
7819.21,0.031049000099301338
7831.0199999999995,0.03002599999308586
7842.87,0.029172999784350395
7854.75,0.02842099964618683
7866.67,0.027654999867081642
7878.62,0.02691200003027916
7890.62,0.026417000219225883
7902.64,0.02595599927008152
7914.71,0.02560799941420555
7926.8099999999995,0.02532700076699257
7938.95,0.025141999125480652
7951.13,0.0250450000166893
7963.339999999999,0.025105999782681465
7975.59,0.02514900080859661
7987.879999999999,0.025388000532984734
8000.209999999999,0.02566399984061718
8012.570000000001,0.026043999940156937
8024.98,0.02656400017440319
8037.419999999999,0.02719699963927269
8049.899999999999,0.02784699946641922
8062.419999999999,0.02870500087738037
8074.9800000000005,0.029664000496268272
8087.57,0.030917000025510788
8100.210000000001,0.03219899907708168
8112.89,0.03364599868655205
8125.6,0.03518899902701378
8138.360000000001,0.03688099980354309
8151.160000000001,0.03859100118279457
8163.99,0.040396999567747116
8176.869999999999,0.04215199872851372
8189.79,0.04391099885106087
8202.75,0.04565099999308586
8215.75,0.04739699885249138
8228.79,0.04911499843001366
8241.87,0.05076700076460838
8254.99,0.052285999059677124
8268.16,0.05393499881029129
8281.37,0.055667001754045486
8294.62,0.057328000664711
8307.91,0.058993998914957047
8321.24,0.06076499819755554
8334.619999999999,0.062401000410318375
8348.039999999999,0.0639519989490509
8361.51,0.0654430016875267
8375.019999999999,0.06701300293207169
8388.57,0.06842400133609772
8402.16,0.069582000374794
8415.800000000001,0.07034099847078323
8429.49,0.07069999724626541
8443.22,0.07060500234365463
8456.99,0.07019700109958649
8470.81,0.06952700018882751
8484.67,0.06876800209283829
8498.58,0.06790100038051605
8512.539999999999,0.06701800227165222
8526.54,0.06609100103378296
8540.58,0.06526199728250504
8554.68,0.06453300267457962
8568.82,0.06401100009679794
8583.0,0.0634469985961914
8597.24,0.06307099759578705
8611.52,0.06285600364208221
8625.85,0.06281600147485733
8640.230000000001,0.06282000243663788
8654.65,0.06282500177621841
8669.119999999999,0.0627250000834465
8683.640000000001,0.06255000084638596
8698.21,0.062206998467445374
8712.83,0.061861999332904816
8727.5,0.061420001089572906
8742.22,0.06095600128173828
8756.99,0.06033200025558472
8771.800000000001,0.05968699976801872
8786.67,0.05909299850463867
8801.589999999998,0.05850699916481972
8816.560000000001,0.05779799818992615
8831.58,0.05714099854230881
8846.65,0.05641999840736389
8861.77,0.05564400181174278
8876.939999999999,0.05474599823355675
8892.17,0.053870998322963715
8907.45,0.05290500074625015
8922.779999999999,0.05191199854016304
8938.16,0.05094999819993973
8953.6,0.05025000125169754
8969.09,0.04950200021266937
8984.640000000001,0.04897899925708771
9000.23,0.04881399869918823
9015.890000000001,0.04894300177693367
9031.59,0.049508001655340195
9047.359999999999,0.05054600164294243
9063.17,0.051858000457286835
9079.050000000001,0.05343800038099289
9094.97,0.055261000990867615
9110.960000000001,0.05721599981188774
9127.0,0.059078000485897064
9143.1,0.060968998819589615
9159.25,0.06281399726867676
9175.46,0.06460700184106827
9191.73,0.0661650002002716
9208.06,0.06750699877738953
9224.439999999999,0.06874299794435501
9240.880000000001,0.06975899636745453
9257.38,0.0704139992594719
9273.94,0.0708559975028038
9290.56,0.07104899734258652
9307.24,0.07087700068950653
9323.980000000001,0.0702269971370697
9340.78,0.0693570002913475
9357.64,0.06800500303506851
9374.57,0.06632000207901001
9391.550000000001,0.06448200345039368
9408.59,0.06265400350093842
9425.7,0.060940999537706375
9442.869999999999,0.05945900082588196
9460.1,0.05792300030589104
9477.4,0.05655699968338013
9494.75,0.05543899908661842
9512.17,0.05428899824619293
9529.66,0.05311499908566475
9547.21,0.052212998270988464
9564.83,0.051249999552965164
9582.5,0.050321999937295914
9600.25,0.04939400032162666
9618.06,0.04851200059056282
9635.94,0.04758099839091301
9653.88,0.04681599885225296
9671.89,0.04614400118589401
9689.970000000001,0.04551300033926964
9708.119999999999,0.044808998703956604
9726.33,0.04416799917817116
9744.619999999999,0.043533001095056534
9762.97,0.043104998767375946
9781.39,0.04266500100493431
9799.88,0.042114000767469406
9818.44,0.04156799986958504
9837.070000000002,0.04102800041437149
9855.77,0.04050799831748009
9874.539999999999,0.04003800079226494
9893.39,0.03956900164484978
9912.3,0.03916800022125244
9931.29,0.03871700167655945
9950.36,0.038325000554323196
9969.49,0.037967000156641006
9988.699999999999,0.03767799958586693
10007.98,0.03737900033593178
10027.34,0.03702399879693985
10046.77,0.036743998527526855
10066.28,0.03659199923276901
10085.869999999999,0.03647499904036522
10105.53,0.036281000822782516
10125.26,0.0361969992518425
10145.08,0.036219000816345215
10164.970000000001,0.03618200123310089
10184.939999999999,0.03631899878382683
10204.99,0.03652000054717064
10225.12,0.03667899966239929
10245.33,0.036851998418569565
10265.61,0.03703000023961067
10285.98,0.0371289998292923
10306.43,0.037363000214099884
10326.96,0.03756900131702423
10347.57,0.03775700181722641
10368.27,0.03786600008606911
10389.05,0.038033001124858856
10409.91,0.03819600120186806
10430.859999999999,0.03826000168919563
10451.88,0.03816799819469452
10473.0,0.03824400156736374
10494.199999999999,0.038304999470710754
10515.49,0.03827900066971779
10536.86,0.03817800059914589
10558.32,0.038075000047683716
10579.869999999999,0.03793400153517723
10601.5,0.03761500120162964
10623.23,0.03711000084877014
10645.039999999999,0.03673899918794632
10666.94,0.03626000136137009
10688.94,0.03571299836039543
10711.02,0.03519900143146515
10733.2,0.03472699970006943
10755.470000000001,0.034219998866319656
10777.83,0.033838000148534775
10800.28,0.03346100077033043
10822.83,0.03332500159740448
10845.470000000001,0.03334200009703636
10868.21,0.0334479995071888
10891.04,0.03360699862241745
10913.970000000001,0.03394100069999695
10936.99,0.034377001225948334
10960.119999999999,0.03502500057220459
10983.34,0.03563699871301651
11006.66,0.03637300059199333
11030.07,0.03716599941253662
11053.59,0.03799000009894371
11077.21,0.038784001022577286
11100.93,0.03952300176024437
11124.75,0.03985200077295303
11148.68,0.040070001035928726
11172.710000000001,0.040088001638650894
11196.84,0.03993299975991249
11221.07,0.03966199979186058
11245.41,0.03929400071501732
11269.859999999999,0.03902500122785568
11294.41,0.0389849990606308
11319.07,0.03884600102901459
11343.84,0.03881800174713135
11368.72,0.03888300061225891
11393.7,0.039021000266075134
11418.8,0.039264000952243805
11444.01,0.0398389995098114
11469.33,0.04076699912548065
11494.76,0.042072001844644547
11520.300000000001,0.04353899881243706
11545.96,0.04493900015950203
11571.730000000001,0.04606400057673454
11597.619999999999,0.04695500060915947
11623.62,0.04769999906420708
11649.74,0.04815300181508064
11675.98,0.048285000026226044
11702.34,0.04826200008392334
11728.81,0.0482340008020401
11755.41,0.048427000641822815
11782.130000000001,0.04874600097537041
11808.960000000001,0.04939600080251694
11835.92,0.05024399980902672
11863.009999999998,0.05120300129055977
11890.22,0.05221499875187874
11917.550000000001,0.05335700139403343
11945.01,0.054607000201940536
11972.6,0.055865999311208725
12000.310000000001,0.056963000446558
12028.16,0.057920001447200775
12056.13,0.058750998228788376
12084.23,0.059473998844623566
12112.460000000001,0.05989199876785278
12140.83,0.06001099944114685
12169.33,0.05987299978733063
12197.960000000001,0.05968400090932846
12226.73,0.05933399870991707
12255.64,0.05872400104999542
12284.68,0.05780699849128723
12313.86,0.05661100149154663
12343.18,0.05498199909925461
12372.640000000001,0.05305799841880798
12402.240000000002,0.05076000094413757
12431.98,0.04847000166773796
12461.86,0.04643699899315834
12491.89,0.0448869988322258
12522.07,0.044057998806238174
12552.38,0.044084999710321426
12582.85,0.04494599997997284
12613.47,0.04668400064110756
12644.23,0.04875500127673149
12675.15,0.05092800036072731
12706.210000000001,0.052946001291275024
12737.43,0.05463000014424324
12768.81,0.055792998522520065
12800.33,0.0566289983689785
12832.02,0.05709199979901314
12863.86,0.057743001729249954
12895.86,0.05916399881243706
12928.02,0.061581000685691833
12960.34,0.06452800333499908
12992.82,0.06735499948263168
13025.460000000001,0.0695749968290329
13058.27,0.07113300263881683
13091.25,0.07219000160694122
13124.39,0.07300800085067749
13157.7,0.07330500334501266
13191.179999999998,0.07338599860668182
13224.83,0.07344599813222885
13258.660000000002,0.0731780007481575
13292.65,0.07265599817037582
13326.83,0.07195200026035309
13361.17,0.07099299877882004
13395.699999999999,0.0698930025100708
13430.400000000001,0.06862299889326096
13465.289999999999,0.06712000072002411
13500.349999999999,0.06544700264930725
13535.6,0.06362900137901306
13571.03,0.06159000098705292
13606.65,0.05955800041556358
13642.46,0.05764000117778778
13678.46,0.0559689998626709
13714.64,0.05455800145864487
13751.02,0.05330599844455719
13787.59,0.05211099982261658
13824.36,0.05104999989271164
13861.32,0.05013300105929375
13898.49,0.049240998923778534
13935.85,0.04830700159072876
13973.41,0.04735099896788597
14011.17,0.04623899981379509
14049.15,0.045049998909235
14087.32,0.0439630001783371
14125.71,0.04299699887633324
14164.300000000001,0.04189100116491318
14203.11,0.040846001356840134
14242.13,0.03962999954819679
14281.359999999999,0.0385419987142086
14320.81,0.037411000579595566
14360.49,0.036052998155355453
14400.380000000001,0.03485399857163429
14440.49,0.03408300131559372
14480.82,0.03355500102043152
14521.39,0.03329699859023094
14562.18,0.032937001436948776
14603.199999999999,0.032489001750946045
14644.45,0.031904999166727066
14685.93,0.031197000294923782
14727.66,0.030587000772356987
14769.619999999999,0.029823999851942062
14811.81,0.028795000165700912
14854.25,0.02789900079369545
14896.94,0.02697799913585186
14939.87,0.025932999327778816
14983.050000000001,0.024965999647974968
15026.48,0.023996999487280846
15070.16,0.022917000576853752
15114.1,0.021794000640511513
15158.289999999999,0.020743999630212784
15202.74,0.019795000553131104
15247.460000000001,0.018797999247908592
15292.43,0.01808900013566017
15337.68,0.0173799991607666
15383.19,0.016738999634981155
15428.97,0.016370000317692757
15475.03,0.01600399985909462
15521.359999999999,0.015610000118613243
15567.970000000001,0.015461999922990799
15614.869999999999,0.015646999701857567
15662.039999999999,0.016134999692440033
15709.5,0.016790000721812248
15757.25,0.01770699955523014
15805.289999999999,0.018631000071763992
15853.619999999999,0.01960100047290325
15902.26,0.020680999383330345
15951.19,0.021747000515460968
16000.419999999998,0.022638000547885895
16049.949999999999,0.02338300086557865
16099.799999999997,0.024028999730944633
16149.95,0.024488000199198723
16200.420000000002,0.024847999215126038
16251.208999999999,0.025479000061750412
16302.311,0.02579299919307232
16353.741,0.026149999350309372
16405.491,0.02646300010383129
16457.569,0.02717900089919567
16509.979000000003,0.027775999158620834
16562.731,0.028258999809622765
16615.82,0.028929999098181725
16669.240999999998,0.029656000435352325
16723.021,0.030323000624775887
16777.14,0.03144700080156326
16831.61,0.03240799903869629
16886.431,0.03345099836587906
16941.62,0.034557998180389404
16997.16,0.03582699969410896
17053.08,0.03735100105404854
17109.36,0.03907199949026108
17166.01,0.04039499908685684
17223.04,0.04171599820256233
17280.451,0.04322199895977974
17338.239999999998,0.04470499977469444
17396.429,0.04599599912762642
17455.0,0.04743500053882599
17513.969,0.048650000244379044
17573.339,0.04995200037956238
17633.109999999997,0.050912998616695404
17693.290999999997,0.05168600007891655
17753.889,0.05268799886107445
17814.899,0.05390100181102753
17876.328999999998,0.05438999831676483
17938.181,0.054940998554229736
18000.468999999997,0.05565499886870384
18063.19,0.056299999356269836
18126.35,0.05675499886274338
18189.951,0.05710100010037422
18254.0,0.057569000869989395
18318.501,0.058389998972415924
18383.459,0.059091001749038696
18448.879,0.05963199958205223
18514.771,0.05990799888968468
18581.129,0.06019600108265877
18647.97,0.06030900031328201
18715.29,0.05991800129413605
18783.100000000002,0.05967999994754791
18851.4,0.05965900048613548
18920.2,0.05889999866485596
18989.51,0.05755800008773804
19059.32,0.056113000959157944
19129.65,0.05477200075984001
19200.5,0.05279700085520744
19271.878999999997,0.05153999850153923
19343.789999999997,0.05010699853301048
19416.240999999998,0.04838399961590767
19489.229000000003,0.04634400084614754
19562.771,0.044116999953985214
19636.880999999998,0.04175800085067749
19711.54,0.04004000127315521
19786.779,0.038440998643636703
19862.590999999997,0.03693599998950958
19938.98,0.035969000309705734
20015.961,0.03592099994421005
20093.55,0.03619400039315224
20171.73,0.03807000070810318
20250.530000000002,0.041620999574661255
20329.941000000003,0.04635100066661835
20409.981,0.05171399936079979
20490.649999999998,0.05689600110054016
20571.96,0.06085199862718582
20653.918999999998,0.06445500254631042
20736.54,0.06688600033521652
20819.82,0.06832700222730637
20903.77,0.06906499713659286
20988.399999999998,0.0691630020737648
21073.720999999998,0.06887400150299072
21159.731,0.06907399743795395
21246.46,0.06886100023984909
21333.891,0.0681840032339096
21422.041,0.06746099889278412
21510.929,0.06679800152778625
21600.559,0.06533800065517426
21690.941,0.06396300345659256
21782.08,0.0631520003080368
21873.989,0.06223199889063835
21966.668999999998,0.061406999826431274
22060.15,0.06102899834513664
22154.421,0.06024700030684471
22249.510000000002,0.05923900008201599
22345.409,0.05804000049829483
22442.141,0.056967999786138535
22539.721,0.056738998740911484
22638.14,0.05716099962592125
22737.431,0.05692199990153313
22837.601,0.05696599930524826
22938.649999999998,0.056866999715566635
23040.600000000002,0.056508999317884445
23143.459,0.05541300028562546
23247.24,0.05510399863123894
23351.959000000003,0.05543899908661842
23457.63,0.055289000272750854
23564.251,0.05457499995827675
23671.85,0.05426900088787079
23780.439000000002,0.05418499931693077
23890.02,0.05498399958014488
24000.629,0.055792998522520065
24112.261,0.056947000324726105
24224.93,0.058180999010801315
24338.659,0.05879500135779381
24453.47,0.05931700021028519
24569.361,0.06083599850535393
24686.359,0.061059001833200455
24804.469999999998,0.06191299855709076
24923.731,0.06245499849319458
25044.129999999997,0.06205900013446808
25165.71,0.06037700176239014
25288.46,0.06185799837112427
25412.43,0.06263899803161621
25537.609,0.06442499905824661
25664.04,0.06405699998140335
25791.719,0.06375499814748764
25920.679,0.06559199839830399
