Data ID,Nontronite NCJB26
Sample ID,NCJB26
Mineral Name,nontronite
Sample Description,
Date Added,
Viewing Geometry,
Other Information,
Grain Size,
Database of Origin,MICA Files (USGS/RELAB)
Wavelength,Response
300.0,0.04227900132536888
305.0,0.03500000014901161
310.0,0.0350399985909462
315.0,0.03304300084710121
320.0,0.033727001398801804
325.0,0.034703999757766724
330.0,0.03553599864244461
335.0,0.03788900002837181
340.0,0.03936599940061569
345.0,0.0415010005235672
350.0,0.04586799815297127
355.0,0.05004899948835373
360.0,0.054235998541116714
365.0,0.056731998920440674
370.0,0.0582440011203289
375.0,0.06114700064063072
380.0,0.0649619996547699
385.0,0.06906700134277344
390.0,0.07454799860715866
395.0,0.08057300001382828
400.0,0.08602199703454971
405.0,0.09076900035142899
410.0,0.09509000182151794
415.0,0.0976720005273819
420.0,0.10036399960517883
425.0,0.10278499871492386
430.0,0.10535799711942673
435.0,0.10772400349378586
440.0,0.11014900356531143
445.0,0.11166100203990936
450.0,0.1158209964632988
455.0,0.1216920018196106
460.0,0.12896600365638733
465.0,0.13801899552345276
470.0,0.15075799822807312
475.0,0.1640540063381195
480.0,0.1775120049715042
485.0,0.18834100663661957
490.0,0.1973779946565628
495.0,0.2061080038547516
500.0,0.21413099765777588
505.0,0.22232499718666077
510.0,0.23022200167179108
515.0,0.23853200674057007
520.0,0.24821700155735016
525.0,0.25707200169563293
530.0,0.2665329873561859
535.0,0.276621013879776
540.0,0.28514400124549866
545.0,0.2926580011844635
550.0,0.2996540069580078
555.0,0.3066070079803467
560.0,0.31242498755455017
565.0,0.31629300117492676
570.0,0.31985899806022644
575.0,0.3228529989719391
580.0,0.3253389894962311
585.0,0.32697901129722595
590.0,0.32842400670051575
595.0,0.32954999804496765
600.0,0.32912400364875793
605.0,0.329241007566452
610.0,0.3293449878692627
615.0,0.3288179934024811
620.0,0.3279759883880615
625.0,0.3277919888496399
630.0,0.32735100388526917
635.0,0.3273420035839081
640.0,0.327908992767334
645.0,0.32900699973106384
650.0,0.3301509916782379
655.0,0.3320089876651764
660.0,0.33494800329208374
665.0,0.33826398849487305
670.0,0.3425329923629761
675.0,0.34762901067733765
680.0,0.35257700085639954
685.0,0.3586600124835968
690.0,0.3643139898777008
695.0,0.3700009882450104
700.0,0.3760879933834076
705.0,0.3815400004386902
710.0,0.38690701127052307
715.0,0.39179500937461853
720.0,0.39747899770736694
725.0,0.40098699927330017
730.0,0.40535101294517517
735.0,0.40777599811553955
740.0,0.41142401099205017
745.0,0.4141699969768524
750.0,0.4168910086154938
755.0,0.4187990128993988
760.0,0.41853800415992737
765.0,0.4195150136947632
770.0,0.41986799240112305
775.0,0.41980499029159546
780.0,0.42020300030708313
785.0,0.41872501373291016
790.0,0.4183799922466278
795.0,0.417508989572525
800.0,0.41737401485443115
805.0,0.4162580072879791
810.0,0.4132690131664276
815.0,0.4124490022659302
820.0,0.41091200709342957
825.0,0.4089139997959137
830.0,0.40635499358177185
835.0,0.40476399660110474
840.0,0.4021559953689575
845.0,0.4003719985485077
850.0,0.39794400334358215
855.0,0.3968760073184967
860.0,0.39454400539398193
865.0,0.391526997089386
870.0,0.3900440037250519
875.0,0.38899099826812744
880.0,0.38769298791885376
885.0,0.3871619999408722
890.0,0.3857499957084656
895.0,0.38406801223754883
900.0,0.382764995098114
905.0,0.3818970024585724
910.0,0.3814069926738739
915.0,0.3801789879798889
920.0,0.38062500953674316
925.0,0.3802950084209442
930.0,0.38030099868774414
935.0,0.3812839984893799
940.0,0.3808940052986145
945.0,0.3813230097293854
950.0,0.3827109932899475
955.0,0.3829129934310913
960.0,0.38393500447273254
965.0,0.384909987449646
970.0,0.38583898544311523
975.0,0.3879239857196808
980.0,0.3890399932861328
985.0,0.3901819884777069
990.0,0.392875999212265
995.0,0.3950909972190857
1000.0,0.3965260088443756
1004.9999999999999,0.3989480137825012
1010.0,0.4017919898033142
1014.9999999999999,0.4036630094051361
1020.0,0.40602999925613403
1025.0,0.4091460108757019
1030.0,0.4117000102996826
1035.0,0.414124995470047
1040.0,0.41766300797462463
1045.0,0.42008399963378906
1050.0,0.42343801259994507
1055.0,0.42642098665237427
1060.0,0.4296030104160309
1065.0,0.43213000893592834
1070.0,0.4362330138683319
1075.0,0.43937399983406067
1080.0,0.44199201464653015
1085.0,0.44554001092910767
1090.0,0.4491029977798462
1095.0,0.45146799087524414
1100.0,0.4544279873371124
1105.0,0.4576610028743744
1110.0,0.45975300669670105
1115.0,0.46365800499916077
1120.0,0.4671039879322052
1125.0,0.468423992395401
1130.0,0.47088098526000977
1135.0,0.47390100359916687
1140.0,0.47533100843429565
1145.0,0.47694799304008484
1150.0,0.4783230125904083
1155.0,0.4792180061340332
1160.0,0.48134300112724304
1165.0,0.48454800248146057
1170.0,0.48649799823760986
1175.0,0.4879879951477051
1180.0,0.4900209903717041
1185.0,0.4920229911804199
1190.0,0.49282899498939514
1195.0,0.49486100673675537
1200.0,0.4968920052051544
1205.0,0.4980269968509674
1210.0,0.499550998210907
1215.0,0.5002260208129883
1220.0,0.5013650059700012
1225.0,0.5022510290145874
1230.0,0.5035809874534607
1235.0,0.5043039917945862
1240.0,0.504859983921051
1245.0,0.506069004535675
1250.0,0.5060979723930359
1255.0,0.5063149929046631
1260.0,0.5078999996185303
1265.0,0.5077469944953918
1270.0,0.5083060264587402
1275.0,0.5088719725608826
1280.0,0.5088160037994385
1285.0,0.508762001991272
1290.0,0.509323000907898
1295.0,0.5090929865837097
1300.0,0.5093259811401367
1305.0,0.5096480250358582
1310.0,0.5095949769020081
1315.0,0.5091059803962708
1320.0,0.5084689855575562
1325.0,0.5073890089988708
1330.0,0.5073999762535095
1335.0,0.5071539878845215
1340.0,0.5069910287857056
1345.0,0.5066440105438232
1350.0,0.5063790082931519
1355.0,0.5070890188217163
1360.0,0.5078240036964417
1365.0,0.5047600269317627
1370.0,0.5032470226287842
1375.0,0.5000849962234497
1380.0,0.501130998134613
1385.0,0.49253201484680176
1390.0,0.4840100109577179
1395.0,0.472104012966156
1400.0,0.4540880024433136
1405.0,0.4371269941329956
1410.0,0.42303401231765747
1415.0,0.4167279899120331
1420.0,0.41424301266670227
1425.0,0.4142020046710968
1430.0,0.41302698850631714
1435.0,0.4130310118198395
1440.0,0.42424601316452026
1445.0,0.4437069892883301
1450.0,0.457055002450943
1455.0,0.4618310034275055
1460.0,0.46285098791122437
1465.0,0.46408799290657043
1470.0,0.4674670100212097
1475.0,0.47189098596572876
1480.0,0.47645100951194763
1485.0,0.47984400391578674
1490.0,0.4830639958381653
1495.0,0.48541200160980225
1500.0,0.4878289997577667
1505.0,0.49023500084877014
1510.0,0.49235999584198
1515.0,0.4940600097179413
1520.0,0.49566400051116943
1525.0,0.497732013463974
1530.0,0.49823498725891113
1535.0,0.4996879994869232
1540.0,0.5015190243721008
1545.0,0.5019810199737549
1550.0,0.5029709935188293
1555.0,0.5039610266685486
1560.0,0.505079984664917
1565.0,0.5060610175132751
1570.0,0.5074189901351929
1575.0,0.5079339742660522
1580.0,0.5089730024337769
1585.0,0.5096660256385803
1590.0,0.5102530121803284
1595.0,0.5108039975166321
1600.0,0.512054979801178
1605.0,0.5123109817504883
1610.0,0.5125629901885986
1615.0,0.5139480233192444
1620.0,0.5139610171318054
1625.0,0.5143110156059265
1630.0,0.5144129991531372
1635.0,0.5150690078735352
1640.0,0.5157439708709717
1645.0,0.5169429779052734
1650.0,0.5162010192871094
1655.0,0.5170580148696899
1660.0,0.5179150104522705
1665.0,0.5179229974746704
1670.0,0.5185390114784241
1675.0,0.518546998500824
1680.0,0.519212007522583
1685.0,0.5189340114593506
1690.0,0.519894003868103
1695.0,0.519536018371582
1700.0,0.5209019780158997
1705.0,0.5217227935791016
1710.0,0.521336019039154
1715.0,0.5216469168663025
1720.0,0.5210893750190735
1725.0,0.5217553377151489
1730.0,0.5211015939712524
1735.0,0.521233081817627
1740.0,0.5211929678916931
1745.0,0.5212949514389038
1750.0,0.5216649174690247
1755.0,0.521195650100708
1760.0,0.5195730924606323
1765.0,0.5211501717567444
1770.0,0.5214700102806091
1775.0,0.5204229950904846
1780.0,0.5203292965888977
1785.0,0.5196261405944824
1790.0,0.5205568075180054
1795.0,0.5192082524299622
1800.0,0.5192688703536987
1805.0,0.5183537602424622
1810.0,0.5193535089492798
1815.0,0.518648624420166
1820.0,0.5187333226203918
1825.0,0.5186813473701477
1830.0,0.5179902911186218
1835.0,0.5176250338554382
1840.0,0.5171409845352173
1845.0,0.5183685421943665
1850.0,0.5166282057762146
1855.0,0.5155152082443237
1860.0,0.5141776204109192
1865.0,0.5122278928756714
1870.0,0.509227454662323
1875.0,0.504565954208374
1880.0,0.4978121817111969
1885.0,0.4850095808506012
1890.0,0.4662182629108429
1895.0,0.4388994872570038
1900.0,0.4086311459541321
1905.0,0.3940361440181732
1910.0,0.39482784271240234
1915.0,0.40413039922714233
1920.0,0.4161923825740814
1925.0,0.42823272943496704
1930.0,0.43884724378585815
1935.0,0.4463251531124115
1940.0,0.4529784321784973
1945.0,0.45882776379585266
1950.0,0.46316608786582947
1955.0,0.46705251932144165
1960.0,0.4701749086380005
1965.0,0.4729422330856323
1970.0,0.47555816173553467
1975.0,0.4771187901496887
1980.0,0.48006442189216614
1985.0,0.48264381289482117
1990.0,0.48429960012435913
1995.0,0.4864611029624939
2000.0,0.48853611946105957
2005.0,0.4911862909793854
2009.9999999999998,0.4939829111099243
2015.0000000000002,0.49569395184516907
2020.0,0.49762478470802307
2025.0,0.4998258054256439
2029.9999999999998,0.5013005137443542
2035.0000000000002,0.5036184191703796
2040.0,0.5048800110816956
2045.0,0.5057291388511658
2050.0,0.5075841546058655
2055.0,0.508558988571167
2060.0,0.5091956257820129
2065.0,0.509743332862854
2070.0,0.5103940367698669
2075.0,0.5105053186416626
2080.0,0.5109876394271851
2085.0,0.5109529495239258
2090.0,0.5110704302787781
2095.0,0.512360155582428
2100.0,0.5121514797210693
2105.0,0.5121238827705383
2110.0,0.5121463537216187
2115.0,0.5128929018974304
2120.0,0.5130354762077332
2125.0,0.5132822394371033
2130.0,0.5123936533927917
2135.0,0.5131697058677673
2140.0,0.5136365294456482
2145.0,0.5142236351966858
2150.0,0.5149654746055603
2155.0,0.5150500535964966
2160.0,0.5141399502754211
2165.0,0.5135406851768494
2170.0,0.5126673579216003
2175.0,0.5113173723220825
2180.0,0.5093156099319458
2185.0,0.5077680945396423
2190.0,0.5062735080718994
2195.0,0.5052039623260498
2200.0,0.5043309330940247
2205.0,0.5019721984863281
2210.0,0.5001018047332764
2215.0,0.4962628483772278
2220.0,0.49117207527160645
2225.0,0.4860299527645111
2230.0,0.4822348654270172
2235.0,0.4802173674106598
2240.0,0.48222607374191284
2245.0,0.48353004455566406
2250.0,0.48493707180023193
2255.0,0.48354285955429077
2260.0,0.47644779086112976
2265.0,0.4659326672554016
2270.0,0.4512008726596832
2275.0,0.43528953194618225
2280.0,0.4222782552242279
2285.0,0.41623562574386597
2290.0,0.4206703007221222
2295.0,0.43367841839790344
2300.0,0.449158638715744
2305.0,0.463293194770813
2310.0,0.4719442129135132
2315.0,0.4768732190132141
2320.0,0.47843679785728455
2325.0,0.4796377122402191
2330.0,0.4786449670791626
2335.0,0.4778617322444916
2340.0,0.47609859704971313
2345.0,0.47323957085609436
2350.0,0.469903826713562
2355.0,0.4660245180130005
2360.0,0.4632279872894287
2365.0,0.45993468165397644
2370.0,0.4573096036911011
2375.0,0.45418697595596313
2380.0,0.45003825426101685
2385.0,0.4455418288707733
2390.0,0.44037461280822754
2395.0,0.4350632429122925
2400.0,0.4309689998626709
2405.0,0.42858415842056274
2410.0,0.4280129373073578
2415.0,0.4291221499443054
2420.0,0.43002527952194214
2425.0,0.43066516518592834
2430.0,0.4306386709213257
2435.0,0.4304716885089874
2440.0,0.4300681948661804
2445.0,0.4293941259384155
2450.0,0.42888882756233215
2455.0,0.4282436966896057
2460.0,0.4273606836795807
2465.0,0.42594075202941895
2470.0,0.4247055947780609
2475.0,0.42248547077178955
2480.0,0.4197213351726532
2485.0,0.4162813425064087
2490.0,0.41305243968963623
2495.0,0.410275936126709
2500.0,0.40828999876976013
2505.0,0.4070311486721039
2510.0,0.4068039059638977
2515.0,0.4064565896987915
2520.0,0.40575292706489563
2525.0,0.4051569104194641
2530.0,0.4044630527496338
2531.32,0.40424400568008423
2532.55,0.4039730131626129
2533.7900000000004,0.4034639894962311
2535.0299999999997,0.40309399366378784
2536.27,0.40298300981521606
2537.51,0.4026789963245392
2538.75,0.40223801136016846
2540.0,0.4021809995174408
2541.2400000000002,0.4018230140209198
2542.49,0.4016979932785034
2543.7400000000002,0.40112999081611633
2544.99,0.40046998858451843
2546.2400000000002,0.4000999927520752
2547.49,0.4002569913864136
2548.74,0.3999960124492645
2549.9900000000002,0.39930498600006104
2551.25,0.39945200085639954
2552.5,0.3994869887828827
2553.76,0.3991889953613281
2555.02,0.39833301305770874
2556.28,0.39829498529434204
2557.54,0.3984859883785248
2558.8,0.39824599027633667
2560.07,0.3983980119228363
2561.33,0.39830899238586426
2562.6000000000004,0.39711999893188477
2563.86,0.3956739902496338
2565.13,0.39498600363731384
2566.3999999999996,0.394459992647171
2567.67,0.39498400688171387
2568.9500000000003,0.3955189883708954
2570.22,0.39510399103164673
2571.5,0.39312899112701416
2572.77,0.3929629921913147
2574.05,0.39379799365997314
2575.33,0.3917819857597351
2576.61,0.3914850056171417
2577.89,0.3914330005645752
2579.17,0.39010998606681824
2580.46,0.39023301005363464
2581.74,0.3904010057449341
2583.0299999999997,0.3892109990119934
2584.31,0.389396995306015
2585.6,0.3873269855976105
2586.89,0.3867979943752289
2588.19,0.38744398951530457
2589.48,0.3860839903354645
2590.77,0.38554999232292175
2592.07,0.3853690028190613
2593.36,0.3858500123023987
2594.6600000000003,0.38698598742485046
2595.96,0.38359200954437256
2597.2599999999998,0.3783609867095947
2598.56,0.3795199990272522
2599.8700000000003,0.3814690113067627
2601.17,0.38207200169563293
2602.48,0.38148200511932373
2603.78,0.3805310130119324
2605.09,0.3802109956741333
2606.3999999999996,0.37897899746894836
2607.71,0.37605100870132446
2609.03,0.375669002532959
2610.3399999999997,0.37590301036834717
2611.6600000000003,0.3751550018787384
2612.97,0.3745419979095459
2614.29,0.37431299686431885
2615.61,0.3732919991016388
2616.93,0.37379100918769836
2618.25,0.3713510036468506
2619.57,0.36928001046180725
2620.8999999999996,0.3701089918613434
2622.22,0.3676469922065735
2623.5499999999997,0.3664099872112274
2624.88,0.3669770061969757
2626.21,0.36707600951194763
2627.5400000000004,0.36613500118255615
2628.87,0.36312898993492126
2630.21,0.36374399065971375
2631.5400000000004,0.3626669943332672
2632.88,0.35923001170158386
2634.21,0.35939300060272217
2635.5499999999997,0.3591710031032562
2636.8900000000003,0.3579240143299103
2638.2400000000002,0.3570840060710907
2639.58,0.35596799850463867
2640.92,0.3550739884376526
2642.27,0.3539249897003174
2643.62,0.35258200764656067
2644.97,0.35105499625205994
2646.3199999999997,0.35006898641586304
2647.67,0.34801799058914185
2649.02,0.3468230068683624
2650.38,0.34564200043678284
2651.73,0.34462499618530273
2653.09,0.3431459963321686
2654.4500000000003,0.3407979905605316
2655.81,0.3391059935092926
2657.1699999999996,0.3376680016517639
2658.5299999999997,0.33601200580596924
2659.89,0.33501899242401123
2661.2599999999998,0.33271801471710205
2662.63,0.330500990152359
2664.0,0.3289729952812195
2665.36,0.3281629979610443
2666.74,0.32450100779533386
2668.11,0.3200969994068146
2669.48,0.31682801246643066
2670.8599999999997,0.31632399559020996
2672.23,0.30954599380493164
2673.61,0.3047119975090027
2674.9900000000002,0.30305400490760803
2676.37,0.3008660078048706
2677.76,0.2968519926071167
2679.14,0.29316601157188416
2680.52,0.29047301411628723
2681.91,0.2871510088443756
2683.3,0.2846750020980835
2684.6899999999996,0.2811479866504669
2686.08,0.2772740125656128
2687.47,0.27386999130249023
2688.87,0.26995399594306946
2690.2599999999998,0.2660149931907654
2691.6600000000003,0.2611759901046753
2693.06,0.25590500235557556
2694.46,0.2495879977941513
2695.86,0.24233199656009674
2697.26,0.23646099865436554
2698.66,0.23213399946689606
2700.07,0.2281070053577423
2701.48,0.22368699312210083
2702.89,0.21804800629615784
2704.2999999999997,0.2122569978237152
2705.71,0.20666299760341644
2707.1200000000003,0.20072400569915771
2708.53,0.19468200206756592
2709.9500000000003,0.18847300112247467
2711.37,0.18190699815750122
2712.79,0.17411799728870392
2714.21,0.16698400676250458
2715.63,0.16106699407100677
2717.05,0.15452000498771667
2718.48,0.14783599972724915
2719.9,0.14137700200080872
2721.33,0.13508200645446777
2722.76,0.12801800668239594
2724.19,0.1232530027627945
2725.6200000000003,0.11843899637460709
2727.06,0.11346399784088135
2728.49,0.1098330020904541
2729.93,0.1066339984536171
2731.37,0.10339300334453583
2732.8100000000004,0.10042399913072586
2734.25,0.09778399765491486
2735.69,0.09529100358486176
2737.1400000000003,0.09243100136518478
2738.58,0.09025199711322784
2740.0299999999997,0.08820900321006775
2741.48,0.08563999831676483
2742.93,0.08317700028419495
2744.38,0.08099199831485748
2745.8300000000004,0.07884600013494492
2747.29,0.07689300179481506
2748.75,0.07496500015258789
2750.2,0.073062002658844
2751.6600000000003,0.07124000042676926
2753.13,0.06975000351667404
2754.5899999999997,0.06843200325965881
2756.05,0.06738100200891495
2757.52,0.06601999700069427
2758.99,0.06512200087308884
2760.46,0.06473899632692337
2761.93,0.06443999707698822
2763.3999999999996,0.06399799883365631
2764.8700000000003,0.06339800357818604
2766.35,0.0631600022315979
2767.82,0.0631290003657341
2769.2999999999997,0.06283300369977951
2770.7799999999997,0.06260800361633301
2772.26,0.0623759999871254
2773.75,0.061914000660181046
2775.23,0.061404999345541
2776.7200000000003,0.06107199937105179
2778.21,0.060621000826358795
2779.7000000000003,0.060068998485803604
2781.19,0.05957699939608574
2782.68,0.059043999761343
2784.1800000000003,0.058667998760938644
2785.67,0.05838000029325485
2787.17,0.057976000010967255
2788.67,0.05765800178050995
2790.1699999999996,0.05747000128030777
2791.67,0.0574599988758564
2793.18,0.05757499858736992
2794.68,0.057757001370191574
2796.19,0.05799400061368942
2797.7,0.05855200067162514
2799.21,0.05925099924206734
2800.7200000000003,0.06001799926161766
2802.24,0.06092499941587448
2803.75,0.06199700012803078
2805.27,0.06316900253295898
2806.79,0.06460300087928772
2808.31,0.06635899841785431
2809.83,0.06828799843788147
2811.35,0.07024399936199188
2812.8799999999997,0.07241199910640717
2814.41,0.07475899904966354
2815.93,0.07721800357103348
2817.46,0.07973899692296982
2819.0,0.08230900019407272
2820.53,0.08473099768161774
2822.07,0.08720900118350983
2823.6,0.08973699808120728
2825.1400000000003,0.09202200174331665
2826.6800000000003,0.09415599703788757
2828.22,0.0961880013346672
2829.77,0.0979050025343895
2831.3100000000004,0.09944000095129013
2832.86,0.10067199915647507
2834.4100000000003,0.10198699682950974
2835.96,0.10316099971532822
2837.5099999999998,0.1040090024471283
2839.07,0.10481700301170349
2840.62,0.1055769994854927
2842.18,0.10633199661970139
2843.74,0.10705599933862686
2845.2999999999997,0.10780200362205505
2846.86,0.10844700038433075
2848.43,0.10879100114107132
2849.9900000000002,0.10920199751853943
2851.56,0.10971099883317947
2853.13,0.11021599918603897
2854.7,0.11061500012874603
2856.27,0.1109130010008812
2857.85,0.111394003033638
2859.42,0.11206100136041641
2861.0,0.1125819981098175
2862.58,0.11295600235462189
2864.16,0.11346700042486191
2865.75,0.1139490008354187
2867.33,0.11441399902105331
2868.92,0.11486300081014633
2870.5099999999998,0.11533799767494202
2872.1,0.11582200229167938
2873.69,0.11636999994516373
2875.28,0.11698500066995621
2876.88,0.11749699711799622
2878.48,0.1179329976439476
2880.0699999999997,0.11851199716329575
2881.68,0.1190669983625412
2883.28,0.11949300020933151
2884.88,0.11991900205612183
2886.49,0.12030400335788727
2888.1,0.12079399824142456
2889.71,0.1211479976773262
2891.3199999999997,0.12136299908161163
2892.93,0.12156999856233597
2894.55,0.12176000326871872
2896.16,0.12179400026798248
2897.78,0.12190700322389603
2899.4,0.12203200161457062
2901.03,0.1221650019288063
2902.65,0.12230200320482254
2904.2799999999997,0.12234999984502792
2905.91,0.12239599972963333
2907.54,0.12246999889612198
2909.17,0.12259899824857712
2910.8,0.1226859986782074
2912.44,0.12282499670982361
2914.07,0.12276799976825714
2915.7099999999996,0.12267699837684631
2917.35,0.12283799797296524
2918.99,0.12301799654960632
2920.6400000000003,0.12314900010824203
2922.29,0.123369000852108
2923.93,0.1234619989991188
2925.58,0.123539999127388
2927.24,0.12364000082015991
2928.89,0.12378299981355667
2930.55,0.12399300187826157
2932.2,0.12410599738359451
2933.86,0.12411700189113617
2935.52,0.124160997569561
2937.19,0.12427199631929398
2938.85,0.1242389976978302
2940.52,0.12431100010871887
2942.19,0.12430799752473831
2943.86,0.12430500239133835
2945.53,0.12430199980735779
2947.21,0.12426900118589401
2948.88,0.12415000051259995
2950.56,0.12400899827480316
2952.2400000000002,0.1238349974155426
2953.92,0.12379100173711777
2955.61,0.12375699728727341
2957.29,0.12378600239753723
2958.98,0.12378200143575668
2960.67,0.12398199737071991
2962.3599999999997,0.12443400174379349
2964.06,0.12480299919843674
2965.75,0.1251560002565384
2967.45,0.1256359964609146
2969.15,0.12611499428749084
2970.85,0.12655100226402283
2972.55,0.12701000273227692
2974.26,0.12749700248241425
2975.97,0.12778900563716888
2977.68,0.12817800045013428
2979.39,0.12869800627231598
2981.1,0.12899799644947052
2982.8199999999997,0.1292410045862198
2984.5299999999997,0.1295969933271408
2986.25,0.12983399629592896
2987.97,0.1300940066576004
2989.7,0.1304119974374771
2991.42,0.13067300617694855
2993.15,0.13081200420856476
2994.88,0.1310950070619583
2996.61,0.13134899735450745
2998.3399999999997,0.13154800236225128
3000.08,0.13181300461292267
3001.8199999999997,0.13199299573898315
3003.55,0.13222800195217133
3005.3,0.13252100348472595
3007.04,0.13273699581623077
3008.7799999999997,0.1329669952392578
3010.53,0.1332550048828125
3012.28,0.13356700539588928
3014.03,0.13391000032424927
3015.79,0.13422100245952606
3017.54,0.13443699479103088
3019.2999999999997,0.13487699627876282
3021.06,0.13528099656105042
3022.8199999999997,0.13559000194072723
3024.58,0.13592199981212616
3026.35,0.13635499775409698
3028.12,0.13677699863910675
3029.89,0.13710500299930573
3031.66,0.13745899498462677
3033.4300000000003,0.13778500258922577
3035.21,0.13818499445915222
3036.99,0.13859499990940094
3038.77,0.13909199833869934
3040.55,0.1394519954919815
3042.3300000000004,0.139615997672081
3044.12,0.13975399732589722
3045.9100000000003,0.14013400673866272
3047.7,0.14051799476146698
3049.4900000000002,0.14076000452041626
3051.29,0.14097300171852112
3053.08,0.14127099514007568
3054.8799999999997,0.14159199595451355
3056.6800000000003,0.1418749988079071
3058.49,0.1421000063419342
3060.29,0.14226700365543365
3062.1,0.14247700572013855
3063.91,0.14271099865436554
3065.72,0.14294299483299255
3067.54,0.14305700361728668
3069.35,0.14315000176429749
3071.17,0.1432799994945526
3072.99,0.1435910016298294
3074.81,0.14376300573349
3076.64,0.14386700093746185
3078.47,0.14394700527191162
3080.2900000000004,0.14405900239944458
3082.1299999999997,0.14420300722122192
3083.96,0.1443910002708435
3085.79,0.14449399709701538
3087.6299999999997,0.14458799362182617
3089.47,0.14468899369239807
3091.31,0.14481699466705322
3093.1600000000003,0.14495599269866943
3095.0099999999998,0.14505399763584137
3096.85,0.1450909972190857
3098.71,0.14530499279499054
3100.5600000000004,0.14541199803352356
3102.41,0.14557600021362305
3104.27,0.14579999446868896
3106.1299999999997,0.14608800411224365
3107.9900000000002,0.14634700119495392
3109.8599999999997,0.14658300578594208
3111.73,0.14694400131702423
3113.5899999999997,0.14726300537586212
3115.4700000000003,0.14741699397563934
3117.34,0.14771200716495514
3119.21,0.1480730026960373
3121.09,0.14854900538921356
3122.97,0.14886599779129028
3124.86,0.1492609977722168
3126.74,0.1497659981250763
3128.6299999999997,0.15018899738788605
3130.52,0.1506129950284958
3132.4100000000003,0.15110500156879425
3134.3,0.15160800516605377
3136.2000000000003,0.1520490050315857
3138.1,0.15258699655532837
3140.0,0.1531829982995987
3141.9,0.15376700460910797
3143.8100000000004,0.15439699590206146
3145.7099999999996,0.15500099956989288
3147.62,0.15558700263500214
3149.54,0.15618200600147247
3151.4500000000003,0.15693099796772003
3153.37,0.15772999823093414
3155.29,0.15833300352096558
3157.21,0.15887999534606934
3159.13,0.15963000059127808
3161.06,0.16042500734329224
3162.9900000000002,0.16107100248336792
3164.92,0.16175499558448792
3166.8500000000004,0.16247700154781342
3168.79,0.1632159948348999
3170.7200000000003,0.16398100554943085
3172.67,0.16465799510478973
3174.61,0.16538499295711517
3176.55,0.1662289947271347
3178.5,0.1670220047235489
3180.45,0.1676740050315857
3182.4,0.16844399273395538
3184.3599999999997,0.1692650020122528
3186.3199999999997,0.17008300125598907
3188.27,0.1709430068731308
3190.2400000000002,0.17184199392795563
3192.2000000000003,0.17264999449253082
3194.17,0.17350099980831146
3196.1400000000003,0.17436100542545319
3198.1099999999997,0.17530600726604462
3200.08,0.1761150062084198
3202.06,0.17686399817466736
3204.04,0.17777900397777557
3206.02,0.17861799895763397
3208.0,0.1795080006122589
3209.99,0.180417001247406
3211.98,0.18126900494098663
3213.9700000000003,0.18219499289989471
3215.96,0.18314099311828613
3217.96,0.18410900235176086
3219.96,0.185029998421669
3221.96,0.1859550029039383
3223.96,0.1868080049753189
3225.97,0.18765400350093842
3227.98,0.18858499825000763
3229.99,0.18942700326442719
3232.0,0.19037899374961853
3234.02,0.1913589984178543
3236.04,0.19228899478912354
3238.06,0.19327999651432037
3240.08,0.19416600465774536
3242.1099999999997,0.19504700601100922
3244.14,0.19594299793243408
3246.17,0.19694699347019196
3248.2000000000003,0.19793200492858887
3250.24,0.1989009976387024
3252.2799999999997,0.19978000223636627
3254.3199999999997,0.20077499747276306
3256.37,0.20174899697303772
3258.41,0.20260700583457947
3260.46,0.2034749984741211
3262.5099999999998,0.20442500710487366
3264.57,0.20534899830818176
3266.63,0.20633099973201752
3268.69,0.20729699730873108
3270.75,0.2082429975271225
3272.8100000000004,0.20920799672603607
3274.88,0.21009600162506104
3276.95,0.21103399991989136
3279.02,0.2119850069284439
3281.1,0.21299999952316284
3283.1800000000003,0.21400299668312073
3285.26,0.21491999924182892
3287.34,0.21593500673770905
3289.43,0.21690300107002258
3291.51,0.21780100464820862
3293.61,0.2187650054693222
3295.7000000000003,0.2197120040655136
3297.8,0.22062300145626068
3299.9,0.22148999571800232
3302.0,0.22251099348068237
3304.1,0.22344699501991272
3306.21,0.22431400418281555
3308.32,0.2253270000219345
3310.4300000000003,0.22629499435424805
3312.5499999999997,0.2272229939699173
3314.66,0.2281779944896698
3316.79,0.22903400659561157
3318.91,0.22987499833106995
3321.0299999999997,0.23079299926757812
3323.1600000000003,0.23173299431800842
3325.29,0.23255999386310577
3327.4300000000003,0.23344199359416962
3329.5699999999997,0.2343129962682724
3331.71,0.23517100512981415
3333.85,0.23596599698066711
3335.99,0.23677800595760345
3338.1400000000003,0.2375970035791397
3340.29,0.23827899992465973
3342.45,0.23893100023269653
3344.6,0.2396239936351776
3346.76,0.2403469979763031
3348.92,0.24088799953460693
3351.09,0.2414180040359497
3353.26,0.24185800552368164
3355.4300000000003,0.24222399294376373
3357.6000000000004,0.24262000620365143
3359.78,0.24299700558185577
3361.96,0.2432049959897995
3364.14,0.24336600303649902
3366.32,0.2435539960861206
3368.51,0.24377000331878662
3370.7,0.24389399588108063
3372.89,0.24389499425888062
3375.09,0.24395500123500824
3377.29,0.2440820038318634
3379.4900000000002,0.24437199532985687
3381.69,0.24478599429130554
3383.9,0.24519899487495422
3386.11,0.24569199979305267
3388.32,0.24650000035762787
3390.54,0.247407004237175
3392.76,0.2483689934015274
3394.98,0.24918800592422485
3397.21,0.24990999698638916
3399.4300000000003,0.25050801038742065
3401.6600000000003,0.25084400177001953
3403.9,0.25107499957084656
3406.13,0.2512649893760681
3408.3700000000003,0.2515139877796173
3410.61,0.2518329918384552
3412.8599999999997,0.2522270083427429
3415.1099999999997,0.25283798575401306
3417.36,0.2536660134792328
3419.61,0.25472599267959595
3421.8700000000003,0.25613200664520264
3424.13,0.257735013961792
3426.39,0.259317010641098
3428.66,0.2609409987926483
3430.93,0.2625809907913208
3433.2,0.2640790045261383
3435.48,0.26548799872398376
3437.7599999999998,0.266975998878479
3440.0400000000004,0.2684139907360077
3442.32,0.269896000623703
3444.61,0.27120599150657654
3446.8999999999996,0.27245399355888367
3449.19,0.2738629877567291
3451.4900000000002,0.27524399757385254
3453.79,0.27655699849128723
3456.09,0.2779180109500885
3458.4,0.27910199761390686
3460.7000000000003,0.28018999099731445
3463.0200000000004,0.28125
3465.33,0.2822839915752411
3467.65,0.28312399983406067
3469.97,0.28377199172973633
3472.29,0.28435900807380676
3474.62,0.28478699922561646
3476.95,0.28502100706100464
3479.2900000000004,0.2851170003414154
3481.62,0.2852869927883148
3483.96,0.28558799624443054
3486.3,0.2860470116138458
3488.6499999999996,0.28663399815559387
3491.0,0.2874009907245636
3493.35,0.28812599182128906
3495.71,0.2887350022792816
3498.0699999999997,0.2896119952201843
3500.4300000000003,0.29065001010894775
3502.79,0.29166001081466675
3505.16,0.29289698600769043
3507.53,0.2942950129508972
3509.9100000000003,0.29573801159858704
3512.29,0.297203004360199
3514.67,0.2986469864845276
3517.0499999999997,0.3000969886779785
3519.44,0.30145901441574097
3521.83,0.30278900265693665
3524.23,0.30424201488494873
3526.62,0.3057349920272827
3529.02,0.30703800916671753
3531.43,0.3082770109176636
3533.83,0.309675008058548
3536.24,0.3109700083732605
3538.6600000000003,0.31213998794555664
3541.08,0.31320101022720337
3543.5,0.3142249882221222
3545.92,0.31527701020240784
3548.35,0.316195011138916
3550.78,0.3170900046825409
3553.21,0.3180069923400879
3555.65,0.31891000270843506
3558.09,0.3196159899234772
3560.5299999999997,0.32032299041748047
3562.98,0.32108500599861145
3565.4300000000003,0.3218640089035034
3567.88,0.3225870132446289
3570.3399999999997,0.32327699661254883
3572.8,0.3238680064678192
3575.27,0.3243899941444397
3577.73,0.32498401403427124
3580.2000000000003,0.32558900117874146
3582.68,0.3262439966201782
3585.1600000000003,0.3269590139389038
3587.64,0.3275560140609741
3590.1200000000003,0.32802799344062805
3592.61,0.32852399349212646
3595.1,0.32915300130844116
3597.6,0.32971999049186707
3600.0899999999997,0.3301849961280823
3602.6,0.33083200454711914
3605.1000000000004,0.3314020037651062
3607.61,0.3318740129470825
3610.1200000000003,0.33238500356674194
3612.64,0.33305901288986206
3615.16,0.3336009979248047
3617.68,0.3341110050678253
3620.21,0.3346390128135681
3622.74,0.33518698811531067
3625.27,0.33573800325393677
3627.8100000000004,0.33643001317977905
3630.35,0.3370470106601715
3632.8900000000003,0.33764100074768066
3635.44,0.3383060097694397
3637.99,0.3388400077819824
3640.54,0.33943799138069153
3643.1,0.3401719927787781
3645.66,0.34078699350357056
3648.23,0.34136098623275757
3650.7999999999997,0.3419699966907501
3653.37,0.34265801310539246
3655.95,0.34325700998306274
3658.5299999999997,0.3438839912414551
3661.1099999999997,0.3445050120353699
3663.7,0.3450469970703125
3666.29,0.34553399682044983
3668.8900000000003,0.3459640145301819
3671.48,0.3465070128440857
3674.09,0.34699299931526184
3676.6899999999996,0.3472970128059387
3679.3,0.3476870059967041
3681.91,0.3479920029640198
3684.53,0.34825998544692993
3687.15,0.34850600361824036
3689.7799999999997,0.34869301319122314
3692.4,0.348906010389328
3695.04,0.3490760028362274
3697.67,0.34922298789024353
3700.31,0.34937700629234314
3702.95,0.34949299693107605
3705.6,0.349590003490448
3708.25,0.34968799352645874
3710.9100000000003,0.34971898794174194
3713.5600000000004,0.3497070074081421
3716.23,0.3498370051383972
3718.89,0.3499470055103302
3721.5600000000004,0.3500249981880188
3724.23,0.3500789999961853
3726.9100000000003,0.35009101033210754
3729.59,0.3501589894294739
3732.2799999999997,0.3503830134868622
3734.9700000000003,0.35065001249313354
3737.66,0.3509890139102936
3740.36,0.35127100348472595
3743.06,0.3515779972076416
3745.76,0.3520529866218567
3748.4700000000003,0.35246899724006653
3751.1800000000003,0.35287800431251526
3753.8999999999996,0.3535270094871521
3756.62,0.354092001914978
3759.3399999999997,0.35463398694992065
3762.07,0.3551369905471802
3764.8,0.3558250069618225
3767.54,0.35645899176597595
3770.28,0.3571540117263794
3773.02,0.357820987701416
3775.77,0.3585210144519806
3778.52,0.35927799344062805
3781.28,0.3599640130996704
3784.04,0.3606410026550293
3786.7999999999997,0.36139100790023804
3789.5699999999997,0.3618769943714142
3792.3399999999997,0.36245501041412354
3795.12,0.36304599046707153
3797.8999999999996,0.363647997379303
3800.69,0.364096999168396
3803.47,0.3645780086517334
3806.27,0.3649359941482544
3809.06,0.36535000801086426
3811.8599999999997,0.3657430112361908
3814.67,0.3660709857940674
3817.48,0.36627599596977234
3820.29,0.36645999550819397
3823.1099999999997,0.3666360080242157
3825.93,0.3667460083961487
3828.7599999999998,0.36674201488494873
3831.5899999999997,0.3668400049209595
3834.42,0.3668519854545593
3837.26,0.36692899465560913
3840.1,0.3670380115509033
3842.9500000000003,0.3671810030937195
3845.8,0.3671810030937195
3848.65,0.3672409951686859
3851.51,0.3674769997596741
3854.38,0.36765000224113464
3857.24,0.36793598532676697
3860.1200000000003,0.368257999420166
3862.99,0.36852800846099854
3865.8700000000003,0.36879900097846985
3868.7599999999998,0.3691059947013855
3871.6499999999996,0.3695850074291229
3874.54,0.370059996843338
3877.44,0.37054699659347534
3880.3399999999997,0.37101298570632935
3883.25,0.3715740144252777
3886.16,0.37213701009750366
3889.0699999999997,0.3727169930934906
3891.99,0.37331700325012207
3894.92,0.3739210069179535
3897.85,0.3744339942932129
3900.78,0.37494999170303345
3903.72,0.37535399198532104
3906.66,0.37580999732017517
3909.6000000000004,0.3762890100479126
3912.55,0.3766320049762726
3915.5099999999998,0.3769020140171051
3918.4700000000003,0.37723401188850403
3921.43,0.3774760067462921
3924.4,0.37759101390838623
3927.3799999999997,0.3775930106639862
3930.35,0.37765100598335266
3933.3300000000004,0.37763598561286926
3936.3199999999997,0.3775089979171753
3939.31,0.37730398774147034
3942.31,0.37708601355552673
3945.31,0.37682101130485535
3948.3100000000004,0.3765299916267395
3951.32,0.3761860132217407
3954.34,0.37584298849105835
3957.35,0.3754329979419708
3960.3799999999997,0.3749780058860779
3963.4100000000003,0.3745189905166626
3966.44,0.37408000230789185
3969.48,0.3735249936580658
3972.52,0.3730410039424896
3975.5600000000004,0.37246400117874146
3978.61,0.3719780147075653
3981.6699999999996,0.371506005525589
3984.73,0.37107399106025696
3987.8,0.37053799629211426
3990.8700000000003,0.37010401487350464
3993.9399999999996,0.369720995426178
3997.02,0.36929601430892944
4000.1,0.368831992149353
4003.19,0.3685249984264374
4006.29,0.36823099851608276
4009.39,0.3679350018501282
4012.49,0.3677000105381012
4015.6,0.3675270080566406
4018.7099999999996,0.36735498905181885
4021.8299999999995,0.3672179877758026
4024.9499999999994,0.3670249879360199
4028.08,0.3669799864292145
4031.2099999999996,0.3669010102748871
4034.35,0.3668519854545593
4037.4900000000002,0.36682599782943726
4040.64,0.3668079972267151
4043.7900000000004,0.3666689991950989
4046.94,0.36662599444389343
4050.11,0.36658400297164917
4053.2700000000004,0.36655300855636597
4056.44,0.36633598804473877
4059.62,0.3660910129547119
4062.8,0.36575400829315186
4065.9900000000002,0.3654539883136749
4069.1800000000003,0.36507800221443176
4072.38,0.36469098925590515
4075.5800000000004,0.3641200065612793
4078.78,0.363521009683609
4082.0,0.3628990054130554
4085.21,0.36211898922920227
4088.43,0.3612990081310272
4091.66,0.3604390025138855
4094.8900000000003,0.3595600128173828
4098.13,0.3586040139198303
4101.37,0.35750898718833923
4104.62,0.35643500089645386
4107.87,0.3552680015563965
4111.13,0.35418200492858887
4114.39,0.35314100980758667
4117.66,0.35203999280929565
4120.93,0.3508889973163605
4124.21,0.34977200627326965
4127.5,0.34869900345802307
4130.79,0.34759101271629333
4134.08,0.3465699851512909
4137.38,0.3456049859523773
4140.679999999999,0.34453698992729187
4143.99,0.3435089886188507
4147.31,0.34250500798225403
4150.629999999999,0.34165799617767334
4153.95,0.34068000316619873
4157.29,0.3397339880466461
4160.62,0.33881598711013794
4163.96,0.337924987077713
4167.3099999999995,0.33693400025367737
4170.66,0.33601999282836914
4174.0199999999995,0.33504799008369446
4177.39,0.3339749872684479
4180.75,0.3330601751804352
4184.13,0.3321397304534912
4187.509999999999,0.33121946454048157
4190.889999999999,0.33029916882514954
4194.28,0.3293760120868683
4197.68,0.3284502625465393
4201.08,0.3275245130062103
4204.49,0.3265959322452545
4207.900000000001,0.32566744089126587
4211.32,0.32473626732826233
4214.74,0.3238050639629364
4218.17,0.32287099957466125
4221.61,0.3219343423843384
4225.05,0.3209976851940155
4228.5,0.32005831599235535
4231.950000000001,0.3191189467906952
4235.400000000001,0.3181794285774231
4238.870000000001,0.317234605550766
4242.34,0.3162897825241089
4245.8099999999995,0.3153449594974518
4249.29,0.314397394657135
4252.78,0.31344711780548096
4256.2699999999995,0.3124968111515045
4259.7699999999995,0.3115438222885132
4263.27,0.31059080362319946
4266.78,0.30963507294654846
4270.29,0.3086793124675751
4273.81,0.3077208697795868
4277.34,0.30675968527793884
4280.87,0.3057984709739685
4284.41,0.3048345744609833
4287.950000000001,0.30387064814567566
4291.5,0.30290400981903076
4295.06,0.3019346296787262
4298.62,0.300965279340744
4302.1900000000005,0.2999933063983917
4305.76,0.2990212142467499
4309.34,0.29804638028144836
4312.92,0.29707154631614685
4316.5199999999995,0.2960912883281708
4320.11,0.29511386156082153
4323.719999999999,0.2941308617591858
4327.320000000001,0.29315057396888733
4330.94,0.29216498136520386
4334.5599999999995,0.29117923974990845
4338.19,0.29019078612327576
4341.820000000001,0.289202481508255
4345.46,0.28821128606796265
4349.11,0.287217378616333
4352.76,0.2862235903739929
4356.42,0.285226970911026
4360.08,0.28423044085502625
4363.75,0.28323107957839966
4367.429999999999,0.2822290062904358
4371.11,0.2812270522117615
4374.799999999999,0.28022223711013794
4378.49,0.27921754121780396
4382.19,0.27821001410484314
4385.900000000001,0.27495598793029785
4389.610000000001,0.27183398604393005
4393.33,0.26863598823547363
4397.0599999999995,0.2654399871826172
4400.79,0.26229798793792725
4404.530000000001,0.259319007396698
4408.280000000001,0.2564319968223572
4412.03,0.2536590099334717
4415.79,0.2510960102081299
4419.55,0.2485949993133545
4423.320000000001,0.24617800116539001
4427.1,0.24387499690055847
4430.88,0.24166199564933777
4434.68,0.2395389974117279
4438.469999999999,0.237526997923851
4442.280000000001,0.23577100038528442
4446.08,0.2340400069952011
4449.900000000001,0.23209699988365173
4453.719999999999,0.22978000342845917
4457.55,0.22719399631023407
4461.389999999999,0.22449499368667603
4465.2300000000005,0.22209300100803375
4469.08,0.22044000029563904
4472.9400000000005,0.219759002327919
4476.8,0.21988800168037415
4480.67,0.22066600620746613
4484.549999999999,0.22176000475883484
4488.43,0.22295700013637543
4492.320000000001,0.2241320013999939
4496.21,0.225614994764328
4500.12,0.2276729941368103
4504.030000000001,0.23051799833774567
4507.94,0.23402699828147888
4511.87,0.23811499774456024
4515.799999999999,0.24264900386333466
4519.7300000000005,0.24719999730587006
4523.679999999999,0.25151100754737854
4527.63,0.25563299655914307
4531.589999999999,0.2593129873275757
4535.55,0.2626180052757263
4539.52,0.2655569911003113
4543.5,0.26822298765182495
4547.49,0.270565003156662
4551.48,0.2726939916610718
4555.4800000000005,0.2744069993495941
4559.490000000001,0.27580299973487854
4563.5,0.2767699956893921
4567.52,0.27746498584747314
4571.55,0.2778030037879944
4575.580000000001,0.2779250144958496
4579.63,0.2778019905090332
4583.67,0.27766600251197815
4587.73,0.27722400426864624
4591.79,0.27660098671913147
4595.86,0.2759450078010559
4599.9400000000005,0.27529698610305786
4604.03,0.2743909955024719
4608.120000000001,0.27344998717308044
4612.219999999999,0.27226799726486206
4616.33,0.27090299129486084
4620.4400000000005,0.2693310081958771
4624.5599999999995,0.26774200797080994
4628.69,0.26587599515914917
4632.83,0.2638159990310669
4636.97,0.2615250051021576
4641.12,0.25891798734664917
4645.28,0.2559860050678253
4649.45,0.2529439926147461
4653.62,0.24979199469089508
4657.8,0.24668100476264954
4661.990000000001,0.24351100623607635
4666.1900000000005,0.24017499387264252
4670.39,0.23649799823760986
4674.599999999999,0.23294499516487122
4678.82,0.22971999645233154
4683.049999999999,0.22729900479316711
4687.280000000001,0.22603799402713776
4691.5199999999995,0.22623400390148163
4695.77,0.22786900401115417
4700.03,0.23057100176811218
4704.3,0.23360499739646912
4708.57,0.23638500273227692
4712.85,0.23869000375270844
4717.139999999999,0.24048399925231934
4721.429999999999,0.2416590005159378
4725.74,0.24237099289894104
4730.05,0.24261300265789032
4734.37,0.24252499639987946
4738.7,0.2421180009841919
4743.03,0.24151299893856049
4747.38,0.240680992603302
4751.7300000000005,0.23973900079727173
4756.09,0.2385540008544922
4760.45,0.23726800084114075
4764.83,0.2358729988336563
4769.21,0.23435400426387787
4773.6,0.2326280027627945
4778.0,0.23086999356746674
4782.41,0.2290620058774948
4786.83,0.22725899517536163
4791.25,0.22522899508476257
4795.68,0.22314199805259705
4800.13,0.22091999650001526
4804.57,0.2186339944601059
4809.03,0.2162970006465912
4813.5,0.2138739973306656
4817.97,0.21132799983024597
4822.45,0.20881499350070953
4826.94,0.2061470001935959
4831.44,0.20329999923706055
4835.950000000001,0.2002989947795868
4840.46,0.1970839947462082
4844.99,0.19369100034236908
4849.52,0.19011099636554718
4854.0599999999995,0.18623200058937073
4858.61,0.18222199380397797
4863.17,0.17777399718761444
4867.73,0.17287400364875793
4872.3099999999995,0.1675419956445694
4876.89,0.16182999312877655
4881.48,0.155458003282547
4886.08,0.14858399331569672
4890.6900000000005,0.1411380022764206
4895.31,0.13317500054836273
4899.94,0.12495200335979462
4904.57,0.11674000322818756
4909.22,0.10874199867248535
4913.87,0.10150100290775299
4918.53,0.0952880010008812
4923.21,0.09018299728631973
4927.88,0.08607500046491623
4932.57,0.08281499892473221
4937.2699999999995,0.08023300021886826
4941.9800000000005,0.0782490000128746
4946.6900000000005,0.0764480009675026
4951.42,0.07471200078725815
4956.15,0.07281000167131424
4960.9,0.07061900198459625
4965.650000000001,0.06824299693107605
4970.41,0.06579399853944778
4975.18,0.06329099833965302
4979.96,0.06099899858236313
4984.75,0.059073999524116516
4989.54,0.05758199840784073
4994.349999999999,0.056464001536369324
4999.17,0.055590998381376266
5003.99,0.05484699830412865
5008.83,0.05424199998378754
5013.67,0.05383700132369995
5018.5199999999995,0.05351899936795235
5023.39,0.053259000182151794
5028.26,0.05306600034236908
5033.14,0.052942998707294464
5038.03,0.05289899930357933
5042.93,0.05285799875855446
5047.84,0.05273199826478958
5052.76,0.05261100083589554
5057.69,0.05259900167584419
5062.63,0.05252499878406525
5067.580000000001,0.05256500095129013
5072.54,0.05267300084233284
5077.51,0.052900999784469604
5082.49,0.05328400060534477
5087.469999999999,0.05387499928474426
5092.469999999999,0.0545319989323616
5097.48,0.05519000068306923
5102.5,0.05590499937534332
5107.52,0.056485000997781754
5112.56,0.05662199854850769
5117.61,0.05666999891400337
5122.66,0.05667699873447418
5127.73,0.056536998599767685
5132.81,0.05631899833679199
5137.889999999999,0.05614199861884117
5142.99,0.05604499951004982
5148.1,0.05606900155544281
5153.22,0.056102000176906586
5158.34,0.05621400102972984
5163.48,0.0563340000808239
5168.63,0.05641400068998337
5173.79,0.05653500184416771
5178.96,0.0566210001707077
5184.13,0.05664699897170067
5189.320000000001,0.05674000084400177
5194.5199999999995,0.05668000131845474
5199.73,0.05642800033092499
5204.96,0.05590200051665306
5210.19,0.055052999407052994
5215.429999999999,0.05385800078511238
5220.679999999999,0.05217000097036362
5225.94,0.05029499903321266
5231.22,0.04825900122523308
5236.5,0.046121999621391296
5241.79,0.04402400180697441
5247.099999999999,0.04207000136375427
5252.42,0.04039600118994713
5257.74,0.039000000804662704
5263.080000000001,0.037884000688791275
5268.43,0.03684600070118904
5273.79,0.03589300066232681
5279.16,0.03512899950146675
5284.54,0.03448399901390076
5289.93,0.033925000578165054
5295.34,0.03347500041127205
5300.75,0.03308200091123581
5306.18,0.03273100033402443
5311.61,0.032419998198747635
5317.0599999999995,0.032182998955249786
5322.5199999999995,0.032005999237298965
5327.99,0.03181900084018707
5333.47,0.031638000160455704
5338.96,0.03143300116062164
5344.47,0.031221000477671623
5349.9800000000005,0.03102399967610836
5355.51,0.03079099953174591
5361.049999999999,0.030717000365257263
5366.6,0.030832000076770782
5372.16,0.03101399913430214
5377.73,0.031272001564502716
5383.320000000001,0.03166000172495842
5388.91,0.03223000094294548
5394.52,0.03291900083422661
5400.14,0.033879999071359634
5405.77,0.03516099974513054
5411.41,0.03667199984192848
5417.07,0.038417998701334
5422.74,0.04022499918937683
5428.410000000001,0.04200800135731697
5434.1,0.04372100159525871
5439.8099999999995,0.04535600170493126
5445.52,0.046640001237392426
5451.25,0.047554001212120056
5456.98,0.04808900132775307
5462.73,0.048285000026226044
5468.5,0.04806099832057953
5474.2699999999995,0.04754899814724922
5480.0599999999995,0.04701400175690651
5485.86,0.0462150014936924
5491.67,0.045239999890327454
5497.49,0.04427200183272362
5503.33,0.04322800040245056
5509.179999999999,0.042201001197099686
5515.04,0.04110899940133095
5520.91,0.0400799997150898
5526.799999999999,0.038986001163721085
5532.69,0.037974998354911804
5538.610000000001,0.037108998745679855
5544.53,0.03633999824523926
5550.469999999999,0.035624999552965164
5556.41,0.03504899889230728
5562.38,0.034547001123428345
5568.349999999999,0.0341930016875267
5574.34,0.033945001661777496
5580.339999999999,0.03373600170016289
5586.35,0.033521998673677444
5592.38,0.03347599878907204
5598.42,0.03362699970602989
5604.47,0.03378399834036827
5610.54,0.033973999321460724
5616.61,0.03438999876379967
5622.71,0.034869998693466187
5628.8099999999995,0.035457998514175415
5634.929999999999,0.03631899878382683
5641.06,0.037498001009225845
5647.21,0.0389150008559227
5653.360000000001,0.04065199941396713
5659.54,0.04282499849796295
5665.72,0.0452519990503788
5671.92,0.04781100153923035
5678.13,0.050328999757766724
5684.36,0.052570998668670654
5690.599999999999,0.054618000984191895
5696.85,0.056387998163700104
5703.12,0.057721998542547226
5709.4,0.05875299870967865
5715.6900000000005,0.05931700021028519
5722.0,0.0595100000500679
5728.33,0.05955800041556358
5734.66,0.05931499972939491
5741.01,0.05889299884438515
5747.38,0.0582519993185997
5753.76,0.057493001222610474
5760.150000000001,0.056620001792907715
5766.56,0.0560309998691082
5772.98,0.054701998829841614
5779.410000000001,0.053495001047849655
5785.86,0.052776999771595
5792.33,0.05188300088047981
5798.8099999999995,0.050932999700307846
5805.3,0.04993100091814995
5811.81,0.04871499910950661
5818.33,0.04766499996185303
5824.87,0.046532001346349716
5831.419999999999,0.04503700137138367
5837.99,0.043779999017715454
5844.57,0.04273400083184242
5851.17,0.041666001081466675
5857.78,0.04052700102329254
5864.410000000001,0.03930699825286865
5871.05,0.03798399865627289
5877.7,0.03680400177836418
5884.38,0.03574100136756897
5891.06,0.03413600102066994
5897.76,0.033188000321388245
5904.4800000000005,0.032009001821279526
5911.21,0.03092700056731701
5917.96,0.030191000550985336
5924.7300000000005,0.02934899926185608
5931.5,0.028674999251961708
5938.3,0.028106000274419785
5945.11,0.02738800086081028
5951.93,0.02710700035095215
5958.78,0.027083000168204308
5965.63,0.02707800082862377
5972.51,0.027157999575138092
5979.39,0.027223000302910805
5986.3,0.02755500003695488
5993.22,0.027768999338150024
6000.16,0.02787799946963787
6007.11,0.028113000094890594
6014.08,0.02831299975514412
6021.06,0.02831999957561493
6028.06,0.028300000354647636
6035.08,0.028165999799966812
6042.12,0.027963999658823013
6049.17,0.027720000594854355
6056.2300000000005,0.027070000767707825
6063.32,0.02658499963581562
6070.42,0.026576999574899673
6077.530000000001,0.02625199966132641
6084.67,0.02561900019645691
6091.820000000001,0.025071000680327415
6098.9800000000005,0.0245130006223917
6106.17,0.02384199947118759
6113.37,0.023176999762654305
6120.58,0.022359000518918037
6127.82,0.021612999960780144
6135.07,0.021095000207424164
6142.34,0.02059599943459034
6149.63,0.02007799968123436
6156.93,0.019618000835180283
6164.25,0.019279999658465385
6171.59,0.019019000232219696
6178.950000000001,0.018844999372959137
6186.320000000001,0.018722999840974808
6193.71,0.018633000552654266
6201.120000000001,0.018727000802755356
6208.54,0.018904000520706177
6215.99,0.019108999520540237
6223.45,0.019378000870347023
6230.93,0.019648000597953796
6238.43,0.01995600014925003
6245.95,0.02033199928700924
6253.48,0.02070700004696846
6261.03,0.02114100009202957
6268.6,0.02161799930036068
6276.19,0.022143999114632607
6283.8,0.02273399941623211
6291.43,0.02334200032055378
6299.070000000001,0.023994000628590584
6306.73,0.024757999926805496
6314.42,0.02555599994957447
6322.12,0.026379000395536423
6329.84,0.0272659994661808
6337.570000000001,0.028207000344991684
6345.33,0.029159000143408775
6353.11,0.030094999819993973
6360.9,0.03110400028526783
6368.719999999999,0.032214999198913574
6376.55,0.03326199948787689
6384.400000000001,0.03447199985384941
6392.2699999999995,0.035868000239133835
6400.17,0.03707899898290634
6408.08,0.03823599964380264
6416.01,0.03925799950957298
6423.96,0.03956099972128868
6431.93,0.040056001394987106
6439.92,0.04064900055527687
6447.93,0.040734000504016876
6455.96,0.040546998381614685
6464.01,0.04006899893283844
6472.08,0.03945299983024597
6480.17,0.03845499828457832
6488.28,0.037310998886823654
6496.41,0.036017000675201416
6504.5599999999995,0.03426999971270561
6512.7300000000005,0.032710000872612
6520.92,0.031553998589515686
6529.14,0.03011699952185154
6537.37,0.0289280004799366
6545.63,0.028113000094890594
6553.9,0.027463000267744064
6562.2,0.02708500064909458
6570.509999999999,0.027008000761270523
6578.85,0.026959000155329704
6587.21,0.02702699974179268
6595.589999999999,0.02735299989581108
6603.99,0.02755800075829029
6612.42,0.027744999155402184
6620.860000000001,0.02800000086426735
6629.330000000001,0.02828899957239628
6637.82,0.028481999412178993
6646.33,0.02822599932551384
6654.860000000001,0.02808300033211708
6663.41,0.028216000646352768
6671.99,0.028071999549865723
6680.589999999999,0.027657000347971916
6689.21,0.02712699957191944
6697.849999999999,0.026649000123143196
6706.509999999999,0.026530999690294266
6715.200000000001,0.02637300081551075
6723.91,0.026189999654889107
6732.64,0.02626200020313263
6741.4,0.026409000158309937
6750.18,0.026565000414848328
6758.9800000000005,0.026799999177455902
6767.8,0.02713399939239025
6776.65,0.027452999725937843
6785.52,0.027760999277234077
6794.41,0.028077000752091408
6803.33,0.02822900004684925
6812.2699999999995,0.028544999659061432
6821.23,0.02888599969446659
6830.219999999999,0.02910500019788742
6839.23,0.029224000871181488
6848.26,0.029425999149680138
6857.32,0.029680000618100166
6866.4,0.029947999864816666
6875.51,0.02999899908900261
6884.64,0.030292000621557236
6893.799999999999,0.030697999522089958
6902.9800000000005,0.030817000195384026
6912.18,0.030887000262737274
6921.41,0.030880000442266464
6930.66,0.03079799935221672
6939.94,0.030695000663399696
6949.24,0.03048199974000454
6958.57,0.030175000429153442
6967.92,0.0297860000282526
6977.299999999999,0.02934199944138527
6986.7,0.029079999774694443
6996.13,0.02878200076520443
7005.59,0.028450999408960342
7015.07,0.028131000697612762
7024.57,0.027886999770998955
7034.099999999999,0.02754399925470352
7043.66,0.027286000549793243
7053.25,0.02690199948847294
7062.85,0.026570999994874
7072.49,0.026558000594377518
7082.150000000001,0.026545999571681023
7091.84,0.026479000225663185
7101.549999999999,0.026288999244570732
7111.3,0.026068000122904778
7121.0599999999995,0.025916999205946922
7130.860000000001,0.025669999420642853
7140.679999999999,0.025234000757336617
7150.53,0.024803999811410904
7160.41,0.02440599910914898
7170.3099999999995,0.024096999317407608
7180.240000000001,0.023764999583363533
7190.2,0.023569000884890556
7200.1900000000005,0.023634999990463257
7210.200000000001,0.023607999086380005
7220.240000000001,0.023321999236941338
7230.31,0.023062000051140785
7240.41,0.022866999730467796
7250.54,0.022648999467492104
7260.6900000000005,0.022381000220775604
7270.88,0.022122999653220177
7281.09,0.0218299999833107
7291.33,0.021563999354839325
7301.599999999999,0.021456999704241753
7311.9,0.02134300023317337
7322.219999999999,0.02122199907898903
7332.58,0.021265000104904175
7342.97,0.02137099951505661
7353.379999999999,0.021376000717282295
7363.83,0.02150600031018257
7374.3,0.021703999489545822
7384.8099999999995,0.021966999396681786
7395.34,0.022241000086069107
7405.910000000001,0.02250700071454048
7416.5,0.022753000259399414
7427.13,0.023104000836610794
7437.78,0.023444000631570816
7448.47,0.023781999945640564
7459.1900000000005,0.024292999878525734
7469.9400000000005,0.024862000718712807
7480.71,0.025490999221801758
7491.52,0.026149999350309372
7502.37,0.026945000514388084
7513.24,0.027917999774217606
7524.14,0.02897999994456768
7535.08,0.030101999640464783
7546.05,0.031332001090049744
7557.05,0.032683998346328735
7568.08,0.033991001546382904
7579.150000000001,0.03535899892449379
7590.24,0.03687100112438202
7601.37,0.03848300129175186
7612.53,0.04016999900341034
7623.7300000000005,0.04211200028657913
7634.96,0.04434100165963173
7646.219999999999,0.046921998262405396
7657.51,0.04980599880218506
7668.84,0.05277600139379501
7680.2,0.055691998451948166
7691.59,0.05854199826717377
7703.02,0.06134900078177452
7714.49,0.06417600065469742
7725.98,0.06692299991846085
7737.5199999999995,0.06970100104808807
7749.08,0.07255200296640396
7760.679999999999,0.07540299743413925
7772.32,0.07789599895477295
7783.99,0.07999199628829956
7795.69,0.08181100338697433
7807.43,0.08367399871349335
7819.21,0.08558599650859833
7831.0199999999995,0.08789700269699097
7842.87,0.09077200293540955
7854.75,0.09419400244951248
7866.67,0.09788200259208679
7878.62,0.10188700258731842
7890.62,0.10638999938964844
7902.64,0.11122100055217743
7914.71,0.11619099974632263
7926.8099999999995,0.12157700210809708
7938.95,0.12724600732326508
7951.13,0.13312199711799622
7963.339999999999,0.1389079988002777
7975.59,0.1444610059261322
7987.879999999999,0.1496559977531433
8000.209999999999,0.15442800521850586
8012.570000000001,0.15868499875068665
8024.98,0.16283799707889557
8037.419999999999,0.16711799800395966
8049.899999999999,0.17157100141048431
8062.419999999999,0.1762239933013916
8074.9800000000005,0.18130600452423096
8087.57,0.18663400411605835
8100.210000000001,0.19214600324630737
8112.89,0.1977660059928894
8125.6,0.20367099344730377
8138.360000000001,0.20957599580287933
8151.160000000001,0.2156970053911209
8163.99,0.2214840054512024
8176.869999999999,0.22643500566482544
8189.79,0.23028600215911865
8202.75,0.23318299651145935
8215.75,0.23497800529003143
8228.79,0.23622100055217743
8241.87,0.23697000741958618
8254.99,0.23738299310207367
8268.16,0.2373329997062683
8281.37,0.23734299838542938
8294.62,0.23721599578857422
8307.91,0.23708300292491913
8321.24,0.2368679940700531
8334.619999999999,0.23659199476242065
8348.039999999999,0.23614999651908875
8361.51,0.23568999767303467
8375.019999999999,0.2350109964609146
8388.57,0.23414500057697296
8402.16,0.23292100429534912
8415.800000000001,0.2313860058784485
8429.49,0.2295220047235489
8443.22,0.22754499316215515
8456.99,0.22524000704288483
8470.81,0.22283199429512024
8484.67,0.22027899324893951
8498.58,0.21766799688339233
8512.539999999999,0.21464599668979645
8526.54,0.2115039974451065
8540.58,0.20791099965572357
8554.68,0.20363500714302063
8568.82,0.19837899506092072
8583.0,0.19173499941825867
8597.24,0.18283799290657043
8611.52,0.17147399485111237
8625.85,0.1600639969110489
8640.230000000001,0.15410399436950684
8654.65,0.15702800452709198
8669.119999999999,0.16518500447273254
8683.640000000001,0.17281100153923035
8698.21,0.17793899774551392
8712.83,0.1806039959192276
8727.5,0.18178099393844604
8742.22,0.18211700022220612
8756.99,0.1820629984140396
8771.800000000001,0.18163399398326874
8786.67,0.18118000030517578
8801.589999999998,0.1806589961051941
8816.560000000001,0.18014299869537354
8831.58,0.17951600253582
8846.65,0.1789419949054718
8861.77,0.178275004029274
8876.939999999999,0.17750400304794312
8892.17,0.17678500711917877
8907.45,0.1763409972190857
8922.779999999999,0.1757739931344986
8938.16,0.17519399523735046
8953.6,0.17471599578857422
8969.09,0.17469200491905212
8984.640000000001,0.17472699284553528
9000.23,0.17495200037956238
9015.890000000001,0.17529499530792236
9031.59,0.17565099895000458
9047.359999999999,0.17597199976444244
9063.17,0.1764560043811798
9079.050000000001,0.1767590045928955
9094.97,0.17719599604606628
9110.960000000001,0.1776690036058426
9127.0,0.17809699475765228
9143.1,0.17834700644016266
9159.25,0.17853400111198425
9175.46,0.17879599332809448
9191.73,0.17918799817562103
9208.06,0.1792670041322708
9224.439999999999,0.1792670041322708
9240.880000000001,0.1791280061006546
9257.38,0.1789100021123886
9273.94,0.1784449964761734
9290.56,0.17768999934196472
9307.24,0.1765120029449463
9323.980000000001,0.17456799745559692
9340.78,0.17175200581550598
9357.64,0.16796700656414032
9374.57,0.16301099956035614
9391.550000000001,0.15743699669837952
9408.59,0.15146100521087646
9425.7,0.14546899497509003
9442.869999999999,0.13989000022411346
9460.1,0.13498200476169586
9477.4,0.13065899908542633
9494.75,0.12676499783992767
9512.17,0.12317799776792526
9529.66,0.11993099749088287
9547.21,0.11694800108671188
9564.83,0.11414600163698196
9582.5,0.11138100177049637
9600.25,0.10907000303268433
9618.06,0.1071069985628128
9635.94,0.10520199686288834
9653.88,0.10322300344705582
9671.89,0.10137999802827835
9689.970000000001,0.09962599724531174
9708.119999999999,0.09791100025177002
9726.33,0.09623400121927261
9744.619999999999,0.09486299753189087
9762.97,0.09349799901247025
9781.39,0.09211699664592743
9799.88,0.09066600352525711
9818.44,0.08925800025463104
9837.070000000002,0.08784899860620499
9855.77,0.08635400235652924
9874.539999999999,0.08479899913072586
9893.39,0.08333399891853333
9912.3,0.08182600140571594
9931.29,0.08020000159740448
9950.36,0.0786060020327568
9969.49,0.07732199877500534
9988.699999999999,0.07596500217914581
10007.98,0.07446599751710892
10027.34,0.0729060024023056
10046.77,0.07138500362634659
10066.28,0.07002100348472595
10085.869999999999,0.06870400160551071
10105.53,0.06728299707174301
10125.26,0.06589899957180023
10145.08,0.06464099884033203
10164.970000000001,0.06344299763441086
10184.939999999999,0.062219999730587006
10204.99,0.06103700026869774
10225.12,0.05995799973607063
10245.33,0.05902000144124031
10265.61,0.05821700021624565
10285.98,0.05748999863862991
10306.43,0.056609999388456345
10326.96,0.05570400133728981
10347.57,0.05490000173449516
10368.27,0.05432799831032753
10389.05,0.053693998605012894
10409.91,0.05289800092577934
10430.859999999999,0.05208799988031387
10451.88,0.05141599848866463
10473.0,0.05071200057864189
10494.199999999999,0.04997999966144562
10515.49,0.049490999430418015
10536.86,0.04890900105237961
10558.32,0.04825200140476227
10579.869999999999,0.04761800169944763
10601.5,0.04692300036549568
10623.23,0.04631900042295456
10645.039999999999,0.04583499953150749
10666.94,0.045412998646497726
10688.94,0.04497599974274635
10711.02,0.04441399872303009
10733.2,0.043949998915195465
10755.470000000001,0.04359700158238411
10777.83,0.043154001235961914
10800.28,0.042757000774145126
10822.83,0.042454998940229416
10845.470000000001,0.04214800149202347
10868.21,0.04163900017738342
10891.04,0.041095998138189316
10913.970000000001,0.04060700163245201
10936.99,0.040415000170469284
10960.119999999999,0.040139999240636826
10983.34,0.03957299888134003
11006.66,0.03901499882340431
11030.07,0.0385500006377697
11053.59,0.038137998431921005
11077.21,0.03793499991297722
11100.93,0.03760800138115883
11124.75,0.037154000252485275
11148.68,0.03681899979710579
11172.710000000001,0.03660700097680092
11196.84,0.03641600161790848
11221.07,0.036056999117136
11245.41,0.03572700172662735
11269.859999999999,0.03548600152134895
11294.41,0.035436999052762985
11319.07,0.03542599827051163
11343.84,0.03546600043773651
11368.72,0.035604000091552734
11393.7,0.035634998232126236
11418.8,0.03576499968767166
11444.01,0.03580399975180626
11469.33,0.035728998482227325
11494.76,0.035700999200344086
11520.300000000001,0.03564999997615814
11545.96,0.035429999232292175
11571.730000000001,0.035002000629901886
11597.619999999999,0.034699998795986176
11623.62,0.03448700159788132
11649.74,0.0339680016040802
11675.98,0.033305998891592026
11702.34,0.03283499926328659
11728.81,0.032409001141786575
11755.41,0.031911998987197876
11782.130000000001,0.03143899887800217
11808.960000000001,0.031024999916553497
11835.92,0.030717000365257263
11863.009999999998,0.030344000086188316
11890.22,0.02986299991607666
11917.550000000001,0.029424000531435013
11945.01,0.029106000438332558
11972.6,0.02871599979698658
12000.310000000001,0.028181999921798706
12028.16,0.0276309996843338
12056.13,0.027031000703573227
12084.23,0.026644999161362648
12112.460000000001,0.026453999802470207
12140.83,0.02610900066792965
12169.33,0.02550799958407879
12197.960000000001,0.024855999276041985
12226.73,0.02389400079846382
12255.64,0.023013999685645103
12284.68,0.022300999611616135
12313.86,0.021705999970436096
12343.18,0.021971000358462334
12372.640000000001,0.023830000311136246
12402.240000000002,0.028131000697612762
12431.98,0.03405800089240074
12461.86,0.03953700140118599
12491.89,0.04345899820327759
12522.07,0.04569299891591072
12552.38,0.046339001506567
12582.85,0.045520998537540436
12613.47,0.04364800080657005
12644.23,0.04183899983763695
12675.15,0.04085399955511093
12706.210000000001,0.041682999581098557
12737.43,0.044248998165130615
12768.81,0.04745199903845787
12800.33,0.05034099891781807
12832.02,0.05214700102806091
12863.86,0.052351001650094986
12895.86,0.05090999975800514
12928.02,0.04850099980831146
12960.34,0.045837998390197754
12992.82,0.04335999861359596
13025.460000000001,0.04132099822163582
13058.27,0.03967899829149246
13091.25,0.03840100020170212
13124.39,0.03723600134253502
13157.7,0.03623099997639656
13191.179999999998,0.0353889986872673
13224.83,0.03496899828314781
13258.660000000002,0.034320998936891556
13292.65,0.03357499837875366
13326.83,0.033201999962329865
13361.17,0.032705001533031464
13395.699999999999,0.03217099979519844
13430.400000000001,0.03181599825620651
13465.289999999999,0.03162100166082382
13500.349999999999,0.03143300116062164
13535.6,0.031380001455545425
13571.03,0.031341999769210815
13606.65,0.031108999624848366
13642.46,0.031088000163435936
13678.46,0.03127399832010269
13714.64,0.031019000336527824
13751.02,0.03060399927198887
13787.59,0.03029399923980236
13824.36,0.030023999512195587
13861.32,0.029666999354958534
13898.49,0.029041999951004982
13935.85,0.02876099944114685
13973.41,0.028433000668883324
14011.17,0.02777799963951111
14049.15,0.02728700079023838
14087.32,0.026830999180674553
14125.71,0.02592499926686287
14164.300000000001,0.024999000132083893
14203.11,0.02430799975991249
14242.13,0.023530999198555946
14281.359999999999,0.02270199917256832
14320.81,0.022123999893665314
14360.49,0.022165000438690186
14400.380000000001,0.023926999419927597
14440.49,0.026537999510765076
14480.82,0.028189999982714653
14521.39,0.02844100072979927
14562.18,0.02818799950182438
14603.199999999999,0.027760999277234077
14644.45,0.027356000617146492
14685.93,0.027249999344348907
14727.66,0.027048999443650246
14769.619999999999,0.02712099999189377
14811.81,0.027210000902414322
14854.25,0.027228999882936478
14896.94,0.02724199928343296
14939.87,0.027111999690532684
14983.050000000001,0.026944000273942947
15026.48,0.026875000447034836
15070.16,0.02699900045990944
15114.1,0.027424000203609467
15158.289999999999,0.027900999411940575
15202.74,0.02796499989926815
15247.460000000001,0.02798599936068058
15292.43,0.02817000076174736
15337.68,0.028227999806404114
15383.19,0.02837499976158142
15428.97,0.028395000845193863
15475.03,0.02835799939930439
15521.359999999999,0.028394000604748726
15567.970000000001,0.028387000784277916
15614.869999999999,0.028149999678134918
15662.039999999999,0.027848999947309494
15709.5,0.027643999084830284
15757.25,0.027598999440670013
15805.289999999999,0.027580000460147858
15853.619999999999,0.027495000511407852
15902.26,0.027684999629855156
15951.19,0.027853000909090042
16000.419999999998,0.02777400054037571
16049.949999999999,0.027786999940872192
16099.799999999997,0.027797000482678413
16149.95,0.027715999633073807
16200.420000000002,0.027997000142931938
16251.208999999999,0.028220999985933304
16302.311,0.028418999165296555
16353.741,0.028700999915599823
16405.491,0.029231999069452286
16457.569,0.029930999502539635
16509.979000000003,0.030408000573515892
16562.731,0.030727999284863472
16615.82,0.030928999185562134
16669.240999999998,0.03069400042295456
16723.021,0.03047199919819832
16777.14,0.030440999194979668
16831.61,0.03029699996113777
16886.431,0.02991900034248829
16941.62,0.02946699969470501
16997.16,0.0291569996625185
17053.08,0.028822999447584152
17109.36,0.02833000011742115
17166.01,0.028150999918580055
17223.04,0.02775299921631813
17280.451,0.02726300060749054
17338.239999999998,0.026869000867009163
17396.429,0.026819000020623207
17455.0,0.026587000116705894
17513.969,0.026660000905394554
17573.339,0.02706100046634674
17633.109999999997,0.027553999796509743
17693.290999999997,0.028231000527739525
17753.889,0.029614999890327454
17814.899,0.031794000416994095
17876.328999999998,0.035360001027584076
17938.181,0.040410999208688736
18000.468999999997,0.046153001487255096
18063.19,0.05233599990606308
18126.35,0.05963100120425224
18189.951,0.06724300235509872
18254.0,0.07359100133180618
18318.501,0.07850699871778488
18383.459,0.08214399963617325
18448.879,0.08421999961137772
18514.771,0.08565600216388702
18581.129,0.08585900068283081
18647.97,0.08553099632263184
18715.29,0.08482400327920914
18783.100000000002,0.08251599967479706
18851.4,0.08028099685907364
18920.2,0.07870899885892868
18989.51,0.0765409991145134
19059.32,0.07430700212717056
19129.65,0.07362399995326996
19200.5,0.07396700233221054
19271.878999999997,0.07384300231933594
19343.789999999997,0.07399400323629379
19416.240999999998,0.07506000250577927
19489.229000000003,0.07634799927473068
19562.771,0.07844900339841843
19636.880999999998,0.08096799999475479
19711.54,0.08578400313854218
19786.779,0.09399499744176865
19862.590999999997,0.10221599787473679
19938.98,0.10887099802494049
20015.961,0.11437000334262848
20093.55,0.11759699881076813
20171.73,0.11941500008106232
20250.530000000002,0.12042299658060074
20329.941000000003,0.12059800326824188
20409.981,0.12029200047254562
20490.649999999998,0.11938299983739853
20571.96,0.11791399866342545
20653.918999999998,0.1171950027346611
20736.54,0.11725100129842758
20819.82,0.11794699728488922
20903.77,0.11966300010681152
20988.399999999998,0.12239699810743332
21073.720999999998,0.12436600029468536
21159.731,0.12546199560165405
21246.46,0.12673300504684448
21333.891,0.128712996840477
21422.041,0.13009299337863922
21510.929,0.1303129941225052
21600.559,0.1293340027332306
21690.941,0.1296200007200241
21782.08,0.13057400286197662
21873.989,0.13084499537944794
21966.668999999998,0.13143299520015717
22060.15,0.1317179948091507
22154.421,0.1308629959821701
22249.510000000002,0.12975099682807922
22345.409,0.12652400135993958
22442.141,0.12096600234508514
22539.721,0.11372599750757217
22638.14,0.10788500308990479
22737.431,0.10464300215244293
22837.601,0.10238499939441681
22938.649999999998,0.1001719981431961
23040.600000000002,0.09708400070667267
23143.459,0.09348800033330917
23247.24,0.09011700004339218
23351.959000000003,0.08846800029277802
23457.63,0.08634799718856812
23564.251,0.08399300277233124
23671.85,0.08135499805212021
23780.439000000002,0.07924199849367142
23890.02,0.07775100320577621
24000.629,0.07434199750423431
24112.261,0.07093799859285355
24224.93,0.06794500350952148
24338.659,0.06688299775123596
24453.47,0.06496699899435043
24569.361,0.05804099887609482
24686.359,0.05021899938583374
24804.469999999998,0.04435599967837334
24923.731,0.04001399874687195
25044.129999999997,0.04718700051307678
25165.71,0.05852299928665161
25288.46,0.06631600111722946
25412.43,0.07250099629163742
25537.609,0.07396899908781052
25664.04,0.06319499760866165
25791.719,0.05233699828386307
25920.679,0.05522400140762329
