Data ID,Talc GDS23
Sample ID,GDS23
Mineral Name,talc
Sample Description,
Date Added,
Viewing Geometry,
Other Information,
Grain Size,
Database of Origin,MICA Files (USGS/RELAB)
Wavelength,Response
300.0,
305.0,
310.0,
315.0,
320.0,
325.0,
330.0,
335.0,
340.0,
345.0,
350.0,
355.0,
360.0,
365.0,
370.0,
375.0,
380.0,
385.0,
390.0,
395.0,
400.0,0.402504026889801
405.0,0.4142814576625824
410.0,0.42451462149620056
415.0,0.43567532300949097
420.0,0.4459152817726135
425.0,0.4564659893512726
430.0,0.4660167098045349
435.0,0.4740130603313446
440.0,0.4823446571826935
445.0,0.4896911382675171
450.0,0.4948003888130188
455.0,0.5009549260139465
460.0,0.5046250224113464
465.0,0.506068229675293
470.0,0.511117160320282
475.0,0.5147128701210022
480.0,0.5181124210357666
485.0,0.5216620564460754
490.0,0.5250275135040283
495.0,0.5262911915779114
500.0,0.5298332571983337
505.0,0.5338660478591919
510.0,0.5370879769325256
515.0,0.53851717710495
520.0,0.5412946939468384
525.0,0.5439274907112122
530.0,0.5459299087524414
535.0,0.5485829710960388
540.0,0.550163209438324
545.0,0.550073504447937
550.0,0.5514353513717651
555.0,0.552807629108429
560.0,0.5525184273719788
565.0,0.5534992814064026
570.0,0.5539522767066956
575.0,0.5561667084693909
580.0,0.5573347210884094
585.0,0.558853268623352
590.0,0.559019923210144
595.0,0.557979941368103
600.0,0.5555487871170044
605.0,0.5572371482849121
610.0,0.5558767318725586
615.0,0.5566754341125488
620.0,0.5555588603019714
625.0,0.5577661395072937
630.0,0.5585609674453735
635.0,0.5596644878387451
640.0,0.5591351389884949
645.0,0.5606929063796997
650.0,0.560701847076416
655.0,0.5616186857223511
660.0,0.5608307123184204
665.0,0.5619091987609863
670.0,0.5621979832649231
675.0,0.562663197517395
680.0,0.5625492930412292
685.0,0.5627439022064209
690.0,0.5639141798019409
695.0,0.563751220703125
700.0,0.5627505779266357
705.0,0.5654903054237366
710.0,0.5655055046081543
715.0,0.565754771232605
720.0,0.5649933218955994
725.0,0.5637614130973816
730.0,0.5609464049339294
735.0,0.5644066333770752
740.0,0.5637748837471008
745.0,0.5634478330612183
750.0,0.5637578964233398
755.0,0.5637702941894531
760.0,0.563267707824707
765.0,0.5628990530967712
770.0,0.5625392198562622
775.0,0.5630240440368652
780.0,0.5627396702766418
785.0,0.5613570213317871
790.0,0.5605815649032593
795.0,0.5599867105484009
800.0,0.5582350492477417
805.0,0.5570167899131775
810.0,0.5568007826805115
815.0,0.5563318729400635
820.0,0.5550854802131653
825.0,0.5545176267623901
830.0,0.5545176267623901
835.0,0.5545176267623901
840.0,0.5545176267623901
845.0,0.5545176267623901
850.0,0.5545176267623901
855.0,0.5551765561103821
860.0,0.5560149550437927
865.0,0.5569123029708862
870.0,0.5578097105026245
875.0,0.5579158663749695
880.0,0.5578242540359497
885.0,0.5575005412101746
890.0,0.5568286776542664
895.0,0.5568175911903381
900.0,0.5594495534896851
905.0,0.5617632865905762
910.0,0.5628042817115784
915.0,0.5637401342391968
920.0,0.5642553567886353
925.0,0.5649903416633606
930.0,0.5666046142578125
935.0,0.5667475461959839
940.0,0.5646834373474121
945.0,0.5515846610069275
950.0,0.5422742962837219
955.0,0.559152364730835
960.0,0.5678828954696655
965.0,0.5708072185516357
970.0,0.572234570980072
975.0,0.5713440775871277
980.0,0.5706862211227417
985.0,0.5719157457351685
990.0,0.5732423663139343
995.0,0.5729857087135315
1000.0,0.5731297135353088
1004.9999999999999,0.5746294856071472
1010.0,0.5763219594955444
1014.9999999999999,0.57596355676651
1020.0,0.5755002498626709
1025.0,0.5768164396286011
1030.0,0.5776809453964233
1035.0,0.578828752040863
1040.0,0.5811131596565247
1045.0,0.5833399295806885
1050.0,0.5837352275848389
1055.0,0.5827882289886475
1060.0,0.5850021839141846
1065.0,0.5858913064002991
1070.0,0.5876621603965759
1075.0,0.5897472500801086
1080.0,0.590930163860321
1085.0,0.5911930799484253
1090.0,0.5926514863967896
1095.0,0.5956404805183411
1100.0,0.5963699221611023
1105.0,0.5985730290412903
1110.0,0.6000838279724121
1115.0,0.602209210395813
1120.0,0.6033340692520142
1125.0,0.6049965620040894
1130.0,0.6069867610931396
1135.0,0.6088080406188965
1140.0,0.6096212863922119
1145.0,0.610937774181366
1150.0,0.6127122044563293
1155.0,0.6143348813056946
1160.0,0.6149612069129944
1165.0,0.6171245574951172
1170.0,0.6187458634376526
1175.0,0.6194707751274109
1180.0,0.6211498975753784
1185.0,0.6246645450592041
1190.0,0.6258070468902588
1195.0,0.6267656087875366
1200.0,0.6268264651298523
1205.0,0.6271576285362244
1210.0,0.6275889277458191
1215.0,0.629857063293457
1220.0,0.6304367184638977
1225.0,0.6312946081161499
1230.0,0.6304908394813538
1235.0,0.6323640942573547
1240.0,0.6339911222457886
1245.0,0.6349375247955322
1250.0,0.6364207863807678
1255.0,0.6362718939781189
1260.0,0.6365973949432373
1265.0,0.6345823407173157
1270.0,0.6290190815925598
1275.0,0.6235653162002563
1280.0,0.622422993183136
1285.0,0.6345311999320984
1290.0,0.6361142992973328
1295.0,0.633114218711853
1300.0,0.6322583556175232
1305.0,0.6366097927093506
1310.0,0.6392874121665955
1315.0,0.6372936367988586
1320.0,0.637278139591217
1325.0,0.6372365951538086
1330.0,0.6398915648460388
1335.0,0.6405683159828186
1340.0,0.6403645277023315
1345.0,0.6404783129692078
1350.0,0.6402713060379028
1355.0,0.64077228307724
1360.0,0.6388077735900879
1365.0,0.6372121572494507
1370.0,0.6368299722671509
1375.0,0.6317963004112244
1380.0,0.6151192784309387
1385.0,0.5317760705947876
1390.0,0.3620734214782715
1395.0,0.3376290500164032
1400.0,0.5205092430114746
1405.0,0.59282386302948
1410.0,0.6048268675804138
1415.0,0.6077847480773926
1420.0,0.6076471209526062
1425.0,0.6106662750244141
1430.0,0.6135327816009521
1435.0,0.6154682636260986
1440.0,0.6177245378494263
1445.0,0.6231974959373474
1450.0,0.6277573108673096
1455.0,0.6303921937942505
1460.0,0.6323787569999695
1465.0,0.6324390769004822
1470.0,0.635012149810791
1475.0,0.6367777585983276
1480.0,0.6394630670547485
1485.0,0.64286869764328
1490.0,0.644487202167511
1495.0,0.6449169516563416
1500.0,0.6464627385139465
1505.0,0.6472184062004089
1510.0,0.6477980017662048
1515.0,0.6485016345977783
1520.0,0.6499807238578796
1525.0,0.6492502689361572
1530.0,0.6470034122467041
1535.0,0.6446601152420044
1540.0,0.6448209881782532
1545.0,0.648978054523468
1550.0,0.6526833772659302
1555.0,0.6548476219177246
1560.0,0.6559157967567444
1565.0,0.6566643714904785
1570.0,0.6569980978965759
1575.0,0.6581160426139832
1580.0,0.659053385257721
1585.0,0.6596497297286987
1590.0,0.6595858335494995
1595.0,0.6599573493003845
1600.0,0.6607802510261536
1605.0,0.6622210144996643
1610.0,0.6629483699798584
1615.0,0.6633366346359253
1620.0,0.6635292768478394
1625.0,0.6642988324165344
1630.0,0.6645324230194092
1635.0,0.6646872162818909
1640.0,0.6651941537857056
1645.0,0.6660535335540771
1650.0,0.6664523482322693
1655.0,0.6665437817573547
1660.0,0.668366551399231
1665.0,0.6685656309127808
1670.0,0.6680769324302673
1675.0,0.6676074266433716
1680.0,0.6672493815422058
1685.0,0.6676154732704163
1690.0,0.6707671880722046
1695.0,0.6742057204246521
1700.0,0.6778355240821838
1705.0,0.6763867139816284
1710.0,0.674517035484314
1715.0,0.6720159649848938
1720.0,0.6712385416030884
1725.0,0.6709356307983398
1730.0,0.6708073019981384
1735.0,0.6731445789337158
1740.0,0.6771255731582642
1745.0,0.6752867102622986
1750.0,0.6750978827476501
1755.0,0.6773839592933655
1760.0,0.6767556071281433
1765.0,0.6753823757171631
1770.0,0.6739438772201538
1775.0,0.6726088523864746
1780.0,0.6713427901268005
1785.0,0.6747159361839294
1790.0,0.6755121946334839
1795.0,0.6724428534507751
1800.0,0.6697871088981628
1805.0,0.6672347784042358
1810.0,0.6651495099067688
1815.0,0.663064181804657
1820.0,0.6593025922775269
1825.0,0.6555410027503967
1830.0,0.6574687957763672
1835.0,0.6593965291976929
1840.0,0.657920241355896
1845.0,0.6564440131187439
1850.0,0.6561331152915955
1855.0,0.655822217464447
1860.0,0.6538617014884949
1865.0,0.6519011855125427
1870.0,0.6482521295547485
1875.0,0.6446030735969543
1880.0,0.6374934911727905
1885.0,0.6303839087486267
1890.0,0.6144057512283325
1895.0,0.5984275937080383
1900.0,0.587235689163208
1905.0,0.5760437250137329
1910.0,0.5764148235321045
1915.0,0.5767859220504761
1920.0,0.5830353498458862
1925.0,0.5892847776412964
1930.0,0.5912861824035645
1935.0,0.5932875275611877
1940.0,0.5947673916816711
1945.0,0.5962471961975098
1950.0,0.5970552563667297
1955.0,0.5978633165359497
1960.0,0.6002038717269897
1965.0,0.6025444865226746
1970.0,0.6016311645507812
1975.0,0.6007179021835327
1980.0,0.6010701060295105
1985.0,0.6014223098754883
1990.0,0.5996118187904358
1995.0,0.5978013277053833
2000.0,0.5938817858695984
2005.0,0.5899621248245239
2009.9999999999998,0.5895751714706421
2015.0000000000002,0.5891882181167603
2020.0,0.5991250872612
2025.0,0.6090623736381531
2029.9999999999998,0.6146089434623718
2035.0000000000002,0.6201558113098145
2040.0,0.6161379218101501
2045.0,0.6121197938919067
2050.0,0.6095707416534424
2055.0,0.6070215106010437
2060.0,0.600028395652771
2065.0,0.5930349230766296
2070.0,0.5648128390312195
2075.0,0.5365893840789795
2080.0,0.5399864315986633
2085.0,0.5433835983276367
2090.0,0.5521172285079956
2095.0,0.5608512759208679
2100.0,0.5661978125572205
2105.0,0.5715445876121521
2110.0,0.5656821727752686
2115.0,0.5598195195198059
2120.0,0.5490432381629944
2125.0,0.5382664799690247
2130.0,0.5334176421165466
2135.0,0.5285689830780029
2140.0,0.5387730002403259
2145.0,0.548976480960846
2150.0,0.5560746192932129
2155.0,0.5631723999977112
2160.0,0.5585036873817444
2165.0,0.5538352131843567
2170.0,0.5458062291145325
2175.0,0.5377776026725769
2180.0,0.5492610335350037
2185.0,0.5607439279556274
2190.0,0.5630484819412231
2195.0,0.5653529763221741
2200.0,0.5657714009284973
2205.0,0.5661898255348206
2210.0,0.5610990524291992
2215.0,0.556008517742157
2220.0,0.5284833908081055
2225.0,0.500959575176239
2230.0,0.48558372259140015
2235.0,0.4702085852622986
2240.0,0.4875687062740326
2245.0,0.5049279928207397
2250.0,0.4873005151748657
2255.0,0.4696730077266693
2260.0,0.44029751420021057
2265.0,0.4109205901622772
2270.0,0.36653250455856323
2275.0,0.3221423029899597
2280.0,0.2560526728630066
2285.0,0.18995989859104156
2290.0,0.1699010282754898
2295.0,0.14984120428562164
2300.0,0.13391947746276855
2305.0,0.11799699813127518
2310.0,0.10188134014606476
2315.0,0.08576490730047226
2320.0,0.14210310578346252
2325.0,0.19844399392604828
2330.0,0.2802819311618805
2335.0,0.3621237874031067
2340.0,0.3793577253818512
2345.0,0.39659249782562256
2350.0,0.37441572546958923
2355.0,0.35223791003227234
2360.0,0.34241244196891785
2365.0,0.33258649706840515
2370.0,0.28803837299346924
2375.0,0.2434881031513214
2380.0,0.21854448318481445
2385.0,0.193602055311203
2390.0,0.20489053428173065
2395.0,0.2252349853515625
2400.0,0.24558040499687195
2405.0,0.27168378233909607
2410.0,0.2977884113788605
2415.0,0.3238917887210846
2420.0,0.3360082805156708
2425.0,0.3271438479423523
2430.0,0.3182789981365204
2435.0,0.3094145357608795
2440.0,0.3005496859550476
2445.0,0.2953871190547943
2450.0,0.2902242839336395
2455.0,0.28506171703338623
2460.0,0.27989888191223145
2465.0,0.27473631501197815
2470.0,0.27967849373817444
2475.0,0.28714704513549805
2480.0,0.2946159243583679
2485.0,0.30208447575569153
2490.0,0.3095533549785614
2495.0,0.317021906375885
2500.0,0.3181343972682953
2505.0,0.3176575303077698
2510.0,0.31718066334724426
2515.0,0.31670376658439636
2520.0,0.31622689962387085
2525.0,0.31575003266334534
2530.0,0.3160313069820404
2531.32,0.31640589237213135
2532.55,0.31675487756729126
2533.7900000000004,0.317106693983078
2535.0299999999997,0.31745845079421997
2536.27,0.3178102970123291
2537.51,0.31816211342811584
2538.75,0.318513959646225
2540.0,0.31886860728263855
2541.2400000000002,0.3192204535007477
2542.49,0.31957510113716125
2543.7400000000002,0.3199297785758972
2544.99,0.3202844560146332
2546.2400000000002,0.32063913345336914
2547.49,0.32099372148513794
2548.74,0.3213483989238739
2549.9900000000002,0.32170307636260986
2551.25,0.32206058502197266
2552.5,0.3224152624607086
2553.76,0.3227727711200714
2555.02,0.3231302797794342
2556.28,0.3234877288341522
2557.54,0.323845237493515
2558.8,0.3242027461528778
2560.07,
2561.33,
2562.6000000000004,
2563.86,
2565.13,
2566.3999999999996,
2567.67,
2568.9500000000003,
2570.22,
2571.5,
2572.77,
2574.05,
2575.33,
2576.61,
2577.89,
2579.17,
2580.46,
2581.74,
2583.0299999999997,
2584.31,
2585.6,
2586.89,
2588.19,
2589.48,
2590.77,
2592.07,
2593.36,
2594.6600000000003,
2595.96,
2597.2599999999998,
2598.56,
2599.8700000000003,
2601.17,
2602.48,
2603.78,
2605.09,
2606.3999999999996,
2607.71,
2609.03,
2610.3399999999997,
2611.6600000000003,
2612.97,
2614.29,
2615.61,
2616.93,
2618.25,
2619.57,
2620.8999999999996,
2622.22,
2623.5499999999997,
2624.88,
2626.21,
2627.5400000000004,
2628.87,
2630.21,
2631.5400000000004,
2632.88,
2634.21,
2635.5499999999997,
2636.8900000000003,
2638.2400000000002,
2639.58,
2640.92,
2642.27,
2643.62,
2644.97,
2646.3199999999997,
2647.67,
2649.02,
2650.38,
2651.73,
2653.09,
2654.4500000000003,
2655.81,
2657.1699999999996,
2658.5299999999997,
2659.89,
2661.2599999999998,
2662.63,
2664.0,
2665.36,
2666.74,
2668.11,
2669.48,
2670.8599999999997,
2672.23,
2673.61,
2674.9900000000002,
2676.37,
2677.76,
2679.14,
2680.52,
2681.91,
2683.3,
2684.6899999999996,
2686.08,
2687.47,
2688.87,
2690.2599999999998,
2691.6600000000003,
2693.06,
2694.46,
2695.86,
2697.26,
2698.66,
2700.07,
2701.48,
2702.89,
2704.2999999999997,
2705.71,
2707.1200000000003,
2708.53,
2709.9500000000003,
2711.37,
2712.79,
2714.21,
2715.63,
2717.05,
2718.48,
2719.9,
2721.33,
2722.76,
2724.19,
2725.6200000000003,
2727.06,
2728.49,
2729.93,
2731.37,
2732.8100000000004,
2734.25,
2735.69,
2737.1400000000003,
2738.58,
2740.0299999999997,
2741.48,
2742.93,
2744.38,
2745.8300000000004,
2747.29,
2748.75,
2750.2,
2751.6600000000003,
2753.13,
2754.5899999999997,
2756.05,
2757.52,
2758.99,
2760.46,
2761.93,
2763.3999999999996,
2764.8700000000003,
2766.35,
2767.82,
2769.2999999999997,
2770.7799999999997,
2772.26,
2773.75,
2775.23,
2776.7200000000003,
2778.21,
2779.7000000000003,
2781.19,
2782.68,
2784.1800000000003,
2785.67,
2787.17,
2788.67,
2790.1699999999996,
2791.67,
2793.18,
2794.68,
2796.19,
2797.7,
2799.21,
2800.7200000000003,
2802.24,
2803.75,
2805.27,
2806.79,
2808.31,
2809.83,
2811.35,
2812.8799999999997,
2814.41,
2815.93,
2817.46,
2819.0,
2820.53,
2822.07,
2823.6,
2825.1400000000003,
2826.6800000000003,
2828.22,
2829.77,
2831.3100000000004,
2832.86,
2834.4100000000003,
2835.96,
2837.5099999999998,
2839.07,
2840.62,
2842.18,
2843.74,
2845.2999999999997,
2846.86,
2848.43,
2849.9900000000002,
2851.56,
2853.13,
2854.7,
2856.27,
2857.85,
2859.42,
2861.0,
2862.58,
2864.16,
2865.75,
2867.33,
2868.92,
2870.5099999999998,
2872.1,
2873.69,
2875.28,
2876.88,
2878.48,
2880.0699999999997,
2881.68,
2883.28,
2884.88,
2886.49,
2888.1,
2889.71,
2891.3199999999997,
2892.93,
2894.55,
2896.16,
2897.78,
2899.4,
2901.03,
2902.65,
2904.2799999999997,
2905.91,
2907.54,
2909.17,
2910.8,
2912.44,
2914.07,
2915.7099999999996,
2917.35,
2918.99,
2920.6400000000003,
2922.29,
2923.93,
2925.58,
2927.24,
2928.89,
2930.55,
2932.2,
2933.86,
2935.52,
2937.19,
2938.85,
2940.52,
2942.19,
2943.86,
2945.53,
2947.21,
2948.88,
2950.56,
2952.2400000000002,
2953.92,
2955.61,
2957.29,
2958.98,
2960.67,
2962.3599999999997,
2964.06,
2965.75,
2967.45,
2969.15,
2970.85,
2972.55,
2974.26,
2975.97,
2977.68,
2979.39,
2981.1,
2982.8199999999997,
2984.5299999999997,
2986.25,
2987.97,
2989.7,
2991.42,
2993.15,
2994.88,
2996.61,
2998.3399999999997,
3000.08,
3001.8199999999997,
3003.55,
3005.3,
3007.04,
3008.7799999999997,
3010.53,
3012.28,
3014.03,
3015.79,
3017.54,
3019.2999999999997,
3021.06,
3022.8199999999997,
3024.58,
3026.35,
3028.12,
3029.89,
3031.66,
3033.4300000000003,
3035.21,
3036.99,
3038.77,
3040.55,
3042.3300000000004,
3044.12,
3045.9100000000003,
3047.7,
3049.4900000000002,
3051.29,
3053.08,
3054.8799999999997,
3056.6800000000003,
3058.49,
3060.29,
3062.1,
3063.91,
3065.72,
3067.54,
3069.35,
3071.17,
3072.99,
3074.81,
3076.64,
3078.47,
3080.2900000000004,
3082.1299999999997,
3083.96,
3085.79,
3087.6299999999997,
3089.47,
3091.31,
3093.1600000000003,
3095.0099999999998,
3096.85,
3098.71,
3100.5600000000004,
3102.41,
3104.27,
3106.1299999999997,
3107.9900000000002,
3109.8599999999997,
3111.73,
3113.5899999999997,
3115.4700000000003,
3117.34,
3119.21,
3121.09,
3122.97,
3124.86,
3126.74,
3128.6299999999997,
3130.52,
3132.4100000000003,
3134.3,
3136.2000000000003,
3138.1,
3140.0,
3141.9,
3143.8100000000004,
3145.7099999999996,
3147.62,
3149.54,
3151.4500000000003,
3153.37,
3155.29,
3157.21,
3159.13,
3161.06,
3162.9900000000002,
3164.92,
3166.8500000000004,
3168.79,
3170.7200000000003,
3172.67,
3174.61,
3176.55,
3178.5,
3180.45,
3182.4,
3184.3599999999997,
3186.3199999999997,
3188.27,
3190.2400000000002,
3192.2000000000003,
3194.17,
3196.1400000000003,
3198.1099999999997,
3200.08,
3202.06,
3204.04,
3206.02,
3208.0,
3209.99,
3211.98,
3213.9700000000003,
3215.96,
3217.96,
3219.96,
3221.96,
3223.96,
3225.97,
3227.98,
3229.99,
3232.0,
3234.02,
3236.04,
3238.06,
3240.08,
3242.1099999999997,
3244.14,
3246.17,
3248.2000000000003,
3250.24,
3252.2799999999997,
3254.3199999999997,
3256.37,
3258.41,
3260.46,
3262.5099999999998,
3264.57,
3266.63,
3268.69,
3270.75,
3272.8100000000004,
3274.88,
3276.95,
3279.02,
3281.1,
3283.1800000000003,
3285.26,
3287.34,
3289.43,
3291.51,
3293.61,
3295.7000000000003,
3297.8,
3299.9,
3302.0,
3304.1,
3306.21,
3308.32,
3310.4300000000003,
3312.5499999999997,
3314.66,
3316.79,
3318.91,
3321.0299999999997,
3323.1600000000003,
3325.29,
3327.4300000000003,
3329.5699999999997,
3331.71,
3333.85,
3335.99,
3338.1400000000003,
3340.29,
3342.45,
3344.6,
3346.76,
3348.92,
3351.09,
3353.26,
3355.4300000000003,
3357.6000000000004,
3359.78,
3361.96,
3364.14,
3366.32,
3368.51,
3370.7,
3372.89,
3375.09,
3377.29,
3379.4900000000002,
3381.69,
3383.9,
3386.11,
3388.32,
3390.54,
3392.76,
3394.98,
3397.21,
3399.4300000000003,
3401.6600000000003,
3403.9,
3406.13,
3408.3700000000003,
3410.61,
3412.8599999999997,
3415.1099999999997,
3417.36,
3419.61,
3421.8700000000003,
3424.13,
3426.39,
3428.66,
3430.93,
3433.2,
3435.48,
3437.7599999999998,
3440.0400000000004,
3442.32,
3444.61,
3446.8999999999996,
3449.19,
3451.4900000000002,
3453.79,
3456.09,
3458.4,
3460.7000000000003,
3463.0200000000004,
3465.33,
3467.65,
3469.97,
3472.29,
3474.62,
3476.95,
3479.2900000000004,
3481.62,
3483.96,
3486.3,
3488.6499999999996,
3491.0,
3493.35,
3495.71,
3498.0699999999997,
3500.4300000000003,
3502.79,
3505.16,
3507.53,
3509.9100000000003,
3512.29,
3514.67,
3517.0499999999997,
3519.44,
3521.83,
3524.23,
3526.62,
3529.02,
3531.43,
3533.83,
3536.24,
3538.6600000000003,
3541.08,
3543.5,
3545.92,
3548.35,
3550.78,
3553.21,
3555.65,
3558.09,
3560.5299999999997,
3562.98,
3565.4300000000003,
3567.88,
3570.3399999999997,
3572.8,
3575.27,
3577.73,
3580.2000000000003,
3582.68,
3585.1600000000003,
3587.64,
3590.1200000000003,
3592.61,
3595.1,
3597.6,
3600.0899999999997,
3602.6,
3605.1000000000004,
3607.61,
3610.1200000000003,
3612.64,
3615.16,
3617.68,
3620.21,
3622.74,
3625.27,
3627.8100000000004,
3630.35,
3632.8900000000003,
3635.44,
3637.99,
3640.54,
3643.1,
3645.66,
3648.23,
3650.7999999999997,
3653.37,
3655.95,
3658.5299999999997,
3661.1099999999997,
3663.7,
3666.29,
3668.8900000000003,
3671.48,
3674.09,
3676.6899999999996,
3679.3,
3681.91,
3684.53,
3687.15,
3689.7799999999997,
3692.4,
3695.04,
3697.67,
3700.31,
3702.95,
3705.6,
3708.25,
3710.9100000000003,
3713.5600000000004,
3716.23,
3718.89,
3721.5600000000004,
3724.23,
3726.9100000000003,
3729.59,
3732.2799999999997,
3734.9700000000003,
3737.66,
3740.36,
3743.06,
3745.76,
3748.4700000000003,
3751.1800000000003,
3753.8999999999996,
3756.62,
3759.3399999999997,
3762.07,
3764.8,
3767.54,
3770.28,
3773.02,
3775.77,
3778.52,
3781.28,
3784.04,
3786.7999999999997,
3789.5699999999997,
3792.3399999999997,
3795.12,
3797.8999999999996,
3800.69,
3803.47,
3806.27,
3809.06,
3811.8599999999997,
3814.67,
3817.48,
3820.29,
3823.1099999999997,
3825.93,
3828.7599999999998,
3831.5899999999997,
3834.42,
3837.26,
3840.1,
3842.9500000000003,
3845.8,
3848.65,
3851.51,
3854.38,
3857.24,
3860.1200000000003,
3862.99,
3865.8700000000003,
3868.7599999999998,
3871.6499999999996,
3874.54,
3877.44,
3880.3399999999997,
3883.25,
3886.16,
3889.0699999999997,
3891.99,
3894.92,
3897.85,
3900.78,
3903.72,
3906.66,
3909.6000000000004,
3912.55,
3915.5099999999998,
3918.4700000000003,
3921.43,
3924.4,
3927.3799999999997,
3930.35,
3933.3300000000004,
3936.3199999999997,
3939.31,
3942.31,
3945.31,
3948.3100000000004,
3951.32,
3954.34,
3957.35,
3960.3799999999997,
3963.4100000000003,
3966.44,
3969.48,
3972.52,
3975.5600000000004,
3978.61,
3981.6699999999996,
3984.73,
3987.8,
3990.8700000000003,
3993.9399999999996,
3997.02,
4000.1,
4003.19,
4006.29,
4009.39,
4012.49,
4015.6,
4018.7099999999996,
4021.8299999999995,
4024.9499999999994,
4028.08,
4031.2099999999996,
4034.35,
4037.4900000000002,
4040.64,
4043.7900000000004,
4046.94,
4050.11,
4053.2700000000004,
4056.44,
4059.62,
4062.8,
4065.9900000000002,
4069.1800000000003,
4072.38,
4075.5800000000004,
4078.78,
4082.0,
4085.21,
4088.43,
4091.66,
4094.8900000000003,
4098.13,
4101.37,
4104.62,
4107.87,
4111.13,
4114.39,
4117.66,
4120.93,
4124.21,
4127.5,
4130.79,
4134.08,
4137.38,
4140.679999999999,
4143.99,
4147.31,
4150.629999999999,
4153.95,
4157.29,
4160.62,
4163.96,
4167.3099999999995,
4170.66,
4174.0199999999995,
4177.39,
4180.75,
4184.13,
4187.509999999999,
4190.889999999999,
4194.28,
4197.68,
4201.08,
4204.49,
4207.900000000001,
4211.32,
4214.74,
4218.17,
4221.61,
4225.05,
4228.5,
4231.950000000001,
4235.400000000001,
4238.870000000001,
4242.34,
4245.8099999999995,
4249.29,
4252.78,
4256.2699999999995,
4259.7699999999995,
4263.27,
4266.78,
4270.29,
4273.81,
4277.34,
4280.87,
4284.41,
4287.950000000001,
4291.5,
4295.06,
4298.62,
4302.1900000000005,
4305.76,
4309.34,
4312.92,
4316.5199999999995,
4320.11,
4323.719999999999,
4327.320000000001,
4330.94,
4334.5599999999995,
4338.19,
4341.820000000001,
4345.46,
4349.11,
4352.76,
4356.42,
4360.08,
4363.75,
4367.429999999999,
4371.11,
4374.799999999999,
4378.49,
4382.19,
4385.900000000001,
4389.610000000001,
4393.33,
4397.0599999999995,
4400.79,
4404.530000000001,
4408.280000000001,
4412.03,
4415.79,
4419.55,
4423.320000000001,
4427.1,
4430.88,
4434.68,
4438.469999999999,
4442.280000000001,
4446.08,
4449.900000000001,
4453.719999999999,
4457.55,
4461.389999999999,
4465.2300000000005,
4469.08,
4472.9400000000005,
4476.8,
4480.67,
4484.549999999999,
4488.43,
4492.320000000001,
4496.21,
4500.12,
4504.030000000001,
4507.94,
4511.87,
4515.799999999999,
4519.7300000000005,
4523.679999999999,
4527.63,
4531.589999999999,
4535.55,
4539.52,
4543.5,
4547.49,
4551.48,
4555.4800000000005,
4559.490000000001,
4563.5,
4567.52,
4571.55,
4575.580000000001,
4579.63,
4583.67,
4587.73,
4591.79,
4595.86,
4599.9400000000005,
4604.03,
4608.120000000001,
4612.219999999999,
4616.33,
4620.4400000000005,
4624.5599999999995,
4628.69,
4632.83,
4636.97,
4641.12,
4645.28,
4649.45,
4653.62,
4657.8,
4661.990000000001,
4666.1900000000005,
4670.39,
4674.599999999999,
4678.82,
4683.049999999999,
4687.280000000001,
4691.5199999999995,
4695.77,
4700.03,
4704.3,
4708.57,
4712.85,
4717.139999999999,
4721.429999999999,
4725.74,
4730.05,
4734.37,
4738.7,
4743.03,
4747.38,
4751.7300000000005,
4756.09,
4760.45,
4764.83,
4769.21,
4773.6,
4778.0,
4782.41,
4786.83,
4791.25,
4795.68,
4800.13,
4804.57,
4809.03,
4813.5,
4817.97,
4822.45,
4826.94,
4831.44,
4835.950000000001,
4840.46,
4844.99,
4849.52,
4854.0599999999995,
4858.61,
4863.17,
4867.73,
4872.3099999999995,
4876.89,
4881.48,
4886.08,
4890.6900000000005,
4895.31,
4899.94,
4904.57,
4909.22,
4913.87,
4918.53,
4923.21,
4927.88,
4932.57,
4937.2699999999995,
4941.9800000000005,
4946.6900000000005,
4951.42,
4956.15,
4960.9,
4965.650000000001,
4970.41,
4975.18,
4979.96,
4984.75,
4989.54,
4994.349999999999,
4999.17,
5003.99,
5008.83,
5013.67,
5018.5199999999995,
5023.39,
5028.26,
5033.14,
5038.03,
5042.93,
5047.84,
5052.76,
5057.69,
5062.63,
5067.580000000001,
5072.54,
5077.51,
5082.49,
5087.469999999999,
5092.469999999999,
5097.48,
5102.5,
5107.52,
5112.56,
5117.61,
5122.66,
5127.73,
5132.81,
5137.889999999999,
5142.99,
5148.1,
5153.22,
5158.34,
5163.48,
5168.63,
5173.79,
5178.96,
5184.13,
5189.320000000001,
5194.5199999999995,
5199.73,
5204.96,
5210.19,
5215.429999999999,
5220.679999999999,
5225.94,
5231.22,
5236.5,
5241.79,
5247.099999999999,
5252.42,
5257.74,
5263.080000000001,
5268.43,
5273.79,
5279.16,
5284.54,
5289.93,
5295.34,
5300.75,
5306.18,
5311.61,
5317.0599999999995,
5322.5199999999995,
5327.99,
5333.47,
5338.96,
5344.47,
5349.9800000000005,
5355.51,
5361.049999999999,
5366.6,
5372.16,
5377.73,
5383.320000000001,
5388.91,
5394.52,
5400.14,
5405.77,
5411.41,
5417.07,
5422.74,
5428.410000000001,
5434.1,
5439.8099999999995,
5445.52,
5451.25,
5456.98,
5462.73,
5468.5,
5474.2699999999995,
5480.0599999999995,
5485.86,
5491.67,
5497.49,
5503.33,
5509.179999999999,
5515.04,
5520.91,
5526.799999999999,
5532.69,
5538.610000000001,
5544.53,
5550.469999999999,
5556.41,
5562.38,
5568.349999999999,
5574.34,
5580.339999999999,
5586.35,
5592.38,
5598.42,
5604.47,
5610.54,
5616.61,
5622.71,
5628.8099999999995,
5634.929999999999,
5641.06,
5647.21,
5653.360000000001,
5659.54,
5665.72,
5671.92,
5678.13,
5684.36,
5690.599999999999,
5696.85,
5703.12,
5709.4,
5715.6900000000005,
5722.0,
5728.33,
5734.66,
5741.01,
5747.38,
5753.76,
5760.150000000001,
5766.56,
5772.98,
5779.410000000001,
5785.86,
5792.33,
5798.8099999999995,
5805.3,
5811.81,
5818.33,
5824.87,
5831.419999999999,
5837.99,
5844.57,
5851.17,
5857.78,
5864.410000000001,
5871.05,
5877.7,
5884.38,
5891.06,
5897.76,
5904.4800000000005,
5911.21,
5917.96,
5924.7300000000005,
5931.5,
5938.3,
5945.11,
5951.93,
5958.78,
5965.63,
5972.51,
5979.39,
5986.3,
5993.22,
6000.16,
6007.11,
6014.08,
6021.06,
6028.06,
6035.08,
6042.12,
6049.17,
6056.2300000000005,
6063.32,
6070.42,
6077.530000000001,
6084.67,
6091.820000000001,
6098.9800000000005,
6106.17,
6113.37,
6120.58,
6127.82,
6135.07,
6142.34,
6149.63,
6156.93,
6164.25,
6171.59,
6178.950000000001,
6186.320000000001,
6193.71,
6201.120000000001,
6208.54,
6215.99,
6223.45,
6230.93,
6238.43,
6245.95,
6253.48,
6261.03,
6268.6,
6276.19,
6283.8,
6291.43,
6299.070000000001,
6306.73,
6314.42,
6322.12,
6329.84,
6337.570000000001,
6345.33,
6353.11,
6360.9,
6368.719999999999,
6376.55,
6384.400000000001,
6392.2699999999995,
6400.17,
6408.08,
6416.01,
6423.96,
6431.93,
6439.92,
6447.93,
6455.96,
6464.01,
6472.08,
6480.17,
6488.28,
6496.41,
6504.5599999999995,
6512.7300000000005,
6520.92,
6529.14,
6537.37,
6545.63,
6553.9,
6562.2,
6570.509999999999,
6578.85,
6587.21,
6595.589999999999,
6603.99,
6612.42,
6620.860000000001,
6629.330000000001,
6637.82,
6646.33,
6654.860000000001,
6663.41,
6671.99,
6680.589999999999,
6689.21,
6697.849999999999,
6706.509999999999,
6715.200000000001,
6723.91,
6732.64,
6741.4,
6750.18,
6758.9800000000005,
6767.8,
6776.65,
6785.52,
6794.41,
6803.33,
6812.2699999999995,
6821.23,
6830.219999999999,
6839.23,
6848.26,
6857.32,
6866.4,
6875.51,
6884.64,
6893.799999999999,
6902.9800000000005,
6912.18,
6921.41,
6930.66,
6939.94,
6949.24,
6958.57,
6967.92,
6977.299999999999,
6986.7,
6996.13,
7005.59,
7015.07,
7024.57,
7034.099999999999,
7043.66,
7053.25,
7062.85,
7072.49,
7082.150000000001,
7091.84,
7101.549999999999,
7111.3,
7121.0599999999995,
7130.860000000001,
7140.679999999999,
7150.53,
7160.41,
7170.3099999999995,
7180.240000000001,
7190.2,
7200.1900000000005,
7210.200000000001,
7220.240000000001,
7230.31,
7240.41,
7250.54,
7260.6900000000005,
7270.88,
7281.09,
7291.33,
7301.599999999999,
7311.9,
7322.219999999999,
7332.58,
7342.97,
7353.379999999999,
7363.83,
7374.3,
7384.8099999999995,
7395.34,
7405.910000000001,
7416.5,
7427.13,
7437.78,
7448.47,
7459.1900000000005,
7469.9400000000005,
7480.71,
7491.52,
7502.37,
7513.24,
7524.14,
7535.08,
7546.05,
7557.05,
7568.08,
7579.150000000001,
7590.24,
7601.37,
7612.53,
7623.7300000000005,
7634.96,
7646.219999999999,
7657.51,
7668.84,
7680.2,
7691.59,
7703.02,
7714.49,
7725.98,
7737.5199999999995,
7749.08,
7760.679999999999,
7772.32,
7783.99,
7795.69,
7807.43,
7819.21,
7831.0199999999995,
7842.87,
7854.75,
7866.67,
7878.62,
7890.62,
7902.64,
7914.71,
7926.8099999999995,
7938.95,
7951.13,
7963.339999999999,
7975.59,
7987.879999999999,
8000.209999999999,
8012.570000000001,
8024.98,
8037.419999999999,
8049.899999999999,
8062.419999999999,
8074.9800000000005,
8087.57,
8100.210000000001,
8112.89,
8125.6,
8138.360000000001,
8151.160000000001,
8163.99,
8176.869999999999,
8189.79,
8202.75,
8215.75,
8228.79,
8241.87,
8254.99,
8268.16,
8281.37,
8294.62,
8307.91,
8321.24,
8334.619999999999,
8348.039999999999,
8361.51,
8375.019999999999,
8388.57,
8402.16,
8415.800000000001,
8429.49,
8443.22,
8456.99,
8470.81,
8484.67,
8498.58,
8512.539999999999,
8526.54,
8540.58,
8554.68,
8568.82,
8583.0,
8597.24,
8611.52,
8625.85,
8640.230000000001,
8654.65,
8669.119999999999,
8683.640000000001,
8698.21,
8712.83,
8727.5,
8742.22,
8756.99,
8771.800000000001,
8786.67,
8801.589999999998,
8816.560000000001,
8831.58,
8846.65,
8861.77,
8876.939999999999,
8892.17,
8907.45,
8922.779999999999,
8938.16,
8953.6,
8969.09,
8984.640000000001,
9000.23,
9015.890000000001,
9031.59,
9047.359999999999,
9063.17,
9079.050000000001,
9094.97,
9110.960000000001,
9127.0,
9143.1,
9159.25,
9175.46,
9191.73,
9208.06,
9224.439999999999,
9240.880000000001,
9257.38,
9273.94,
9290.56,
9307.24,
9323.980000000001,
9340.78,
9357.64,
9374.57,
9391.550000000001,
9408.59,
9425.7,
9442.869999999999,
9460.1,
9477.4,
9494.75,
9512.17,
9529.66,
9547.21,
9564.83,
9582.5,
9600.25,
9618.06,
9635.94,
9653.88,
9671.89,
9689.970000000001,
9708.119999999999,
9726.33,
9744.619999999999,
9762.97,
9781.39,
9799.88,
9818.44,
9837.070000000002,
9855.77,
9874.539999999999,
9893.39,
9912.3,
9931.29,
9950.36,
9969.49,
9988.699999999999,
10007.98,
10027.34,
10046.77,
10066.28,
10085.869999999999,
10105.53,
10125.26,
10145.08,
10164.970000000001,
10184.939999999999,
10204.99,
10225.12,
10245.33,
10265.61,
10285.98,
10306.43,
10326.96,
10347.57,
10368.27,
10389.05,
10409.91,
10430.859999999999,
10451.88,
10473.0,
10494.199999999999,
10515.49,
10536.86,
10558.32,
10579.869999999999,
10601.5,
10623.23,
10645.039999999999,
10666.94,
10688.94,
10711.02,
10733.2,
10755.470000000001,
10777.83,
10800.28,
10822.83,
10845.470000000001,
10868.21,
10891.04,
10913.970000000001,
10936.99,
10960.119999999999,
10983.34,
11006.66,
11030.07,
11053.59,
11077.21,
11100.93,
11124.75,
11148.68,
11172.710000000001,
11196.84,
11221.07,
11245.41,
11269.859999999999,
11294.41,
11319.07,
11343.84,
11368.72,
11393.7,
11418.8,
11444.01,
11469.33,
11494.76,
11520.300000000001,
11545.96,
11571.730000000001,
11597.619999999999,
11623.62,
11649.74,
11675.98,
11702.34,
11728.81,
11755.41,
11782.130000000001,
11808.960000000001,
11835.92,
11863.009999999998,
11890.22,
11917.550000000001,
11945.01,
11972.6,
12000.310000000001,
12028.16,
12056.13,
12084.23,
12112.460000000001,
12140.83,
12169.33,
12197.960000000001,
12226.73,
12255.64,
12284.68,
12313.86,
12343.18,
12372.640000000001,
12402.240000000002,
12431.98,
12461.86,
12491.89,
12522.07,
12552.38,
12582.85,
12613.47,
12644.23,
12675.15,
12706.210000000001,
12737.43,
12768.81,
12800.33,
12832.02,
12863.86,
12895.86,
12928.02,
12960.34,
12992.82,
13025.460000000001,
13058.27,
13091.25,
13124.39,
13157.7,
13191.179999999998,
13224.83,
13258.660000000002,
13292.65,
13326.83,
13361.17,
13395.699999999999,
13430.400000000001,
13465.289999999999,
13500.349999999999,
13535.6,
13571.03,
13606.65,
13642.46,
13678.46,
13714.64,
13751.02,
13787.59,
13824.36,
13861.32,
13898.49,
13935.85,
13973.41,
14011.17,
14049.15,
14087.32,
14125.71,
14164.300000000001,
14203.11,
14242.13,
14281.359999999999,
14320.81,
14360.49,
14400.380000000001,
14440.49,
14480.82,
14521.39,
14562.18,
14603.199999999999,
14644.45,
14685.93,
14727.66,
14769.619999999999,
14811.81,
14854.25,
14896.94,
14939.87,
14983.050000000001,
15026.48,
15070.16,
15114.1,
15158.289999999999,
15202.74,
15247.460000000001,
15292.43,
15337.68,
15383.19,
15428.97,
15475.03,
15521.359999999999,
15567.970000000001,
15614.869999999999,
15662.039999999999,
15709.5,
15757.25,
15805.289999999999,
15853.619999999999,
15902.26,
15951.19,
16000.419999999998,
16049.949999999999,
16099.799999999997,
16149.95,
16200.420000000002,
16251.208999999999,
16302.311,
16353.741,
16405.491,
16457.569,
16509.979000000003,
16562.731,
16615.82,
16669.240999999998,
16723.021,
16777.14,
16831.61,
16886.431,
16941.62,
16997.16,
17053.08,
17109.36,
17166.01,
17223.04,
17280.451,
17338.239999999998,
17396.429,
17455.0,
17513.969,
17573.339,
17633.109999999997,
17693.290999999997,
17753.889,
17814.899,
17876.328999999998,
17938.181,
18000.468999999997,
18063.19,
18126.35,
18189.951,
18254.0,
18318.501,
18383.459,
18448.879,
18514.771,
18581.129,
18647.97,
18715.29,
18783.100000000002,
18851.4,
18920.2,
18989.51,
19059.32,
19129.65,
19200.5,
19271.878999999997,
19343.789999999997,
19416.240999999998,
19489.229000000003,
19562.771,
19636.880999999998,
19711.54,
19786.779,
19862.590999999997,
19938.98,
20015.961,
20093.55,
20171.73,
20250.530000000002,
20329.941000000003,
20409.981,
20490.649999999998,
20571.96,
20653.918999999998,
20736.54,
20819.82,
20903.77,
20988.399999999998,
21073.720999999998,
21159.731,
21246.46,
21333.891,
21422.041,
21510.929,
21600.559,
21690.941,
21782.08,
21873.989,
21966.668999999998,
22060.15,
22154.421,
22249.510000000002,
22345.409,
22442.141,
22539.721,
22638.14,
22737.431,
22837.601,
22938.649999999998,
23040.600000000002,
23143.459,
23247.24,
23351.959000000003,
23457.63,
23564.251,
23671.85,
23780.439000000002,
23890.02,
24000.629,
24112.261,
24224.93,
24338.659,
24453.47,
24569.361,
24686.359,
24804.469999999998,
24923.731,
25044.129999999997,
25165.71,
25288.46,
25412.43,
25537.609,
25664.04,
25791.719,
25920.679,
