,white_spectralon_enfys_sampled Au_measured,white_spectralon Au_reference
Filepath,../data/spectral_library/Calibration/Spectralon/SRS-99/AU_Measured/white_spectralon_enfys_sampled.csv,../data/spectral_library/Calibration/Spectralon/SRS-99/AU_Reference/white_spectralon.csv
Category,Measured,Reference
Sample ID,SRS-99 Aber Spectralon,SRS-99 Aber Spectralon
Species,au_measured,au_reference
Subgroup,SRS-99,SRS-99
Group,Spectralon,Spectralon
Library,Calibration,Calibration
Sample Description,,
Date Added,,
Viewing Geometry,,
Other Information,As measured by Enfys,
Composition,,
Resolution,,
Grain Size,,
Locality,,
Database of Origin,Aberystwyth University,Aberystwyth University
Reflectance,---,---
800.0,0.5411255411255411,0.725262119
801.0,0.5974025974025974,0.751288103
802.0,0.7359307359307359,0.782197478
803.0,0.8744588744588744,0.795641057
804.0,1.0,0.783987335
805.0,1.0,0.780679052
806.0,1.0,0.803386277
807.0,1.0,0.820321253
808.0,1.0,0.821998862
809.0,1.0,0.822091004
810.0,1.0,0.826561502
811.0,1.0,0.83402513
812.0,1.2424242424242424,0.845745704
813.0,1.5194805194805194,0.857876462
814.0,1.7965367965367967,0.858033926
815.0,1.8773448773203463,0.856949381
816.0,1.4155844154675323,0.86385977
817.0,0.9538239536147186,0.869147783
818.0,0.4920634917619049,0.87939242
819.0,0.4545454542727273,0.892474244
820.0,0.6392496390692641,0.900106316
821.0,0.8239538238658008,0.896865533
822.0,0.9971139971168831,0.888386669
823.0,0.9355459356103897,0.891841355
824.0,0.8739778741038962,0.905890283
825.0,0.8124098125974026,0.91555064
826.0,0.7885521887878788,0.916473167
827.0,0.8131794134458874,0.91462139
828.0,0.8378066381038961,0.912876848
829.0,0.8624338627619047,0.914364971
830.0,0.8605483408051947,0.922477454
831.0,0.8531601733246753,0.931868666
832.0,0.8457720058441558,0.936446084
833.0,0.8372192513333333,0.936164582
834.0,0.8245072574285714,0.93700925
835.0,0.8117952635238095,0.939653846
836.0,0.7990832696190476,0.939353318
837.0,0.8035523299740259,0.937556756
838.0,0.8190348866493506,0.935805212
839.0,0.8345174433246753,0.935899469
840.0,0.85,0.939253643
841.0,0.852899426077922,0.941753438
842.0,0.8557988521558442,0.940784984
843.0,0.8586982782337662,0.938328776
844.0,0.858348663077922,0.934993178
845.0,0.8529305435974026,0.929852567
846.0,0.8475124241168831,0.926243495
847.0,0.8420943046363636,0.928038608
848.0,0.8368643141601732,0.931470794
849.0,0.8316869998051948,0.935409212
850.0,0.8265096854502164,0.938313737
851.0,0.823280423047619,0.936984257
852.0,0.8294372291428571,0.933768359
853.0,0.8355940352380952,0.930347603
854.0,0.8417508413333333,0.928133837
855.0,0.8479076475844155,0.926992124
856.0,0.8540644539567099,0.924659036
857.0,0.8602212603290043,0.921334544
858.0,0.8663780667012987,0.918405017
859.0,0.8688672441125541,0.918342971
860.0,0.8711760463290042,0.915683912
861.0,0.8734848485454545,0.915167582
862.0,0.8743261455238095,0.916393364
863.0,0.8723658415930736,0.91622915
864.0,0.8704055376623376,0.916886105
865.0,0.8684452337316017,0.917342
866.0,0.8661850136450217,0.917461529
867.0,0.8638163132467532,0.916690904
868.0,0.8614476128484848,0.915652853
869.0,0.8589541245714286,0.913315121
870.0,0.8555871211428572,0.911451554
871.0,0.8522201177142857,0.910146653
872.0,0.8488531142857143,0.908715176
873.0,0.8480952378571428,0.904535162
874.0,0.8497883595194805,0.898978544
875.0,0.8514814811818182,0.893184974
876.0,0.8531746028441559,0.885485699
877.0,0.8515306912424243,0.874749221
878.0,0.8495415693030303,0.85959053
879.0,0.8475524473636363,0.845492579
880.0,0.847057704047619,0.837524528
881.0,0.8501022785238095,0.831290345
882.0,0.853146853,0.822700736
883.0,0.8561914274761905,0.809831456
884.0,0.855049712047619,0.796585292
885.0,0.8520051375714286,0.787222088
886.0,0.848960563095238,0.780281333
887.0,0.846054935004329,0.773440622
888.0,0.8447888742597403,0.769500818
889.0,0.8435228135151515,0.772168877
890.0,0.8422567527705628,0.780995492
891.0,0.8436047682597403,0.791829566
892.0,0.8479154034805195,0.799855604
893.0,0.8522260387012988,0.805084748
894.0,0.856536673922078,0.811345859
895.0,0.8536785084285714,0.820365155
896.0,0.8496472664545455,0.829484306
897.0,0.8456160244805195,0.833781005
898.0,0.8426926175194805,0.835010063
899.0,0.8430927155974026,0.83895092
900.0,0.8434928136753247,0.846954971
901.0,0.8438929117532467,0.855512657
902.0,0.8454238024329004,0.861795107
903.0,0.8475890401818181,0.863352989
904.0,0.8497542779307359,0.858269456
905.0,0.8518398644502164,0.847411181
906.0,0.8514562628571428,0.834714242
907.0,0.8510726612640692,0.828172097
908.0,0.8506890596709956,0.830029967
909.0,0.8515596555324675,0.834868286
910.0,0.8541489664242424,0.837949697
911.0,0.8567382773160173,0.840179474
912.0,0.8593275882077922,0.844054055
913.0,0.8619168993246753,0.847597049
914.0,0.8645062104935065,0.847511441
915.0,0.8670955216623376,0.845849987
916.0,0.8708428961861472,0.846306863
917.0,0.8791334423333333,0.850157882
918.0,0.8874239884805195,0.855998765
919.0,0.8957145346277057,0.86178212
920.0,0.8978996870692642,0.867383369
921.0,0.8959074648701298,0.872935298
922.0,0.8939152426709956,0.878447258
923.0,0.8919230204718614,0.883125863
924.0,0.8948272488181818,0.886932557
925.0,0.8978091986017316,0.889645085
926.0,0.9007911483852814,0.891215513
927.0,0.9027435844025974,0.891977534
928.0,0.9029801641428571,0.891642851
929.0,0.9032167438831169,0.890260811
930.0,0.9034533236233766,0.887528141
931.0,0.9055312853939393,0.885171635
932.0,0.9081729355411255,0.88500986
933.0,0.9108145856883116,0.886703264
934.0,0.9130759292987013,0.889109225
935.0,0.9132836176103896,0.890761958
936.0,0.913491305922078,0.892074815
937.0,0.9136989942337663,0.893381849
938.0,0.9141223884545455,0.894976568
939.0,0.9147245104285715,0.896219333
940.0,0.9153266324025974,0.898161443
941.0,0.9159287543766234,0.899771345
942.0,0.9143740958311688,0.901238633
943.0,0.9126756519177489,0.902143205
944.0,0.910977208004329,0.902103641
945.0,0.91076006,0.901568375
946.0,0.9135760417142857,0.900286208
947.0,0.9163920234285714,0.899403074
948.0,0.9192080051428572,0.898081001
949.0,0.9202508778268399,0.897984332
950.0,0.9205999252380952,0.89820926
951.0,0.9209489726493506,0.89869715
952.0,0.9211013790909091,0.900172448
953.0,0.9196525662077922,0.902322548
954.0,0.9182037533246753,0.904525739
955.0,0.9167549404415585,0.906163235
956.0,0.9142233708484848,0.906939548
957.0,0.9106090445454545,0.907179605
958.0,0.9069947182424243,0.907228367
959.0,0.903380391939394,0.905918552
960.0,0.8963048067662338,0.902379212
961.0,0.8888041547142858,0.891957437
962.0,0.8813035026623377,0.870266249
963.0,0.8732485812077923,0.842211026
964.0,0.8637771935021645,0.822604499
965.0,0.8543058057965368,0.813963482
966.0,0.8448344180909091,0.813941612
967.0,0.840824328965368,0.811813796
968.0,0.8394813856580087,0.806483114
969.0,0.8381384423506494,0.794468501
970.0,0.8366977785584415,0.778854905
971.0,0.8337913074935065,0.773138789
972.0,0.8308848364285714,0.775999826
973.0,0.8279783653636363,0.78230573
974.0,0.8274050025497836,0.786387581
975.0,0.8296474600389611,0.798650189
976.0,0.8318899175281386,0.809973863
977.0,0.8341323750173161,0.812184893
978.0,0.8352670631818182,0.801565901
979.0,0.8361966088787879,0.786456332
980.0,0.8371261545757576,0.779730524
981.0,0.8387801207922078,0.779174234
982.0,0.8428005273722944,0.784727819
983.0,0.846820933952381,0.791106992
984.0,0.8508413405324675,0.805369229
985.0,0.8530174184545455,0.826851266
986.0,0.8540868991818181,0.84576005
987.0,0.8551563799090909,0.854745497
988.0,0.8563288981298701,0.856441124
989.0,0.8639927784415584,0.858543065
990.0,0.8716566587532467,0.864888092
991.0,0.879320539064935,0.87277463
992.0,0.8854712853333333,0.881397611
993.0,0.889410528,0.888491087
994.0,0.8933497706666667,0.892442492
995.0,0.8972890133333333,0.893901446
996.0,0.898648173064935,0.894980132
997.0,0.8993496645974026,0.89738072
998.0,0.9000511561298702,0.898235621
999.0,0.9007155546753247,0.897366653
1000.0,0.901219216943723,0.897232913
1001.0,0.9017228792121212,0.901386431
1002.0,0.9022265414805195,0.906925148
1003.0,0.9036788630865801,0.909333278
1004.0,0.9058234496147186,0.90649772
1005.0,0.9079680361428571,0.899842067
1006.0,0.9101126226709957,0.893442176
1007.0,0.9088767829307359,0.891506456
1008.0,0.9075318971818183,0.89448614
1009.0,0.9061870114329005,0.897053435
1010.0,0.9049109807142858,0.895735088
1011.0,0.9037576915714286,0.889446392
1012.0,0.9026044024285714,0.881942687
1013.0,0.9014511132857143,0.878035715
1014.0,0.9013988554155844,0.88196165
1015.0,0.9017136079696969,0.891574532
1016.0,0.9020283605238095,0.90028151
1017.0,0.9025634766363636,0.904982876
1018.0,0.9044452589393939,0.906087122
1019.0,0.9063270412424242,0.905859116
1020.0,0.9082088235454545,0.904843304
1021.0,0.9092412524372294,0.903606263
1022.0,0.9095242518484848,0.901963196
1023.0,0.9098072512597403,0.900198152
1024.0,0.9100902506709956,0.898312535
1025.0,0.9103674522467532,0.896734187
1026.0,0.9106441624805195,0.895081985
1027.0,0.9109208727142857,0.892921274
1028.0,0.9102910445930735,0.890735048
1029.0,0.907666832090909,0.887828993
1030.0,0.9050426195887445,0.885260411
1031.0,0.90241840708658,0.883120247
1032.0,0.899040355948052,0.882620711
1033.0,0.8953440173852814,0.882701522
1034.0,0.8916476788225108,0.882172124
1035.0,0.8881198311428571,0.879448022
1036.0,0.8862207286666667,0.875224124
1037.0,0.8843216261904762,0.869105798
1038.0,0.8824225237142856,0.862009352
1039.0,0.8798199504502164,0.856162844
1040.0,0.8764685211861472,0.85279724
1041.0,0.8731170919220779,0.85261589
1042.0,0.8697656626580086,0.853566344
1043.0,0.8662167727878788,0.853977428
1044.0,0.8626396742597403,0.852515936
1045.0,0.8590625757316017,0.849287537
1046.0,0.8563299905454546,0.845143937
1047.0,0.8559322363636364,0.841732037
1048.0,0.8555344821818182,0.839215187
1049.0,0.855136728,0.837502577
1050.0,0.8527026421818181,0.835418339
1051.0,0.8492019064588745,0.832892903
1052.0,0.8457011707359308,0.829576709
1053.0,0.8422052145324675,0.826712459
1054.0,0.8388064418917749,0.824784056
1055.0,0.8354076692510822,0.823246442
1056.0,0.8320088966103896,0.821018537
1057.0,0.828652811969697,0.81714437
1058.0,0.8253516119004328,0.810805805
1059.0,0.8220504118311688,0.804163364
1060.0,0.8187492117619047,0.798170615
1061.0,0.814227708030303,0.791597321
1062.0,0.8094529337272727,0.782441594
1063.0,0.8046781594242424,0.771081497
1064.0,0.8005505734242424,0.760934393
1065.0,0.7987343742207792,0.756101249
1066.0,0.796918175017316,0.757797686
1067.0,0.7951019758138528,0.766524446
1068.0,0.7940944017662337,0.77865371
1069.0,0.7936051771774891,0.788596307
1070.0,0.7931159525887446,0.791817254
1071.0,0.792626728,0.789147269
1072.0,0.7921508458874459,0.784218473
1073.0,0.7916749637748918,0.781539794
1074.0,0.7911990816623377,0.784188701
1075.0,0.7913131782294371,0.792020933
1076.0,0.7923476415367965,0.801416357
1077.0,0.7933821048441558,0.807807131
1078.0,0.7944165681515152,0.809731817
1079.0,0.7950362163073593,0.808189046
1080.0,0.7955397162207792,0.805137893
1081.0,0.7960432161341991,0.80155223
1082.0,0.7964217006666667,0.799352891
1083.0,0.7961978383636364,0.798950132
1084.0,0.795973976060606,0.799413191
1085.0,0.7957501137575758,0.797855831
1086.0,0.7953933545714286,0.791644067
1087.0,0.7949332311428572,0.783209375
1088.0,0.7944731077142857,0.777860936
1089.0,0.7940129842857143,0.77925716
1090.0,0.7933307004415584,0.78526907
1091.0,0.7926374906753246,0.789698267
1092.0,0.7919442809090909,0.789030089
1093.0,0.7912550928571428,0.784264355
1094.0,0.7905735826233766,0.778840388
1095.0,0.7898920723896105,0.77622677
1096.0,0.7892105621558442,0.777053186
1097.0,0.788897733961039,0.780363827
1098.0,0.7887182588441558,0.783724157
1099.0,0.7885387837272727,0.787676363
1100.0,0.7888128471731601,0.794547629
1101.0,0.7922616805584415,0.803756996
1102.0,0.7957105139437229,0.811715741
1103.0,0.7991593473290043,0.815059592
1104.0,0.8007113222857143,0.814062977
1105.0,0.800481399930736,0.810568088
1106.0,0.8002514775757577,0.806160824
1107.0,0.8000215552207792,0.802597427
1108.0,0.7993900835497836,0.800824175
1109.0,0.7987170722943724,0.800779625
1110.0,0.7980440610389611,0.801486548
1111.0,0.7974416458874459,0.801968975
1112.0,0.7970064320346321,0.801233333
1113.0,0.7965712181818182,0.799508357
1114.0,0.7961360043290043,0.797421239
1115.0,0.7949550160000001,0.795672035
1116.0,0.7934350392727273,0.792644903
1117.0,0.7919150625454545,0.787874939
1118.0,0.7905316857099567,0.782604539
1119.0,0.7907601875974026,0.779489297
1120.0,0.7909886894848485,0.780788285
1121.0,0.7912171913722944,0.786970952
1122.0,0.7905356826103896,0.795446369
1123.0,0.7888228284458875,0.802462985
1124.0,0.7871099742813853,0.806554988
1125.0,0.7853971201168831,0.808457921
1126.0,0.7855527869047619,0.807652547
1127.0,0.7860142116666667,0.803831993
1128.0,0.7864756364285714,0.795793427
1129.0,0.7864024860216451,0.784111589
1130.0,0.7847256101082252,0.770767478
1131.0,0.7830487341948051,0.760182749
1132.0,0.7813718582813852,0.754905059
1133.0,0.7805382199610389,0.755215748
1134.0,0.7801776173636363,0.760186313
1135.0,0.7798170147662338,0.766977128
1136.0,0.7794167478831169,0.773082764
1137.0,0.7777868881428571,0.777591035
1138.0,0.7761570284025974,0.781275986
1139.0,0.7745271686623376,0.782338301
1140.0,0.774753408025974,0.782323298
1141.0,0.7775231906060606,0.784967633
1142.0,0.7802929731861472,0.793792592
1143.0,0.7830627557662337,0.803146121
1144.0,0.7854368626926407,0.807531002
1145.0,0.7877196598528139,0.803040254
1146.0,0.790002457012987,0.791033435
1147.0,0.7917870761082251,0.778291541
1148.0,0.7916173043333333,0.771369758
1149.0,0.7914475325584416,0.773478872
1150.0,0.7912777607835497,0.78069284
1151.0,0.7908603948268398,0.787337081
1152.0,0.7902736223246754,0.790933391
1153.0,0.7896868498225108,0.792871712
1154.0,0.7891000773203464,0.797039801
1155.0,0.7934445207272727,0.805431509
1156.0,0.7978672374025974,0.814521698
1157.0,0.802289954077922,0.82092473
1158.0,0.8056422178701298,0.823702544
1159.0,0.8072103935238095,0.824054039
1160.0,0.8087785691774891,0.823333301
1161.0,0.8103467448311688,0.822403277
1162.0,0.8111399203636364,0.82097873
1163.0,0.8116958509610389,0.818931347
1164.0,0.8122517815584416,0.81687185
1165.0,0.8126258466147186,0.816131114
1166.0,0.8120178377489178,0.816888275
1167.0,0.8114098288831169,0.81757682
1168.0,0.810801820017316,0.816978518
1169.0,0.8087209819090909,0.814926041
1170.0,0.8054197995714286,0.812003192
1171.0,0.8021186172337663,0.808819964
1172.0,0.7988174348961039,0.805332536
1173.0,0.7960958447662337,0.8019107
1174.0,0.7934128941168831,0.7980038
1175.0,0.7907299434675324,0.793523951
1176.0,0.7878096056363636,0.788647301
1177.0,0.7844031892900433,0.783488069
1178.0,0.7809967729437229,0.777587075
1179.0,0.7775903565974026,0.771031871
1180.0,0.7709902363203464,0.763638029
1181.0,0.7631404058095238,0.756294191
1182.0,0.7552905752987012,0.748628864
1183.0,0.7473560593030303,0.740253914
1184.0,0.7387319615021645,0.730235852
1185.0,0.7301078637012988,0.718111259
1186.0,0.721483765900433,0.703500074
1187.0,0.7132640451731602,0.687660344
1188.0,0.7054487015194806,0.670483241
1189.0,0.6976333578658009,0.65306717
1190.0,0.6898180142121212,0.637083368
1191.0,0.6820951692207793,0.623642399
1192.0,0.6743836837142857,0.614891042
1193.0,0.6666721982077922,0.612455183
1194.0,0.6601085353766234,0.616240268
1195.0,0.6564781971601732,0.624375206
1196.0,0.652847858943723,0.633964274
1197.0,0.6492175207272728,0.642933116
1198.0,0.646847538012987,0.649708343
1199.0,0.6450930777532468,0.653964857
1200.0,0.6433386174935065,0.656466155
1201.0,0.641809712056277,0.657410894
1202.0,0.64366412895671,0.65775599
1203.0,0.6455185458571429,0.658351547
1204.0,0.6473729627575757,0.659648528
1205.0,0.6476069125108225,0.661181561
1206.0,0.645885126051948,0.662654276
1207.0,0.6441633395930736,0.663812333
1208.0,0.6424415531341992,0.664218638
1209.0,0.6417531532207792,0.663320537
1210.0,0.6412561211861472,0.660988331
1211.0,0.6407590891515151,0.657332504
1212.0,0.640337834974026,0.652616603
1213.0,0.6401641217965368,0.647888147
1214.0,0.6399904086190477,0.643926059
1215.0,0.6398166954415584,0.641847608
1216.0,0.6388821133463203,0.641698784
1217.0,0.6374910099004328,0.642947129
1218.0,0.6360999064545454,0.644827886
1219.0,0.634745744,0.645935012
1220.0,0.635718864,0.645391538
1221.0,0.636691984,0.642981941
1222.0,0.637665104,0.638425727
1223.0,0.636481789064935,0.631835666
1224.0,0.6321467615324675,0.623536469
1225.0,0.627811734,0.614136977
1226.0,0.6234767064675325,0.604112102
1227.0,0.6195747322987013,0.594107279
1228.0,0.6157831442813853,0.585010709
1229.0,0.6119915562640692,0.577556927
1230.0,0.6075944501688312,0.572246216
1231.0,0.6005734324025974,0.56953781
1232.0,0.5935524146363637,0.569715587
1233.0,0.5865313968701299,0.573006527
1234.0,0.580223837930736,0.578651984
1235.0,0.5744369111082251,0.585020996
1236.0,0.5686499842857143,0.590514677
1237.0,0.5628630574632034,0.594003284
1238.0,0.5598213333593074,0.595123298
1239.0,0.5568681641818182,0.593716607
1240.0,0.553914995004329,0.589820174
1241.0,0.5505627903636363,0.583599635
1242.0,0.5464992616363636,0.575819855
1243.0,0.542435732909091,0.567869705
1244.0,0.5383722041818182,0.560618072
1245.0,0.5328499727012987,0.553725899
1246.0,0.526841506969697,0.545808932
1247.0,0.5208330412380953,0.535863473
1248.0,0.5145651430649351,0.524489012
1249.0,0.5067118244155844,0.514582262
1250.0,0.49885850576623375,0.508130054
1251.0,0.4910051871168831,0.50453432
1252.0,0.4838449355064935,0.500803253
1253.0,0.47729621363636365,0.493563572
1254.0,0.47074749176623376,0.480676643
1255.0,0.4641987698961039,0.461755241
1256.0,0.45522496872727275,0.438689735
1257.0,0.44604565236363636,0.414702953
1258.0,0.436866336,0.393499277
1259.0,0.42891457366233765,0.378644867
1260.0,0.4236634301818182,0.370015541
1261.0,0.4184122867012987,0.367384706
1262.0,0.41316114322077924,0.371971844
1263.0,0.41138132233766234,0.385963721
1264.0,0.411067170995671,0.407241431
1265.0,0.41075301965367966,0.428209361
1266.0,0.4108671734025974,0.440993474
1267.0,0.4151216096969697,0.442555757
1268.0,0.419376045991342,0.437415938
1269.0,0.42363048228571426,0.432111185
1270.0,0.4293443023593074,0.431051903
1271.0,0.436611660004329,0.434935052
1272.0,0.44387901764935067,0.442426598
1273.0,0.4511463752943723,0.452443589
1274.0,0.45674203160606064,0.464409305
1275.0,0.4620988734415584,0.477303425
1276.0,0.46745571527705626,0.490221917
1277.0,0.47319601102597403,0.502527401
1278.0,0.4799964440649351,0.513806867
1279.0,0.48679687710389613,0.523911095
1280.0,0.4935973101428571,0.532416608
1281.0,0.4996224602727273,0.539070587
1282.0,0.5052415098311689,0.543775058
1283.0,0.5108605593896104,0.546826616
1284.0,0.5163731727662337,0.549256805
1285.0,0.5197215837792208,0.552088718
1286.0,0.5230699947922078,0.555968978
1287.0,0.5264184058051948,0.560733011
1288.0,0.5286084581515151,0.56577734
1289.0,0.5293091922121212,0.570528404
1290.0,0.5300099262727272,0.574429157
1291.0,0.5307106603333334,0.576777005
1292.0,0.5314462121818182,0.576363446
1293.0,0.5321889903636363,0.571594697
1294.0,0.5329317685454545,0.561969359
1295.0,0.5332540794545454,0.549370538
1296.0,0.5320747215324675,0.537330635
1297.0,0.5308953636103896,0.528995699
1298.0,0.5297160056883117,0.524824136
1299.0,0.5301224721818182,0.522165041
1300.0,0.5315454927878788,0.519182333
1301.0,0.5329685133939394,0.518054318
1302.0,0.534391534,0.522691181
1303.0,0.5387159574805195,0.533329433
1304.0,0.543040380961039,0.545367248
1305.0,0.5473648044415584,0.554686658
1306.0,0.5524002681818182,0.561539555
1307.0,0.5585449547272727,0.568629773
1308.0,0.5646896412727272,0.577564442
1309.0,0.5708343278181818,0.587603411
1310.0,0.5761552535411255,0.597507029
1311.0,0.5812455262337662,0.606742091
1312.0,0.586335798926407,0.614663594
1313.0,0.5915994792857143,0.620208395
1314.0,0.5976986693116884,0.623363579
1315.0,0.6037978593376624,0.625109309
1316.0,0.6098970493636363,0.625506596
1317.0,0.6150132589220779,0.623471453
1318.0,0.619364928116883,0.618123311
1319.0,0.6237165973116883,0.610510895
1320.0,0.6280682665064935,0.604396862
1321.0,0.63425246495671,0.604728584
1322.0,0.6405267877965368,0.613387637
1323.0,0.6468011106363637,0.628234334
1324.0,0.6525842231904762,0.645230987
1325.0,0.6574295706536797,0.66167117
1326.0,0.6622749181168831,0.675917
1327.0,0.6671202655800865,0.687917816
1328.0,0.6728218228268398,0.6974693
1329.0,0.678833072974026,0.703879847
1330.0,0.6848443231212121,0.707336126
1331.0,0.6907995298051948,0.708696917
1332.0,0.6963624322467532,0.709375058
1333.0,0.7019253346883116,0.710957033
1334.0,0.7074882371298702,0.714426227
1335.0,0.7132667772857143,0.719611271
1336.0,0.7192478862034632,0.72590111
1337.0,0.7252289951212121,0.732794597
1338.0,0.731210104038961,0.739761533
1339.0,0.7365108937965368,0.746509112
1340.0,0.7417413057099567,0.753047693
1341.0,0.7469717176233766,0.759102497
1342.0,0.752045535978355,0.764741348
1343.0,0.7567484748528138,0.770096753
1344.0,0.7614514137272728,0.774589544
1345.0,0.7661543526017316,0.778394294
1346.0,0.7703912990952382,0.781488269
1347.0,0.7744164308701299,0.783881666
1348.0,0.7784415626450216,0.785833793
1349.0,0.7822986806753246,0.787583798
1350.0,0.7841732365194805,0.789508754
1351.0,0.7860477923636363,0.791845766
1352.0,0.7879223482077922,0.794667086
1353.0,0.7901507101558441,0.797877971
1354.0,0.7927800523549783,0.801206441
1355.0,0.7954093945541125,0.804302963
1356.0,0.7980387367532468,0.807062336
1357.0,0.8024310932380952,0.809413955
1358.0,0.807111942969697,0.811401407
1359.0,0.8117927927012988,0.813141629
1360.0,0.8160025396103897,0.815329808
1361.0,0.8187989780519481,0.818130086
1362.0,0.8215954164935065,0.821469437
1363.0,0.824391854935065,0.824912999
1364.0,0.8265725438398268,0.828533294
1365.0,0.8284078122727273,0.832363667
1366.0,0.8302430807056277,0.835846181
1367.0,0.832117678073593,0.838936115
1368.0,0.8352114724285714,0.841950881
1369.0,0.8383052667835498,0.844623098
1370.0,0.8413990611385281,0.846623429
1371.0,0.843107285038961,0.847913219
1372.0,0.8429167642424242,0.848561597
1373.0,0.8427262434458874,0.848533481
1374.0,0.8425357226493507,0.848134934
1375.0,0.8433225107878788,0.847441106
1376.0,0.8443348317575757,0.846958526
1377.0,0.8453471527272727,0.847099385
1378.0,0.8465522867142857,0.847901555
1379.0,0.848513841,0.849422186
1380.0,0.8504753952857144,0.851589719
1381.0,0.8524369495714286,0.853891523
1382.0,0.8542311502121213,0.856472498
1383.0,0.8559108457272727,0.858804452
1384.0,0.8575905412424243,0.860851052
1385.0,0.8592702367575757,0.862661159
1386.0,0.8611687912727273,0.864104588
1387.0,0.8630708197402597,0.865102373
1388.0,0.8649728482077922,0.865836476
1389.0,0.8665498074805195,0.866322584
1390.0,0.8675849847619047,0.866747852
1391.0,0.8686201620432901,0.867238181
1392.0,0.8696553393246753,0.867706676
1393.0,0.8724116193333333,0.868322996
1394.0,0.8756947675238096,0.869155991
1395.0,0.8789779157142857,0.87076196
1396.0,0.8819831981904762,0.872897543
1397.0,0.8834880058095238,0.874851191
1398.0,0.8849928134285715,0.876841334
1399.0,0.8864976210476191,0.878949476
1400.0,0.888039737909091,0.881194319
1401.0,0.8896127681428572,0.883266974
1402.0,0.8911857983766234,0.884798675
1403.0,0.8927588286103896,0.88599887
1404.0,0.8949107055974026,0.887346683
1405.0,0.8971011723679654,0.888583715
1406.0,0.8992916391385282,0.889771724
1407.0,0.9012693367272727,0.891212849
1408.0,0.9028113640865801,0.892731293
1409.0,0.9043533914458874,0.894491756
1410.0,0.9058954188051949,0.896429321
1411.0,0.9069246815757576,0.898560062
1412.0,0.9077532973333333,0.900839195
1413.0,0.9085819130909091,0.903118931
1414.0,0.9094029415151516,0.905456132
1415.0,0.9101621873679654,0.907791605
1416.0,0.9109214332207792,0.909690515
1417.0,0.9116806790735931,0.911529773
1418.0,0.9120908336017316,0.912960566
1419.0,0.9121518968051948,0.913842917
1420.0,0.912212960008658,0.9143756
1421.0,0.9122740232121213,0.914426531
1422.0,0.9111579675714285,0.914044652
1423.0,0.9098973534761905,0.913680809
1424.0,0.9086367393809524,0.913001165
1425.0,0.9075547221428572,0.912235076
1426.0,0.9069291190952381,0.911260394
1427.0,0.906303516047619,0.910413638
1428.0,0.905677913,0.909369719
1429.0,0.9041774647142857,0.908562959
1430.0,0.9022497664285715,0.907929458
1431.0,0.9003220681428571,0.90735551
1432.0,0.8984336788614719,0.906656111
1433.0,0.8971349246450216,0.906052787
1434.0,0.8958361704285713,0.90534905
1435.0,0.8945374162121211,0.904198607
1436.0,0.89204193004329,0.90317357
1437.0,0.8881021122077922,0.901929842
1438.0,0.8841622943722943,0.900695582
1439.0,0.8802224765367965,0.899410913
1440.0,0.876238121090909,0.897810839
1441.0,0.8722455179393939,0.896012891
1442.0,0.8682529147878788,0.893652623
1443.0,0.8637885912467532,0.890812547
1444.0,0.8577833144329005,0.887782022
1445.0,0.8517780376190476,0.884537945
1446.0,0.8457727608051948,0.881184104
1447.0,0.8390181787099568,0.877925825
1448.0,0.8318140134458875,0.874521935
1449.0,0.8246098481818182,0.870517385
1450.0,0.8173880374632034,0.865242413
1451.0,0.8090545631082251,0.858171977
1452.0,0.8007210887532467,0.848167775
1453.0,0.7923876143982683,0.832904324
1454.0,0.7849758748225107,0.808363187
1455.0,0.778911286077922,0.779149853
1456.0,0.7728466973333333,0.759710159
1457.0,0.7667821085887445,0.760246586
1458.0,0.762642734077922,0.772121465
1459.0,0.7589941004502164,0.774989126
1460.0,0.7553454668225108,0.758311424
1461.0,0.7519495170389611,0.733869098
1462.0,0.7496485305800866,0.722234195
1463.0,0.7473475441212122,0.728042651
1464.0,0.7450465576623376,0.742675832
1465.0,0.7436962717878788,0.758535524
1466.0,0.7430397403939394,0.771072866
1467.0,0.742383209,0.773313281
1468.0,0.7417266776060606,0.760023719
1469.0,0.7420331685930736,0.736429832
1470.0,0.7423707248181818,0.71457659
1471.0,0.74270828104329,0.701263655
1472.0,0.7442133262294373,0.700023131
1473.0,0.7477995473896104,0.707708537
1474.0,0.7513857685497836,0.71659106
1475.0,0.7549719897099567,0.718738433
1476.0,0.759393777,0.710687627
1477.0,0.7640940863333333,0.697952492
1478.0,0.7687943956666667,0.692390294
1479.0,0.7733095553636364,0.699064388
1480.0,0.7766932450606061,0.716249384
1481.0,0.7800769347575758,0.742731038
1482.0,0.7834606244545456,0.772874288
1483.0,0.7857345147056277,0.799882721
1484.0,0.7870291701515152,0.818773505
1485.0,0.7883238255974027,0.829345553
1486.0,0.78961848104329,0.835302527
1487.0,0.7880587267056277,0.837270251
1488.0,0.7862570732337663,0.836084519
1489.0,0.7844554197619047,0.831986864
1490.0,0.7828131462900433,0.82520927
1491.0,0.7815215088181818,0.814769954
1492.0,0.7802298713463204,0.799722656
1493.0,0.7789382338744589,0.779472269
1494.0,0.7781006875064935,0.758718251
1495.0,0.7774548684935065,0.747797921
1496.0,0.7768090494805195,0.753794729
1497.0,0.776223776,0.77293556
1498.0,0.776223776,0.792869516
1499.0,0.776223776,0.804617306
1500.0,0.776223776,0.805647077
1501.0,0.7752853205151515,0.795653018
1502.0,0.7733478640303031,0.778722335
1503.0,0.7714104075454545,0.763198514
1504.0,0.7694729510606061,0.760399757
1505.0,0.7669704031818182,0.773312084
1506.0,0.7643871279610389,0.792530819
1507.0,0.7618038527402597,0.808971011
1508.0,0.758534394965368,0.816990497
1509.0,0.7533678442467533,0.816768809
1510.0,0.7482012935281386,0.809858726
1511.0,0.7430347428095239,0.799209737
1512.0,0.7382920108181819,0.786334697
1513.0,0.7337712791125541,0.771087257
1514.0,0.7292505474069264,0.752326586
1515.0,0.7246389974285714,0.732892076
1516.0,0.7181808092380952,0.720929339
1517.0,0.7117226210476191,0.72323927
1518.0,0.7052644328571429,0.739456082
1519.0,0.6992815552121212,0.759704102
1520.0,0.6939097911255411,0.771706106
1521.0,0.688538027038961,0.773595197
1522.0,0.6831662629523809,0.771877034
1523.0,0.6759951087142857,0.768487877
1524.0,0.6684504961428571,0.75250952
1525.0,0.6609058835714285,0.718971677
1526.0,0.6543052906363637,0.680085755
1527.0,0.6510761964025974,0.65617658
1528.0,0.6478471021688311,0.647452466
1529.0,0.6446180079350649,0.64375496
1530.0,0.6449308265064935,0.636453476
1531.0,0.647514102004329,0.631200113
1532.0,0.6500973775021645,0.625247126
1533.0,0.652680653,0.605946905
1534.0,0.6587032890519481,0.569610098
1535.0,0.664725925103896,0.535502177
1536.0,0.6707485611558441,0.533209103
1537.0,0.6768591993722943,0.565544249
1538.0,0.683107120965368,0.616426613
1539.0,0.6893550425584415,0.665281574
1540.0,0.6956029641515151,0.701683361
1541.0,0.6989283164805195,0.725030612
1542.0,0.7014353494155844,0.732279581
1543.0,0.7039423823506493,0.720163853
1544.0,0.7066316375714286,0.698178806
1545.0,0.710198872896104,0.685748276
1546.0,0.7137661082207792,0.683531846
1547.0,0.7173333435454545,0.678862637
1548.0,0.722032089103896,0.672208784
1549.0,0.7276108981774891,0.688561523
1550.0,0.7331897072510822,0.715189724
1551.0,0.7387685163246753,0.732612824
1552.0,0.7437438471168831,0.725944319
1553.0,0.7486894986493506,0.706067576
1554.0,0.7536351501818181,0.68338538
1555.0,0.7584592715238095,0.668816162
1556.0,0.7630513806839827,0.67549724
1557.0,0.7676434898441559,0.708062741
1558.0,0.772235599004329,0.749520755
1559.0,0.7758832535411255,0.783395531
1560.0,0.7791892968311688,0.803881295
1561.0,0.7824953401212121,0.814675931
1562.0,0.7855628353246753,0.818560007
1563.0,0.7869604939220779,0.817598528
1564.0,0.7883581525194805,0.813557006
1565.0,0.7897558111168831,0.808751573
1566.0,0.7911501938571428,0.805558652
1567.0,0.7925414992770563,0.804881879
1568.0,0.7939328046969697,0.80644625
1569.0,0.7953241101168831,0.808537337
1570.0,0.797279044974026,0.808829027
1571.0,0.7992922863246753,0.805701266
1572.0,0.8013055276753247,0.800762363
1573.0,0.803502153077922,0.795317291
1574.0,0.8061331091298701,0.790743716
1575.0,0.8087640651818182,0.787098698
1576.0,0.8113950212337663,0.784834028
1577.0,0.814371903,0.783616949
1578.0,0.8175060237272727,0.783696419
1579.0,0.8206401444545455,0.787248881
1580.0,0.8236763239047619,0.795324734
1581.0,0.8255567962857143,0.807126767
1582.0,0.8274372686666667,0.820261295
1583.0,0.8293177410476191,0.831015134
1584.0,0.8306105658961039,0.838605041
1585.0,0.8312373902077923,0.843542495
1586.0,0.8318642145194806,0.846442925
1587.0,0.8324910388311688,0.847925189
1588.0,0.831501831952381,0.848715443
1589.0,0.8302481836060607,0.84776282
1590.0,0.8289945352597403,0.845620856
1591.0,0.82774088691342,0.842644232
1592.0,0.8264872385670996,0.8408564
1593.0,0.8252335902207792,0.841216472
1594.0,0.8239799418744589,0.843157214
1595.0,0.8222509785757576,0.844907246
1596.0,0.8202553751818181,0.844724105
1597.0,0.8182597717878788,0.842164451
1598.0,0.8162442076320346,0.837594458
1599.0,0.8136098598571428,0.831772538
1600.0,0.810975512082251,0.826723502
1601.0,0.8083411643073593,0.823850216
1602.0,0.8056476526363636,0.822554036
1603.0,0.8028730645151515,0.820994318
1604.0,0.8000984763939394,0.818011007
1605.0,0.7973238882727273,0.812989718
1606.0,0.7950449213809524,0.806250788
1607.0,0.7928803286190477,0.798444071
1608.0,0.7907157358571428,0.789525386
1609.0,0.7889361025844156,0.779884658
1610.0,0.788666695,0.770618285
1611.0,0.7883972874155845,0.763127333
1612.0,0.7881278798311688,0.75996521
1613.0,0.7882377833116883,0.761842088
1614.0,0.7886072154155844,0.768143933
1615.0,0.7889766475194805,0.775790063
1616.0,0.7893460796233767,0.782623655
1617.0,0.7895858350909091,0.787579397
1618.0,0.7898235321991343,0.790939475
1619.0,0.7900612293073593,0.793369214
1620.0,0.790300181896104,0.795136058
1621.0,0.7905412269523809,0.796403618
1622.0,0.790782272008658,0.797957594
1623.0,0.791023317064935,0.798948323
1624.0,0.789762574060606,0.79928738
1625.0,0.788042100017316,0.798867269
1626.0,0.786321625974026,0.797844149
1627.0,0.7848034546580086,0.796361435
1628.0,0.784377718069264,0.795244409
1629.0,0.7839519814805195,0.79454555
1630.0,0.7835262448917748,0.794482415
1631.0,0.7826534573939393,0.794510819
1632.0,0.7814102562857143,0.794247803
1633.0,0.7801670551774892,0.793221812
1634.0,0.7789238540692641,0.791030123
1635.0,0.7797682147792208,0.78770501
1636.0,0.7807517462770563,0.783380474
1637.0,0.7817352777748918,0.777847688
1638.0,0.7822007085454545,0.771333893
1639.0,0.7816052663982684,0.763971488
1640.0,0.7810098242510822,0.756594233
1641.0,0.7804143821038961,0.74968244
1642.0,0.7820842794545455,0.744611354
1643.0,0.784640614,0.743279957
1644.0,0.7871969485454545,0.747113516
1645.0,0.7897306621818181,0.755804348
1646.0,0.7920801769870129,0.768414149
1647.0,0.7944296917922078,0.782637335
1648.0,0.7967792065974025,0.796072742
1649.0,0.7988161052294372,0.80737262
1650.0,0.8005403876883117,0.816599258
1651.0,0.8022646701471862,0.823788287
1652.0,0.8039889526060606,0.828345752
1653.0,0.7972946530136525,0.831178448
1654.0,0.7978843935273492,0.832707665
1655.0,0.7986874135553997,0.832967153
1656.0,0.7994904335834502,0.832167998
1657.0,0.8002934536115007,0.831066317
1658.0,0.8010964736395513,0.829131344
1659.0,0.8018994936676017,0.826263737
1660.0,0.8007259665217387,0.823026275
1661.0,0.7947279640158948,0.818749475
1662.0,0.788729961510051,0.814008941
1663.0,0.7827319590042072,0.808680743
1664.0,0.7767339564983633,0.803038184
1665.0,0.7707359539925195,0.796956065
1666.0,0.7647379514866757,0.790086752
1667.0,0.7591924693539035,0.782243999
1668.0,0.7539408922057034,0.774410021
1669.0,0.7486893150575034,0.768485591
1670.0,0.7434377379093033,0.765333467
1671.0,0.7381861607611032,0.764301383
1672.0,0.7329345836129032,0.763993709
1673.0,0.7276830064647032,0.762571862
1674.0,0.727272727,0.758833082
1675.0,0.727272727,0.752265629
1676.0,0.727272727,0.742677938
1677.0,0.727272727,0.72924038
1678.0,0.727272727,0.712694654
1679.0,0.727272727,0.693527345
1680.0,0.7273718085091164,0.673282547
1681.0,0.7277889938106592,0.655953902
1682.0,0.728206179112202,0.645680366
1683.0,0.7286233644137448,0.645048917
1684.0,0.7290405497152875,0.65370977
1685.0,0.7294577350168303,0.668245148
1686.0,0.7298749203183731,0.684744614
1687.0,0.7326106973842914,0.701628497
1688.0,0.7372196870056099,0.719475335
1689.0,0.7418286766269284,0.736850789
1690.0,0.7464376662482469,0.752281478
1691.0,0.7510466558695654,0.76482701
1692.0,0.7556556454908839,0.772786997
1693.0,0.7602646351122024,0.777320387
1694.0,0.7671308243539043,0.779197409
1695.0,0.7743380293655919,0.78044768
1696.0,0.7815452343772796,0.782978714
1697.0,0.7887524393889672,0.787685381
1698.0,0.7959596444006549,0.794056742
1699.0,0.8031668494123425,0.801283634
1700.0,0.8096937823001403,0.808442198
1701.0,0.8132113757924264,0.814937516
1702.0,0.8167289692847125,0.821129147
1703.0,0.8202465627769986,0.827190431
1704.0,0.8237641562692847,0.832821641
1705.0,0.8272817497615708,0.837939554
1706.0,0.830799343253857,0.843029225
1707.0,0.83332385257597,0.847650176
1708.0,0.8348552777279101,0.851470928
1709.0,0.8363867028798503,0.854728883
1710.0,0.8379181280317904,0.857403908
1711.0,0.8394495531837306,0.859496975
1712.0,0.8409809783356708,0.860885549
1713.0,0.8425124034876109,0.861887033
1714.0,0.8446163688064515,0.862546733
1715.0,0.8468497589139784,0.863088227
1716.0,0.8490831490215053,0.86389028
1717.0,0.851316539129032,0.864929114
1718.0,0.8535499292365589,0.866221766
1719.0,0.8557833193440858,0.868162139
1720.0,0.8580628055021036,0.870293942
1721.0,0.8606474036133706,0.872449784
1722.0,0.8632320017246377,0.874597202
1723.0,0.8658165998359046,0.876368078
1724.0,0.8684011979471716,0.877980572
1725.0,0.8709857960584386,0.879281126
1726.0,0.8735703941697057,0.880509356
1727.0,0.8744883647858811,0.881367056
1728.0,0.8733434468242168,0.881980379
1729.0,0.8721985288625526,0.882347768
1730.0,0.8710536109008882,0.882461321
1731.0,0.8699086929392239,0.88274735
1732.0,0.8687637749775596,0.882661724
1733.0,0.8676188570158953,0.882363041
1734.0,0.8662333909869098,0.882021887
1735.0,0.8647730001500701,0.88139024
1736.0,0.8633126093132305,0.881051633
1737.0,0.8618522184763908,0.880370738
1738.0,0.8603918276395511,0.879436799
1739.0,0.8589314368027116,0.878342642
1740.0,0.8574644881000467,0.877155524
1741.0,0.8559201565806451,0.875535722
1742.0,0.8543758250612437,0.8735984
1743.0,0.8528314935418421,0.871638596
1744.0,0.8512871620224405,0.869179292
1745.0,0.8497428305030389,0.8663462
1746.0,0.8481984989836373,0.863305172
1747.0,0.846225977935484,0.85977152
1748.0,0.8435941809462367,0.85530032
1749.0,0.8409623839569894,0.849868559
1750.0,0.8383305869677421,0.843447635
1751.0,0.8356987899784949,0.835531298
1752.0,0.8330669929892476,0.826072343
1753.0,0.8304351960000003,0.8153162
1754.0,0.8287648643557738,0.803870963
1755.0,0.8274884370158954,0.793002077
1756.0,0.8262120096760168,0.783850193
1757.0,0.8249355823361384,0.777743819
1758.0,0.8236591549962599,0.776498255
1759.0,0.8223827276563813,0.780450488
1760.0,0.8211854927204302,0.788926886
1761.0,0.8230767615376345,0.799882892
1762.0,0.8249680303548388,0.811506977
1763.0,0.8268592991720431,0.823084982
1764.0,0.8287505679892474,0.833571998
1765.0,0.8306418368064516,0.84254039
1766.0,0.832533105623656,0.849811472
1767.0,0.834892827904161,0.855682712
1768.0,0.8381593729438991,0.860571593
1769.0,0.8414259179836373,0.864529856
1770.0,0.8446924630233754,0.867660371
1771.0,0.8479590080631136,0.870146648
1772.0,0.8512255531028519,0.871993655
1773.0,0.85449209814259,0.87356798
1774.0,0.856473698147265,0.87502733
1775.0,0.8577822317050023,0.875985182
1776.0,0.8590907652627395,0.876331574
1777.0,0.8603992988204768,0.87650783
1778.0,0.861707832378214,0.876814316
1779.0,0.8630163659359513,0.87632783
1780.0,0.8643248994936885,0.875426048
1781.0,0.8649014341397849,0.874813121
1782.0,0.8654567855376344,0.873770282
1783.0,0.8660121369354838,0.872182178
1784.0,0.8665674883333333,0.870414146
1785.0,0.8671228397311828,0.868664105
1786.0,0.8676781911290322,0.86708132
1787.0,0.8682165541397849,0.865933775
1788.0,0.8687128154955587,0.865238237
1789.0,0.8692090768513324,0.865113812
1790.0,0.8697053382071062,0.865671407
1791.0,0.8702015995628799,0.866870315
1792.0,0.8706978609186536,0.868871069
1793.0,0.8711941222744273,0.871234523
1794.0,0.872158427848995,0.873723761
1795.0,0.8734307210701263,0.876159665
1796.0,0.8747030142912576,0.878360678
1797.0,0.8759753075123891,0.880549001
1798.0,0.8772476007335204,0.882877661
1799.0,0.8785198939546518,0.884843648
1800.0,0.8797921871757831,0.886477994
1801.0,0.8806953296535764,0.887986628
1802.0,0.8815658261472651,0.889313381
1803.0,0.8824363226409537,0.890487539
1804.0,0.8833068191346424,0.891426734
1805.0,0.884177315628331,0.892078064
1806.0,0.8850478121220197,0.892505762
1807.0,0.8858864709228612,0.892754117
1808.0,0.8866211265937354,0.892979639
1809.0,0.8873557822646096,0.892977848
1810.0,0.8880904379354838,0.893000285
1811.0,0.8888250936063581,0.893028878
1812.0,0.8895597492772324,0.893069216
1813.0,0.8902944049481065,0.893026358
1814.0,0.8903381757868163,0.892669481
1815.0,0.8898166772173913,0.892495592
1816.0,0.8892951786479664,0.892173761
1817.0,0.8887736800785414,0.892126934
1818.0,0.8882521815091164,0.891964187
1819.0,0.8877306829396915,0.891750077
1820.0,0.8872091843702665,0.892325807
1821.0,0.8866405361014493,0.892250081
1822.0,0.8860645685652174,0.891863612
1823.0,0.8854886010289855,0.891604862
1824.0,0.8849126334927536,0.891352664
1825.0,0.8843366659565217,0.890930618
1826.0,0.8837606984202898,0.890580041
1827.0,0.8832379443249182,0.889857134
1828.0,0.8829555681865358,0.889449821
1829.0,0.8826731920481533,0.888528698
1830.0,0.8823908159097709,0.887455538
1831.0,0.8821084397713884,0.88642016
1832.0,0.8818260636330061,0.885142367
1833.0,0.8815436874946236,0.884217473
1834.0,0.8808749860308555,0.883388285
1835.0,0.8798150998036465,0.882655397
1836.0,0.8787552135764376,0.882015119
1837.0,0.8776953273492286,0.881239607
1838.0,0.8766354411220196,0.879163775
1839.0,0.8755755548948106,0.876292046
1840.0,0.8745156686676018,0.871844327
1841.0,0.8725633281252922,0.864798047
1842.0,0.8704050365871904,0.856076066
1843.0,0.8682467450490885,0.848244437
1844.0,0.8660884535109865,0.842793488
1845.0,0.8639301619728846,0.83882024
1846.0,0.8617718704347828,0.835630442
1847.0,0.8598827116372137,0.832625936
1848.0,0.8598249683179056,0.832955624
1849.0,0.8597672249985975,0.836564327
1850.0,0.8597094816792894,0.842205842
1851.0,0.8596517383599813,0.848676527
1852.0,0.8595939950406732,0.855780875
1853.0,0.8595362517213652,0.864590138
1854.0,0.8597952191874707,0.872894087
1855.0,0.8604511903141655,0.878984882
1856.0,0.8611071614408602,0.882741887
1857.0,0.861763132567555,0.884817557
1858.0,0.8624191036942497,0.885441437
1859.0,0.8630750748209445,0.884796533
1860.0,0.8637310459476392,0.88419644
1861.0,0.8622635818527348,0.883883897
1862.0,0.8601232596834968,0.883951586
1863.0,0.8579829375142589,0.883857968
1864.0,0.8558426153450209,0.882774836
1865.0,0.8537022931757831,0.880527545
1866.0,0.8515619710065451,0.878031233
1867.0,0.8492953867223,0.87172325
1868.0,0.8454715696863019,0.859147262
1869.0,0.8416477526503038,0.844193474
1870.0,0.8378239356143057,0.82836971
1871.0,0.8340001185783076,0.812924864
1872.0,0.8301763015423095,0.801431189
1873.0,0.8263524845063114,0.794898161
1874.0,0.8222983045086489,0.790890353
1875.0,0.8178847582907901,0.788202953
1876.0,0.8134712120729314,0.786919913
1877.0,0.8090576658550725,0.783308645
1878.0,0.8046441196372138,0.777532679
1879.0,0.800230573419355,0.771856901
1880.0,0.7958170272014963,0.769347602
1881.0,0.7941954737840112,0.77024708
1882.0,0.7937351917082749,0.774731312
1883.0,0.7932749096325387,0.778979141
1884.0,0.7928146275568023,0.781714529
1885.0,0.792354345481066,0.78235766
1886.0,0.7918940634053296,0.780828929
1887.0,0.7914631236704066,0.778377995
1888.0,0.792344205746143,0.778011137
1889.0,0.7932252878218793,0.783875762
1890.0,0.7941063698976156,0.79624358
1891.0,0.794987451973352,0.811123982
1892.0,0.7958685340490884,0.823555718
1893.0,0.7967496161248248,0.829659572
1894.0,0.7976312881865358,0.830138759
1895.0,0.798514118368864,0.825210818
1896.0,0.7993969485511923,0.819213713
1897.0,0.8002797787335204,0.813363164
1898.0,0.8011626089158486,0.809276048
1899.0,0.8020454390981768,0.807608159
1900.0,0.802928269280505,0.80939276
1901.0,0.802704888453483,0.814174253
1902.0,0.8018939984301076,0.822996647
1903.0,0.8010831084067321,0.834305597
1904.0,0.8002722183833567,0.845082539
1905.0,0.7994613283599813,0.852135623
1906.0,0.7986504383366059,0.8550989
1907.0,0.7978395483132305,0.851793578
1908.0,0.792760377710145,0.844408745
1909.0,0.7875435206367463,0.835389017
1910.0,0.7823266635633475,0.820424483
1911.0,0.7771098064899487,0.804153302
1912.0,0.77189294941655,0.784415375
1913.0,0.7666760923431511,0.765244691
1914.0,0.7611204781337076,0.747265427
1915.0,0.7547123871753159,0.730446677
1916.0,0.7483042962169242,0.713027825
1917.0,0.7418962052585325,0.693761075
1918.0,0.7354881143001407,0.675664406
1919.0,0.729080023341749,0.664787708
1920.0,0.7226719323833574,0.662517359
1921.0,0.7176504565385697,0.672692759
1922.0,0.7135533907695187,0.687253715
1923.0,0.7094563250004676,0.703650194
1924.0,0.7053592592314165,0.716619914
1925.0,0.7012621934623654,0.718384499
1926.0,0.6971651276933144,0.711813482
1927.0,0.6930680619242633,0.70154261
1928.0,0.6914791069756895,0.690840836
1929.0,0.6901212748672275,0.678318578
1930.0,0.6887634427587657,0.666490382
1931.0,0.6874056106503038,0.661942142
1932.0,0.6860477785418418,0.666608813
1933.0,0.68468994643338,0.672295859
1934.0,0.6839528810897616,0.670522931
1935.0,0.6852794458022441,0.660975623
1936.0,0.6866060105147266,0.651022622
1937.0,0.6879325752272091,0.644435108
1938.0,0.6892591399396915,0.644769845
1939.0,0.690585704652174,0.65593394
1940.0,0.6919122693646564,0.676413287
1941.0,0.6948836856666667,0.699275267
1942.0,0.6992179789999999,0.711663659
1943.0,0.7035522723333333,0.713701421
1944.0,0.7078865656666665,0.716195636
1945.0,0.7122208589999999,0.722084606
1946.0,0.7165551523333331,0.726289703
1947.0,0.7208894456666665,0.721146815
1948.0,0.7273038417096771,0.7109531
1949.0,0.7340498483295929,0.707780114
1950.0,0.7407958549495087,0.721103444
1951.0,0.7475418615694245,0.745818479
1952.0,0.7542878681893403,0.77345153
1953.0,0.7610338748092561,0.796412672
1954.0,0.7674830451486672,0.813493988
1955.0,0.7725626024745206,0.825117065
1956.0,0.7776421598003739,0.833308514
1957.0,0.7827217171262272,0.839648735
1958.0,0.7878012744520805,0.843883154
1959.0,0.7928808317779339,0.847751129
1960.0,0.7979603891037872,0.849821174
1961.0,0.8013177266334737,0.850828562
1962.0,0.8029092438658253,0.850579208
1963.0,0.8045007610981768,0.84962033
1964.0,0.8060922783305284,0.847529837
1965.0,0.80768379556288,0.844446032
1966.0,0.8092753127952316,0.838494404
1967.0,0.8108668300275831,0.828956618
1968.0,0.811230861258532,0.813637007
1969.0,0.8113057934698458,0.79598537
1970.0,0.8113807256811595,0.781176068
1971.0,0.8114556578924731,0.778614776
1972.0,0.8115305901037868,0.787272695
1973.0,0.8116055223151005,0.804712796
1974.0,0.8118694999495091,0.822654881
1975.0,0.813456795545582,0.836676062
1976.0,0.815044091141655,0.845672624
1977.0,0.8166313867377278,0.849979808
1978.0,0.8182186823338008,0.850915178
1979.0,0.8198059779298738,0.850332383
1980.0,0.8213932735259466,0.849588947
1981.0,0.8230386988934081,0.850313276
1982.0,0.8247579202117811,0.851775812
1983.0,0.8264771415301542,0.854738288
1984.0,0.8281963628485272,0.855872225
1985.0,0.8299155841669003,0.857340053
1986.0,0.8316348054852734,0.861439292
1987.0,0.8333540268036463,0.866333123
1988.0,0.833773087,0.870859124
1989.0,0.833773087,0.872677331
1990.0,0.833773087,0.873222416
1991.0,0.833773087,0.871879976
1992.0,0.833773087,0.869361245
1993.0,0.833773087,0.866470265
1994.0,0.8336080113655912,0.864128744
1995.0,0.8313113068868628,0.862028432
1996.0,0.8290146024081344,0.859215176
1997.0,0.8267178979294061,0.856407248
1998.0,0.8244211934506778,0.852857441
1999.0,0.8221244889719493,0.848565791
2000.0,0.819827784493221,0.838892798
2001.0,0.8175357517246375,
2002.0,0.8152511032720897,
2003.0,0.8129664548195418,
2004.0,0.8106818063669938,
2005.0,0.808397157914446,
2006.0,0.806112509461898,
2007.0,0.8038278610093501,
2008.0,0.802045256035063,
2009.0,0.8004746249738195,
2010.0,0.7989039939125759,
2011.0,0.7973333628513324,
2012.0,0.7957627317900888,
2013.0,0.7941921007288453,
2014.0,0.792652441575035,
2015.0,0.7927336455769051,
2016.0,0.7928148495787751,
2017.0,0.7928960535806451,
2018.0,0.7929772575825151,
2019.0,0.7930584615843852,
2020.0,0.7931396655862553,
2021.0,0.7936125558690976,
2022.0,0.7948651580944366,
2023.0,0.7961177603197755,
2024.0,0.7973703625451145,
2025.0,0.7986229647704535,
2026.0,0.7998755669957925,
2027.0,0.8011281692211315,
2028.0,0.8025821591079946,
2029.0,0.804144588504909,
2030.0,0.8057070179018234,
2031.0,0.8072694472987378,
2032.0,0.8088318766956523,
2033.0,0.8103943060925667,
2034.0,0.8119567354894811,
2035.0,0.8124573633113604,
2036.0,0.812920192371669,
2037.0,0.8133830214319776,
2038.0,0.8138458504922861,
2039.0,0.8143086795525947,
2040.0,0.8147715086129033,
2041.0,0.8154134295946704,
2042.0,0.8165130299312763,
2043.0,0.8176126302678821,
2044.0,0.8187122306044881,
2045.0,0.8198118309410939,
2046.0,0.8209114312776998,
2047.0,0.8220110316143057,
2048.0,0.8228803141678354,
2049.0,0.8235940417788685,
2050.0,0.8243077693899017,
2051.0,0.825021497000935,
2052.0,0.8257352246119681,
2053.0,0.8264489522230013,
2054.0,0.8271626798340345,
2055.0,0.827460237687237,
2056.0,0.8277178888513324,
2057.0,0.8279755400154277,
2058.0,0.8282331911795231,
2059.0,0.8284908423436185,
2060.0,0.828748493507714,
2061.0,0.8289319651023843,
2062.0,0.8288644455511922,
2063.0,0.828796926,
2064.0,0.8287294064488079,
2065.0,0.8286618868976158,
2066.0,0.8285943673464236,
2067.0,0.8285268477952314,
2068.0,0.8284591339887799,
2069.0,0.8283912571865358,
2070.0,0.8283233803842918,
2071.0,0.8282555035820477,
2072.0,0.8281876267798036,
2073.0,0.8281197499775597,
2074.0,0.8280518731753156,
2075.0,0.8283247074880785,
2076.0,0.8286532945287518,
2077.0,0.828981881569425,
2078.0,0.8293104686100982,
2079.0,0.8296390556507715,
2080.0,0.8299676426914446,
2081.0,0.8304244670355309,
2082.0,0.8314858386671343,
2083.0,0.8325472102987378,
2084.0,0.8336085819303414,
2085.0,0.8346699535619448,
2086.0,0.8357313251935483,
2087.0,0.8367926968251519,
2088.0,0.8388155149509114,
2089.0,0.8418365227489479,
2090.0,0.8448575305469845,
2091.0,0.847878538345021,
2092.0,0.8508995461430576,
2093.0,0.8539205539410942,
2094.0,0.8569415617391307,
2095.0,0.8594723192398319,
2096.0,0.8618852646535765,
2097.0,0.8642982100673211,
2098.0,0.8667111554810658,
2099.0,0.8691241008948104,
2100.0,0.871537046308555,
2101.0,0.8737912957265075,
2102.0,0.8749021201491349,
2103.0,0.8760129445717624,
2104.0,0.8771237689943898,
2105.0,0.8782345934170173,
2106.0,0.8793454178396447,
2107.0,0.8804562422622721,
2108.0,0.8815921109766246,
2109.0,0.8827601794946237,
2110.0,0.8839282480126228,
2111.0,0.8850963165306219,
2112.0,0.8862643850486209,
2113.0,0.88743245356662,
2114.0,0.8886005220846191,
2115.0,0.8897733715063115,
2116.0,0.8909477881122021,
2117.0,0.8921222047180927,
2118.0,0.8932966213239832,
2119.0,0.8944710379298738,
2120.0,0.8956454545357644,
2121.0,0.8967950277213651,
2122.0,0.897608085486676,
2123.0,0.898421143251987,
2124.0,0.8992342010172979,
2125.0,0.9000472587826087,
2126.0,0.9008603165479196,
2127.0,0.9016733743132306,
2128.0,0.9026286410098178,
2129.0,0.9038116732304816,
2130.0,0.9049947054511454,
2131.0,0.9061777376718092,
2132.0,0.907360769892473,
2133.0,0.9085438021131368,
2134.0,0.9097268343338006,
2135.0,0.9106524351566151,
2136.0,0.911467708237494,
2137.0,0.9122829813183729,
2138.0,0.9130982543992519,
2139.0,0.9139135274801308,
2140.0,0.9147288005610097,
2141.0,0.9155377043221131,
2142.0,0.9159453409373539,
2143.0,0.9163529775525947,
2144.0,0.9167606141678355,
2145.0,0.9171682507830763,
2146.0,0.9175758873983171,
2147.0,0.9179835240135579,
2148.0,0.9182450629943899,
2149.0,0.9182116501472651,
2150.0,0.9181782373001403,
2151.0,0.9181448244530155,
2152.0,0.9181114116058906,
2153.0,0.9180779987587658,
2154.0,0.918044585911641,
2155.0,0.9190715937096773,
2156.0,0.9206774784782608,
2157.0,0.9222833632468442,
2158.0,0.9238892480154278,
2159.0,0.9254951327840113,
2160.0,0.9271010175525948,
2161.0,0.9287069023211783,
2162.0,0.9287389445278167,
2163.0,0.9287096681930809,
2164.0,0.9286803918583451,
2165.0,0.9286511155236091,
2166.0,0.9286218391888733,
2167.0,0.9285925628541375,
2168.0,0.9288998285563346,
2169.0,0.9300805910060774,
2170.0,0.9312613534558204,
2171.0,0.9324421159055633,
2172.0,0.9336228783553061,
2173.0,0.9348036408050491,
2174.0,0.9359844032547919,
2175.0,0.936464088,
2176.0,0.936464088,
2177.0,0.936464088,
2178.0,0.936464088,
2179.0,0.936464088,
2180.0,0.936464088,
2181.0,0.936464088,
2182.0,0.9367708113870968,
2183.0,0.9371081017096775,
2184.0,0.9374453920322581,
2185.0,0.9377826823548387,
2186.0,0.9381199726774193,
2187.0,0.938457263,
2188.0,0.9387129010813464,
2189.0,0.9386872925539972,
2190.0,0.938661684026648,
2191.0,0.9386360754992987,
2192.0,0.9386104669719495,
2193.0,0.9385848584446003,
2194.0,0.938559249917251,
2195.0,0.9385054842043011,
2196.0,0.9384277930215054,
2197.0,0.9383501018387097,
2198.0,0.9382724106559139,
2199.0,0.9381947194731183,
2200.0,0.9381170282903226,
2201.0,0.9380393371075268,
2202.0,0.9383460738172043,
2203.0,0.938717349516129,
2204.0,0.9390886252150538,
2205.0,0.9394599009139785,
2206.0,0.9398311766129033,
2207.0,0.940202452311828,
2208.0,0.9404233380060776,
2209.0,0.9399196173141655,
2210.0,0.9394158966222533,
2211.0,0.9389121759303413,
2212.0,0.9384084552384291,
2213.0,0.937904734546517,
2214.0,0.9374010138546048,
2215.0,0.9375235768597476,
2216.0,0.9383045406746144,
2217.0,0.9390855044894811,
2218.0,0.9398664683043478,
2219.0,0.9406474321192145,
2220.0,0.9414283959340813,
2221.0,0.942209359748948,
2222.0,0.9419958442215989,
2223.0,0.9415385458204769,
2224.0,0.9410812474193548,
2225.0,0.9406239490182328,
2226.0,0.9401666506171108,
2227.0,0.9397093522159887,
2228.0,0.9393000891547452,
2229.0,0.9392472988789153,
2230.0,0.9391945086030855,
2231.0,0.9391417183272557,
2232.0,0.9390889280514259,
2233.0,0.939036137775596,
2234.0,0.9389833474997663,
2235.0,0.9385630089920525,
2236.0,0.9376640645133241,
2237.0,0.9367651200345957,
2238.0,0.9358661755558673,
2239.0,0.9349672310771389,
2240.0,0.9340682865984105,
2241.0,0.933169342119682,
2242.0,0.933250682746143,
2243.0,0.9336587850743338,
2244.0,0.9340668874025245,
2245.0,0.9344749897307153,
2246.0,0.9348830920589061,
2247.0,0.9352911943870968,
2248.0,0.9356379654053295,
2249.0,0.9351114953913043,
2250.0,0.934585025377279,
2251.0,0.9340585553632539,
2252.0,0.9335320853492286,
2253.0,0.9330056153352034,
2254.0,0.9324791453211781,
2255.0,0.9316357065310894,
2256.0,0.9302778430060777,
2257.0,0.928919979481066,
2258.0,0.9275621159560542,
2259.0,0.9262042524310425,
2260.0,0.9248463889060308,
2261.0,0.923488525381019,
2262.0,0.923339468229079,
2263.0,0.9237162147461431,
2264.0,0.9240929612632071,
2265.0,0.9244697077802712,
2266.0,0.9248464542973351,
2267.0,0.9252232008143992,
2268.0,0.9255841068527351,
2269.0,0.9246936150715289,
2270.0,0.9238031232903227,
2271.0,0.9229126315091165,
2272.0,0.9220221397279104,
2273.0,0.9211316479467041,
2274.0,0.920241156165498,
2275.0,0.9193124950925666,
2276.0,0.9183056778508649,
2277.0,0.9172988606091631,
2278.0,0.9162920433674614,
2279.0,0.9152852261257596,
2280.0,0.9142784088840579,
2281.0,0.913271591642356,
2282.0,0.9128876506970547,
2283.0,0.9128484082847125,
2284.0,0.9128091658723703,
2285.0,0.912769923460028,
2286.0,0.9127306810476858,
2287.0,0.9126914386353436,
2288.0,0.9126521962230014,
2289.0,0.9117047727470782,
2290.0,0.9107188920925667,
2291.0,0.9097330114380552,
2292.0,0.9087471307835437,
2293.0,0.9077612501290323,
2294.0,0.9067753694745208,
2295.0,0.9060131859308088,
2296.0,0.905840749315568,
2297.0,0.9056683127003273,
2298.0,0.9054958760850865,
2299.0,0.9053234394698457,
2300.0,0.9051510028546049,
2301.0,0.9049785662393642,
2302.0,0.9048299356718092,
2303.0,0.9046978055923328,
2304.0,0.9045656755128565,
2305.0,0.9044335454333801,
2306.0,0.9043014153539036,
2307.0,0.9041692852744273,
2308.0,0.9040371551949509,
2309.0,0.9035633100757363,
2310.0,0.9030541151248247,
2311.0,0.902544920173913,
2312.0,0.9020357252230014,
2313.0,0.9015265302720897,
2314.0,0.901017335321178,
2315.0,0.9004643781477325,
2316.0,0.8997579450107526,
2317.0,0.8990515118737727,
2318.0,0.8983450787367929,
2319.0,0.897638645599813,
2320.0,0.8969322124628332,
2321.0,0.8962257793258532,
2322.0,0.895562989882188,
2323.0,0.8949377543141656,
2324.0,0.894312518746143,
2325.0,0.8936872831781206,
2326.0,0.8930620476100981,
2327.0,0.8924368120420757,
2328.0,0.8918115764740532,
2329.0,0.8911760502482468,
2330.0,0.890538752370734,
2331.0,0.8899014544932211,
2332.0,0.8892641566157083,
2333.0,0.8886268587381955,
2334.0,0.8879895608606827,
2335.0,0.8874133833590464,
2336.0,0.8871382803015428,
2337.0,0.8868631772440393,
2338.0,0.8865880741865358,
2339.0,0.8863129711290323,
2340.0,0.8860378680715287,
2341.0,0.8857627650140252,
2342.0,0.8854551481884058,
2343.0,0.8851129199322113,
2344.0,0.8847706916760169,
2345.0,0.8844284634198223,
2346.0,0.8840862351636278,
2347.0,0.8837440069074334,
2348.0,0.8834017786512389,
2349.0,0.8830966735067789,
2350.0,0.8828008491402525,
2351.0,0.882505024773726,
2352.0,0.8822092004071996,
2353.0,0.8819133760406732,
2354.0,0.8816175516741468,
2355.0,0.8812987255371669,
2356.0,0.8808039669396914,
2357.0,0.8803092083422159,
2358.0,0.8798144497447405,
2359.0,0.879319691147265,
2360.0,0.8788249325497896,
2361.0,0.878330173952314,
2362.0,0.8782856606451613,
2363.0,0.8788349490977092,
2364.0,0.8793842375502571,
2365.0,0.879933526002805,
2366.0,0.8804828144553529,
2367.0,0.8810321029079008,
2368.0,0.8815813913604487,
2369.0,0.8812291324824686,
2370.0,0.8805713282748949,
2371.0,0.8799135240673213,
2372.0,0.8792557198597476,
2373.0,0.8785979156521739,
2374.0,0.8779401114446003,
2375.0,0.8773152335203366,
2376.0,0.8771842498457223,
2377.0,0.8770532661711079,
2378.0,0.8769222824964936,
2379.0,0.8767912988218793,
2380.0,0.8766603151472651,
2381.0,0.8765293314726507,
2382.0,0.8759097743487608,
2383.0,0.8744866956016828,
2384.0,0.8730636168546048,
2385.0,0.8716405381075268,
2386.0,0.8702174593604488,
2387.0,0.8687943806133708,
2388.0,0.8673713018662927,
2389.0,0.8662944976605891,
2390.0,0.8653705533875643,
2391.0,0.8644466091145395,
2392.0,0.8635226648415146,
2393.0,0.8625987205684899,
2394.0,0.8616747762954651,
2395.0,0.8607661017952314,
2396.0,0.8614709332865825,
2397.0,0.8621757647779336,
2398.0,0.8628805962692846,
2399.0,0.8635854277606357,
2400.0,0.8642902592519868,
2401.0,0.8649950907433378,
2402.0,0.8651337020383358,
2403.0,0.8640963175409071,
2404.0,0.8630589330434784,
2405.0,0.8620215485460496,
2406.0,0.8609841640486209,
2407.0,0.8599467795511921,
2408.0,0.8589093950537634,
2409.0,0.8590726949812997,
2410.0,0.8599095495862553,
2411.0,0.8607464041912108,
2412.0,0.8615832587961665,
2413.0,0.8624201134011221,
2414.0,0.8632569680060778,
2415.0,0.8640938226110333,
2416.0,0.8620227909747542,
2417.0,0.8598187187914911,
2418.0,0.8576146466082281,
2419.0,0.8554105744249649,
2420.0,0.8532065022417018,
2421.0,0.8510024300584387,
2422.0,0.8505841837321175,
2423.0,0.8549486664249647,
2424.0,0.859313149117812,
2425.0,0.8636776318106592,
2426.0,0.8680421145035064,
2427.0,0.8724065971963536,
2428.0,0.8767710798892009,
2429.0,0.877096361927536,
2430.0,0.874585609463768,
2431.0,0.872074857,
2432.0,0.869564104536232,
2433.0,0.8670533520724639,
2434.0,0.864542599608696,
2435.0,0.862031847144928,
2436.0,0.8594743989555871,
2437.0,0.8569119418821882,
2438.0,0.8543494848087894,
2439.0,0.8517870277353906,
2440.0,0.8492245706619918,
2441.0,0.8466621135885929,
2442.0,0.844101437997195,
2443.0,0.8415471248415146,
2444.0,0.8389928116858344,
2445.0,0.8364384985301541,
2446.0,0.8338841853744737,
2447.0,0.8313298722187934,
2448.0,0.8287755590631132,
2449.0,0.8293232968695657,
2450.0,0.8325739913623192,
2451.0,0.8358246858550727,
2452.0,0.8390753803478261,
2453.0,0.8423260748405796,
2454.0,0.8455767693333331,
2455.0,0.8488274638260866,
2456.0,0.8434293942833104,
2457.0,0.8365050722636749,
2458.0,0.8295807502440393,
2459.0,0.8226564282244039,
2460.0,0.8157321062047683,
2461.0,0.8088077841851328,
2462.0,0.8038562341122024,
2463.0,0.8088429879971951,
2464.0,0.8138297418821879,
2465.0,0.8188164957671807,
2466.0,0.8238032496521734,
2467.0,0.8287900035371663,
2468.0,0.8337767574221591,
2469.0,0.8361454655175315,
2470.0,0.8356921242552595,
2471.0,0.8352387829929874,
2472.0,0.8347854417307153,
2473.0,0.8343321004684432,
2474.0,0.8338787592061712,
2475.0,0.833425417943899,
2476.0,0.833333333,
2477.0,0.833333333,
2478.0,0.833333333,
2479.0,0.833333333,
2480.0,0.833333333,
2481.0,0.833333333,
2482.0,0.8328658248316964,
2483.0,0.8287101966690036,
2484.0,0.8245545685063109,
2485.0,0.8203989403436183,
2486.0,0.8162433121809256,
2487.0,0.812087684018233,
2488.0,0.8079320558555402,
2489.0,0.8091751619700788,
2490.0,0.8176297160607756,
2491.0,0.8260842701514725,
2492.0,0.8345388242421693,
2493.0,0.8429933783328661,
2494.0,0.8514479324235629,
2495.0,0.8599024865142597,
2496.0,0.8560186412669467,
2497.0,0.8478837508695651,
2498.0,0.8397488604721834,
2499.0,0.8316139700748019,
2500.0,0.8234790796774202,
2501.0,0.8153441892800386,
2502.0,0.8075499577526887,
2503.0,0.8051524799032262,
2504.0,0.8027550020537637,
2505.0,0.8003575242043013,
2506.0,0.7979600463548389,
2507.0,0.7955625685053764,
2508.0,0.793165090655914,
2509.0,0.7921341751626928,
2510.0,0.7933808635965405,
2511.0,0.7946275520303882,
2512.0,0.7958742404642357,
2513.0,0.7971209288980834,
2514.0,0.7983676173319311,
2515.0,0.7996143057657786,
2516.0,,
2517.0,,
2518.0,,
2519.0,,
2520.0,,
2521.0,,
2522.0,,
2523.0,,
2524.0,,
2525.0,,
2526.0,,
2527.0,,
2528.0,,
2529.0,,
2530.0,,
2531.0,,
2532.0,,
2533.0,,
2534.0,,
2535.0,,
2536.0,,
2537.0,,
2538.0,,
2539.0,,
2540.0,,
2541.0,,
2542.0,,
2543.0,,
2544.0,,
2545.0,,
2546.0,,
2547.0,,
2548.0,,
2549.0,,
2550.0,,
2551.0,,
2552.0,,
2553.0,,
2554.0,,
2555.0,,
2556.0,,
2557.0,,
2558.0,,
2559.0,,
2560.0,,
2561.0,,
2562.0,,
2563.0,,
2564.0,,
2565.0,,
2566.0,,
2567.0,,
2568.0,,
2569.0,,
2570.0,,
2571.0,,
2572.0,,
2573.0,,
2574.0,,
2575.0,,
2576.0,,
2577.0,,
2578.0,,
2579.0,,
2580.0,,
2581.0,,
2582.0,,
2583.0,,
2584.0,,
2585.0,,
2586.0,,
2587.0,,
2588.0,,
2589.0,,
2590.0,,
2591.0,,
2592.0,,
2593.0,,
2594.0,,
2595.0,,
2596.0,,
2597.0,,
2598.0,,
2599.0,,
2600.0,,
2601.0,,
2602.0,,
2603.0,,
2604.0,,
2605.0,,
2606.0,,
2607.0,,
2608.0,,
2609.0,,
2610.0,,
2611.0,,
2612.0,,
2613.0,,
2614.0,,
2615.0,,
2616.0,,
2617.0,,
2618.0,,
2619.0,,
2620.0,,
2621.0,,
2622.0,,
2623.0,,
2624.0,,
2625.0,,
2626.0,,
2627.0,,
2628.0,,
2629.0,,
2630.0,,
2631.0,,
2632.0,,
2633.0,,
2634.0,,
2635.0,,
2636.0,,
2637.0,,
2638.0,,
2639.0,,
2640.0,,
2641.0,,
2642.0,,
2643.0,,
2644.0,,
2645.0,,
2646.0,,
2647.0,,
2648.0,,
2649.0,,
2650.0,,
2651.0,,
2652.0,,
2653.0,,
2654.0,,
2655.0,,
2656.0,,
2657.0,,
2658.0,,
2659.0,,
2660.0,,
2661.0,,
2662.0,,
2663.0,,
2664.0,,
2665.0,,
2666.0,,
2667.0,,
2668.0,,
2669.0,,
2670.0,,
2671.0,,
2672.0,,
2673.0,,
2674.0,,
2675.0,,
2676.0,,
2677.0,,
2678.0,,
2679.0,,
2680.0,,
2681.0,,
2682.0,,
2683.0,,
2684.0,,
2685.0,,
2686.0,,
2687.0,,
2688.0,,
2689.0,,
2690.0,,
2691.0,,
2692.0,,
2693.0,,
2694.0,,
2695.0,,
2696.0,,
2697.0,,
2698.0,,
2699.0,,
2700.0,,
2701.0,,
2702.0,,
2703.0,,
2704.0,,
2705.0,,
2706.0,,
2707.0,,
2708.0,,
2709.0,,
2710.0,,
2711.0,,
2712.0,,
2713.0,,
2714.0,,
2715.0,,
2716.0,,
2717.0,,
2718.0,,
2719.0,,
2720.0,,
2721.0,,
2722.0,,
2723.0,,
2724.0,,
2725.0,,
2726.0,,
2727.0,,
2728.0,,
2729.0,,
2730.0,,
2731.0,,
2732.0,,
2733.0,,
2734.0,,
2735.0,,
2736.0,,
2737.0,,
2738.0,,
2739.0,,
2740.0,,
2741.0,,
2742.0,,
2743.0,,
2744.0,,
2745.0,,
2746.0,,
2747.0,,
2748.0,,
2749.0,,
2750.0,,
2751.0,,
2752.0,,
2753.0,,
2754.0,,
2755.0,,
2756.0,,
2757.0,,
2758.0,,
2759.0,,
2760.0,,
2761.0,,
2762.0,,
2763.0,,
2764.0,,
2765.0,,
2766.0,,
2767.0,,
2768.0,,
2769.0,,
2770.0,,
2771.0,,
2772.0,,
2773.0,,
2774.0,,
2775.0,,
2776.0,,
2777.0,,
2778.0,,
2779.0,,
2780.0,,
2781.0,,
2782.0,,
2783.0,,
2784.0,,
2785.0,,
2786.0,,
2787.0,,
2788.0,,
2789.0,,
2790.0,,
2791.0,,
2792.0,,
2793.0,,
2794.0,,
2795.0,,
2796.0,,
2797.0,,
2798.0,,
2799.0,,
2800.0,,
2801.0,,
2802.0,,
2803.0,,
2804.0,,
2805.0,,
2806.0,,
2807.0,,
2808.0,,
2809.0,,
2810.0,,
2811.0,,
2812.0,,
2813.0,,
2814.0,,
2815.0,,
2816.0,,
2817.0,,
2818.0,,
2819.0,,
2820.0,,
2821.0,,
2822.0,,
2823.0,,
2824.0,,
2825.0,,
2826.0,,
2827.0,,
2828.0,,
2829.0,,
2830.0,,
2831.0,,
2832.0,,
2833.0,,
2834.0,,
2835.0,,
2836.0,,
2837.0,,
2838.0,,
2839.0,,
2840.0,,
2841.0,,
2842.0,,
2843.0,,
2844.0,,
2845.0,,
2846.0,,
2847.0,,
2848.0,,
2849.0,,
2850.0,,
2851.0,,
2852.0,,
2853.0,,
2854.0,,
2855.0,,
2856.0,,
2857.0,,
2858.0,,
2859.0,,
2860.0,,
2861.0,,
2862.0,,
2863.0,,
2864.0,,
2865.0,,
2866.0,,
2867.0,,
2868.0,,
2869.0,,
2870.0,,
2871.0,,
2872.0,,
2873.0,,
2874.0,,
2875.0,,
2876.0,,
2877.0,,
2878.0,,
2879.0,,
2880.0,,
2881.0,,
2882.0,,
2883.0,,
2884.0,,
2885.0,,
2886.0,,
2887.0,,
2888.0,,
2889.0,,
2890.0,,
2891.0,,
2892.0,,
2893.0,,
2894.0,,
2895.0,,
2896.0,,
2897.0,,
2898.0,,
2899.0,,
2900.0,,
2901.0,,
2902.0,,
2903.0,,
2904.0,,
2905.0,,
2906.0,,
2907.0,,
2908.0,,
2909.0,,
2910.0,,
2911.0,,
2912.0,,
2913.0,,
2914.0,,
2915.0,,
2916.0,,
2917.0,,
2918.0,,
2919.0,,
2920.0,,
2921.0,,
2922.0,,
2923.0,,
2924.0,,
2925.0,,
2926.0,,
2927.0,,
2928.0,,
2929.0,,
2930.0,,
2931.0,,
2932.0,,
2933.0,,
2934.0,,
2935.0,,
2936.0,,
2937.0,,
2938.0,,
2939.0,,
2940.0,,
2941.0,,
2942.0,,
2943.0,,
2944.0,,
2945.0,,
2946.0,,
2947.0,,
2948.0,,
2949.0,,
2950.0,,
2951.0,,
2952.0,,
2953.0,,
2954.0,,
2955.0,,
2956.0,,
2957.0,,
2958.0,,
2959.0,,
2960.0,,
2961.0,,
2962.0,,
2963.0,,
2964.0,,
2965.0,,
2966.0,,
2967.0,,
2968.0,,
2969.0,,
2970.0,,
2971.0,,
2972.0,,
2973.0,,
2974.0,,
2975.0,,
2976.0,,
2977.0,,
2978.0,,
2979.0,,
2980.0,,
2981.0,,
2982.0,,
2983.0,,
2984.0,,
2985.0,,
2986.0,,
2987.0,,
2988.0,,
2989.0,,
2990.0,,
2991.0,,
2992.0,,
2993.0,,
2994.0,,
2995.0,,
2996.0,,
2997.0,,
2998.0,,
2999.0,,
3000.0,,
3001.0,,
3002.0,,
3003.0,,
3004.0,,
3005.0,,
3006.0,,
3007.0,,
3008.0,,
3009.0,,
3010.0,,
3011.0,,
3012.0,,
3013.0,,
3014.0,,
3015.0,,
3016.0,,
3017.0,,
3018.0,,
3019.0,,
3020.0,,
3021.0,,
3022.0,,
3023.0,,
3024.0,,
3025.0,,
3026.0,,
3027.0,,
3028.0,,
3029.0,,
3030.0,,
3031.0,,
3032.0,,
3033.0,,
3034.0,,
3035.0,,
3036.0,,
3037.0,,
3038.0,,
3039.0,,
3040.0,,
3041.0,,
3042.0,,
3043.0,,
3044.0,,
3045.0,,
3046.0,,
3047.0,,
3048.0,,
3049.0,,
3050.0,,
3051.0,,
3052.0,,
3053.0,,
3054.0,,
3055.0,,
3056.0,,
3057.0,,
3058.0,,
3059.0,,
3060.0,,
3061.0,,
3062.0,,
3063.0,,
3064.0,,
3065.0,,
3066.0,,
3067.0,,
3068.0,,
3069.0,,
3070.0,,
3071.0,,
3072.0,,
3073.0,,
3074.0,,
3075.0,,
3076.0,,
3077.0,,
3078.0,,
3079.0,,
3080.0,,
3081.0,,
3082.0,,
3083.0,,
3084.0,,
3085.0,,
3086.0,,
3087.0,,
3088.0,,
3089.0,,
3090.0,,
3091.0,,
3092.0,,
3093.0,,
3094.0,,
3095.0,,
3096.0,,
3097.0,,
3098.0,,
3099.0,,
3100.0,,
3101.0,,
3102.0,,
3103.0,,
3104.0,,
3105.0,,
3106.0,,
3107.0,,
3108.0,,
3109.0,,
3110.0,,
3111.0,,
3112.0,,
3113.0,,
3114.0,,
3115.0,,
3116.0,,
3117.0,,
3118.0,,
3119.0,,
3120.0,,
3121.0,,
3122.0,,
3123.0,,
3124.0,,
3125.0,,
3126.0,,
3127.0,,
3128.0,,
3129.0,,
3130.0,,
3131.0,,
3132.0,,
3133.0,,
3134.0,,
3135.0,,
3136.0,,
3137.0,,
3138.0,,
3139.0,,
3140.0,,
3141.0,,
3142.0,,
3143.0,,
3144.0,,
3145.0,,
3146.0,,
3147.0,,
3148.0,,
3149.0,,
3150.0,,
3151.0,,
3152.0,,
3153.0,,
3154.0,,
3155.0,,
3156.0,,
3157.0,,
3158.0,,
3159.0,,
3160.0,,
3161.0,,
3162.0,,
3163.0,,
3164.0,,
3165.0,,
3166.0,,
3167.0,,
3168.0,,
3169.0,,
3170.0,,
3171.0,,
3172.0,,
3173.0,,
3174.0,,
3175.0,,
3176.0,,
3177.0,,
3178.0,,
3179.0,,
3180.0,,
3181.0,,
3182.0,,
3183.0,,
3184.0,,
3185.0,,
3186.0,,
3187.0,,
3188.0,,
3189.0,,
3190.0,,
3191.0,,
3192.0,,
3193.0,,
3194.0,,
3195.0,,
3196.0,,
3197.0,,
3198.0,,
3199.0,,
3200.0,,
3201.0,,
3202.0,,
3203.0,,
3204.0,,
3205.0,,
3206.0,,
3207.0,,
3208.0,,
3209.0,,
3210.0,,
3211.0,,
3212.0,,
3213.0,,
3214.0,,
3215.0,,
3216.0,,
3217.0,,
3218.0,,
3219.0,,
3220.0,,
3221.0,,
3222.0,,
3223.0,,
3224.0,,
3225.0,,
3226.0,,
3227.0,,
3228.0,,
3229.0,,
3230.0,,
3231.0,,
3232.0,,
3233.0,,
3234.0,,
3235.0,,
3236.0,,
3237.0,,
3238.0,,
3239.0,,
3240.0,,
3241.0,,
3242.0,,
3243.0,,
3244.0,,
3245.0,,
3246.0,,
3247.0,,
3248.0,,
3249.0,,
3250.0,,
3251.0,,
3252.0,,
3253.0,,
3254.0,,
3255.0,,
3256.0,,
3257.0,,
3258.0,,
3259.0,,
3260.0,,
3261.0,,
3262.0,,
3263.0,,
3264.0,,
3265.0,,
3266.0,,
3267.0,,
3268.0,,
3269.0,,
3270.0,,
3271.0,,
3272.0,,
3273.0,,
3274.0,,
3275.0,,
3276.0,,
3277.0,,
3278.0,,
3279.0,,
3280.0,,
3281.0,,
3282.0,,
3283.0,,
3284.0,,
3285.0,,
3286.0,,
3287.0,,
3288.0,,
3289.0,,
3290.0,,
3291.0,,
3292.0,,
3293.0,,
3294.0,,
3295.0,,
3296.0,,
3297.0,,
3298.0,,
3299.0,,
