Data ID,Zeolite-Prehnite LAZE03
Sample ID,LAZE03
Mineral Name,zeolite-prehnite
Sample Description,
Date Added,
Viewing Geometry,
Other Information,
Grain Size,
Database of Origin,MICA Files (USGS/RELAB)
Wavelength,Response
300.0,0.4860059916973114
305.0,0.5195080041885376
310.0,0.5425369739532471
315.0,0.5567950010299683
320.0,0.5745109915733337
325.0,0.58371901512146
330.0,0.5944280028343201
335.0,0.6038939952850342
340.0,0.6123480200767517
345.0,0.620917022228241
350.0,0.62984699010849
355.0,0.6381400227546692
360.0,0.6452450156211853
365.0,0.6521850228309631
370.0,0.6583179831504822
375.0,0.6640070080757141
380.0,0.6706730127334595
385.0,0.6745920181274414
390.0,0.6801609992980957
395.0,0.6841580271720886
400.0,0.6847550272941589
405.0,0.6879670023918152
410.0,0.6917650103569031
415.0,0.6936479806900024
420.0,0.6957560181617737
425.0,0.6999779939651489
430.0,0.7035679817199707
435.0,0.704613983631134
440.0,0.7091860175132751
445.0,0.7114400267601013
450.0,0.7130230069160461
455.0,0.7162820100784302
460.0,0.7176740169525146
465.0,0.7200120091438293
470.0,0.7216129899024963
475.0,0.7223970293998718
480.0,0.723397970199585
485.0,0.7258099913597107
490.0,0.7257400155067444
495.0,0.728859007358551
500.0,0.7284070253372192
505.0,0.7301610112190247
510.0,0.730301022529602
515.0,0.7315639853477478
520.0,0.731190025806427
525.0,0.7330489754676819
530.0,0.7335559725761414
535.0,0.7345179915428162
540.0,0.7345529794692993
545.0,0.7359470129013062
550.0,0.7353529930114746
555.0,0.7362200021743774
560.0,0.7362849712371826
565.0,0.7368959784507751
570.0,0.7363569736480713
575.0,0.7367849946022034
580.0,0.7365509867668152
585.0,0.7360320091247559
590.0,0.7359200119972229
595.0,0.7358859777450562
600.0,0.735522985458374
605.0,0.7346919775009155
610.0,0.7348660230636597
615.0,0.735031008720398
620.0,0.7351189851760864
625.0,0.7350159883499146
630.0,0.7353540062904358
635.0,0.7343220114707947
640.0,0.736208975315094
645.0,0.7331200242042542
650.0,0.7339169979095459
655.0,0.7347149848937988
660.0,0.7341160178184509
665.0,0.7339439988136292
670.0,0.7340289950370789
675.0,0.7335150241851807
680.0,0.7327700257301331
685.0,0.732587993144989
690.0,0.7326189875602722
695.0,0.7333329916000366
700.0,0.7326290011405945
705.0,0.732699990272522
710.0,0.7321789860725403
715.0,0.7317609786987305
720.0,0.7321990132331848
725.0,0.7332069873809814
730.0,0.7333019971847534
735.0,0.7332299947738647
740.0,0.733955979347229
745.0,0.7325869798660278
750.0,0.7325779795646667
755.0,0.734250009059906
760.0,0.7346090078353882
765.0,0.7322459816932678
770.0,0.7340750098228455
775.0,0.7337470054626465
780.0,0.733614981174469
785.0,0.7339149713516235
790.0,0.7359150052070618
795.0,0.7334660291671753
800.0,0.7336829900741577
805.0,0.7336419820785522
810.0,0.7335829734802246
815.0,0.73362797498703
820.0,0.7331339716911316
825.0,0.735010027885437
830.0,0.7352120280265808
835.0,0.734902024269104
840.0,0.7337700128555298
845.0,0.7350090146064758
850.0,0.7343779802322388
855.0,0.7335910201072693
860.0,0.7345849871635437
865.0,0.7337340116500854
870.0,0.7350460290908813
875.0,0.7339929938316345
880.0,0.7341409921646118
885.0,0.7342759966850281
890.0,0.7349339723587036
895.0,0.7345280051231384
900.0,0.7348189949989319
905.0,0.7340949773788452
910.0,0.7344859838485718
915.0,0.7352160215377808
920.0,0.7348610162734985
925.0,0.7352709770202637
930.0,0.7363029718399048
935.0,0.7348939776420593
940.0,0.7352749705314636
945.0,0.7354940176010132
950.0,0.7354450225830078
955.0,0.7358790040016174
960.0,0.7359129786491394
965.0,0.7363730072975159
970.0,0.7358499765396118
975.0,0.7358109951019287
980.0,0.7364370226860046
985.0,0.7368059754371643
990.0,0.7363880276679993
995.0,0.7361829876899719
1000.0,0.7354810237884521
1004.9999999999999,0.7354210019111633
1010.0,0.7355290055274963
1014.9999999999999,0.7356470227241516
1020.0,0.7351880073547363
1025.0,0.7363989949226379
1030.0,0.7368950247764587
1035.0,0.7370520234107971
1040.0,0.736598014831543
1045.0,0.7373350262641907
1050.0,0.7371519804000854
1055.0,0.736956000328064
1060.0,0.7376909852027893
1065.0,0.7373870015144348
1070.0,0.7375800013542175
1075.0,0.737995982170105
1080.0,0.7382469773292542
1085.0,0.7379350066184998
1090.0,0.7382040023803711
1095.0,0.7378399968147278
1100.0,0.7384999990463257
1105.0,0.7384669780731201
1110.0,0.7383909821510315
1115.0,0.738556981086731
1120.0,0.7387920022010803
1125.0,0.7382850050926208
1130.0,0.7379459738731384
1135.0,0.738323986530304
1140.0,0.7385759949684143
1145.0,0.7389119863510132
1150.0,0.738215982913971
1155.0,0.7385219931602478
1160.0,0.7384700179100037
1165.0,0.7383790016174316
1170.0,0.7386770248413086
1175.0,0.7386029958724976
1180.0,0.7390499711036682
1185.0,0.7390959858894348
1190.0,0.7391629815101624
1195.0,0.7395150065422058
1200.0,0.7393410205841064
1205.0,0.7391669750213623
1210.0,0.739162027835846
1215.0,0.7386590242385864
1220.0,0.7392780184745789
1225.0,0.7391459941864014
1230.0,0.7402049899101257
1235.0,0.7400349974632263
1240.0,0.7405499815940857
1245.0,0.7401430010795593
1250.0,0.7401310205459595
1255.0,0.740435004234314
1260.0,0.7401149868965149
1265.0,0.7396590113639832
1270.0,0.7387999892234802
1275.0,0.7383289933204651
1280.0,0.7368580102920532
1285.0,0.7350339889526367
1290.0,0.7347279787063599
1295.0,0.735489010810852
1300.0,0.7355380058288574
1305.0,0.7354270219802856
1310.0,0.7356200218200684
1315.0,0.7369379997253418
1320.0,0.7366930246353149
1325.0,0.7368850111961365
1330.0,0.7367100119590759
1335.0,0.7365679740905762
1340.0,0.737151026725769
1345.0,0.7370100021362305
1350.0,0.7357800006866455
1355.0,0.7371000051498413
1360.0,0.7369440197944641
1365.0,0.7343320250511169
1370.0,0.734611988067627
1375.0,0.7349100112915039
1380.0,0.7365509867668152
1385.0,0.7321820259094238
1390.0,0.7337080240249634
1395.0,0.735696017742157
1400.0,0.7334690093994141
1405.0,0.7318580150604248
1410.0,0.7320719957351685
1415.0,0.7310829758644104
1420.0,0.7298930287361145
1425.0,0.728663980960846
1430.0,0.727042019367218
1435.0,0.7231090068817139
1440.0,0.724261999130249
1445.0,0.7254909873008728
1450.0,0.7226859927177429
1455.0,0.7201200127601624
1460.0,0.7165939807891846
1465.0,0.7103070020675659
1470.0,0.6971030235290527
1475.0,0.6627500057220459
1480.0,0.6441320180892944
1485.0,0.6609410047531128
1490.0,0.6988760232925415
1495.0,0.7161759734153748
1500.0,0.7229560017585754
1505.0,0.7260249853134155
1510.0,0.7272369861602783
1515.0,0.7296919822692871
1520.0,0.731768012046814
1525.0,0.7326729893684387
1530.0,0.7330480217933655
1535.0,0.7350170016288757
1540.0,0.7332800030708313
1545.0,0.7330750226974487
1550.0,0.7352240085601807
1555.0,0.7351009845733643
1560.0,0.7357630133628845
1565.0,0.7360550165176392
1570.0,0.7360759973526001
1575.0,0.7366889715194702
1580.0,0.73642498254776
1585.0,0.7361289858818054
1590.0,0.737047016620636
1595.0,0.737650990486145
1600.0,0.7352889776229858
1605.0,0.7353029847145081
1610.0,0.7366330027580261
1615.0,0.7373660206794739
1620.0,0.7367839813232422
1625.0,0.7366210222244263
1630.0,0.7363849878311157
1635.0,0.7368170022964478
1640.0,0.7371770143508911
1645.0,0.7373690009117126
1650.0,0.7368590235710144
1655.0,0.7378960251808167
1660.0,0.7369809746742249
1665.0,0.7360259890556335
1670.0,0.7361389994621277
1675.0,0.7363709807395935
1680.0,0.7361980080604553
1685.0,0.7367100119590759
1690.0,0.736316978931427
1695.0,0.7362959980964661
1700.0,0.7364069819450378
1705.0,0.736594021320343
1710.0,0.7366330027580261
1715.0,0.7362949848175049
1720.0,0.7361900210380554
1725.0,0.7358919978141785
1730.0,0.7353649735450745
1735.0,0.7346569895744324
1740.0,0.7344710230827332
1745.0,0.7345309853553772
1750.0,0.734745979309082
1755.0,0.7344710230827332
1760.0,0.7351430058479309
1765.0,0.7352390289306641
1770.0,0.7350329756736755
1775.0,0.7350299954414368
1780.0,0.735571026802063
1785.0,0.7354080080986023
1790.0,0.7356839776039124
1795.0,0.735480010509491
1800.0,0.7354109883308411
1805.0,0.7351409792900085
1810.0,0.7347239851951599
1815.0,0.7341769933700562
1820.0,0.7335119843482971
1825.0,0.7322030067443848
1830.0,0.7318469882011414
1835.0,0.7318689823150635
1840.0,0.7304859757423401
1845.0,0.7286409735679626
1850.0,0.7296940088272095
1855.0,0.7291340231895447
1860.0,0.7288209795951843
1865.0,0.7285670042037964
1870.0,0.7308319807052612
1875.0,0.7205309867858887
1880.0,0.7169790267944336
1885.0,0.7192980051040649
1890.0,0.7201690077781677
1895.0,0.7187439799308777
1900.0,0.7176679968833923
1905.0,0.7121019959449768
1910.0,0.7094839811325073
1915.0,0.7099829912185669
1920.0,0.7102910280227661
1925.0,0.7093870043754578
1930.0,0.7091799974441528
1935.0,0.7094669938087463
1940.0,0.7095530033111572
1945.0,0.7109119892120361
1950.0,0.7116690278053284
1955.0,0.7134900093078613
1960.0,0.7144950032234192
1965.0,0.7160120010375977
1970.0,0.7167019844055176
1975.0,0.7176570296287537
1980.0,0.718034029006958
1985.0,0.7184039950370789
1990.0,0.7183369994163513
1995.0,0.7188559770584106
2000.0,0.7193930149078369
2005.0,0.7198830246925354
2009.9999999999998,0.7205579876899719
2015.0000000000002,0.7214499711990356
2020.0,0.7214620113372803
2025.0,0.7221689820289612
2029.9999999999998,0.7230910062789917
2035.0000000000002,0.7234820127487183
2040.0,0.7244489789009094
2045.0,0.7250350117683411
2050.0,0.7253090143203735
2055.0,0.7256760001182556
2060.0,0.7254700064659119
2065.0,0.7258139848709106
2070.0,0.7257649898529053
2075.0,0.7262250185012817
2080.0,0.7259960174560547
2085.0,0.7263100147247314
2090.0,0.7255839705467224
2095.0,0.7252510190010071
2100.0,0.7239900231361389
2105.0,0.7229419946670532
2110.0,0.7226679921150208
2115.0,0.7217010259628296
2120.0,0.721343994140625
2125.0,0.7212399840354919
2130.0,0.721580982208252
2135.0,0.7208939790725708
2140.0,0.7203480005264282
2145.0,0.7194100022315979
2150.0,0.7181580066680908
2155.0,0.7174599766731262
2160.0,0.7163749933242798
2165.0,0.715300977230072
2170.0,0.7136610150337219
2175.0,0.7116050124168396
2180.0,0.71002197265625
2185.0,0.7085930109024048
2190.0,0.706840991973877
2195.0,0.7047320008277893
2200.0,0.6993129849433899
2205.0,0.6928189992904663
2210.0,0.6816009879112244
2215.0,0.6654539704322815
2220.0,0.6479390263557434
2225.0,0.6344619989395142
2230.0,0.6199489831924438
2235.0,0.608709990978241
2240.0,0.6112239956855774
2245.0,0.6249539852142334
2250.0,0.6397640109062195
2255.0,0.6505979895591736
2260.0,0.6561440229415894
2265.0,0.6567059755325317
2270.0,0.650842010974884
2275.0,0.6383600234985352
2280.0,0.6239960193634033
2285.0,0.6169710159301758
2290.0,0.6174899935722351
2295.0,0.6211010217666626
2300.0,0.6297510266304016
2305.0,0.647849977016449
2310.0,0.659276008605957
2315.0,0.6519899964332581
2320.0,0.6221299767494202
2325.0,0.5660030245780945
2330.0,0.5028799772262573
2335.0,0.4588080048561096
2340.0,0.4380449950695038
2345.0,0.4274440109729767
2350.0,0.41552799940109253
2355.0,0.3968380093574524
2360.0,0.39121299982070923
2365.0,0.4096499979496002
2370.0,0.44253599643707275
2375.0,0.46997299790382385
2380.0,0.47773998975753784
2385.0,0.47471100091934204
2390.0,0.473488986492157
2395.0,0.4841330051422119
2400.0,0.5078150033950806
2405.0,0.5286269783973694
2410.0,0.5416399836540222
2415.0,0.5535410046577454
2420.0,0.5660049915313721
2425.0,0.5801290273666382
2430.0,0.5912280082702637
2435.0,0.5988010168075562
2440.0,0.6065419912338257
2445.0,0.6118220090866089
2450.0,0.6073309779167175
2455.0,0.599636971950531
2460.0,0.5937269926071167
2465.0,0.5855919718742371
2470.0,0.5747219920158386
2475.0,0.5663599967956543
2480.0,0.5641260147094727
2485.0,0.5696150064468384
2490.0,0.573885977268219
2495.0,0.5733640193939209
2500.0,0.5711730122566223
2505.0,0.5691360235214233
2510.0,0.5647079944610596
2515.0,0.5601570010185242
2520.0,0.5465289950370789
2525.0,0.5299969911575317
2530.0,0.5186989903450012
2531.32,0.5179610848426819
2532.55,0.517273485660553
2533.7900000000004,0.51658034324646
2535.0299999999997,0.5159307718276978
2536.27,0.5170440673828125
2537.51,0.5181573629379272
2538.75,0.5192707180976868
2540.0,0.5203930139541626
2541.2400000000002,0.5227747559547424
2542.49,0.5251757502555847
2543.7400000000002,0.527576744556427
2544.99,0.5299777388572693
2546.2400000000002,0.5299972295761108
2547.49,0.5299975275993347
2548.74,0.5299977660179138
2549.9900000000002,0.5299980044364929
2551.25,0.5296519994735718
2552.5,0.5293059945106506
2553.76,0.5285339951515198
2555.02,0.5269970297813416
2556.28,0.5259109735488892
2557.54,0.5261719822883606
2558.8,0.5264989733695984
2560.07,0.5254570245742798
2561.33,0.5212799906730652
2562.6000000000004,0.5201159715652466
2563.86,0.5223770141601562
2565.13,0.521793007850647
2566.3999999999996,0.5197209715843201
2567.67,0.517657995223999
2568.9500000000003,0.5156859755516052
2570.22,0.5156620144844055
2571.5,0.5162590146064758
2572.77,0.5134699940681458
2574.05,0.5108739733695984
2575.33,0.5128759741783142
2576.61,0.5101540088653564
2577.89,0.5089750289916992
2579.17,0.5109090209007263
2580.46,0.5106819868087769
2581.74,0.5116950273513794
2583.0299999999997,0.5139729976654053
2584.31,0.512516975402832
2585.6,0.5150690078735352
2586.89,0.5169469714164734
2588.19,0.5169129967689514
2589.48,0.5188030004501343
2590.77,0.5180069804191589
2592.07,0.518222987651825
2593.36,0.5179920196533203
2594.6600000000003,0.5150970220565796
2595.96,0.5173180103302002
2597.2599999999998,0.521569013595581
2598.56,0.5194600224494934
2599.8700000000003,0.5170230269432068
2601.17,0.5169339776039124
2602.48,0.5166929960250854
2603.78,0.5161529779434204
2605.09,0.515201985836029
2606.3999999999996,0.5141249895095825
2607.71,0.5151429772377014
2609.03,0.5139049887657166
2610.3399999999997,0.5132759809494019
2611.6600000000003,0.5138270258903503
2612.97,0.5135080218315125
2614.29,0.5135669708251953
2615.61,0.5143889784812927
2616.93,0.513463020324707
2618.25,0.5164989829063416
2619.57,0.5179420113563538
2620.8999999999996,0.5161399841308594
2622.22,0.5199859738349915
2623.5499999999997,0.5204349756240845
2624.88,0.5218390226364136
2626.21,0.5250779986381531
2627.5400000000004,0.5276849865913391
2628.87,0.5301790237426758
2630.21,0.5282449722290039
2631.5400000000004,0.5310900211334229
2632.88,0.5359920263290405
2634.21,0.5338900089263916
2635.5499999999997,0.5343369841575623
2636.8900000000003,0.5363749861717224
2638.2400000000002,0.5371829867362976
2639.58,0.5387160181999207
2640.92,0.5404840111732483
2642.27,0.5412759780883789
2643.62,0.5420359969139099
2644.97,0.5429080128669739
2646.3199999999997,0.5420870184898376
2647.67,0.5424060225486755
2649.02,0.5420600175857544
2650.38,0.5412889719009399
2651.73,0.5395560264587402
2653.09,0.5375720262527466
2654.4500000000003,0.5379940271377563
2655.81,0.5354790091514587
2657.1699999999996,0.5328239798545837
2658.5299999999997,0.5325589776039124
2659.89,0.5305629968643188
2661.2599999999998,0.5295000076293945
2662.63,0.5281260013580322
2664.0,0.5250999927520752
2665.36,0.520018994808197
2666.74,0.5202699899673462
2668.11,0.5223339796066284
2669.48,0.5218780040740967
2670.8599999999997,0.5161420106887817
2672.23,0.518530011177063
2673.61,0.5181840062141418
2674.9900000000002,0.5128679871559143
2676.37,0.5104749798774719
2677.76,0.510562002658844
2679.14,0.510138988494873
2680.52,0.5081920027732849
2681.91,0.5075550079345703
2683.3,0.504472017288208
2684.6899999999996,0.5033000111579895
2686.08,0.5026950240135193
2687.47,0.5009490251541138
2688.87,0.4997340142726898
2690.2599999999998,0.4984560012817383
2691.6600000000003,0.4965279996395111
2693.06,0.49397701025009155
2694.46,0.492918998003006
2695.86,0.4934689998626709
2697.26,0.4918450117111206
2698.66,0.48970600962638855
2700.07,0.48736101388931274
2701.48,0.4857400059700012
2702.89,0.48459500074386597
2704.2999999999997,0.48340100049972534
2705.71,0.4809510111808777
2707.1200000000003,0.4788469970226288
2708.53,0.47540000081062317
2709.9500000000003,0.4722839891910553
2711.37,0.46862998604774475
2712.79,0.46729499101638794
2714.21,0.46515899896621704
2715.63,0.4607410132884979
2717.05,0.4568620026111603
2718.48,0.4534580111503601
2719.9,0.449739009141922
2721.33,0.4472540020942688
2722.76,0.4465380012989044
2724.19,0.44002699851989746
2725.6200000000003,0.43550801277160645
2727.06,0.4334540069103241
2728.49,0.4282839894294739
2729.93,0.42322400212287903
2731.37,0.418861985206604
2732.8100000000004,0.4134970009326935
2734.25,0.4072969853878021
2735.69,0.4029200077056885
2737.1400000000003,0.3995310068130493
2738.58,0.3942219913005829
2740.0299999999997,0.3887630105018616
2741.48,0.38401299715042114
2742.93,0.37910500168800354
2744.38,0.3750779926776886
2745.8300000000004,0.3705500066280365
2747.29,0.3655110001564026
2748.75,0.36100900173187256
2750.2,0.3564870059490204
2751.6600000000003,0.35129600763320923
2753.13,0.34696900844573975
2754.5899999999997,0.34264498949050903
2756.05,0.3372189998626709
2757.52,0.33435600996017456
2758.99,0.3294369876384735
2760.46,0.3233110010623932
2761.93,0.3190169930458069
2763.3999999999996,0.3150010108947754
2764.8700000000003,0.3118689954280853
2766.35,0.30909499526023865
2767.82,0.30549100041389465
2769.2999999999997,0.3022580146789551
2770.7799999999997,0.2985140085220337
2772.26,0.2943269908428192
2773.75,0.29130199551582336
2775.23,0.28808900713920593
2776.7200000000003,0.2847749888896942
2778.21,0.28162699937820435
2779.7000000000003,0.2785319983959198
2781.19,0.27563899755477905
2782.68,0.2737579941749573
2784.1800000000003,0.27120599150657654
2785.67,0.26859501004219055
2787.17,0.26710399985313416
2788.67,0.26588600873947144
2790.1699999999996,0.26515498757362366
2791.67,0.26333099603652954
2793.18,0.2617039978504181
2794.68,0.2615419924259186
2796.19,0.2618800103664398
2797.7,0.2625479996204376
2799.21,0.2618879973888397
2800.7200000000003,0.26069098711013794
2802.24,0.25961101055145264
2803.75,0.2588460147380829
2805.27,0.25881901383399963
2806.79,0.25915399193763733
2808.31,0.25948700308799744
2809.83,0.25987300276756287
2811.35,0.2595210075378418
2812.8799999999997,0.258311003446579
2814.41,0.25746598839759827
2815.93,0.2567499876022339
2817.46,0.25557199120521545
2819.0,0.2541019916534424
2820.53,0.25202998518943787
2822.07,0.250450998544693
2823.6,0.2484620064496994
2825.1400000000003,0.24598699808120728
2826.6800000000003,0.24265900254249573
2828.22,0.2386610060930252
2829.77,0.23444199562072754
2831.3100000000004,0.22912800312042236
2832.86,0.2236739993095398
2834.4100000000003,0.2178329974412918
2835.96,0.21041299402713776
2837.5099999999998,0.20233500003814697
2839.07,0.19275100529193878
2840.62,0.1817989945411682
2842.18,0.17036999762058258
2843.74,0.15945099294185638
2845.2999999999997,0.1486310064792633
2846.86,0.1368750035762787
2848.43,0.12491600215435028
2849.9900000000002,0.11465799808502197
2851.56,0.10571099817752838
2853.13,0.09852100163698196
2854.7,0.09121599793434143
2856.27,0.0854479968547821
2857.85,0.08094800263643265
2859.42,0.07643400132656097
2861.0,0.07324299961328506
2862.58,0.07138200104236603
2864.16,0.06906499713659286
2865.75,0.06559299677610397
2867.33,0.06225699931383133
2868.92,0.061218999326229095
2870.5099999999998,0.06160600110888481
2872.1,0.0618010014295578
2873.69,0.060961998999118805
2875.28,0.060081999748945236
2876.88,0.06201599910855293
2878.48,0.0662660002708435
2880.0699999999997,0.07100900262594223
2881.68,0.07566600292921066
2883.28,0.08082100003957748
2884.88,0.08585900068283081
2886.49,0.09063799679279327
2888.1,0.0961730033159256
2889.71,0.10174600034952164
2891.3199999999997,0.1078220009803772
2892.93,0.11412300169467926
2894.55,0.11945299804210663
2896.16,0.12470199912786484
2897.78,0.13088800013065338
2899.4,0.13771499693393707
2901.03,0.14481399953365326
2902.65,0.15125000476837158
2904.2799999999997,0.1576240062713623
2905.91,0.1632079929113388
2907.54,0.16758400201797485
2909.17,0.17297199368476868
2910.8,0.17892000079154968
2912.44,0.185589998960495
2914.07,0.19231100380420685
2915.7099999999996,0.19807599484920502
2917.35,0.2032019942998886
2918.99,0.20783500373363495
2920.6400000000003,0.2114579975605011
2922.29,0.21617700159549713
2923.93,0.22023600339889526
2925.58,0.22258299589157104
2927.24,0.22517900168895721
2928.89,0.22782599925994873
2930.55,0.22950400412082672
2932.2,0.2310979962348938
2933.86,0.23193199932575226
2935.52,0.2322240024805069
2937.19,0.23212100565433502
2938.85,0.2318969964981079
2940.52,0.23146000504493713
2942.19,0.23083899915218353
2943.86,0.2296389937400818
2945.53,0.22773399949073792
2947.21,0.22628900408744812
2948.88,0.22475799918174744
2950.56,0.22354499995708466
2952.2400000000002,0.22236700356006622
2953.92,0.22158899903297424
2955.61,0.2210559993982315
2957.29,0.22072100639343262
2958.98,0.22086399793624878
2960.67,0.22122399508953094
2962.3599999999997,0.2223069965839386
2964.06,0.22337999939918518
2965.75,0.22436100244522095
2967.45,0.22537599503993988
2969.15,0.22579200565814972
2970.85,0.22688600420951843
2972.55,0.2283419966697693
2974.26,0.22970399260520935
2975.97,0.23021499812602997
2977.68,0.2298949956893921
2979.39,0.23012800514698029
2981.1,0.23048999905586243
2982.8199999999997,0.2308029979467392
2984.5299999999997,0.23214900493621826
2986.25,0.23321600258350372
2987.97,0.2339940071105957
2989.7,0.23399600386619568
2991.42,0.23500299453735352
2993.15,0.2366349995136261
2994.88,0.23760299384593964
2996.61,0.23889300227165222
2998.3399999999997,0.2397480010986328
3000.08,0.24077600240707397
3001.8199999999997,0.24230900406837463
3003.55,0.24360500276088715
3005.3,0.24448099732398987
3007.04,0.24577100574970245
3008.7799999999997,0.24739600718021393
3010.53,0.24907800555229187
3012.28,0.25088199973106384
3014.03,0.2535110116004944
3015.79,0.2561019957065582
3017.54,0.25821399688720703
3019.2999999999997,0.26019901037216187
3021.06,0.2622990012168884
3022.8199999999997,0.2645060122013092
3024.58,0.26620200276374817
3026.35,0.2674799859523773
3028.12,0.26867198944091797
3029.89,0.2701379954814911
3031.66,0.2710379958152771
3033.4300000000003,0.2723889946937561
3035.21,0.27339598536491394
3036.99,0.2739599943161011
3038.77,0.27504199743270874
3040.55,0.2759160101413727
3042.3300000000004,0.27653801441192627
3044.12,0.277209997177124
3045.9100000000003,0.2772830128669739
3047.7,0.277444988489151
3049.4900000000002,0.27784299850463867
3051.29,0.2789199948310852
3053.08,0.279574990272522
3054.8799999999997,0.28023600578308105
3056.6800000000003,0.28128400444984436
3058.49,0.2813970148563385
3060.29,0.28139200806617737
3062.1,0.2824249863624573
3063.91,0.28322601318359375
3065.72,0.28372299671173096
3067.54,0.2845369875431061
3069.35,0.28453999757766724
3071.17,0.28550100326538086
3072.99,0.2867580056190491
3074.81,0.28661900758743286
3076.64,0.28611698746681213
3078.47,0.28661900758743286
3080.2900000000004,0.28694599866867065
3082.1299999999997,0.28641900420188904
3083.96,0.2870599925518036
3085.79,0.2877410054206848
3087.6299999999997,0.2880060076713562
3089.47,0.28787899017333984
3091.31,0.2876330018043518
3093.1600000000003,0.2874709963798523
3095.0099999999998,0.28685998916625977
3096.85,0.28737398982048035
3098.71,0.2885560095310211
3100.5600000000004,0.2888289988040924
3102.41,0.2892970144748688
3104.27,0.2899239957332611
3106.1299999999997,0.29032599925994873
3107.9900000000002,0.2902989983558655
3109.8599999999997,0.290477991104126
3111.73,0.29068800806999207
3113.5899999999997,0.29114100337028503
3115.4700000000003,0.2915950119495392
3117.34,0.2920149862766266
3119.21,0.29277798533439636
3121.09,0.2942349910736084
3122.97,0.2950499951839447
3124.86,0.29572099447250366
3126.74,0.2970150113105774
3128.6299999999997,0.29779499769210815
3130.52,0.2985740005970001
3132.4100000000003,0.29939401149749756
3134.3,0.30062100291252136
3136.2000000000003,0.30184000730514526
3138.1,0.3024289906024933
3140.0,0.30310600996017456
3141.9,0.3042050004005432
3143.8100000000004,0.3047870099544525
3145.7099999999996,0.30533498525619507
3147.62,0.30603399872779846
3149.54,0.30644598603248596
3151.4500000000003,0.3070549964904785
3153.37,0.30740201473236084
3155.29,0.30752500891685486
3157.21,0.3082849979400635
3159.13,0.3086169958114624
3161.06,0.30865800380706787
3162.9900000000002,0.30915701389312744
3164.92,0.3089340031147003
3166.8500000000004,0.3087199926376343
3168.79,0.3086490035057068
3170.7200000000003,0.308692991733551
3172.67,0.3092919886112213
3174.61,0.3090460002422333
3176.55,0.30876100063323975
3178.5,0.3093029856681824
3180.45,0.30922800302505493
3182.4,0.30921199917793274
3184.3599999999997,0.3098439872264862
3186.3199999999997,0.3097519874572754
3188.27,0.3097060024738312
3190.2400000000002,0.30997899174690247
3192.2000000000003,0.31104299426078796
3194.17,0.31247401237487793
3196.1400000000003,0.31322500109672546
3198.1099999999997,0.31373700499534607
3200.08,0.31475698947906494
3202.06,0.3151710033416748
3204.04,0.31649699807167053
3206.02,0.31766200065612793
3208.0,0.31815600395202637
3209.99,0.319225013256073
3211.98,0.32043400406837463
3213.9700000000003,0.321478009223938
3215.96,0.3228429853916168
3217.96,0.3242200016975403
3219.96,0.3251250088214874
3221.96,0.32605698704719543
3223.96,0.3265079855918884
3225.97,0.32673901319503784
3227.98,0.3273549973964691
3229.99,0.32763200998306274
3232.0,0.32848599553108215
3234.02,0.3293200135231018
3236.04,0.32934799790382385
3238.06,0.33015498518943787
3240.08,0.33099299669265747
3242.1099999999997,0.33104899525642395
3244.14,0.33171701431274414
3246.17,0.3325659930706024
3248.2000000000003,0.33331099152565
3250.24,0.3339880108833313
3252.2799999999997,0.33506399393081665
3254.3199999999997,0.3354960083961487
3256.37,0.335983008146286
3258.41,0.3363899886608124
3260.46,0.3364369869232178
3262.5099999999998,0.3370029926300049
3264.57,0.3380869925022125
3266.63,0.3384400010108948
3268.69,0.3390440046787262
3270.75,0.33928099274635315
3272.8100000000004,0.33956700563430786
3274.88,0.3408069908618927
3276.95,0.34142398834228516
3279.02,0.34119299054145813
3281.1,0.3418709933757782
3283.1800000000003,0.34226301312446594
3285.26,0.3423660099506378
3287.34,0.34259599447250366
3289.43,0.3425379991531372
3291.51,0.34253600239753723
3293.61,0.342958003282547
3295.7000000000003,0.34337401390075684
3297.8,0.34424901008605957
3299.9,0.3452000021934509
3302.0,0.3457210063934326
3304.1,0.34592899680137634
3306.21,0.346112996339798
3308.32,0.3464620113372803
3310.4300000000003,0.3475930094718933
3312.5499999999997,0.3482710123062134
3314.66,0.3485040068626404
3316.79,0.34877899289131165
3318.91,0.34864699840545654
3321.0299999999997,0.34891098737716675
3323.1600000000003,0.3494189977645874
3325.29,0.3500699996948242
3327.4300000000003,0.35053199529647827
3329.5699999999997,0.35071900486946106
3331.71,0.351377010345459
3333.85,0.3524860143661499
3335.99,0.3529199957847595
3338.1400000000003,0.35361799597740173
3340.29,0.3543809950351715
3342.45,0.3548229932785034
3344.6,0.3555459976196289
3346.76,0.35649698972702026
3348.92,0.3570129871368408
3351.09,0.35760200023651123
3353.26,0.3590199947357178
3355.4300000000003,0.3595980107784271
3357.6000000000004,0.3597950041294098
3359.78,0.3605029881000519
3361.96,0.36094000935554504
3364.14,0.3616349995136261
3366.32,0.3627209961414337
3368.51,0.36358898878097534
3370.7,0.36395299434661865
3372.89,0.3638710081577301
3375.09,0.36418500542640686
3377.29,0.3657119870185852
3379.4900000000002,0.3666810095310211
3381.69,0.36700499057769775
3383.9,0.36721399426460266
3386.11,0.3680030107498169
3388.32,0.3690260052680969
3390.54,0.3691610097885132
3392.76,0.36926400661468506
3394.98,0.36982500553131104
3397.21,0.37030598521232605
3399.4300000000003,0.3708820044994354
3401.6600000000003,0.3714410066604614
3403.9,0.37199801206588745
3406.13,0.3723199963569641
3408.3700000000003,0.3726600110530853
3410.61,0.37332600355148315
3412.8599999999997,0.37416398525238037
3415.1099999999997,0.3747740089893341
3417.36,0.375230997800827
3419.61,0.3760020136833191
3421.8700000000003,0.3763140141963959
3424.13,0.3765769898891449
3426.39,0.37670600414276123
3428.66,0.3774619996547699
3430.93,0.378277987241745
3433.2,0.37845098972320557
3435.48,0.3780440092086792
3437.7599999999998,0.37811699509620667
3440.0400000000004,0.37915098667144775
3442.32,0.37986499071121216
3444.61,0.37968000769615173
3446.8999999999996,0.3798690140247345
3449.19,0.38098999857902527
3451.4900000000002,0.38130998611450195
3453.79,0.3807089924812317
3456.09,0.3809089958667755
3458.4,0.38203001022338867
3460.7000000000003,0.3825269937515259
3463.0200000000004,0.3823710083961487
3465.33,0.38301199674606323
3467.65,0.38362398743629456
3469.97,0.38380300998687744
3472.29,0.3837429881095886
3474.62,0.38359498977661133
3476.95,0.38348400592803955
3479.2900000000004,0.38398998975753784
3481.62,0.3845680058002472
3483.96,0.38514599204063416
3486.3,0.3856149911880493
3488.6499999999996,0.38599899411201477
3491.0,0.3862859904766083
3493.35,0.38641300797462463
3495.71,0.38652899861335754
3498.0699999999997,0.3867659866809845
3500.4300000000003,0.3873179852962494
3502.79,0.3879530131816864
3505.16,0.38850298523902893
3507.53,0.388729989528656
3509.9100000000003,0.38930100202560425
3512.29,0.3891969919204712
3514.67,0.3884040117263794
3517.0499999999997,0.3878439962863922
3519.44,0.3878900110721588
3521.83,0.38781100511550903
3524.23,0.3877379894256592
3526.62,0.3877379894256592
3529.02,0.38762301206588745
3531.43,0.3879010081291199
3533.83,0.38850098848342896
3536.24,0.38855698704719543
3538.6600000000003,0.38878199458122253
3541.08,0.3890930116176605
3543.5,0.3897170126438141
3545.92,0.39013999700546265
3548.35,0.39010998606681824
3550.78,0.39059698581695557
3553.21,0.39111098647117615
3555.65,0.39124199748039246
3558.09,0.391294002532959
3560.5299999999997,0.3911510109901428
3562.98,0.391541987657547
3565.4300000000003,0.3923279941082001
3567.88,0.39238598942756653
3570.3399999999997,0.3922559916973114
3572.8,0.3924170136451721
3575.27,0.39233899116516113
3577.73,0.3925749957561493
3580.2000000000003,0.3927850127220154
3582.68,0.39280399680137634
3585.1600000000003,0.3929530084133148
3587.64,0.39319100975990295
3590.1200000000003,0.39274099469184875
3592.61,0.39274099469184875
3595.1,0.3928360044956207
3597.6,0.39252299070358276
3600.0899999999997,0.39256298542022705
3602.6,0.39280998706817627
3605.1000000000004,0.39316898584365845
3607.61,0.39359501004219055
3610.1200000000003,0.3939250111579895
3612.64,0.3939650058746338
3615.16,0.3946410119533539
3617.68,0.3956240117549896
3620.21,0.39599698781967163
3622.74,0.396124005317688
3625.27,0.3967190086841583
3627.8100000000004,0.39728501439094543
3630.35,0.39775601029396057
3632.8900000000003,0.3982880115509033
3635.44,0.39877399802207947
3637.99,0.3991299867630005
3640.54,0.40000098943710327
3643.1,0.40043601393699646
3645.66,0.4003469944000244
3648.23,0.40049299597740173
3650.7999999999997,0.400952011346817
3653.37,0.40099701285362244
3655.95,0.4011780023574829
3658.5299999999997,0.40128400921821594
3661.1099999999997,0.4013029932975769
3663.7,0.4018569886684418
3666.29,0.4022350013256073
3668.8900000000003,0.40235400199890137
3671.48,0.4025669991970062
3674.09,0.403331995010376
3676.6899999999996,0.4040850102901459
3679.3,0.40445300936698914
3681.91,0.40471500158309937
3684.53,0.4051249921321869
3687.15,0.40550899505615234
3689.7799999999997,0.4062519967556
3692.4,0.40671300888061523
3695.04,0.40765300393104553
3697.67,0.4088580012321472
3700.31,0.4097749888896942
3702.95,0.41003599762916565
3705.6,0.4103440046310425
3708.25,0.4107789993286133
3710.9100000000003,0.4114300012588501
3713.5600000000004,0.4117780029773712
3716.23,0.4122439920902252
3718.89,0.4127289950847626
3721.5600000000004,0.412896990776062
3724.23,0.412553995847702
3726.9100000000003,0.4123629927635193
3729.59,0.41209399700164795
3732.2799999999997,0.4118709862232208
3734.9700000000003,0.41232699155807495
3737.66,0.41291800141334534
3740.36,0.4131529927253723
3743.06,0.41333499550819397
3745.76,0.4138120114803314
3748.4700000000003,0.4144879877567291
3751.1800000000003,0.4151250123977661
3753.8999999999996,0.4163070023059845
3756.62,0.41756701469421387
3759.3399999999997,0.41846001148223877
3762.07,0.4191420078277588
3764.8,0.4196290075778961
3767.54,0.42065298557281494
3770.28,0.4216980040073395
3773.02,0.4225820004940033
3775.77,0.42316699028015137
3778.52,0.4237399995326996
3781.28,0.42436400055885315
3784.04,0.4248110055923462
3786.7999999999997,0.4254240095615387
3789.5699999999997,0.4259360134601593
3792.3399999999997,0.42626699805259705
3795.12,0.42646899819374084
3797.8999999999996,0.42633599042892456
3800.69,0.4265829920768738
3803.47,0.42712798714637756
3806.27,0.42757999897003174
3809.06,0.427964985370636
3811.8599999999997,0.42820900678634644
3814.67,0.4281710088253021
3817.48,0.4283980131149292
3820.29,0.4285709857940674
3823.1099999999997,0.4286780059337616
3825.93,0.4290030002593994
3828.7599999999998,0.4289810061454773
3831.5899999999997,0.42852699756622314
3834.42,0.42836299538612366
3837.26,0.42849001288414
3840.1,0.42893800139427185
3842.9500000000003,0.42914000153541565
3845.8,0.42945200204849243
3848.65,0.42989200353622437
3851.51,0.42987000942230225
3854.38,0.42997801303863525
3857.24,0.43039199709892273
3860.1200000000003,0.4310230016708374
3862.99,0.431302011013031
3865.8700000000003,0.43155500292778015
3868.7599999999998,0.43204399943351746
3871.6499999999996,0.4321019947528839
3874.54,0.43166300654411316
3877.44,0.4313740134239197
3880.3399999999997,0.4311850070953369
3883.25,0.43101799488067627
3886.16,0.4312480092048645
3889.0699999999997,0.43293601274490356
3891.99,0.435699999332428
3894.92,0.43807101249694824
3897.85,0.43950599431991577
3900.78,0.44076400995254517
3903.72,0.4420120120048523
3906.66,0.44287800788879395
3909.6000000000004,0.44396600127220154
3912.55,0.44478699564933777
3915.5099999999998,0.4456169903278351
3918.4700000000003,0.4462830126285553
3921.43,0.4469110071659088
3924.4,0.4475559890270233
3927.3799999999997,0.4483160078525543
3930.35,0.44894498586654663
3933.3300000000004,0.4491479992866516
3936.3199999999997,0.4495829939842224
3939.31,0.44996100664138794
3942.31,0.45009300112724304
3945.31,0.450408011674881
3948.3100000000004,0.45097801089286804
3951.32,0.45136499404907227
3954.34,0.4516589939594269
3957.35,0.4520080089569092
3960.3799999999997,0.45191100239753723
3963.4100000000003,0.45164600014686584
3966.44,0.4515730142593384
3969.48,0.451678991317749
3972.52,0.45211800932884216
3975.5600000000004,0.4528670012950897
3978.61,0.4531959891319275
3981.6699999999996,0.45310500264167786
3984.73,0.453685998916626
3987.8,0.45438599586486816
3990.8700000000003,0.45483601093292236
3993.9399999999996,0.4552310109138489
3997.02,0.4554390013217926
4000.1,0.4559060037136078
4003.19,0.4561229944229126
4006.29,0.45624101161956787
4009.39,0.456714004278183
4012.49,0.45705100893974304
4015.6,0.4574359953403473
4018.7099999999996,0.45786499977111816
4021.8299999999995,0.4581640064716339
4024.9499999999994,0.45857200026512146
4028.08,0.45922601222991943
4031.2099999999996,0.4595150053501129
4034.35,0.4597640037536621
4037.4900000000002,0.4601899981498718
4040.64,0.46079498529434204
4043.7900000000004,0.46116799116134644
4046.94,0.4617350101470947
4050.11,0.46251600980758667
4053.2700000000004,0.4628620147705078
4056.44,0.46279799938201904
4059.62,0.4630599915981293
4062.8,0.4637719988822937
4065.9900000000002,0.4644230008125305
4069.1800000000003,0.4646269977092743
4072.38,0.4649890065193176
4075.5800000000004,0.46536698937416077
4078.78,0.4656359851360321
4082.0,0.46585899591445923
4085.21,0.4659369885921478
4088.43,0.46607398986816406
4091.66,0.466390997171402
4094.8900000000003,0.46697598695755005
4098.13,0.4674629867076874
4101.37,0.46747100353240967
4104.62,0.46792200207710266
4107.87,0.46840900182724
4111.13,0.4687789976596832
4114.39,0.46898698806762695
4117.66,0.46943199634552
4120.93,0.4693860113620758
4124.21,0.46923500299453735
4127.5,0.46957799792289734
4130.79,0.46990498900413513
4134.08,0.4703480005264282
4137.38,0.4707620143890381
4140.679999999999,0.4711579978466034
4143.99,0.4714590013027191
4147.31,0.4714899957180023
4150.629999999999,0.47158199548721313
4153.95,0.47161298990249634
4157.29,0.4717099964618683
4160.62,0.4724169969558716
4163.96,0.47320300340652466
4167.3099999999995,0.47331100702285767
4170.66,0.47334301471710205
4174.0199999999995,0.47360101342201233
4177.39,0.47405698895454407
4180.75,0.4742319881916046
4184.13,0.4743430018424988
4187.509999999999,0.4745829999446869
4190.889999999999,0.4748480021953583
4194.28,0.4751560091972351
4197.68,0.47565698623657227
4201.08,0.47606098651885986
4204.49,0.47648799419403076
4207.900000000001,0.4769969880580902
4211.32,0.47756001353263855
4214.74,0.47810399532318115
4218.17,0.478179007768631
4221.61,0.4786359965801239
4225.05,0.47894200682640076
4228.5,0.4787270128726959
4231.950000000001,0.4788680076599121
4235.400000000001,0.47943198680877686
4238.870000000001,0.47901400923728943
4242.34,0.4791969954967499
4245.8099999999995,0.47930100560188293
4249.29,0.4789249897003174
4252.78,0.47818800806999207
4256.2699999999995,0.47780901193618774
4259.7699999999995,0.47889000177383423
4263.27,0.48094600439071655
4266.78,0.4813939929008484
4270.29,0.4806729853153229
4273.81,0.4804829955101013
4277.34,0.4805830121040344
4280.87,0.48055699467658997
4284.41,0.48056700825691223
4287.950000000001,0.4811829924583435
4291.5,0.48129600286483765
4295.06,0.48095300793647766
4298.62,0.48100799322128296
4302.1900000000005,0.48078399896621704
4305.76,0.4807780086994171
4309.34,0.4812510013580322
4312.92,0.48148900270462036
4316.5199999999995,0.48160800337791443
4320.11,0.48160499334335327
4323.719999999999,0.48155298829078674
4327.320000000001,0.4819889962673187
4330.94,0.48252299427986145
4334.5599999999995,0.4827609956264496
4338.19,0.4831010103225708
4341.820000000001,0.4835200011730194
4345.46,0.4837389886379242
4349.11,0.48354199528694153
4352.76,0.4841899871826172
4356.42,0.484948992729187
4360.08,0.48519301414489746
4363.75,0.4851379990577698
4367.429999999999,0.4853900074958801
4371.11,0.4856570065021515
4374.799999999999,0.48601099848747253
4378.49,0.48627299070358276
4382.19,0.4865860044956207
4385.900000000001,0.48684799671173096
4389.610000000001,0.48713698983192444
4393.33,0.4874669909477234
4397.0599999999995,0.4875290095806122
4400.79,0.487729012966156
4404.530000000001,0.48799100518226624
4408.280000000001,0.48808300495147705
4412.03,0.4884659945964813
4415.79,0.4885930120944977
4419.55,0.48895999789237976
4423.320000000001,0.4892979860305786
4427.1,0.48947998881340027
4430.88,0.48972800374031067
4434.68,0.4902440011501312
4438.469999999999,0.490337997674942
4442.280000000001,0.4903849959373474
4446.08,0.49028998613357544
4449.900000000001,0.4902360141277313
4453.719999999999,0.4903849959373474
4457.55,0.49047601222991943
4461.389999999999,0.49009498953819275
4465.2300000000005,0.48983898758888245
4469.08,0.4897249937057495
4472.9400000000005,0.48954999446868896
4476.8,0.48941799998283386
4480.67,0.48906800150871277
4484.549999999999,0.4887869954109192
4488.43,0.48882099986076355
4492.320000000001,0.4889470040798187
4496.21,0.4890959858894348
4500.12,0.48892098665237427
4504.030000000001,0.48868700861930847
4507.94,0.4887639880180359
4511.87,0.48891401290893555
4515.799999999999,0.4889099895954132
4519.7300000000005,0.48899000883102417
4523.679999999999,0.48886001110076904
4527.63,0.4885909855365753
4531.589999999999,0.48860999941825867
4535.55,0.4887070059776306
4539.52,0.48868298530578613
4543.5,0.4886600077152252
4547.49,0.4887869954109192
4551.48,0.4891909956932068
4555.4800000000005,0.4893549978733063
4559.490000000001,0.48949798941612244
4563.5,0.48947998881340027
4567.52,0.48942801356315613
4571.55,0.48954999446868896
4575.580000000001,0.48991501331329346
4579.63,0.49018898606300354
4583.67,0.49015501141548157
4587.73,0.4902470111846924
4591.79,0.4902710020542145
4595.86,0.4901309907436371
4599.9400000000005,0.49006301164627075
4604.03,0.4896250069141388
4608.120000000001,0.4893850088119507
4612.219999999999,0.488972008228302
4616.33,0.488319993019104
4620.4400000000005,0.48767200112342834
4624.5599999999995,0.48763200640678406
4628.69,0.4877769947052002
4632.83,0.48794999718666077
4636.97,0.48802098631858826
4641.12,0.4882720112800598
4645.28,0.48872101306915283
4649.45,0.48886099457740784
4653.62,0.48922500014305115
4657.8,0.4897010028362274
4661.990000000001,0.4898279905319214
4666.1900000000005,0.48998498916625977
4670.39,0.4900740087032318
4674.599999999999,0.48998400568962097
4678.82,0.4896869957447052
4683.049999999999,0.48919498920440674
4687.280000000001,0.4888480007648468
4691.5199999999995,0.48872900009155273
4695.77,0.48850399255752563
4700.03,0.487976998090744
4704.3,0.48731499910354614
4708.57,0.48682901263237
4712.85,0.48627299070358276
4717.139999999999,0.4858640134334564
4721.429999999999,0.4854300022125244
4725.74,0.48502498865127563
4730.05,0.48438501358032227
4734.37,0.4833900034427643
4738.7,0.48221200704574585
4743.03,0.48118799924850464
4747.38,0.4802129864692688
4751.7300000000005,0.4791269898414612
4756.09,0.47809600830078125
4760.45,0.47704800963401794
4764.83,0.475739985704422
4769.21,0.47454899549484253
4773.6,0.47376498579978943
4778.0,0.47355198860168457
4782.41,0.47360798716545105
4786.83,0.4741089940071106
4791.25,0.4749529957771301
4795.68,0.4758419990539551
4800.13,0.47658801078796387
4804.57,0.4772050082683563
4809.03,0.4774419963359833
4813.5,0.47758200764656067
4817.97,0.47788500785827637
4822.45,0.478179007768631
4826.94,0.4779900014400482
4831.44,0.47808200120925903
4835.950000000001,0.478179007768631
4840.46,0.4779979884624481
4844.99,0.47775799036026
4849.52,0.47746598720550537
4854.0599999999995,0.47725799679756165
4858.61,0.47686299681663513
4863.17,0.4764930009841919
4867.73,0.4761179983615875
4872.3099999999995,0.4752349853515625
4876.89,0.4744330048561096
4881.48,0.47378700971603394
4886.08,0.47304201126098633
4890.6900000000005,0.4722689986228943
4895.31,0.47164401412010193
4899.94,0.4708099961280823
4904.57,0.4698759913444519
4909.22,0.4687289893627167
4913.87,0.46729201078414917
4918.53,0.4657289981842041
4923.21,0.4638639986515045
4927.88,0.46186599135398865
4932.57,0.45997700095176697
4937.2699999999995,0.45794299244880676
4941.9800000000005,0.4561010003089905
4946.6900000000005,0.45418301224708557
4951.42,0.4526669979095459
4956.15,0.45129698514938354
4960.9,0.44991499185562134
4965.650000000001,0.44881799817085266
4970.41,0.44799599051475525
4975.18,0.4470590054988861
4979.96,0.4460600018501282
4984.75,0.4454900026321411
4989.54,0.44484999775886536
4994.349999999999,0.44398799538612366
4999.17,0.44320499897003174
5003.99,0.44247400760650635
5008.83,0.4416700005531311
5013.67,0.440667986869812
5018.5199999999995,0.4393729865550995
5023.39,0.4381990134716034
5028.26,0.4372450113296509
5033.14,0.43626898527145386
5038.03,0.435467004776001
5042.93,0.43479999899864197
5047.84,0.43428900837898254
5052.76,0.4336709976196289
5057.69,0.4329180121421814
5062.63,0.43186700344085693
5067.580000000001,0.43063101172447205
5072.54,0.4292210042476654
5077.51,0.4275220036506653
5082.49,0.42552000284194946
5087.469999999999,0.4234350025653839
5092.469999999999,0.42106398940086365
5097.48,0.41882699728012085
5102.5,0.41674599051475525
5107.52,0.41491299867630005
5112.56,0.41351601481437683
5117.61,0.4130670130252838
5122.66,0.41354799270629883
5127.73,0.4146749973297119
5132.81,0.4165950119495392
5137.889999999999,0.4186890125274658
5142.99,0.4204210042953491
5148.1,0.4222629964351654
5153.22,0.4239720106124878
5158.34,0.4253700077533722
5163.48,0.42636099457740784
5168.63,0.42680200934410095
5173.79,0.42692598700523376
5178.96,0.4268369972705841
5184.13,0.42649298906326294
5189.320000000001,0.4259369969367981
5194.5199999999995,0.4247959852218628
5199.73,0.42365700006484985
5204.96,0.4224269986152649
5210.19,0.4208369851112366
5215.429999999999,0.4190259873867035
5220.679999999999,0.4169729948043823
5225.94,0.41455599665641785
5231.22,0.41179201006889343
5236.5,0.408486008644104
5241.79,0.4048300087451935
5247.099999999999,0.4006589949131012
5252.42,0.39611899852752686
5257.74,0.39142701029777527
5263.080000000001,0.38670700788497925
5268.43,0.38220399618148804
5273.79,0.3777390122413635
5279.16,0.37362998723983765
5284.54,0.37028801441192627
5289.93,0.36712199449539185
5295.34,0.36393898725509644
5300.75,0.3607729971408844
5306.18,0.35763999819755554
5311.61,0.3545379936695099
5317.0599999999995,0.3515779972076416
5322.5199999999995,0.34896498918533325
5327.99,0.3463039994239807
5333.47,0.3434329926967621
5338.96,0.34074699878692627
5344.47,0.3384949862957001
5349.9800000000005,0.3364900052547455
5355.51,0.3345530033111572
5361.049999999999,0.33248400688171387
5366.6,0.3305799961090088
5372.16,0.32852399349212646
5377.73,0.32627299427986145
5383.320000000001,0.32373398542404175
5388.91,0.3209969997406006
5394.52,0.3179689943790436
5400.14,0.31478801369667053
5405.77,0.31144800782203674
5411.41,0.3080059885978699
5417.07,0.3044709861278534
5422.74,0.301023006439209
5428.410000000001,0.2977539896965027
5434.1,0.2947399914264679
5439.8099999999995,0.2921789884567261
5445.52,0.29026100039482117
5451.25,0.28922298550605774
5456.98,0.2888700067996979
5462.73,0.289669007062912
5468.5,0.29159799218177795
5474.2699999999995,0.294607013463974
5480.0599999999995,0.29853299260139465
5485.86,0.3034150004386902
5491.67,0.308896005153656
5497.49,0.3145729899406433
5503.33,0.3202120065689087
5509.179999999999,0.3257719874382019
5515.04,0.33100900053977966
5520.91,0.3359549939632416
5526.799999999999,0.34049299359321594
5532.69,0.3448050022125244
5538.610000000001,0.3488929867744446
5544.53,0.35238999128341675
5550.469999999999,0.3554550111293793
5556.41,0.35866299271583557
5562.38,0.36174899339675903
5568.349999999999,0.3643819987773895
5574.34,0.3666979968547821
5580.339999999999,0.3685530126094818
5586.35,0.36999601125717163
5592.38,0.3714349865913391
5598.42,0.3727949857711792
5604.47,0.3737669885158539
5610.54,0.3740380108356476
5616.61,0.37396401166915894
5622.71,0.3739449977874756
5628.8099999999995,0.37396401166915894
5634.929999999999,0.373526006937027
5641.06,0.37285199761390686
5647.21,0.372312992811203
5653.360000000001,0.3717699944972992
5659.54,0.37159600853919983
5665.72,0.3713090121746063
5671.92,0.3711070120334625
5678.13,0.37123098969459534
5684.36,0.37097400426864624
5690.599999999999,0.3705720007419586
5696.85,0.37042298913002014
5703.12,0.37019801139831543
5709.4,0.36997199058532715
5715.6900000000005,0.3698830008506775
5722.0,0.36937499046325684
5728.33,0.36901599168777466
5734.66,0.36857300996780396
5741.01,0.3681110143661499
5747.38,0.3676599860191345
5753.76,0.3672510087490082
5760.150000000001,0.36680299043655396
5766.56,0.3665049970149994
5772.98,0.3663969933986664
5779.410000000001,0.36613500118255615
5785.86,0.3663080036640167
5792.33,0.36644598841667175
5798.8099999999995,0.36604899168014526
5805.3,0.36561501026153564
5811.81,0.36537298560142517
5818.33,0.36504998803138733
5824.87,0.3646720051765442
5831.419999999999,0.3641720116138458
5837.99,0.36363399028778076
5844.57,0.3633500039577484
5851.17,0.3631190061569214
5857.78,0.3631319999694824
5864.410000000001,0.3634830117225647
5871.05,0.3640710115432739
5877.7,0.3643909990787506
5884.38,0.36459800601005554
5891.06,0.36441799998283386
5897.76,0.3643850088119507
5904.4800000000005,0.3641499876976013
5911.21,0.3634769916534424
5917.96,0.36282700300216675
5924.7300000000005,0.3616270124912262
5931.5,0.36046499013900757
5938.3,0.3599089980125427
5945.11,0.359142005443573
5951.93,0.3577829897403717
5958.78,0.35697001218795776
5965.63,0.3560670018196106
5972.51,0.3551329970359802
5979.39,0.3542110025882721
5986.3,0.35294800996780396
5993.22,0.3515770137310028
6000.16,0.3501319885253906
6007.11,0.3488520085811615
6014.08,0.3477979898452759
6021.06,0.34697800874710083
6028.06,0.3463769853115082
6035.08,0.34631800651550293
6042.12,0.3460859954357147
6049.17,0.3454799950122833
6056.2300000000005,0.3446219861507416
6063.32,0.3435649871826172
6070.42,0.3427070081233978
6077.530000000001,0.3420250117778778
6084.67,0.34107398986816406
6091.820000000001,0.3404270112514496
6098.9800000000005,0.34023401141166687
6106.17,0.3400479853153229
6113.37,0.3397369980812073
6120.58,0.3395540118217468
6127.82,0.33924600481987
6135.07,0.33898600935935974
6142.34,0.3388429880142212
6149.63,0.3390440046787262
6156.93,0.3393059968948364
6164.25,0.33954599499702454
6171.59,0.3398649990558624
6178.950000000001,0.3402880132198334
6186.320000000001,0.34053900837898254
6193.71,0.340597003698349
6201.120000000001,0.34033501148223877
6208.54,0.34015899896621704
6215.99,0.340038001537323
6223.45,0.33956199884414673
6230.93,0.33880600333213806
6238.43,0.3380190134048462
6245.95,0.33698800206184387
6253.48,0.335644006729126
6261.03,0.3339560031890869
6268.6,0.33218199014663696
6276.19,0.33018800616264343
6283.8,0.32791799306869507
6291.43,0.32530900835990906
6299.070000000001,0.3224799931049347
6306.73,0.3192709982395172
6314.42,0.31587299704551697
6322.12,0.3121959865093231
6329.84,0.30833700299263
6337.570000000001,0.3043240010738373
6345.33,0.30064600706100464
6353.11,0.29687100648880005
6360.9,0.2932809889316559
6368.719999999999,0.2905130088329315
6376.55,0.28832998871803284
6384.400000000001,0.28620100021362305
6392.2699999999995,0.2842240035533905
6400.17,0.28252899646759033
6408.08,0.2813029885292053
6416.01,0.2806070148944855
6423.96,0.28000399470329285
6431.93,0.2799980044364929
6439.92,0.2808769941329956
6447.93,0.2818009853363037
6455.96,0.2829569876194
6464.01,0.28446701169013977
6472.08,0.28609299659729004
6480.17,0.28798601031303406
6488.28,0.289885014295578
6496.41,0.29193800687789917
6504.5599999999995,0.29370999336242676
6512.7300000000005,0.2955769896507263
6520.92,0.297109991312027
6529.14,0.29834601283073425
6537.37,0.29940301179885864
6545.63,0.2999480068683624
6553.9,0.30042099952697754
6562.2,0.30098599195480347
6570.509999999999,0.3012230098247528
6578.85,0.301362007856369
6587.21,0.30147698521614075
6595.589999999999,0.30184200406074524
6603.99,0.3024899959564209
6612.42,0.303303986787796
6620.860000000001,0.30423200130462646
6629.330000000001,0.3049300014972687
6637.82,0.3056190013885498
6646.33,0.3064889907836914
6654.860000000001,0.30706700682640076
6663.41,0.30765300989151
6671.99,0.3081800043582916
6680.589999999999,0.3081600069999695
6689.21,0.30827200412750244
6697.849999999999,0.3085789978504181
6706.509999999999,0.30873000621795654
6715.200000000001,0.3088040053844452
6723.91,0.30880698561668396
6732.64,0.3088949918746948
6741.4,0.3090269863605499
6750.18,0.30897900462150574
6758.9800000000005,0.3087950050830841
6767.8,0.3085879981517792
6776.65,0.3084549903869629
6785.52,0.3081980049610138
6794.41,0.30774998664855957
6803.33,0.3070470094680786
6812.2699999999995,0.3061780035495758
6821.23,0.30570700764656067
6830.219999999999,0.3052789866924286
6839.23,0.3046790063381195
6848.26,0.30435699224472046
6857.32,0.30428099632263184
6866.4,0.30435699224472046
6875.51,0.3047749996185303
6884.64,0.30542200803756714
6893.799999999999,0.30677199363708496
6902.9800000000005,0.3083310127258301
6912.18,0.30994299054145813
6921.41,0.31154900789260864
6930.66,0.31320399045944214
6939.94,0.31477099657058716
6949.24,0.31628599762916565
6958.57,0.317438006401062
6967.92,0.3185020089149475
6977.299999999999,0.31923699378967285
6986.7,0.3198550045490265
6996.13,0.32033899426460266
7005.59,0.32069799304008484
7015.07,0.32106998562812805
7024.57,0.3214859962463379
7034.099999999999,0.3219830095767975
7043.66,0.32256200909614563
7053.25,0.32319900393486023
7062.85,0.3237929940223694
7072.49,0.3241400122642517
7082.150000000001,0.3243879973888397
7091.84,0.32464998960494995
7101.549999999999,0.32471200823783875
7111.3,0.3247449994087219
7121.0599999999995,0.3247089982032776
7130.860000000001,0.3244670033454895
7140.679999999999,0.3243210017681122
7150.53,0.32416900992393494
7160.41,0.3240549862384796
7170.3099999999995,0.3240259885787964
7180.240000000001,0.32409700751304626
7190.2,0.3238910138607025
7200.1900000000005,0.32354500889778137
7210.200000000001,0.3230130076408386
7220.240000000001,0.322503000497818
7230.31,0.32214298844337463
7240.41,0.32155901193618774
7250.54,0.32068100571632385
7260.6900000000005,0.3199850022792816
7270.88,0.31950199604034424
7281.09,0.31888601183891296
7291.33,0.3180199861526489
7301.599999999999,0.3175419867038727
7311.9,0.3172990083694458
7322.219999999999,0.31707999110221863
7332.58,0.3169099986553192
7342.97,0.3167099952697754
7353.379999999999,0.31655600666999817
7363.83,0.3165450096130371
7374.3,0.3162569999694824
7384.8099999999995,0.3157469928264618
7395.34,0.31503599882125854
7405.910000000001,0.31426000595092773
7416.5,0.31332799792289734
7427.13,0.3120419979095459
7437.78,0.31071600317955017
7448.47,0.30927300453186035
7459.1900000000005,0.30751699209213257
7469.9400000000005,0.3056640028953552
7480.71,0.3035140037536621
7491.52,0.3011929988861084
7502.37,0.29861900210380554
7513.24,0.29584500193595886
7524.14,0.2930949926376343
7535.08,0.2901880145072937
7546.05,0.28719499707221985
7557.05,0.28418099880218506
7568.08,0.28131601214408875
7579.150000000001,0.27819201350212097
7590.24,0.2749580144882202
7601.37,0.2716529965400696
7612.53,0.26844099164009094
7623.7300000000005,0.2651729881763458
7634.96,0.2615259885787964
7646.219999999999,0.25793299078941345
7657.51,0.25436800718307495
7668.84,0.25060901045799255
7680.2,0.2468869984149933
7691.59,0.24323299527168274
7703.02,0.2395939975976944
7714.49,0.23615999519824982
7725.98,0.23269599676132202
7737.5199999999995,0.2291560024023056
7749.08,0.2255299985408783
7760.679999999999,0.22146199643611908
7772.32,0.2172050029039383
7783.99,0.21291999518871307
7795.69,0.20851700007915497
7807.43,0.20438100397586823
7819.21,0.20026299357414246
7831.0199999999995,0.19575800001621246
7842.87,0.19118499755859375
7854.75,0.18668299913406372
7866.67,0.1821880042552948
7878.62,0.17763200402259827
7890.62,0.17302200198173523
7902.64,0.16859300434589386
7914.71,0.16440799832344055
7926.8099999999995,0.16002899408340454
7938.95,0.1555279940366745
7951.13,0.15088200569152832
7963.339999999999,0.14625400304794312
7975.59,0.14158299565315247
7987.879999999999,0.13702699542045593
8000.209999999999,0.13239599764347076
8012.570000000001,0.127577006816864
8024.98,0.12287700176239014
8037.419999999999,0.1182750016450882
8049.899999999999,0.11332099884748459
8062.419999999999,0.10855700075626373
8074.9800000000005,0.10395099967718124
8087.57,0.09914399683475494
8100.210000000001,0.09441100060939789
8112.89,0.0897660031914711
8125.6,0.08520600199699402
8138.360000000001,0.08076599985361099
8151.160000000001,0.07630100101232529
8163.99,0.07191099971532822
8176.869999999999,0.06773500144481659
8189.79,0.0636179968714714
8202.75,0.05985499918460846
8215.75,0.05632700026035309
8228.79,0.05287700146436691
8241.87,0.049706000834703445
8254.99,0.04648900032043457
8268.16,0.043333999812603
8281.37,0.040502000600099564
8294.62,0.037953998893499374
8307.91,0.03543899953365326
8321.24,0.03327300027012825
8334.619999999999,0.03126100078225136
8348.039999999999,0.029531000182032585
8361.51,0.027977999299764633
8375.019999999999,0.026838000863790512
8388.57,0.026209000498056412
8402.16,0.025891000404953957
8415.800000000001,0.025800999253988266
8429.49,0.026148999109864235
8443.22,0.026969000697135925
8456.99,0.02833000011742115
8470.81,0.030215000733733177
8484.67,0.03281399980187416
8498.58,0.03613099828362465
8512.539999999999,0.04030999913811684
8526.54,0.04536699876189232
8540.58,0.051538001745939255
8554.68,0.058793000876903534
8568.82,0.06732399761676788
8583.0,0.07672499865293503
8597.24,0.0868770033121109
8611.52,0.09776400029659271
8625.85,0.10922800004482269
8640.230000000001,0.12092799693346024
8654.65,0.1326960027217865
8669.119999999999,0.14450299739837646
8683.640000000001,0.1562120020389557
8698.21,0.1674869954586029
8712.83,0.17824800312519073
8727.5,0.1883230060338974
8742.22,0.1974399983882904
8756.99,0.20537200570106506
8771.800000000001,0.2117059975862503
8786.67,0.2164749950170517
8801.589999999998,0.21968400478363037
8816.560000000001,0.22140799462795258
8831.58,0.22193700075149536
8846.65,0.22185300290584564
8861.77,0.22179999947547913
8876.939999999999,0.2214909940958023
8892.17,0.2204889953136444
8907.45,0.21884900331497192
8922.779999999999,0.2168319970369339
8938.16,0.21446000039577484
8953.6,0.21188199520111084
8969.09,0.20969100296497345
8984.640000000001,0.20782199501991272
9000.23,0.20622099936008453
9015.890000000001,0.20508000254631042
9031.59,0.20442600548267365
9047.359999999999,0.20441600680351257
9063.17,0.2043759971857071
9079.050000000001,0.20462900400161743
9094.97,0.20505300164222717
9110.960000000001,0.2055239975452423
9127.0,0.2064100056886673
9143.1,0.20732499659061432
9159.25,0.20801199972629547
9175.46,0.20813000202178955
9191.73,0.20739999413490295
9208.06,0.2053849995136261
9224.439999999999,0.20147399604320526
9240.880000000001,0.1958709955215454
9257.38,0.18877199292182922
9273.94,0.18117199838161469
9290.56,0.1746709942817688
9307.24,0.16959500312805176
9323.980000000001,0.16399799287319183
9340.78,0.1559869945049286
9357.64,0.1446949988603592
9374.57,0.13166899979114532
9391.550000000001,0.11988600343465805
9408.59,0.11084499955177307
9425.7,0.1042340025305748
9442.869999999999,0.0998930037021637
9460.1,0.09816399961709976
9477.4,0.09836100041866302
9494.75,0.10029599815607071
9512.17,0.10413199663162231
9529.66,0.10940500348806381
9547.21,0.11579299718141556
9564.83,0.122468002140522
9582.5,0.12989500164985657
9600.25,0.13856899738311768
9618.06,0.1489199995994568
9635.94,0.16088299453258514
9653.88,0.17313100397586823
9671.89,0.18359799683094025
9689.970000000001,0.19165700674057007
9708.119999999999,0.19742700457572937
9726.33,0.2005150020122528
9744.619999999999,0.20159600675106049
9762.97,0.20124199986457825
9781.39,0.20022299885749817
9799.88,0.19851000607013702
9818.44,0.19646300375461578
9837.070000000002,0.19423100352287292
9855.77,0.19120100140571594
9874.539999999999,0.1880120038986206
9893.39,0.18510599434375763
9912.3,0.18171800673007965
9931.29,0.1780170053243637
9950.36,0.1742050051689148
9969.49,0.1704999953508377
9988.699999999999,0.16708000004291534
10007.98,0.16422100365161896
10027.34,0.1616230010986328
10046.77,0.15909099578857422
10066.28,0.15695199370384216
10085.869999999999,0.15448600053787231
10105.53,0.15147900581359863
10125.26,0.14841799437999725
10145.08,0.14490100741386414
10164.970000000001,0.14070600271224976
10184.939999999999,0.13603000342845917
10204.99,0.13070200383663177
10225.12,0.12481000274419785
10245.33,0.11888100206851959
10265.61,0.11317499727010727
10285.98,0.10814300179481506
10306.43,0.10403399914503098
10326.96,0.1005219966173172
10347.57,0.097850002348423
10368.27,0.09599799662828445
10389.05,0.09493099898099899
10409.91,0.09477400034666061
10430.859999999999,0.095100998878479
10451.88,0.09586499631404877
10473.0,0.09733100235462189
10494.199999999999,0.0988830029964447
10515.49,0.10098399966955185
10536.86,0.10349400341510773
10558.32,0.10596899688243866
10579.869999999999,0.10862699896097183
10601.5,0.11115500330924988
10623.23,0.11343300342559814
10645.039999999999,0.11585000157356262
10666.94,0.11783300340175629
10688.94,0.11931800097227097
10711.02,0.12029600143432617
10733.2,0.120619997382164
10755.470000000001,0.1205340027809143
10777.83,0.1203479990363121
10800.28,0.11976899951696396
10822.83,0.11888100206851959
10845.470000000001,0.11788100004196167
10868.21,0.11698500066995621
10891.04,0.11600100249052048
10913.970000000001,0.11502400040626526
10936.99,0.11434999853372574
10960.119999999999,0.11422400176525116
10983.34,0.11435600370168686
11006.66,0.1141510009765625
11030.07,0.11380299925804138
11053.59,0.11354599893093109
11077.21,0.11285600066184998
11100.93,0.11196199804544449
11124.75,0.11089500039815903
11148.68,0.10954300314188004
11172.710000000001,0.10760000348091125
11196.84,0.1054840013384819
11221.07,0.1029840037226677
11245.41,0.1001959964632988
11269.859999999999,0.09738799929618835
11294.41,0.0948140025138855
11319.07,0.09251300245523453
11343.84,0.09000799804925919
11368.72,0.08754800260066986
11393.7,0.08611500263214111
11418.8,0.0851449966430664
11444.01,0.0846790000796318
11469.33,0.0846790000796318
11494.76,0.08529700338840485
11520.300000000001,0.08642400056123734
11545.96,0.08799800276756287
11571.730000000001,0.08985500037670135
11597.619999999999,0.09169600158929825
11623.62,0.09383399784564972
11649.74,0.09618400037288666
11675.98,0.09838200360536575
11702.34,0.10038899630308151
11728.81,0.10226999968290329
11755.41,0.10390199720859528
11782.130000000001,0.10544899851083755
11808.960000000001,0.10661700367927551
11835.92,0.1075349971652031
11863.009999999998,0.10831800103187561
11890.22,0.1086919978260994
11917.550000000001,0.10909300297498703
11945.01,0.10982000082731247
11972.6,0.11065500229597092
12000.310000000001,0.11183299869298935
12028.16,0.11326800286769867
12056.13,0.11432299762964249
12084.23,0.11414500325918198
12112.460000000001,0.11330199986696243
12140.83,0.11286800354719162
12169.33,0.11309199780225754
12197.960000000001,0.11352899670600891
12226.73,0.11386100202798843
12255.64,0.1143689975142479
12284.68,0.11452099680900574
12313.86,0.11408299952745438
12343.18,0.1133589968085289
12372.640000000001,0.11258400231599808
12402.240000000002,0.11166299879550934
12431.98,0.110555000603199
12461.86,0.10924000293016434
12491.89,0.10820800065994263
12522.07,0.10724800080060959
12552.38,0.10630100220441818
12582.85,0.10557399690151215
12613.47,0.10467500239610672
12644.23,0.10349299758672714
12675.15,0.10275600105524063
12706.210000000001,0.10221000015735626
12737.43,0.101453997194767
12768.81,0.10112400352954865
12800.33,0.1021599993109703
12832.02,0.10455799847841263
12863.86,0.10848800092935562
12895.86,0.11359699815511703
12928.02,0.11942599713802338
12960.34,0.12518399953842163
12992.82,0.1300020068883896
13025.460000000001,0.1335110068321228
13058.27,0.1358720064163208
13091.25,0.13704000413417816
13124.39,0.13716599345207214
13157.7,0.1364939957857132
13191.179999999998,0.1347140073776245
13224.83,0.13183900713920593
13258.660000000002,0.12827999889850616
13292.65,0.12422999739646912
13326.83,0.1201620027422905
13361.17,0.11724700033664703
13395.699999999999,0.11597699671983719
13430.400000000001,0.11633600294589996
13465.289999999999,0.11766000092029572
13500.349999999999,0.11895599961280823
13535.6,0.1198040023446083
13571.03,0.12039399892091751
13606.65,0.12124499678611755
13642.46,0.12262500077486038
13678.46,0.12421300262212753
13714.64,0.12606100738048553
13751.02,0.128371000289917
13787.59,0.130963996052742
13824.36,0.13368399441242218
13861.32,0.1369429975748062
13898.49,0.1402519941329956
13935.85,0.1433670073747635
13973.41,0.146573007106781
14011.17,0.14982099831104279
14049.15,0.1529349982738495
14087.32,0.1560869961977005
14125.71,0.1586969941854477
14164.300000000001,0.16118499636650085
14203.11,0.16356299817562103
14242.13,0.16585500538349152
14281.359999999999,0.16781200468540192
14320.81,0.16920499503612518
14360.49,0.17021100223064423
14400.380000000001,0.17070700228214264
14440.49,0.1705539971590042
14480.82,0.1699559986591339
14521.39,0.16923199594020844
14562.18,0.16912700235843658
14603.199999999999,0.16969500482082367
14644.45,0.17054499685764313
14685.93,0.17041100561618805
14727.66,0.16945700347423553
14769.619999999999,0.16737399995326996
14811.81,0.1638440042734146
14854.25,0.15877600014209747
14896.94,0.15282200276851654
14939.87,0.1473570019006729
14983.050000000001,0.14350399374961853
15026.48,0.14227500557899475
15070.16,0.14392800629138947
15114.1,0.14790500700473785
15158.289999999999,0.15361599624156952
15202.74,0.15897299349308014
15247.460000000001,0.1628119945526123
15292.43,0.16560499370098114
15337.68,0.16748200356960297
15383.19,0.1680150032043457
15428.97,0.1666799932718277
15475.03,0.16369499266147614
15521.359999999999,0.15885600447654724
15567.970000000001,0.15161100029945374
15614.869999999999,0.1420000046491623
15662.039999999999,0.13223600387573242
15709.5,0.12504799664020538
15757.25,0.12142500281333923
15805.289999999999,0.12263599783182144
15853.619999999999,0.12790900468826294
15902.26,0.133760005235672
15951.19,0.13770100474357605
16000.419999999998,0.13880200684070587
16049.949999999999,0.13794200122356415
16099.799999999997,0.13541699945926666
16149.95,0.13142700493335724
16200.420000000002,0.12655800580978394
16251.208999999999,0.12121199816465378
16302.311,0.1144310012459755
16353.741,0.10686299949884415
16405.491,0.0993409976363182
16457.569,0.09192699939012527
16509.979000000003,0.08515699952840805
16562.731,0.07941800355911255
16615.82,0.07422400265932083
16669.240999999998,0.0687209963798523
16723.021,0.06346400082111359
16777.14,0.058079998940229416
16831.61,0.05224199965596199
16886.431,0.04619399830698967
16941.62,0.040832001715898514
16997.16,0.036247000098228455
17053.08,0.03207999840378761
17109.36,0.029350999742746353
17166.01,0.028869999572634697
17223.04,0.03067700006067753
17280.451,0.035339999943971634
17338.239999999998,0.042576998472213745
17396.429,0.05191100016236305
17455.0,0.0630510002374649
17513.969,0.07572799921035767
17573.339,0.08941999822854996
17633.109999999997,0.1031079962849617
17693.290999999997,0.11717599630355835
17753.889,0.1312350034713745
17814.899,0.1434510052204132
17876.328999999998,0.15392300486564636
17938.181,0.16347000002861023
18000.468999999997,0.17173999547958374
18063.19,0.17905700206756592
18126.35,0.18508900701999664
18189.951,0.18993400037288666
18254.0,0.19307200610637665
18318.501,0.1946370005607605
18383.459,0.1945749968290329
18448.879,0.1935099959373474
18514.771,0.19143199920654297
18581.129,0.18803399801254272
18647.97,0.1833530068397522
18715.29,0.1787949949502945
18783.100000000002,0.17420600354671478
18851.4,0.16967299580574036
18920.2,0.1655929982662201
18989.51,0.1617799997329712
19059.32,0.15698400139808655
19129.65,0.15137000381946564
19200.5,0.14714600145816803
19271.878999999997,0.1427370011806488
19343.789999999997,0.13931700587272644
19416.240999999998,0.13804000616073608
19489.229000000003,0.13614599406719208
19562.771,0.13504399359226227
19636.880999999998,0.13661600649356842
19711.54,0.1399250030517578
19786.779,0.14598900079727173
19862.590999999997,0.1551010012626648
19938.98,0.1674260050058365
20015.961,0.18011699616909027
20093.55,0.19142000377178192
20171.73,0.2007260024547577
20250.530000000002,0.20844300091266632
20329.941000000003,0.2144860029220581
20409.981,0.21819500625133514
20490.649999999998,0.22026300430297852
20571.96,0.22093500196933746
20653.918999999998,0.22022399306297302
20736.54,0.2168010026216507
20819.82,0.2126220017671585
20903.77,0.20790299773216248
20988.399999999998,0.20166300237178802
21073.720999999998,0.19348900020122528
21159.731,0.1838420033454895
21246.46,0.17555299401283264
21333.891,0.16788099706172943
21422.041,0.15787799656391144
21510.929,0.14754599332809448
21600.559,0.13829000294208527
21690.941,0.1300169974565506
21782.08,0.12337400019168854
21873.989,0.11825200170278549
21966.668999999998,0.11276499927043915
22060.15,0.11058499664068222
22154.421,0.11257600039243698
22249.510000000002,0.1199909970164299
22345.409,0.13093000650405884
22442.141,0.14351299405097961
22539.721,0.15615199506282806
22638.14,0.16685199737548828
22737.431,0.17437000572681427
22837.601,0.17834199965000153
22938.649999999998,0.18238100409507751
23040.600000000002,0.18679200112819672
23143.459,0.1895119994878769
23247.24,0.1901489943265915
23351.959000000003,0.19001400470733643
23457.63,0.19134899973869324
23564.251,0.1927179992198944
23671.85,0.19372400641441345
23780.439000000002,0.1938609927892685
23890.02,0.19482000172138214
24000.629,0.1944980025291443
24112.261,0.19505199790000916
24224.93,0.1950639933347702
24338.659,0.19214899837970734
24453.47,0.18923699855804443
24569.361,0.1865600049495697
24686.359,0.18391400575637817
24804.469999999998,0.18233199417591095
24923.731,0.1807429939508438
25044.129999999997,0.18492700159549713
25165.71,0.18782900273799896
25288.46,0.1879419982433319
25412.43,0.1879960000514984
25537.609,0.19657599925994873
25664.04,0.2017280012369156
25791.719,0.2035830020904541
25920.679,0.2053389996290207
