Sample ID,Standard_00001
Species,Standard
Subgroup,Standard
Group,Standard
Library,EXM_MRS
Sample Description,spectralon only
Date Added,"02/20/2024,02/20/2024"
Viewing Geometry,
Other Information,"Acquired with 1    RS-3500_SN17580H8 [3]
Name: Instrument, dtype: object; 7,32,30,7,32,30 integration times; 10,10 scans averaged"
Composition,
Resolution,2.8nm@700nm 8nm@1500nm 6nm@2100nm
Grain Size,
Locality,
Database of Origin,ExoMars Mission Reference Samples
Wavelength,Response
350.0,0.991207
351.0,0.991571
352.0,0.9915550000000001
353.0,0.993347
354.0,0.995588
355.0,0.9964660000000001
356.0,0.997269
357.0,0.997671
358.0,0.996664
359.0,0.995963
360.0,0.995857
361.0,0.996577
362.0,0.9968720000000001
363.0,0.9962869999999999
364.0,0.996384
365.0,0.996574
366.0,0.9964740000000001
367.0,0.996666
368.0,0.9974580000000001
369.0,0.999443
370.0,0.99976
371.0,0.998797
372.0,0.998
373.0,0.996664
374.0,0.995004
375.0,0.995056
376.0,0.99437
377.0,0.992158
378.0,0.9915619999999999
379.0,0.9917549999999999
380.0,0.992222
381.0,0.9936499999999999
382.0,0.99543
383.0,0.996778
384.0,0.9975740000000001
385.0,0.9979819999999999
386.0,0.998428
387.0,0.998978
388.0,0.999445
389.0,0.998845
390.0,0.998343
391.0,0.998322
392.0,0.998854
393.0,0.999414
394.0,0.999768
395.0,0.999983
396.0,0.999956
397.0,0.999617
398.0,0.999104
399.0,0.998419
400.0,0.9975320000000001
401.0,0.997001
402.0,0.996944
403.0,0.9975459999999999
404.0,0.9983110000000001
405.0,0.999172
406.0,1.000267
407.0,1.000669
408.0,1.000331
409.0,1.000071
410.0,0.99993
411.0,0.999936
412.0,0.9996269999999999
413.0,0.999411
414.0,0.999512
415.0,0.9996510000000001
416.0,0.999647
417.0,0.999247
418.0,0.999186
419.0,0.999392
420.0,0.9997849999999999
421.0,0.9998980000000001
422.0,0.999876
423.0,1.000186
424.0,1.000215
425.0,1.000017
426.0,0.9998609999999999
427.0,0.999858
428.0,1.000024
429.0,1.0002849999999999
430.0,1.000535
431.0,1.000706
432.0,1.000559
433.0,1.000345
434.0,1.000217
435.0,1.00065
436.0,1.000874
437.0,1.0004439999999999
438.0,1.0001179999999998
439.0,0.999743
440.0,0.9992409999999999
441.0,0.999371
442.0,0.999724
443.0,0.9999469999999999
444.0,1.0002630000000001
445.0,1.000488
446.0,1.000384
447.0,0.9998659999999999
448.0,0.999371
449.0,0.999445
450.0,1.000101
451.0,1.000842
452.0,1.000432
453.0,1.000107
454.0,1.000002
455.0,1.0002
456.0,0.99996
457.0,0.999597
458.0,1.0004819999999999
459.0,1.000582
460.0,0.999808
461.0,0.999718
462.0,1.000041
463.0,1.000565
464.0,1.000529
465.0,1.000063
466.0,0.9994379999999999
467.0,0.999799
468.0,1.000038
469.0,0.999996
470.0,1.0000879999999999
471.0,1.000288
472.0,1.000559
473.0,1.00047
474.0,1.0004680000000001
475.0,1.000683
476.0,1.000564
477.0,1.0003520000000001
478.0,1.000176
479.0,1.000459
480.0,1.0005110000000002
481.0,1.00014
482.0,1.0004680000000001
483.0,1.000559
484.0,1.00014
485.0,1.000243
486.0,1.000424
487.0,1.000494
488.0,1.000171
489.0,1.00003
490.0,1.0002389999999999
491.0,0.9999030000000001
492.0,0.9998900000000001
493.0,1.000442
494.0,1.000437
495.0,1.0003199999999999
496.0,1.000243
497.0,1.0001900000000001
498.0,0.999993
499.0,0.99965
500.0,0.9999089999999999
501.0,1.000181
502.0,1.000235
503.0,1.000167
504.0,1.0001170000000001
505.0,1.000115
506.0,0.999867
507.0,0.999772
508.0,0.9998900000000001
509.0,1.000092
510.0,1.000379
511.0,1.000624
512.0,1.000264
513.0,1.000083
514.0,1.000195
515.0,1.000359
516.0,1.0002389999999999
517.0,0.999996
518.0,1.000126
519.0,1.000184
520.0,1.000168
521.0,1.0001550000000001
522.0,1.0002469999999999
523.0,1.0003140000000001
524.0,0.999974
525.0,0.999997
526.0,1.000184
527.0,1.000248
528.0,1.000171
529.0,1.000083
530.0,1.0001579999999999
531.0,1.00018
532.0,1.000152
533.0,1.000076
534.0,1.000275
535.0,1.000475
536.0,1.0004739999999999
537.0,1.000366
538.0,1.000296
539.0,1.000326
540.0,1.000428
541.0,1.000388
542.0,1.00021
543.0,1.000188
544.0,1.000188
545.0,1.000171
546.0,1.000097
547.0,1.0001120000000001
548.0,1.000152
549.0,1.000023
550.0,1.000013
551.0,1.000089
552.0,1.000194
553.0,1.000266
554.0,1.000249
555.0,1.0001
556.0,0.999881
557.0,0.9998560000000001
558.0,1.000115
559.0,1.000135
560.0,1.0001550000000001
561.0,1.000189
562.0,0.999978
563.0,1.0000390000000001
564.0,1.000258
565.0,1.000235
566.0,1.000055
567.0,0.999853
568.0,0.999844
569.0,1.000052
570.0,1.0001659999999999
571.0,0.999897
572.0,0.9999079999999999
573.0,0.999869
574.0,0.999661
575.0,0.999885
576.0,0.9999939999999999
577.0,0.999936
578.0,1.000111
579.0,1.000061
580.0,0.999928
581.0,1.000043
582.0,1.000127
583.0,1.000145
584.0,1.0000799999999999
585.0,1.000113
586.0,1.000178
587.0,1.000226
588.0,1.0001900000000001
589.0,1.000062
590.0,0.999931
591.0,1.000104
592.0,1.0001090000000001
593.0,1.000085
594.0,1.00025
595.0,1.000203
596.0,1.000119
597.0,1.000124
598.0,1.00018
599.0,1.0001229999999999
600.0,1.000002
601.0,1.000143
602.0,1.00018
603.0,1.000099
604.0,0.999949
605.0,1.000021
606.0,1.000136
607.0,1.000168
608.0,1.0002339999999998
609.0,1.00011
610.0,0.999888
611.0,1.000072
612.0,1.000102
613.0,1.000053
614.0,1.000056
615.0,1.000061
616.0,1.00004
617.0,1.0
618.0,1.000096
619.0,1.000077
620.0,1.000002
621.0,1.000104
622.0,1.000104
623.0,1.000047
624.0,1.0000010000000001
625.0,1.000065
626.0,0.999958
627.0,0.999735
628.0,0.9998319999999999
629.0,0.9999379999999999
630.0,1.000017
631.0,1.000055
632.0,1.0001579999999999
633.0,1.000205
634.0,1.000141
635.0,1.000022
636.0,1.0000499999999999
637.0,1.0001550000000001
638.0,1.0001579999999999
639.0,1.000013
640.0,0.999927
641.0,1.0
642.0,1.000093
643.0,1.000207
644.0,1.0002280000000001
645.0,0.999961
646.0,1.000025
647.0,1.000151
648.0,1.000177
649.0,1.0000799999999999
650.0,1.000099
651.0,1.00017
652.0,1.00011
653.0,1.000209
654.0,1.000334
655.0,1.000378
656.0,1.000216
657.0,1.000044
658.0,0.999915
659.0,0.99988
660.0,1.000186
661.0,1.000333
662.0,1.000278
663.0,1.000437
664.0,1.000227
665.0,1.0000660000000001
666.0,1.000223
667.0,1.0002339999999998
668.0,1.0002
669.0,1.000175
670.0,1.000229
671.0,1.000211
672.0,1.00011
673.0,1.0
674.0,1.000099
675.0,1.000127
676.0,1.000137
677.0,1.000192
678.0,1.0002119999999999
679.0,1.000116
680.0,0.999987
681.0,0.999988
682.0,1.000267
683.0,1.00029
684.0,1.0000740000000001
685.0,1.000214
686.0,1.000164
687.0,1.000049
688.0,1.0
689.0,0.9999979999999999
690.0,1.000005
691.0,0.9999850000000001
692.0,0.999923
693.0,1.0000419999999999
694.0,1.000013
695.0,0.9999439999999999
696.0,1.000137
697.0,1.000111
698.0,1.000026
699.0,1.000034
700.0,1.000334
701.0,1.000201
702.0,1.000065
703.0,1.000148
704.0,1.00027
705.0,1.000162
706.0,1.000098
707.0,1.0002039999999999
708.0,0.999875
709.0,0.999756
710.0,0.999879
711.0,1.000132
712.0,1.000199
713.0,1.0001220000000002
714.0,1.000095
715.0,1.00026
716.0,1.000149
717.0,1.000195
718.0,1.000243
719.0,1.00013
720.0,1.000182
721.0,1.000176
722.0,1.000119
723.0,1.000067
724.0,0.9999410000000001
725.0,1.000055
726.0,1.000199
727.0,1.000069
728.0,1.000124
729.0,1.00014
730.0,1.000153
731.0,1.000211
732.0,1.000219
733.0,1.000184
734.0,1.000092
735.0,1.0
736.0,1.000311
737.0,1.0003090000000001
738.0,1.000248
739.0,1.000305
740.0,1.000098
741.0,1.000181
742.0,1.000268
743.0,1.000273
744.0,1.000362
745.0,1.00041
746.0,1.000291
747.0,1.000069
748.0,0.999991
749.0,1.000294
750.0,1.0003870000000001
751.0,1.000252
752.0,1.000097
753.0,1.0000069999999999
754.0,1.000053
755.0,1.000084
756.0,0.999987
757.0,0.9998130000000001
758.0,1.000013
759.0,0.9999439999999999
760.0,0.999776
761.0,1.000458
762.0,1.000291
763.0,1.00021
764.0,1.000346
765.0,1.000494
766.0,1.000183
767.0,1.0000010000000001
768.0,1.000099
769.0,1.000317
770.0,1.000304
771.0,1.00022
772.0,1.000256
773.0,1.000246
774.0,1.0
775.0,1.0002719999999998
776.0,1.000194
777.0,1.000041
778.0,1.000016
779.0,1.0001900000000001
780.0,1.000222
781.0,1.0000419999999999
782.0,0.999849
783.0,0.999803
784.0,0.999887
785.0,1.000136
786.0,1.000134
787.0,0.999965
788.0,0.9999030000000001
789.0,0.999983
790.0,1.000068
791.0,1.000087
792.0,1.000194
793.0,1.00052
794.0,0.999872
795.0,0.999897
796.0,0.999978
797.0,0.9998640000000001
798.0,0.999798
799.0,1.000141
800.0,1.000364
801.0,1.0003279999999999
802.0,1.000211
803.0,1.000298
804.0,0.9999439999999999
805.0,0.999953
806.0,0.99994
807.0,1.000002
808.0,1.000414
809.0,1.000143
810.0,1.0000799999999999
811.0,1.000202
812.0,1.000338
813.0,1.0003199999999999
814.0,1.000222
815.0,1.000318
816.0,1.000268
817.0,1.0003149999999998
818.0,1.000412
819.0,0.99988
820.0,0.99985
821.0,1.0001179999999998
822.0,1.000299
823.0,1.000179
824.0,0.999855
825.0,0.9998699999999999
826.0,0.999776
827.0,0.99949
828.0,0.999774
829.0,1.00048
830.0,1.000426
831.0,0.9997459999999999
832.0,1.000335
833.0,1.0004330000000001
834.0,1.0000790000000002
835.0,0.999965
836.0,0.999845
837.0,1.0003959999999998
838.0,1.000515
839.0,1.000364
840.0,1.000558
841.0,1.000895
842.0,0.9998309999999999
843.0,0.999962
844.0,1.000548
845.0,1.000912
846.0,1.000532
847.0,1.000038
848.0,1.000318
849.0,0.999262
850.0,1.0004330000000001
851.0,0.999891
852.0,0.9999439999999999
853.0,1.0004819999999999
854.0,1.000321
855.0,0.9997799999999999
856.0,0.9999800000000001
857.0,1.000221
858.0,0.999769
859.0,0.99976
860.0,0.999952
861.0,0.999841
862.0,1.0002
863.0,0.999786
864.0,1.000508
865.0,1.000086
866.0,0.99984
867.0,1.000014
868.0,1.000005
869.0,0.999987
870.0,0.999791
871.0,0.9999850000000001
872.0,0.9998130000000001
873.0,1.00009
874.0,1.000028
875.0,0.999753
876.0,0.999837
877.0,0.9999979999999999
878.0,0.9997880000000001
879.0,0.9989570000000001
880.0,0.999593
881.0,0.999867
882.0,0.999398
883.0,0.999297
884.0,0.999482
885.0,0.9995189999999999
886.0,1.000675
887.0,1.0
888.0,0.999792
889.0,0.999556
890.0,0.999691
891.0,0.9997469999999999
892.0,1.000026
893.0,0.9999089999999999
894.0,0.999503
895.0,1.0005
896.0,1.000256
897.0,1.000694
898.0,0.999152
899.0,0.99941
900.0,1.000087
901.0,1.000367
902.0,0.999417
903.0,0.998907
904.0,0.999479
905.0,0.999771
906.0,0.999869
907.0,1.000559
908.0,1.000423
909.0,0.9992409999999999
910.0,1.000194
911.0,1.000274
912.0,1.000312
913.0,0.9995449999999999
914.0,1.000405
915.0,1.000332
916.0,1.000246
917.0,1.000743
918.0,1.000928
919.0,1.000713
920.0,1.000202
921.0,0.9999290000000001
922.0,0.999693
923.0,1.000059
924.0,1.000638
925.0,0.999656
926.0,1.0
927.0,1.000718
928.0,1.000064
929.0,0.999683
930.0,0.999213
931.0,0.999849
932.0,1.000278
933.0,1.001164
934.0,1.0003579999999999
935.0,0.9999039999999999
936.0,1.000412
937.0,0.999339
938.0,0.9984059999999999
939.0,0.999305
940.0,1.000056
941.0,1.000459
942.0,0.998635
943.0,0.998048
944.0,0.999642
945.0,0.999653
946.0,1.000264
947.0,1.000399
948.0,0.999753
949.0,0.9994299999999999
950.0,0.9992709999999999
951.0,0.9982460000000001
952.0,0.99851
953.0,0.9997410000000001
954.0,0.9983629999999999
955.0,0.998854
956.0,0.999618
957.0,0.998783
958.0,1.000021
959.0,1.000217
960.0,0.998046
961.0,0.99807
962.0,0.999773
963.0,1.000129
964.0,0.9988859999999999
965.0,0.999897
966.0,1.0004680000000001
967.0,0.999181
968.0,1.001992
969.0,0.998571
970.0,1.000243
971.0,1.000129
972.0,1.000777
973.0,1.002782
974.0,1.002167
975.0,0.998985
976.0,1.003165
977.0,1.005175
978.0,0.998764
979.0,1.00134
980.0,1.001091
981.0,1.001165
982.0,1.0011539999999999
983.0,1.0010890000000001
984.0,1.001018
985.0,1.00094
986.0,1.000855
987.0,1.000763
988.0,1.0006650000000001
989.0,1.00056
990.0,1.000449
991.0,1.00033
992.0,1.000206
993.0,1.0000740000000001
994.0,0.999936
995.0,0.999857
996.0,0.999873
997.0,0.9998900000000001
998.0,0.999907
999.0,0.999924
1000.0,0.9999410000000001
1001.0,0.999957
1002.0,0.999973
1003.0,0.999987
1004.0,1.000002
1005.0,1.000023
1006.0,1.000057
1007.0,1.000103
1008.0,1.0001470000000001
1009.0,1.000172
1010.0,1.000164
1011.0,1.0001309999999999
1012.0,1.000097
1013.0,1.000084
1014.0,1.000111
1015.0,1.000165
1016.0,1.00022
1017.0,1.000251
1018.0,1.000248
1019.0,1.000225
1020.0,1.000193
1021.0,1.0001659999999999
1022.0,1.000137
1023.0,1.000103
1024.0,1.0000799999999999
1025.0,1.000084
1026.0,1.000133
1027.0,1.00021
1028.0,1.000283
1029.0,1.000323
1030.0,1.000327
1031.0,1.0003090000000001
1032.0,1.000274
1033.0,1.000226
1034.0,1.000152
1035.0,1.000061
1036.0,0.999974
1037.0,0.9999129999999999
1038.0,0.999875
1039.0,0.9998520000000001
1040.0,0.999844
1041.0,0.999851
1042.0,0.999879
1043.0,0.999921
1044.0,0.999971
1045.0,1.00002
1046.0,1.000076
1047.0,1.000136
1048.0,1.000193
1049.0,1.0002419999999999
1050.0,1.000286
1051.0,1.000325
1052.0,1.0003549999999999
1053.0,1.000372
1054.0,1.000377
1055.0,1.000373
1056.0,1.000364
1057.0,1.000353
1058.0,1.000335
1059.0,1.0003140000000001
1060.0,1.000292
1061.0,1.000273
1062.0,1.000254
1063.0,1.000235
1064.0,1.000216
1065.0,1.000199
1066.0,1.000186
1067.0,1.00017
1068.0,1.000145
1069.0,1.000101
1070.0,1.00004
1071.0,0.9999790000000001
1072.0,0.999934
1073.0,0.9999129999999999
1074.0,0.999906
1075.0,0.999911
1076.0,0.99993
1077.0,0.999966
1078.0,1.000022
1079.0,1.000083
1080.0,1.000135
1081.0,1.000177
1082.0,1.000216
1083.0,1.000248
1084.0,1.000269
1085.0,1.000274
1086.0,1.000267
1087.0,1.000262
1088.0,1.0002719999999998
1089.0,1.000308
1090.0,1.0003549999999999
1091.0,1.000392
1092.0,1.0004
1093.0,1.000378
1094.0,1.000338
1095.0,1.000293
1096.0,1.000256
1097.0,1.000219
1098.0,1.000183
1099.0,1.00015
1100.0,1.000124
1101.0,1.000102
1102.0,1.000085
1103.0,1.000072
1104.0,1.000063
1105.0,1.000058
1106.0,1.000058
1107.0,1.000063
1108.0,1.000071
1109.0,1.000084
1110.0,1.000101
1111.0,1.0001220000000002
1112.0,1.000151
1113.0,1.000191
1114.0,1.00023
1115.0,1.000255
1116.0,1.000255
1117.0,1.0002360000000001
1118.0,1.000211
1119.0,1.000192
1120.0,1.0001900000000001
1121.0,1.0001980000000001
1122.0,1.000202
1123.0,1.0001900000000001
1124.0,1.00015
1125.0,1.000092
1126.0,1.000035
1127.0,0.9999979999999999
1128.0,0.9999859999999999
1129.0,0.999989
1130.0,0.999997
1131.0,1.0
1132.0,1.000004
1133.0,1.000009
1134.0,1.000008
1135.0,0.9999939999999999
1136.0,0.999958
1137.0,0.999914
1138.0,0.999881
1139.0,0.999876
1140.0,0.999893
1141.0,0.999927
1142.0,0.999973
1143.0,1.000032
1144.0,1.000115
1145.0,1.000206
1146.0,1.000287
1147.0,1.000345
1148.0,1.0003950000000001
1149.0,1.000429
1150.0,1.0004389999999999
1151.0,1.000412
1152.0,1.000346
1153.0,1.000266
1154.0,1.0001959999999999
1155.0,1.00015
1156.0,1.000113
1157.0,1.000084
1158.0,1.000063
1159.0,1.000053
1160.0,1.000053
1161.0,1.000058
1162.0,1.000061
1163.0,1.000061
1164.0,1.000061
1165.0,1.000061
1166.0,1.000061
1167.0,1.000061
1168.0,1.000061
1169.0,1.000061
1170.0,1.00006
1171.0,1.000056
1172.0,1.000052
1173.0,1.000054
1174.0,1.000069
1175.0,1.000107
1176.0,1.00015
1177.0,1.000178
1178.0,1.000169
1179.0,1.000119
1180.0,1.000055
1181.0,1.0000069999999999
1182.0,0.9999939999999999
1183.0,1.000003
1184.0,1.000025
1185.0,1.000054
1186.0,1.000095
1187.0,1.0001550000000001
1188.0,1.000211
1189.0,1.0002389999999999
1190.0,1.000216
1191.0,1.000156
1192.0,1.000093
1193.0,1.00006
1194.0,1.000073
1195.0,1.000113
1196.0,1.000156
1197.0,1.000181
1198.0,1.000187
1199.0,1.000185
1200.0,1.00018
1201.0,1.000178
1202.0,1.000184
1203.0,1.0001900000000001
1204.0,1.000186
1205.0,1.000165
1206.0,1.000124
1207.0,1.000072
1208.0,1.000019
1209.0,0.999969
1210.0,0.999911
1211.0,0.999858
1212.0,0.9998279999999999
1213.0,0.999837
1214.0,0.9998779999999999
1215.0,0.999936
1216.0,0.999995
1217.0,1.0000499999999999
1218.0,1.000111
1219.0,1.000172
1220.0,1.0002280000000001
1221.0,1.0002849999999999
1222.0,1.0003440000000001
1223.0,1.000386
1224.0,1.0003950000000001
1225.0,1.000361
1226.0,1.000296
1227.0,1.00022
1228.0,1.000148
1229.0,1.00006
1230.0,0.999969
1231.0,0.9999030000000001
1232.0,0.999891
1233.0,0.9999410000000001
1234.0,1.00002
1235.0,1.000093
1236.0,1.00013
1237.0,1.00015
1238.0,1.000159
1239.0,1.000165
1240.0,1.000169
1241.0,1.000167
1242.0,1.000164
1243.0,1.000165
1244.0,1.000177
1245.0,1.000195
1246.0,1.0002119999999999
1247.0,1.000218
1248.0,1.000211
1249.0,1.000194
1250.0,1.000175
1251.0,1.000159
1252.0,1.000141
1253.0,1.0001220000000002
1254.0,1.0001090000000001
1255.0,1.000108
1256.0,1.0001229999999999
1257.0,1.000144
1258.0,1.000157
1259.0,1.000149
1260.0,1.000119
1261.0,1.000082
1262.0,1.000055
1263.0,1.000051
1264.0,1.000063
1265.0,1.000082
1266.0,1.000099
1267.0,1.0001170000000001
1268.0,1.0001390000000001
1269.0,1.000154
1270.0,1.000149
1271.0,1.000105
1272.0,1.0000369999999998
1273.0,0.999974
1274.0,0.9999509999999999
1275.0,0.9999769999999999
1276.0,1.000028
1277.0,1.0000790000000002
1278.0,1.000104
1279.0,1.0001120000000001
1280.0,1.00011
1281.0,1.000101
1282.0,1.000085
1283.0,1.000054
1284.0,1.000021
1285.0,1.0000010000000001
1286.0,1.0000069999999999
1287.0,1.000032
1288.0,1.0000660000000001
1289.0,1.000094
1290.0,1.0001120000000001
1291.0,1.000128
1292.0,1.00014
1293.0,1.000144
1294.0,1.00014
1295.0,1.000129
1296.0,1.0001120000000001
1297.0,1.0000879999999999
1298.0,1.000048
1299.0,1.000003
1300.0,0.999964
1301.0,0.9999429999999999
1302.0,0.999932
1303.0,0.999931
1304.0,0.9999429999999999
1305.0,0.999974
1306.0,1.000029
1307.0,1.000092
1308.0,1.0001390000000001
1309.0,1.000157
1310.0,1.0001550000000001
1311.0,1.0001470000000001
1312.0,1.000145
1313.0,1.000156
1314.0,1.000171
1315.0,1.000186
1316.0,1.0001959999999999
1317.0,1.0002
1318.0,1.000201
1319.0,1.0001980000000001
1320.0,1.000192
1321.0,1.000177
1322.0,1.0001600000000002
1323.0,1.000148
1324.0,1.000149
1325.0,1.0001579999999999
1326.0,1.000174
1327.0,1.000193
1328.0,1.000217
1329.0,1.00025
1330.0,1.00028
1331.0,1.000297
1332.0,1.000296
1333.0,1.000284
1334.0,1.000265
1335.0,1.000245
1336.0,1.00022
1337.0,1.000191
1338.0,1.000164
1339.0,1.000143
1340.0,1.000129
1341.0,1.0001179999999998
1342.0,1.000107
1343.0,1.000092
1344.0,1.00007
1345.0,1.000052
1346.0,1.000049
1347.0,1.000073
1348.0,1.000119
1349.0,1.000172
1350.0,1.000216
1351.0,1.000259
1352.0,1.000302
1353.0,1.0003279999999999
1354.0,1.000322
1355.0,1.0002760000000002
1356.0,1.000206
1357.0,1.0001390000000001
1358.0,1.000092
1359.0,1.000056
1360.0,1.000026
1361.0,1.000005
1362.0,0.999996
1363.0,1.000005
1364.0,1.000014
1365.0,1.000003
1366.0,0.999954
1367.0,0.99988
1368.0,0.999806
1369.0,0.999761
1370.0,0.9997419999999999
1371.0,0.999739
1372.0,0.999752
1373.0,0.9997830000000001
1374.0,0.999846
1375.0,0.999921
1376.0,0.999984
1377.0,1.000014
1378.0,1.000023
1379.0,1.000017
1380.0,1.000003
1381.0,0.9999769999999999
1382.0,0.999934
1383.0,0.9998940000000001
1384.0,0.999879
1385.0,0.999896
1386.0,0.999932
1387.0,0.999974
1388.0,1.00001
1389.0,1.000041
1390.0,1.000073
1391.0,1.000105
1392.0,1.00014
1393.0,1.000185
1394.0,1.000226
1395.0,1.000245
1396.0,1.000224
1397.0,1.000171
1398.0,1.0001090000000001
1399.0,1.000061
1400.0,1.000032
1401.0,1.000009
1402.0,0.999999
1403.0,1.000004
1404.0,1.000035
1405.0,1.0000790000000002
1406.0,1.000114
1407.0,1.0001229999999999
1408.0,1.00011
1409.0,1.000087
1410.0,1.000065
1411.0,1.000044
1412.0,1.000017
1413.0,0.9999979999999999
1414.0,1.0
1415.0,1.0000369999999998
1416.0,1.000098
1417.0,1.000157
1418.0,1.0001900000000001
1419.0,1.000197
1420.0,1.000192
1421.0,1.000185
1422.0,1.000184
1423.0,1.000182
1424.0,1.000181
1425.0,1.000184
1426.0,1.0001959999999999
1427.0,1.000215
1428.0,1.000235
1429.0,1.000249
1430.0,1.000253
1431.0,1.000253
1432.0,1.00025
1433.0,1.00025
1434.0,1.000254
1435.0,1.000258
1436.0,1.000255
1437.0,1.000237
1438.0,1.000206
1439.0,1.000169
1440.0,1.000132
1441.0,1.000094
1442.0,1.000049
1443.0,1.000013
1444.0,1.0
1445.0,1.000025
1446.0,1.000072
1447.0,1.000114
1448.0,1.000128
1449.0,1.000115
1450.0,1.00009
1451.0,1.000068
1452.0,1.000059
1453.0,1.000052
1454.0,1.000052
1455.0,1.000062
1456.0,1.000092
1457.0,1.000138
1458.0,1.000179
1459.0,1.000192
1460.0,1.00017
1461.0,1.000129
1462.0,1.000084
1463.0,1.000046
1464.0,1.000006
1465.0,0.999968
1466.0,0.9999389999999999
1467.0,0.999923
1468.0,0.999915
1469.0,0.999917
1470.0,0.999935
1471.0,0.9999809999999999
1472.0,1.000047
1473.0,1.000107
1474.0,1.000134
1475.0,1.000119
1476.0,1.000087
1477.0,1.000065
1478.0,1.000076
1479.0,1.0001090000000001
1480.0,1.000152
1481.0,1.000194
1482.0,1.000235
1483.0,1.000282
1484.0,1.000319
1485.0,1.000329
1486.0,1.0003090000000001
1487.0,1.00027
1488.0,1.000222
1489.0,1.000173
1490.0,1.000107
1491.0,1.0000419999999999
1492.0,1.000003
1493.0,1.00001
1494.0,1.000056
1495.0,1.000107
1496.0,1.000134
1497.0,1.0001220000000002
1498.0,1.000092
1499.0,1.000069
1500.0,1.0000740000000001
1501.0,1.00011
1502.0,1.0001579999999999
1503.0,1.000197
1504.0,1.000214
1505.0,1.000218
1506.0,1.000214
1507.0,1.000206
1508.0,1.000189
1509.0,1.000164
1510.0,1.000144
1511.0,1.00014
1512.0,1.000154
1513.0,1.000179
1514.0,1.0002039999999999
1515.0,1.0002280000000001
1516.0,1.000257
1517.0,1.00028
1518.0,1.0002849999999999
1519.0,1.000262
1520.0,1.000221
1521.0,1.000173
1522.0,1.0001309999999999
1523.0,1.000084
1524.0,1.0000390000000001
1525.0,1.000006
1526.0,1.000003
1527.0,1.000032
1528.0,1.000065
1529.0,1.0000740000000001
1530.0,1.00003
1531.0,0.9999509999999999
1532.0,0.99988
1533.0,0.999855
1534.0,0.999876
1535.0,0.999924
1536.0,0.9999790000000001
1537.0,1.000034
1538.0,1.000105
1539.0,1.000172
1540.0,1.000215
1541.0,1.000221
1542.0,1.0002
1543.0,1.000167
1544.0,1.000135
1545.0,1.00009
1546.0,1.0000419999999999
1547.0,1.0000069999999999
1548.0,0.999999
1549.0,1.000016
1550.0,1.000044
1551.0,1.00007
1552.0,1.000094
1553.0,1.00012
1554.0,1.00014
1555.0,1.000145
1556.0,1.00014
1557.0,1.0001229999999999
1558.0,1.000091
1559.0,1.000032
1560.0,0.999934
1561.0,0.999837
1562.0,0.999781
1563.0,0.999786
1564.0,0.999829
1565.0,0.999888
1566.0,0.9999429999999999
1567.0,1.0000069999999999
1568.0,1.0000749999999998
1569.0,1.000133
1570.0,1.000171
1571.0,1.000195
1572.0,1.00021
1573.0,1.000221
1574.0,1.000227
1575.0,1.000226
1576.0,1.000223
1577.0,1.000223
1578.0,1.000226
1579.0,1.000229
1580.0,1.000226
1581.0,1.000217
1582.0,1.000207
1583.0,1.000185
1584.0,1.000144
1585.0,1.000062
1586.0,0.999959
1587.0,0.999873
1588.0,0.99984
1589.0,0.999855
1590.0,0.999891
1591.0,0.999921
1592.0,0.99993
1593.0,0.9999330000000001
1594.0,0.99993
1595.0,0.999921
1596.0,0.999912
1597.0,0.999896
1598.0,0.9998650000000001
1599.0,0.999802
1600.0,0.9996970000000001
1601.0,0.9995919999999999
1602.0,0.999532
1603.0,0.999526
1604.0,0.999555
1605.0,0.999619
1606.0,0.999724
1607.0,0.999911
1608.0,1.000127
1609.0,1.00029
1610.0,1.0003360000000001
1611.0,1.000295
1612.0,1.000218
1613.0,1.000156
1614.0,1.000101
1615.0,1.000044
1616.0,1.000006
1617.0,1.000005
1618.0,1.000041
1619.0,1.000096
1620.0,1.000157
1621.0,1.000229
1622.0,1.000317
1623.0,1.000389
1624.0,1.000413
1625.0,1.000384
1626.0,1.000326
1627.0,1.000264
1628.0,1.000214
1629.0,1.000157
1630.0,1.000108
1631.0,1.000083
1632.0,1.0001
1633.0,1.0001390000000001
1634.0,1.000168
1635.0,1.000157
1636.0,1.000108
1637.0,1.000047
1638.0,1.000003
1639.0,0.999984
1640.0,0.9999790000000001
1641.0,0.9999859999999999
1642.0,1.000009
1643.0,1.000054
1644.0,1.00011
1645.0,1.000162
1646.0,1.000197
1647.0,1.000221
1648.0,1.0002419999999999
1649.0,1.000265
1650.0,1.0003
1651.0,1.000339
1652.0,1.000356
1653.0,1.00033
1654.0,1.000253
1655.0,1.0001609999999999
1656.0,1.000093
1657.0,1.000064
1658.0,1.000056
1659.0,1.000068
1660.0,1.000105
1661.0,1.000194
1662.0,1.000299
1663.0,1.000359
1664.0,1.000321
1665.0,1.0001980000000001
1666.0,1.000064
1667.0,0.999993
1668.0,0.999989
1669.0,1.000021
1670.0,1.000071
1671.0,1.000132
1672.0,1.000224
1673.0,1.000316
1674.0,1.000372
1675.0,1.000372
1676.0,1.000339
1677.0,1.000298
1678.0,1.000269
1679.0,1.000244
1680.0,1.000218
1681.0,1.000193
1682.0,1.000164
1683.0,1.000134
1684.0,1.000108
1685.0,1.000093
1686.0,1.000089
1687.0,1.000093
1688.0,1.000096
1689.0,1.000093
1690.0,1.000084
1691.0,1.000084
1692.0,1.000104
1693.0,1.000159
1694.0,1.000229
1695.0,1.000286
1696.0,1.00031
1697.0,1.000312
1698.0,1.000305
1699.0,1.000301
1700.0,1.0003090000000001
1701.0,1.000317
1702.0,1.000313
1703.0,1.000281
1704.0,1.000223
1705.0,1.000157
1706.0,1.000102
1707.0,1.000057
1708.0,1.000017
1709.0,0.9999979999999999
1710.0,1.0000149999999999
1711.0,1.000081
1712.0,1.0001579999999999
1713.0,1.000207
1714.0,1.0002039999999999
1715.0,1.000171
1716.0,1.000128
1717.0,1.000093
1718.0,1.000059
1719.0,1.000026
1720.0,1.000002
1721.0,0.9999899999999999
1722.0,0.9999859999999999
1723.0,0.999991
1724.0,1.000006
1725.0,1.000038
1726.0,1.000076
1727.0,1.000106
1728.0,1.000116
1729.0,1.00011
1730.0,1.000106
1731.0,1.0001179999999998
1732.0,1.000154
1733.0,1.000197
1734.0,1.000225
1735.0,1.000217
1736.0,1.00018
1737.0,1.000137
1738.0,1.000111
1739.0,1.000097
1740.0,1.000093
1741.0,1.000106
1742.0,1.000156
1743.0,1.000249
1744.0,1.00033
1745.0,1.0003440000000001
1746.0,1.0002769999999999
1747.0,1.000164
1748.0,1.0000360000000001
1749.0,0.9998980000000001
1750.0,0.999719
1751.0,0.99957
1752.0,0.9995269999999999
1753.0,0.9996299999999999
1754.0,0.999808
1755.0,0.999969
1756.0,1.000055
1757.0,1.0001120000000001
1758.0,1.000135
1759.0,1.000113
1760.0,1.000018
1761.0,0.999885
1762.0,0.999774
1763.0,0.999725
1764.0,0.999714
1765.0,0.999727
1766.0,0.99976
1767.0,0.999833
1768.0,0.999924
1769.0,0.999991
1770.0,0.999995
1771.0,0.9999469999999999
1772.0,0.999892
1773.0,0.9998739999999999
1774.0,0.9999129999999999
1775.0,0.99997
1776.0,1.000002
1777.0,0.999968
1778.0,0.999882
1779.0,0.9997880000000001
1780.0,0.999731
1781.0,0.9997069999999999
1782.0,0.9997029999999999
1783.0,0.999722
1784.0,0.999771
1785.0,0.999853
1786.0,0.9999420000000001
1787.0,1.000011
1788.0,1.000052
1789.0,1.000084
1790.0,1.000126
1791.0,1.000201
1792.0,1.000301
1793.0,1.000388
1794.0,1.000423
1795.0,1.0004
1796.0,1.000347
1797.0,1.000293
1798.0,1.0002469999999999
1799.0,1.000194
1800.0,1.000153
1801.0,1.0001470000000001
1802.0,1.000186
1803.0,1.000244
1804.0,1.000288
1805.0,1.0003090000000001
1806.0,1.000319
1807.0,1.00031
1808.0,1.000269
1809.0,1.000184
1810.0,1.000084
1811.0,1.0
1812.0,0.9999429999999999
1813.0,0.9998980000000001
1814.0,0.9998650000000001
1815.0,0.999843
1816.0,0.999834
1817.0,0.999837
1818.0,0.999853
1819.0,0.999892
1820.0,0.9999439999999999
1821.0,0.999989
1822.0,1.000011
1823.0,1.000018
1824.0,1.000013
1825.0,0.999995
1826.0,0.9999469999999999
1827.0,0.999887
1828.0,0.999849
1829.0,0.999859
1830.0,0.9999039999999999
1831.0,0.999963
1832.0,1.000016
1833.0,1.0000879999999999
1834.0,1.000154
1835.0,1.000168
1836.0,1.00007
1837.0,0.999877
1838.0,0.999711
1839.0,0.999691
1840.0,0.9998229999999999
1841.0,1.000014
1842.0,1.000163
1843.0,1.00024
1844.0,1.000287
1845.0,1.000317
1846.0,1.000338
1847.0,1.000342
1848.0,1.000337
1849.0,1.000334
1850.0,1.00033
1851.0,1.000326
1852.0,1.0003360000000001
1853.0,1.00037
1854.0,1.0004250000000001
1855.0,1.000489
1856.0,1.0005519999999999
1857.0,1.0006220000000001
1858.0,1.000692
1859.0,1.0007489999999999
1860.0,1.000788
1861.0,1.000815
1862.0,1.000828
1863.0,1.0008299999999999
1864.0,1.000845
1865.0,1.0008299999999999
1866.0,1.000727
1867.0,1.000453
1868.0,1.000077
1869.0,0.99977
1870.0,0.999681
1871.0,0.999774
1872.0,0.999923
1873.0,1.000008
1874.0,1.000022
1875.0,1.000012
1876.0,1.0
1877.0,0.9999800000000001
1878.0,0.9999389999999999
1879.0,0.9999439999999999
1880.0,1.0000749999999998
1881.0,1.0004170000000001
1882.0,1.000951
1883.0,1.001539
1884.0,1.001933
1885.0,1.00209
1886.0,1.002043
1887.0,1.001755
1888.0,1.001134
1889.0,1.000457
1890.0,0.999884
1891.0,0.9993519999999999
1892.0,0.9988859999999999
1893.0,0.9984959999999999
1894.0,0.998167
1895.0,0.9978530000000001
1896.0,0.997504
1897.0,0.9972880000000001
1898.0,0.997417
1899.0,0.997882
1900.0,0.998296
1901.0,0.9983669999999999
1902.0,0.9983
1903.0,0.9984109999999999
1904.0,0.998796
1905.0,0.99934
1906.0,1.000011
1907.0,1.001014
1908.0,1.001852
1909.0,1.001874
1910.0,1.001185
1911.0,1.000453
1912.0,1.000134
1913.0,0.999984
1914.0,0.999836
1915.0,0.999641
1916.0,0.999435
1917.0,0.999176
1918.0,0.998753
1919.0,0.998428
1920.0,0.9985639999999999
1921.0,0.9991889999999999
1922.0,0.999806
1923.0,1.000038
1924.0,1.0000740000000001
1925.0,1.0001090000000001
1926.0,1.00024
1927.0,1.000372
1928.0,1.000406
1929.0,1.000351
1930.0,1.000208
1931.0,0.999932
1932.0,0.9994719999999999
1933.0,0.99909
1934.0,0.999007
1935.0,0.99911
1936.0,0.999248
1937.0,0.999378
1938.0,0.99953
1939.0,0.9996649999999999
1940.0,0.999811
1941.0,0.9999049999999999
1942.0,0.9998560000000001
1943.0,0.999676
1944.0,0.9994759999999999
1945.0,0.999321
1946.0,0.999176
1947.0,0.9990680000000001
1948.0,0.9989619999999999
1949.0,0.9989199999999999
1950.0,0.99908
1951.0,0.999477
1952.0,0.999936
1953.0,1.000325
1954.0,1.0007139999999999
1955.0,1.000928
1956.0,1.000769
1957.0,1.0003929999999999
1958.0,1.000165
1959.0,1.000168
1960.0,1.0002469999999999
1961.0,1.000305
1962.0,1.000388
1963.0,1.000388
1964.0,1.000169
1965.0,0.999804
1966.0,0.999525
1967.0,0.999362
1968.0,0.999299
1969.0,0.9994339999999999
1970.0,0.9998779999999999
1971.0,1.000347
1972.0,1.000531
1973.0,1.000514
1974.0,1.000383
1975.0,1.000103
1976.0,0.999723
1977.0,0.9995350000000001
1978.0,0.99965
1979.0,0.9998520000000001
1980.0,0.999915
1981.0,0.9998619999999999
1982.0,0.999814
1983.0,0.999838
1984.0,0.9998999999999999
1985.0,1.0000149999999999
1986.0,1.0002469999999999
1987.0,1.00049
1988.0,1.000559
1989.0,1.000459
1990.0,1.000258
1991.0,0.999927
1992.0,0.999452
1993.0,0.9992489999999999
1994.0,0.9996290000000001
1995.0,1.00027
1996.0,1.000718
1997.0,1.001067
1998.0,1.001187
1999.0,1.000797
2000.0,0.999973
2001.0,0.999333
2002.0,0.999166
2003.0,0.9992319999999999
2004.0,0.9993859999999999
2005.0,0.999689
2006.0,1.000011
2007.0,1.000164
2008.0,1.000192
2009.0,1.000193
2010.0,1.000227
2011.0,1.00024
2012.0,1.0001550000000001
2013.0,0.999927
2014.0,0.9996769999999999
2015.0,0.9995059999999999
2016.0,0.999369
2017.0,0.999408
2018.0,0.999795
2019.0,1.000333
2020.0,1.000648
2021.0,1.000725
2022.0,1.000655
2023.0,1.000419
2024.0,0.9999769999999999
2025.0,0.999699
2026.0,0.9998269999999999
2027.0,1.000136
2028.0,1.000351
2029.0,1.0005119999999998
2030.0,1.000544
2031.0,1.000248
2032.0,0.999676
2033.0,0.999294
2034.0,0.999367
2035.0,0.999648
2036.0,0.999877
2037.0,1.000087
2038.0,1.000266
2039.0,1.000369
2040.0,1.000412
2041.0,1.0004089999999999
2042.0,1.000362
2043.0,1.000274
2044.0,1.000133
2045.0,0.999851
2046.0,0.9997539999999999
2047.0,1.000288
2048.0,1.001196
2049.0,1.001547
2050.0,1.000977
2051.0,1.000157
2052.0,0.999776
2053.0,0.999733
2054.0,0.9997849999999999
2055.0,0.9998699999999999
2056.0,0.9999939999999999
2057.0,0.999954
2058.0,0.99961
2059.0,0.999337
2060.0,0.999599
2061.0,1.000342
2062.0,1.000874
2063.0,1.000804
2064.0,1.00048
2065.0,1.0002710000000001
2066.0,1.000183
2067.0,1.000046
2068.0,0.999692
2069.0,0.999217
2070.0,0.9989919999999999
2071.0,0.999118
2072.0,0.999417
2073.0,0.999796
2074.0,1.000311
2075.0,1.000684
2076.0,1.000728
2077.0,1.000619
2078.0,1.000579
2079.0,1.0006220000000001
2080.0,1.000681
2081.0,1.000719
2082.0,1.000747
2083.0,1.0008270000000001
2084.0,1.001061
2085.0,1.001279
2086.0,1.001197
2087.0,1.0008249999999999
2088.0,1.000394
2089.0,0.9999939999999999
2090.0,0.999597
2091.0,0.999349
2092.0,0.999323
2093.0,0.999303
2094.0,0.9990600000000001
2095.0,0.998711
2096.0,0.998554
2097.0,0.9986459999999999
2098.0,0.998897
2099.0,0.999291
2100.0,0.9998560000000001
2101.0,1.000368
2102.0,1.000771
2103.0,1.001064
2104.0,1.001075
2105.0,1.000772
2106.0,1.000337
2107.0,0.999799
2108.0,0.9991880000000001
2109.0,0.9989919999999999
2110.0,0.9993120000000001
2111.0,0.999845
2112.0,1.000435
2113.0,1.001148
2114.0,1.00157
2115.0,1.001523
2116.0,1.001206
2117.0,1.000706
2118.0,0.999952
2119.0,0.9994710000000001
2120.0,0.9996290000000001
2121.0,1.000072
2122.0,1.0003549999999999
2123.0,1.000539
2124.0,1.0005540000000002
2125.0,1.0001900000000001
2126.0,0.999644
2127.0,0.9994660000000001
2128.0,0.999761
2129.0,1.000199
2130.0,1.000645
2131.0,1.001127
2132.0,1.00122
2133.0,1.000717
2134.0,1.000027
2135.0,0.9994970000000001
2136.0,0.999011
2137.0,0.9987269999999999
2138.0,0.998821
2139.0,0.999011
2140.0,0.9988809999999999
2141.0,0.99849
2142.0,0.998278
2143.0,0.9984999999999999
2144.0,0.998925
2145.0,0.9993219999999999
2146.0,0.9997360000000001
2147.0,1.000113
2148.0,1.000418
2149.0,1.000654
2150.0,1.0007510000000002
2151.0,1.0007
2152.0,1.000551
2153.0,1.000296
2154.0,0.999969
2155.0,0.999711
2156.0,0.999484
2157.0,0.9993850000000001
2158.0,0.9995539999999999
2159.0,0.99991
2160.0,1.000205
2161.0,1.000452
2162.0,1.0005979999999999
2163.0,1.000513
2164.0,1.000274
2165.0,1.000145
2166.0,1.000182
2167.0,1.000216
2168.0,1.000114
2169.0,0.9999389999999999
2170.0,0.99979
2171.0,0.999676
2172.0,0.999569
2173.0,0.9994270000000001
2174.0,0.999266
2175.0,0.999262
2176.0,0.9994970000000001
2177.0,0.9998180000000001
2178.0,1.000119
2179.0,1.0004330000000001
2180.0,1.000577
2181.0,1.000504
2182.0,1.000284
2183.0,0.9999030000000001
2184.0,0.999369
2185.0,0.9989830000000001
2186.0,0.998725
2187.0,0.998716
2188.0,0.99928
2189.0,1.000297
2190.0,1.001
2191.0,1.001344
2192.0,1.001404
2193.0,1.001074
2194.0,1.0004309999999998
2195.0,0.99982
2196.0,0.999219
2197.0,0.9987050000000001
2198.0,0.998394
2199.0,0.99824
2200.0,0.9982380000000001
2201.0,0.998387
2202.0,0.998707
2203.0,0.999285
2204.0,1.000009
2205.0,1.000574
2206.0,1.001051
2207.0,1.001244
2208.0,1.000882
2209.0,1.0001959999999999
2210.0,0.99968
2211.0,0.999299
2212.0,0.999061
2213.0,0.9990340000000001
2214.0,0.999136
2215.0,0.99925
2216.0,0.999412
2217.0,0.999496
2218.0,0.99938
2219.0,0.9992489999999999
2220.0,0.9993380000000001
2221.0,0.9995959999999999
2222.0,0.9999939999999999
2223.0,1.000662
2224.0,1.001267
2225.0,1.001392
2226.0,1.001171
2227.0,1.000822
2228.0,1.000295
2229.0,0.9997799999999999
2230.0,0.999445
2231.0,0.9992449999999999
2232.0,0.9993559999999999
2233.0,0.999837
2234.0,1.000366
2235.0,1.000736
2236.0,1.001052
2237.0,1.001347
2238.0,1.001639
2239.0,1.001755
2240.0,1.001576
2241.0,1.001274
2242.0,1.001011
2243.0,1.000739
2244.0,1.000697
2245.0,1.0010299999999999
2246.0,1.001439
2247.0,1.001676
2248.0,1.001832
2249.0,1.001876
2250.0,1.001811
2251.0,1.0016150000000001
2252.0,1.001233
2253.0,1.000728
2254.0,1.000223
2255.0,0.9996649999999999
2256.0,0.99936
2257.0,0.999564
2258.0,0.999889
2259.0,0.999875
2260.0,0.9996649999999999
2261.0,0.999499
2262.0,0.9993810000000001
2263.0,0.999331
2264.0,0.999453
2265.0,0.9996339999999999
2266.0,0.9995869999999999
2267.0,0.9993120000000001
2268.0,0.999098
2269.0,0.998999
2270.0,0.999041
2271.0,0.9993949999999999
2272.0,0.999995
2273.0,1.000478
2274.0,1.000809
2275.0,1.001053
2276.0,1.00121
2277.0,1.001287
2278.0,1.001322
2279.0,1.001313
2280.0,1.001224
2281.0,1.0009480000000002
2282.0,1.000699
2283.0,1.000794
2284.0,1.001128
2285.0,1.001411
2286.0,1.001635
2287.0,1.001864
2288.0,1.002187
2289.0,1.002457
2290.0,1.002399
2291.0,1.002065
2292.0,1.001569
2293.0,1.000817
2294.0,1.0001170000000001
2295.0,0.999758
2296.0,0.999601
2297.0,0.999622
2298.0,0.999855
2299.0,1.000034
2300.0,1.0000069999999999
2301.0,0.999969
2302.0,1.0000660000000001
2303.0,1.000254
2304.0,1.000597
2305.0,1.001156
2306.0,1.001588
2307.0,1.001668
2308.0,1.001685
2309.0,1.001964
2310.0,1.002393
2311.0,1.002688
2312.0,1.002907
2313.0,1.002804
2314.0,1.002094
2315.0,1.001117
2316.0,1.000299
2317.0,0.9995390000000001
2318.0,0.999017
2319.0,0.998793
2320.0,0.998696
2321.0,0.998574
2322.0,0.9986079999999999
2323.0,0.9990789999999999
2324.0,0.999889
2325.0,1.000735
2326.0,1.001704
2327.0,1.0023980000000001
2328.0,1.002572
2329.0,1.002314
2330.0,1.00148
2331.0,1.000148
2332.0,0.9987860000000001
2333.0,0.9972679999999999
2334.0,0.996185
2335.0,0.995946
2336.0,0.9962730000000001
2337.0,0.9970950000000001
2338.0,0.998373
2339.0,0.9993770000000001
2340.0,1.000104
2341.0,1.000624
2342.0,1.0010160000000001
2343.0,1.001074
2344.0,1.0004330000000001
2345.0,0.999327
2346.0,0.998347
2347.0,0.997399
2348.0,0.996884
2349.0,0.997033
2350.0,0.99739
2351.0,0.997614
2352.0,0.99788
2353.0,0.998312
2354.0,0.998888
2355.0,0.999623
2356.0,1.00053
2357.0,1.00157
2358.0,1.002844
2359.0,1.004107
2360.0,1.0049299999999999
2361.0,1.005424
2362.0,1.005596
2363.0,1.005401
2364.0,1.00508
2365.0,1.004707
2366.0,1.004233
2367.0,1.003654
2368.0,1.002972
2369.0,1.002197
2370.0,1.001328
2371.0,1.000296
2372.0,0.9989589999999999
2373.0,0.997927
2374.0,0.997487
2375.0,0.997439
2376.0,0.997867
2377.0,0.9985980000000001
2378.0,0.998827
2379.0,0.998605
2380.0,0.998061
2381.0,0.9970260000000001
2382.0,0.9962489999999999
2383.0,0.996274
2384.0,0.996704
2385.0,0.9973839999999999
2386.0,0.998221
2387.0,0.998502
2388.0,0.998253
2389.0,0.9978480000000001
2390.0,0.99725
2391.0,0.996771
2392.0,0.9966039999999999
2393.0,0.9967109999999999
2394.0,0.997313
2395.0,0.998192
2396.0,0.99861
2397.0,0.998631
2398.0,0.998073
2399.0,0.9965999999999999
2400.0,0.995629
2401.0,0.995997
2402.0,0.996815
2403.0,0.997586
2404.0,0.998383
2405.0,0.998814
2406.0,0.9989490000000001
2407.0,0.999278
2408.0,0.9998220000000001
2409.0,1.0005060000000001
2410.0,1.00135
2411.0,1.002265
2412.0,1.003465
2413.0,1.004401
2414.0,1.003968
2415.0,1.0025149999999998
2416.0,1.00081
2417.0,0.9986790000000001
2418.0,0.998184
2419.0,1.000061
2420.0,1.002089
2421.0,1.003675
2422.0,1.0044849999999999
2423.0,1.003398
2424.0,1.001373
2425.0,0.9998640000000001
2426.0,0.99858
2427.0,0.997692
2428.0,0.997182
2429.0,0.9971469999999999
2430.0,0.9977509999999999
2431.0,0.9982949999999999
2432.0,0.998548
2433.0,0.9983839999999999
2434.0,0.997216
2435.0,0.996014
2436.0,0.9960410000000001
2437.0,0.996929
2438.0,0.998862
2439.0,1.0017740000000002
2440.0,1.003879
2441.0,1.005226
2442.0,1.005179
2443.0,1.0029569999999999
2444.0,1.000643
2445.0,0.9992230000000001
2446.0,0.9983369999999999
2447.0,0.998143
2448.0,0.998504
2449.0,0.999301
2450.0,1.0004730000000002
2451.0,1.001423
2452.0,1.002216
2453.0,1.002418
2454.0,1.001874
2455.0,1.001666
2456.0,1.001991
2457.0,1.002627
2458.0,1.003779
2459.0,1.004752
2460.0,1.004971
2461.0,1.004677
2462.0,1.0037449999999999
2463.0,1.002384
2464.0,1.001167
2465.0,1.000062
2466.0,0.99981
2467.0,1.000432
2468.0,1.000615
2469.0,1.000185
2470.0,0.9999859999999999
2471.0,1.0003440000000001
2472.0,1.000685
2473.0,1.000939
2474.0,1.000678
2475.0,0.99889
2476.0,0.9972620000000001
2477.0,0.998158
2478.0,0.999921
2479.0,1.0001980000000001
2480.0,0.999594
2481.0,0.9988370000000001
2482.0,0.997911
2483.0,0.9978940000000001
2484.0,0.998787
2485.0,0.999409
2486.0,0.999602
2487.0,1.000255
2488.0,1.001792
2489.0,1.0025620000000002
2490.0,1.001744
2491.0,1.000808
2492.0,1.000524
2493.0,1.000191
2494.0,0.999614
2495.0,0.998532
2496.0,0.9960439999999999
2497.0,0.9932470000000001
2498.0,0.9922570000000001
2499.0,0.9919840000000001
2500.0,0.9903959999999999
