Data ID,Kieserite F1CC15
Sample ID,F1CC15
Mineral Name,kieserite
Sample Description,
Date Added,
Viewing Geometry,
Other Information,
Grain Size,
Database of Origin,MICA Files (USGS/RELAB)
Wavelength,Response
300.0,0.5396929979324341
305.0,0.5504890084266663
310.0,0.5537750124931335
315.0,0.5648859739303589
320.0,0.5773620009422302
325.0,0.5826929807662964
330.0,0.593887984752655
335.0,0.6095219850540161
340.0,0.6160789728164673
345.0,0.6226109862327576
350.0,0.6306120157241821
355.0,0.6426060199737549
360.0,0.6500949859619141
365.0,0.6592739820480347
370.0,0.6649979948997498
375.0,0.6770830154418945
380.0,0.685571014881134
385.0,0.6927570104598999
390.0,0.698868989944458
395.0,0.7057279944419861
400.0,0.7123180031776428
405.0,0.7175449728965759
410.0,0.721979022026062
415.0,0.7294129729270935
420.0,0.7309309840202332
425.0,0.7376779913902283
430.0,0.7388219833374023
435.0,0.7440829873085022
440.0,0.7473599910736084
445.0,0.7525889873504639
450.0,0.7569209933280945
455.0,0.7604169845581055
460.0,0.7653030157089233
465.0,0.7674930095672607
470.0,0.7689909934997559
475.0,0.7714089751243591
480.0,0.7741360068321228
485.0,0.7753419876098633
490.0,0.7779330015182495
495.0,0.7808470129966736
500.0,0.782908022403717
505.0,0.7868930101394653
510.0,0.7888569831848145
515.0,0.7895600199699402
520.0,0.7929790019989014
525.0,0.7970970273017883
530.0,0.800898015499115
535.0,0.8030760288238525
540.0,0.8061540126800537
545.0,0.8087059855461121
550.0,0.8103229999542236
555.0,0.8123819828033447
560.0,0.8142369985580444
565.0,0.8157219886779785
570.0,0.8155840039253235
575.0,0.8176090121269226
580.0,0.8187329769134521
585.0,0.8199099898338318
590.0,0.820937991142273
595.0,0.822068989276886
600.0,0.8235549926757812
605.0,0.8230170011520386
610.0,0.8246179819107056
615.0,0.8254489898681641
620.0,0.8261449933052063
625.0,0.8274549841880798
630.0,0.8287649750709534
635.0,0.8305320143699646
640.0,0.8309140205383301
645.0,0.8327839970588684
650.0,0.8341379761695862
655.0,0.8354439735412598
660.0,0.8381749987602234
665.0,0.8379259705543518
670.0,0.8399419784545898
675.0,0.840362012386322
680.0,0.8413159847259521
685.0,0.8433910012245178
690.0,0.8411669731140137
695.0,0.8433759808540344
700.0,0.8443629741668701
705.0,0.8447080254554749
710.0,0.844245970249176
715.0,0.8480929732322693
720.0,0.8490819931030273
725.0,0.8483099937438965
730.0,0.8508020043373108
735.0,0.8492209911346436
740.0,0.8496249914169312
745.0,0.8496149778366089
750.0,0.8501309752464294
755.0,0.8482310175895691
760.0,0.8440889716148376
765.0,0.845242977142334
770.0,0.8440080285072327
775.0,0.8444719910621643
780.0,0.8483960032463074
785.0,0.8488590121269226
790.0,0.8475210070610046
795.0,0.8472279906272888
800.0,0.8515840172767639
805.0,0.8532770276069641
810.0,0.8512009978294373
815.0,0.852698028087616
820.0,0.8531439900398254
825.0,0.8537840247154236
830.0,0.8537999987602234
835.0,0.8533880114555359
840.0,0.8528010249137878
845.0,0.8525310158729553
850.0,0.8532029986381531
855.0,0.854436993598938
860.0,0.8540940284729004
865.0,0.8567919731140137
870.0,0.8543829917907715
875.0,0.8562229871749878
880.0,0.856781005859375
885.0,0.8563539981842041
890.0,0.8550429940223694
895.0,0.8559060096740723
900.0,0.854981005191803
905.0,0.8555229902267456
910.0,0.8557220101356506
915.0,0.8560140132904053
920.0,0.8561859726905823
925.0,0.8558970093727112
930.0,0.8565760254859924
935.0,0.8562210202217102
940.0,0.8555030226707458
945.0,0.8537089824676514
950.0,0.8519629836082458
955.0,0.8502860069274902
960.0,0.8492879867553711
965.0,0.8469820022583008
970.0,0.845425009727478
975.0,0.8438230156898499
980.0,0.8427810072898865
985.0,0.8428469896316528
990.0,0.8414949774742126
995.0,0.8401299715042114
1000.0,0.8390470147132874
1004.9999999999999,0.8408709764480591
1010.0,0.840828001499176
1014.9999999999999,0.8399779796600342
1020.0,0.8394269943237305
1025.0,0.8399670124053955
1030.0,0.8409730195999146
1035.0,0.8414319753646851
1040.0,0.8423429727554321
1045.0,0.8430879712104797
1050.0,0.8444859981536865
1055.0,0.8461120128631592
1060.0,0.8475459814071655
1065.0,0.8497089743614197
1070.0,0.8507599830627441
1075.0,0.8519899845123291
1080.0,0.8536790013313293
1085.0,0.854095995426178
1090.0,0.8550500273704529
1095.0,0.8557419776916504
1100.0,0.8562880158424377
1105.0,0.8567129969596863
1110.0,0.8565289974212646
1115.0,0.8570119738578796
1120.0,0.8567579984664917
1125.0,0.857276976108551
1130.0,0.8559859991073608
1135.0,0.8550390005111694
1140.0,0.8525729775428772
1145.0,0.8496170043945312
1150.0,0.845399022102356
1155.0,0.8405230045318604
1160.0,0.8358479738235474
1165.0,0.831978976726532
1170.0,0.8291460275650024
1175.0,0.8264560103416443
1180.0,0.8231649994850159
1185.0,0.8204110264778137
1190.0,0.8175029754638672
1195.0,0.8149129748344421
1200.0,0.8086450099945068
1205.0,0.8063520193099976
1210.0,0.8036119937896729
1215.0,0.8006899952888489
1220.0,0.7971709966659546
1225.0,0.7932639718055725
1230.0,0.7908689975738525
1235.0,0.787883996963501
1240.0,0.7848910093307495
1245.0,0.7829380035400391
1250.0,0.7794619798660278
1255.0,0.7765539884567261
1260.0,0.7743239998817444
1265.0,0.7729319930076599
1270.0,0.7718200087547302
1275.0,0.7702170014381409
1280.0,0.7681120038032532
1285.0,0.766871988773346
1290.0,0.7658230066299438
1295.0,0.7638170123100281
1300.0,0.7625629901885986
1305.0,0.7610009908676147
1310.0,0.7588620185852051
1315.0,0.7573750019073486
1320.0,0.7552670240402222
1325.0,0.7525200247764587
1330.0,0.7495149970054626
1335.0,0.7455180287361145
1340.0,0.7402790188789368
1345.0,0.7347649931907654
1350.0,0.7271190285682678
1355.0,0.7214919924736023
1360.0,0.71697598695755
1365.0,0.7116609811782837
1370.0,0.7083320021629333
1375.0,0.7030410170555115
1380.0,0.6988930106163025
1385.0,0.6890680193901062
1390.0,0.6809449791908264
1395.0,0.6697490215301514
1400.0,0.6559770107269287
1405.0,0.6391109824180603
1410.0,0.6189789772033691
1415.0,0.6002249717712402
1420.0,0.5808749794960022
1425.0,0.5653470158576965
1430.0,0.5519859790802002
1435.0,0.5399169921875
1440.0,0.5301169753074646
1445.0,0.520376980304718
1450.0,0.5116540193557739
1455.0,0.5037559866905212
1460.0,0.4973730146884918
1465.0,0.49000200629234314
1470.0,0.4842100143432617
1475.0,0.47940200567245483
1480.0,0.4768350124359131
1485.0,0.47468799352645874
1490.0,0.47192999720573425
1495.0,0.46862098574638367
1500.0,0.4654330015182495
1505.0,0.46152201294898987
1510.0,0.45641401410102844
1515.0,0.4520399868488312
1520.0,0.44665199518203735
1525.0,0.4405539929866791
1530.0,0.43469199538230896
1535.0,0.4283219873905182
1540.0,0.4212090075016022
1545.0,0.41421398520469666
1550.0,0.4125080108642578
1555.0,0.4148469865322113
1560.0,0.41681599617004395
1565.0,0.4183579981327057
1570.0,0.41860800981521606
1575.0,0.41804999113082886
1580.0,0.41674599051475525
1585.0,0.4150010049343109
1590.0,0.411763995885849
1595.0,0.40956801176071167
1600.0,0.4077570140361786
1605.0,0.40450799465179443
1610.0,0.4030640125274658
1615.0,0.4021869897842407
1620.0,0.40133699774742126
1625.0,0.40213900804519653
1630.0,0.4017789959907532
1635.0,0.4033139944076538
1640.0,0.40609800815582275
1645.0,0.40870401263237
1650.0,0.41012701392173767
1655.0,0.4109010100364685
1660.0,0.4102190136909485
1665.0,0.41069701313972473
1670.0,0.41076698899269104
1675.0,0.4103719890117645
1680.0,0.4102270007133484
1685.0,0.4101339876651764
1690.0,0.4096849858760834
1695.0,0.409404993057251
1700.0,0.40939199924468994
1705.0,0.4088670015335083
1710.0,0.40850499272346497
1715.0,0.40928399562835693
1720.0,0.41068801283836365
1725.0,0.4126349985599518
1730.0,0.4141960144042969
1735.0,0.41614198684692383
1740.0,0.4180470108985901
1745.0,0.4204750061035156
1750.0,0.4234980046749115
1755.0,0.42618298530578613
1760.0,0.4288580119609833
1765.0,0.4316929876804352
1770.0,0.4336700141429901
1775.0,0.43640100955963135
1780.0,0.4389849901199341
1785.0,0.44187799096107483
1790.0,0.4443869888782501
1795.0,0.4473559856414795
1800.0,0.45035499334335327
1805.0,0.4526210129261017
1810.0,0.4561069905757904
1815.0,0.4584580063819885
1820.0,0.4606359899044037
1825.0,0.46226000785827637
1830.0,0.4626980125904083
1835.0,0.4634310007095337
1840.0,0.4616129994392395
1845.0,0.4597499966621399
1850.0,0.4566969871520996
1855.0,0.4527190029621124
1860.0,0.44745200872421265
1865.0,0.44102099537849426
1870.0,0.4329589903354645
1875.0,0.41525599360466003
1880.0,0.3992680013179779
1885.0,0.3818129897117615
1890.0,0.36188599467277527
1895.0,0.34272500872612
1900.0,0.3237830102443695
1905.0,0.3022199869155884
1910.0,0.2834329903125763
1915.0,0.2675060033798218
1920.0,0.25411900877952576
1925.0,0.2440270036458969
1930.0,0.23882099986076355
1935.0,0.23520199954509735
1940.0,0.23039300739765167
1945.0,0.22378699481487274
1950.0,0.21548299491405487
1955.0,0.20630000531673431
1960.0,0.1974470019340515
1965.0,0.19166600704193115
1970.0,0.18959100544452667
1975.0,0.1907929927110672
1980.0,0.19298399984836578
1985.0,0.1951889991760254
1990.0,0.19797000288963318
1995.0,0.20103199779987335
2000.0,0.20332199335098267
2005.0,0.20399799942970276
2009.9999999999998,0.20300500094890594
2015.0000000000002,0.20064400136470795
2020.0,0.19710299372673035
2025.0,0.1920579969882965
2029.9999999999998,0.1856900006532669
2035.0000000000002,0.17903900146484375
2040.0,0.17246299982070923
2045.0,0.1655389964580536
2050.0,0.16056600213050842
2055.0,0.15655599534511566
2060.0,0.15412700176239014
2065.0,0.1532599925994873
2070.0,0.15346300601959229
2075.0,0.1538580060005188
2080.0,0.15418900549411774
2085.0,0.15427500009536743
2090.0,0.15429000556468964
2095.0,0.1546889990568161
2100.0,0.15530000627040863
2105.0,0.15553300082683563
2110.0,0.15523800253868103
2115.0,0.1537880003452301
2120.0,0.15171800553798676
2125.0,0.14929500222206116
2130.0,0.14735500514507294
2135.0,0.1466670036315918
2140.0,0.14822900295257568
2145.0,0.15385699272155762
2150.0,0.1642560064792633
2155.0,0.17844800651073456
2160.0,0.19610099494457245
2165.0,0.21397200226783752
2170.0,0.23134399950504303
2175.0,0.24603800475597382
2180.0,0.25907498598098755
2185.0,0.2685759961605072
2190.0,0.2762260138988495
2195.0,0.28230398893356323
2200.0,0.2865949869155884
2205.0,0.28876399993896484
2210.0,0.2901589870452881
2215.0,0.29075199365615845
2220.0,0.29154399037361145
2225.0,0.2928810119628906
2230.0,0.29499000310897827
2235.0,0.297230988740921
2240.0,0.30010300874710083
2245.0,0.3023110032081604
2250.0,0.30430498719215393
2255.0,0.30561599135398865
2260.0,0.30588799715042114
2265.0,0.3047969937324524
2270.0,0.3020229935646057
2275.0,0.2982249855995178
2280.0,0.29270198941230774
2285.0,0.2875309884548187
2290.0,0.28231000900268555
2295.0,0.2787869870662689
2300.0,0.2765600085258484
2305.0,0.2744959890842438
2310.0,0.2729400098323822
2315.0,0.27094200253486633
2320.0,0.26799800992012024
2325.0,0.264723002910614
2330.0,0.2601790130138397
2335.0,0.2556479871273041
2340.0,0.24990299344062805
2345.0,0.2438870072364807
2350.0,0.2370149940252304
2355.0,0.22989100217819214
2360.0,0.2224929928779602
2365.0,0.21498699486255646
2370.0,0.20648999512195587
2375.0,0.19733500480651855
2380.0,0.18672500550746918
2385.0,0.17466500401496887
2390.0,0.16193200647830963
2395.0,0.15060999989509583
2400.0,0.14422500133514404
2405.0,0.14554700255393982
2410.0,0.15358300507068634
2415.0,0.16309499740600586
2420.0,0.1715099960565567
2425.0,0.17707599699497223
2430.0,0.17965500056743622
2435.0,0.18042699992656708
2440.0,0.17930400371551514
2445.0,0.1775510013103485
2450.0,0.1750749945640564
2455.0,0.17231200635433197
2460.0,0.17023849487304688
2465.0,0.16794246435165405
2470.0,0.16564063727855682
2475.0,0.16283966600894928
2480.0,0.1595895141363144
2485.0,0.15611974895000458
2490.0,0.1526360660791397
2495.0,0.14973150193691254
2500.0,0.14640751481056213
2505.0,0.14345143735408783
2510.0,0.1408955156803131
2515.0,0.1395915001630783
2520.0,0.1371435672044754
2525.0,0.13600210845470428
2530.0,0.13450852036476135
2531.32,0.13391099870204926
2532.55,0.13378199934959412
2533.7900000000004,0.13395200669765472
2535.0299999999997,0.13392400741577148
2536.27,0.13366000354290009
2537.51,0.1333339959383011
2538.75,0.1332480013370514
2540.0,0.1332859992980957
2541.2400000000002,0.13310100138187408
2542.49,0.13296599686145782
2543.7400000000002,0.13229399919509888
2544.99,0.13192099332809448
2546.2400000000002,0.13186100125312805
2547.49,0.13150900602340698
2548.74,0.1314390003681183
2549.9900000000002,0.13128800690174103
2551.25,0.13093699514865875
2552.5,0.13077400624752045
2553.76,0.13082100450992584
2555.02,0.1304509937763214
2556.28,0.13010400533676147
2557.54,0.13006199896335602
2558.8,0.12978500127792358
2560.07,0.12954099476337433
2561.33,0.12920400500297546
2562.6000000000004,0.1286419928073883
2563.86,0.12820999324321747
2565.13,0.12786999344825745
2566.3999999999996,0.12720400094985962
2567.67,0.1270969957113266
2568.9500000000003,0.12744300067424774
2570.22,0.12734800577163696
2571.5,0.1262200027704239
2572.77,0.12584500014781952
2574.05,0.12597599625587463
2575.33,0.1251000016927719
2576.61,0.1246509999036789
2577.89,0.12426800280809402
2579.17,0.12352500110864639
2580.46,0.12330000102519989
2581.74,0.12295600026845932
2583.0299999999997,0.1221190020442009
2584.31,0.1218860000371933
2585.6,0.12117999792098999
2586.89,0.12061700224876404
2588.19,0.12067700177431107
2589.48,0.11993200331926346
2590.77,0.1192770004272461
2592.07,0.11878100037574768
2593.36,0.11843899637460709
2594.6600000000003,0.11857900023460388
2595.96,0.11748400330543518
2597.2599999999998,0.11547499895095825
2598.56,0.11545500159263611
2599.8700000000003,0.11553999781608582
2601.17,0.1151370033621788
2602.48,0.11458700150251389
2603.78,0.1140270009636879
2605.09,0.11360500007867813
2606.3999999999996,0.1132190003991127
2607.71,0.11206399649381638
2609.03,0.1117129996418953
2610.3399999999997,0.11139199882745743
2611.6600000000003,0.11078300327062607
2612.97,0.11032599955797195
2614.29,0.11003699898719788
2615.61,0.1095379963517189
2616.93,0.10925900191068649
2618.25,0.10798200219869614
2619.57,0.10717599838972092
2620.8999999999996,0.10737399756908417
2622.22,0.10638099908828735
2623.5499999999997,0.10561399906873703
2624.88,0.10566700249910355
2626.21,0.10570300370454788
2627.5400000000004,0.10549499839544296
2628.87,0.1044199988245964
2630.21,0.10426300019025803
2631.5400000000004,0.10389699786901474
2632.88,0.10289300233125687
2634.21,0.10286000370979309
2635.5499999999997,0.10244099795818329
2636.8900000000003,0.10220199823379517
2638.2400000000002,0.10238700360059738
2639.58,0.10176700353622437
2640.92,0.10128699988126755
2642.27,0.10106399655342102
2643.62,0.1006689965724945
2644.97,0.10042600333690643
2646.3199999999997,0.10059099644422531
2647.67,0.1002340018749237
2649.02,0.10023699700832367
2650.38,0.10018300265073776
2651.73,0.10018999874591827
2653.09,0.10001300275325775
2654.4500000000003,0.0996989980340004
2655.81,0.0995360016822815
2657.1699999999996,0.09942100197076797
2658.5299999999997,0.09922099858522415
2659.89,0.0992870032787323
2661.2599999999998,0.09893599897623062
2662.63,0.09888499975204468
2664.0,0.09881799668073654
2665.36,0.09895499795675278
2666.74,0.09857799857854843
2668.11,0.09791699796915054
2669.48,0.09745900332927704
2670.8599999999997,0.09790699928998947
2672.23,0.09701500087976456
2673.61,0.09640999883413315
2674.9900000000002,0.09687799960374832
2676.37,0.09651099890470505
2677.76,0.09565400332212448
2679.14,0.09489499777555466
2680.52,0.09458799660205841
2681.91,0.09416399896144867
2683.3,0.09399700164794922
2684.6899999999996,0.09338600188493729
2686.08,0.09266600012779236
2687.47,0.09245699644088745
2688.87,0.09204600006341934
2690.2599999999998,0.09124100208282471
2691.6600000000003,0.0904730036854744
2693.06,0.0900140032172203
2694.46,0.08924099802970886
2695.86,0.08796299993991852
2697.26,0.08702699840068817
2698.66,0.08623000234365463
2700.07,0.08595000207424164
2701.48,0.08540999889373779
2702.89,0.08414199948310852
2704.2999999999997,0.0831419974565506
2705.71,0.08206900209188461
2707.1200000000003,0.08088599890470505
2708.53,0.07991299778223038
2709.9500000000003,0.07901199907064438
2711.37,0.077845998108387
2712.79,0.07644300162792206
2714.21,0.07530900090932846
2715.63,0.07486400008201599
2717.05,0.07377800345420837
2718.48,0.07247699797153473
2719.9,0.0714770033955574
2721.33,0.07036100327968597
2722.76,0.06867600232362747
2724.19,0.06757599860429764
2725.6200000000003,0.06644099950790405
2727.06,0.06465499848127365
2728.49,0.06355500221252441
2729.93,0.06256300210952759
2731.37,0.06136099994182587
2732.8100000000004,0.060102999210357666
2734.25,0.058859001845121384
2735.69,0.0574520006775856
2737.1400000000003,0.05569300055503845
2738.58,0.05448700115084648
2740.0299999999997,0.05333299934864044
2741.48,0.05166599899530411
2742.93,0.049977000802755356
2744.38,0.04894699901342392
2745.8300000000004,0.04797999933362007
2747.29,0.046877000480890274
2748.75,0.04551300033926964
2750.2,0.044078998267650604
2751.6600000000003,0.04290299862623215
2753.13,0.04156100004911423
2754.5899999999997,0.04013900086283684
2756.05,0.039073001593351364
2757.52,0.037744998931884766
2758.99,0.0365849994122982
2760.46,0.035617001354694366
2761.93,0.034536998718976974
2763.3999999999996,0.03334999829530716
2764.8700000000003,0.032120998948812485
2766.35,0.031014999374747276
2767.82,0.029767999425530434
2769.2999999999997,0.028442999348044395
2770.7799999999997,0.02722799964249134
2772.26,0.026196999475359917
2773.75,0.025763999670743942
2775.23,0.025464000180363655
2776.7200000000003,0.02503499947488308
2778.21,0.024568000808358192
2779.7000000000003,0.024038000032305717
2781.19,0.02324499934911728
2782.68,0.022474000230431557
2784.1800000000003,0.02177100069820881
2785.67,0.02114799991250038
2787.17,0.020617999136447906
2788.67,0.020188000053167343
2790.1699999999996,0.019788000732660294
2791.67,0.019347000867128372
2793.18,0.01905299909412861
2794.68,0.01910099945962429
2796.19,0.01899299956858158
2797.7,0.01882000081241131
2799.21,0.01857900060713291
2800.7200000000003,0.018408000469207764
2802.24,0.01820099912583828
2803.75,0.017650000751018524
2805.27,0.017162000760436058
2806.79,0.017152000218629837
2808.31,0.017017999663949013
2809.83,0.01678900048136711
2811.35,0.016635000705718994
2812.8799999999997,0.016323000192642212
2814.41,0.01601400040090084
2815.93,0.015904000028967857
2817.46,0.015572000294923782
2819.0,0.015317999757826328
2820.53,0.015142999589443207
2822.07,0.014848999679088593
2823.6,0.014498000033199787
2825.1400000000003,0.014179999940097332
2826.6800000000003,0.014162999577820301
2828.22,0.014286999590694904
2829.77,0.014081999659538269
2831.3100000000004,0.013700000010430813
2832.86,0.013325000181794167
2834.4100000000003,0.013256999664008617
2835.96,0.013047000393271446
2837.5099999999998,0.012624000199139118
2839.07,0.01232099998742342
2840.62,0.012285999953746796
2842.18,0.012489999644458294
2843.74,0.012419000267982483
2845.2999999999997,0.012048999778926373
2846.86,0.011934000067412853
2848.43,0.011823000386357307
2849.9900000000002,0.011680999770760536
2851.56,0.011466999538242817
2853.13,0.011381000280380249
2854.7,0.011397000402212143
2856.27,0.011369000189006329
2857.85,0.011203999631106853
2859.42,0.01095999963581562
2861.0,0.010750999674201012
2862.58,0.010684000328183174
2864.16,0.010711999610066414
2865.75,0.010638999752700329
2867.33,0.010529999621212482
2868.92,0.010389000177383423
2870.5099999999998,0.01028400007635355
2872.1,0.010111999697983265
2873.69,0.010034999810159206
2875.28,0.010073999874293804
2876.88,0.009978000074625015
2878.48,0.009812000207602978
2880.0699999999997,0.009823000058531761
2881.68,0.00978699978441
2883.28,0.009708999656140804
2884.88,0.009642000310122967
2886.49,0.009562999941408634
2888.1,0.009321999736130238
2889.71,0.009158999659121037
2891.3199999999997,0.009358000010251999
2892.93,0.009438999928534031
2894.55,0.009384999983012676
2896.16,0.009329999797046185
2897.78,0.009286000393331051
2899.4,0.009217999875545502
2901.03,0.009185999631881714
2902.65,0.00894199963659048
2904.2799999999997,0.008934999816119671
2905.91,0.009000999853014946
2907.54,0.008950999937951565
2909.17,0.008867000229656696
2910.8,0.008907999843358994
2912.44,0.008985999971628189
2914.07,0.008983000181615353
2915.7099999999996,0.008841999806463718
2917.35,0.009007000364363194
2918.99,0.009146000258624554
2920.6400000000003,0.009120999835431576
2922.29,0.009081999771296978
2923.93,0.008898000232875347
2925.58,0.008736000396311283
2927.24,0.008733999915421009
2928.89,0.008771000429987907
2930.55,0.009014000184834003
2932.2,0.009034999646246433
2933.86,0.008910000324249268
2935.52,0.008940000087022781
2937.19,0.009043999947607517
2938.85,0.00902900006622076
2940.52,0.008999999612569809
2942.19,0.008934999816119671
2943.86,0.008963000029325485
2945.53,0.009166999720036983
2947.21,0.009112999774515629
2948.88,0.008980999700725079
2950.56,0.00901500042527914
2952.2400000000002,0.009007000364363194
2953.92,0.008898000232875347
2955.61,0.009050999768078327
2957.29,0.009171999990940094
2958.98,0.009202999994158745
2960.67,0.009336999617516994
2962.3599999999997,0.009397000074386597
2964.06,0.009378000162541866
2965.75,0.009328999556601048
2967.45,0.009324000217020512
2969.15,0.009298999793827534
2970.85,0.0091540003195405
2972.55,0.009229999966919422
2974.26,0.00948300026357174
2975.97,0.00976600032299757
2977.68,0.009827000088989735
2979.39,0.00965800043195486
2981.1,0.00953999999910593
2982.8199999999997,0.009424000047147274
2984.5299999999997,0.009623000398278236
2986.25,0.00981799978762865
2987.97,0.009797999635338783
2989.7,0.009831000119447708
2991.42,0.009897000156342983
2993.15,0.00993099994957447
2994.88,0.009964000433683395
2996.61,0.009960000403225422
2998.3399999999997,0.009945999830961227
3000.08,0.009902999736368656
3001.8199999999997,0.009976999834179878
3003.55,0.0099870003759861
3005.3,0.00995699968189001
3007.04,0.010130999609827995
3008.7799999999997,0.01023900043219328
3010.53,0.010273000225424767
3012.28,0.010386999696493149
3014.03,0.010386000387370586
3015.79,0.010420000180602074
3017.54,0.010355999693274498
3019.2999999999997,0.010281999595463276
3021.06,0.010354000143706799
3022.8199999999997,0.01027899980545044
3024.58,0.010247999802231789
3026.35,0.010297000408172607
3028.12,0.01028400007635355
3029.89,0.010298999957740307
3031.66,0.010332999750971794
3033.4300000000003,0.010468999855220318
3035.21,0.010565999895334244
3036.99,0.010355000384151936
3038.77,0.01028900034725666
3040.55,0.010417000390589237
3042.3300000000004,0.01055500004440546
3044.12,0.01057399995625019
3045.9100000000003,0.010615999810397625
3047.7,0.010579999536275864
3049.4900000000002,0.01064900029450655
3051.29,0.010792000219225883
3053.08,0.010772000066936016
3054.8799999999997,0.010755999945104122
3056.6800000000003,0.010708999820053577
3058.49,0.010773000307381153
3060.29,0.010769999586045742
3062.1,0.010827000252902508
3063.91,0.01097199972718954
3065.72,0.010941999964416027
3067.54,0.010940000414848328
3069.35,0.0110489996150136
3071.17,0.011017999611794949
3072.99,0.011039000004529953
3074.81,0.011074000038206577
3076.64,0.011068000458180904
3078.47,0.011140000075101852
3080.2900000000004,0.011257999576628208
3082.1299999999997,0.011308999732136726
3083.96,0.011253999546170235
3085.79,0.011249000206589699
3087.6299999999997,0.01145699992775917
3089.47,0.011522999964654446
3091.31,0.011463000439107418
3093.1600000000003,0.011376000009477139
3095.0099999999998,0.011265999637544155
3096.85,0.011323000304400921
3098.71,0.011475999839603901
3100.5600000000004,0.011661999858915806
3102.41,0.011784999631345272
3104.27,0.011749999597668648
3106.1299999999997,0.011846000328660011
3107.9900000000002,0.012047000229358673
3109.8599999999997,0.012086999602615833
3111.73,0.012125000357627869
3113.5899999999997,0.012242999859154224
3115.4700000000003,0.012354999780654907
3117.34,0.012257000431418419
3119.21,0.012107999995350838
3121.09,0.012217000126838684
3122.97,0.012376000173389912
3124.86,0.01260400004684925
3126.74,0.012666000053286552
3128.6299999999997,0.012609000317752361
3130.52,0.012757999822497368
3132.4100000000003,0.012877999804913998
3134.3,0.013011000119149685
3136.2000000000003,0.013158000074326992
3138.1,0.013143000192940235
3140.0,0.013074999675154686
3141.9,0.01308900024741888
3143.8100000000004,0.013163000345230103
3145.7099999999996,0.013295000419020653
3147.62,0.013451999984681606
3149.54,0.013616000302135944
3151.4500000000003,0.013646000064909458
3153.37,0.013648999854922295
3155.29,0.01370999962091446
3157.21,0.013636000454425812
3159.13,0.013544999994337559
3161.06,0.013636999763548374
3162.9900000000002,0.013922000303864479
3164.92,0.014115000143647194
3166.8500000000004,0.014088000170886517
3168.79,0.014020999893546104
3170.7200000000003,0.013996000401675701
3172.67,0.014066999778151512
3174.61,0.014224999584257603
3176.55,0.014344999566674232
3178.5,0.014360999688506126
3180.45,0.014375999569892883
3182.4,0.014414000324904919
3184.3599999999997,0.014453999698162079
3186.3199999999997,0.014512999914586544
3188.27,0.01462399959564209
3190.2400000000002,0.014671999961137772
3192.2000000000003,0.014740999788045883
3194.17,0.014712999574840069
3196.1400000000003,0.01469700038433075
3198.1099999999997,0.014785000123083591
3200.08,0.014875000342726707
3202.06,0.014941000379621983
3204.04,0.0149940000846982
3206.02,0.015073000453412533
3208.0,0.015029000118374825
3209.99,0.015011000446975231
3211.98,0.015137000009417534
3213.9700000000003,0.015225999988615513
3215.96,0.01524799969047308
3217.96,0.015327000059187412
3219.96,0.01537999976426363
3221.96,0.01549999974668026
3223.96,0.015584000386297703
3225.97,0.015531999990344048
3227.98,0.015603999607264996
3229.99,0.01577400043606758
3232.0,0.015831999480724335
3234.02,0.015831999480724335
3236.04,0.015890000388026237
3238.06,0.015939999371767044
3240.08,0.015960000455379486
3242.1099999999997,0.016022000461816788
3244.14,0.016124000772833824
3246.17,0.016262000426650047
3248.2000000000003,0.016342999413609505
3250.24,0.016402000561356544
3252.2799999999997,0.016377000138163567
3254.3199999999997,0.016357000917196274
3256.37,0.016495000571012497
3258.41,0.016540000215172768
3260.46,0.016536999493837357
3262.5099999999998,0.016516000032424927
3264.57,0.01671699993312359
3266.63,0.01679600030183792
3268.69,0.016681000590324402
3270.75,0.01665700040757656
3272.8100000000004,0.016784999519586563
3274.88,0.016958000138401985
3276.95,0.016993999481201172
3279.02,0.016901999711990356
3281.1,0.016831999644637108
3283.1800000000003,0.01703299954533577
3285.26,0.017170999199151993
3287.34,0.01715400069952011
3289.43,0.017097000032663345
3291.51,0.017185000702738762
3293.61,0.017257999628782272
3295.7000000000003,0.017297999933362007
3297.8,0.01737299934029579
3299.9,0.017410999163985252
3302.0,0.01730000041425228
3304.1,0.01729400083422661
3306.21,0.017427999526262283
3308.32,0.01755799911916256
3310.4300000000003,0.017632000148296356
3312.5499999999997,0.017653999850153923
3314.66,0.017607999965548515
3316.79,0.01758600026369095
3318.91,0.017666000872850418
3321.0299999999997,0.01778700016438961
3323.1600000000003,0.01779000088572502
3325.29,0.017851000651717186
3327.4300000000003,0.018001999706029892
3329.5699999999997,0.01810400001704693
3331.71,0.018007999286055565
3333.85,0.017965000122785568
3335.99,0.018031999468803406
3338.1400000000003,0.018192000687122345
3340.29,0.018205000087618828
3342.45,0.0181450005620718
3344.6,0.018221000209450722
3346.76,0.018373999744653702
3348.92,0.018459999933838844
3351.09,0.01858299970626831
3353.26,0.018790999427437782
3355.4300000000003,0.018796000629663467
3357.6000000000004,0.018835999071598053
3359.78,0.01896600052714348
3361.96,0.019109999760985374
3364.14,0.01923700049519539
3366.32,0.01936499960720539
3368.51,0.019418999552726746
3370.7,0.019480999559164047
3372.89,0.0196359995752573
3375.09,0.019853999838232994
3377.29,0.01996600069105625
3379.4900000000002,0.020030999556183815
3381.69,0.0201990008354187
3383.9,0.020351000130176544
3386.11,0.020508000627160072
3388.32,0.020819000899791718
3390.54,0.021098000928759575
3392.76,0.021196000277996063
3394.98,0.021208999678492546
3397.21,0.021259000524878502
3399.4300000000003,0.021423999220132828
3401.6600000000003,0.021615000441670418
3403.9,0.021786000579595566
3406.13,0.021947000175714493
3408.3700000000003,0.02216999977827072
3410.61,0.02233799919486046
3412.8599999999997,0.022513000294566154
3415.1099999999997,0.022725999355316162
3417.36,0.0228860005736351
3419.61,0.02302899956703186
3421.8700000000003,0.023231999948620796
3424.13,0.0234179999679327
3426.39,0.023617999628186226
3428.66,0.023830000311136246
3430.93,0.023973999544978142
3433.2,0.024080999195575714
3435.48,0.02426300011575222
3437.7599999999998,0.024553000926971436
3440.0400000000004,0.024915000423789024
3442.32,0.025117000564932823
3444.61,0.025283999741077423
3446.8999999999996,0.025366000831127167
3449.19,0.025439999997615814
3451.4900000000002,0.02562900073826313
3453.79,0.025925999507308006
3456.09,0.026119999587535858
3458.4,0.026362000033259392
3460.7000000000003,0.026551000773906708
3463.0200000000004,0.026775000616908073
3465.33,0.02690800093114376
3467.65,0.02697799913585186
3469.97,0.027194000780582428
3472.29,0.027403000742197037
3474.62,0.027595000341534615
3476.95,0.02774599939584732
3479.2900000000004,0.027907999232411385
3481.62,0.028116999194025993
3483.96,0.02840700000524521
3486.3,0.028602000325918198
3488.6499999999996,0.028591999784111977
3491.0,0.028797000646591187
3493.35,0.029138000681996346
3495.71,0.029324999079108238
3498.0699999999997,0.029531000182032585
3500.4300000000003,0.029729999601840973
3502.79,0.029834000393748283
3505.16,0.030069999396800995
3507.53,0.030368000268936157
3509.9100000000003,0.03062400035560131
3512.29,0.03084699995815754
3514.67,0.031005999073386192
3517.0499999999997,0.031123999506235123
3519.44,0.03135799989104271
3521.83,0.03163300082087517
3524.23,0.03183000162243843
3526.62,0.032009001821279526
3529.02,0.032235000282526016
3531.43,0.03249400109052658
3533.83,0.03271700069308281
3536.24,0.03296700119972229
3538.6600000000003,0.03320800140500069
3541.08,0.033289000391960144
3543.5,0.033472999930381775
3545.92,0.03373999893665314
3548.35,0.03406799957156181
3550.78,0.03437900170683861
3553.21,0.03454799950122833
3555.65,0.03483499959111214
3558.09,0.03514700010418892
3560.5299999999997,0.035349998623132706
3562.98,0.035572998225688934
3565.4300000000003,0.0358319990336895
3567.88,0.036058999598026276
3570.3399999999997,0.036329999566078186
3572.8,0.036632001399993896
3575.27,0.03690600022673607
3577.73,0.037154000252485275
3580.2000000000003,0.037400998175144196
3582.68,0.037730999290943146
3585.1600000000003,0.037973999977111816
3587.64,0.038116998970508575
3590.1200000000003,0.038364000618457794
3592.61,0.03860500082373619
3595.1,0.038819000124931335
3597.6,0.039110999554395676
3600.0899999999997,0.03937999904155731
3602.6,0.03968299925327301
3605.1000000000004,0.04000300168991089
3607.61,0.04037399962544441
3610.1200000000003,0.04070400074124336
3612.64,0.040867000818252563
3615.16,0.04102899879217148
3617.68,0.04130300134420395
3620.21,0.041652001440525055
3622.74,0.041999999433755875
3625.27,0.0423629991710186
3627.8100000000004,0.04265199974179268
3630.35,0.04291300103068352
3632.8900000000003,0.04318000003695488
3635.44,0.043379999697208405
3637.99,0.04364800080657005
3640.54,0.04390399903059006
3643.1,0.044273000210523605
3645.66,0.0446540005505085
3648.23,0.04496699944138527
3650.7999999999997,0.045271001756191254
3653.37,0.04556800052523613
3655.95,0.045885998755693436
3658.5299999999997,0.04628000035881996
3661.1099999999997,0.0466030016541481
3663.7,0.04696900025010109
3666.29,0.0473329983651638
3668.8900000000003,0.047635000199079514
3671.48,0.04801400005817413
3674.09,0.048395998775959015
3676.6899999999996,0.04869600012898445
3679.3,0.04900899901986122
3681.91,0.049479998648166656
3684.53,0.04979399964213371
3687.15,0.05006900057196617
3689.7799999999997,0.05047599971294403
3692.4,0.05084399878978729
3695.04,0.051336999982595444
3697.67,0.05171699821949005
3700.31,0.05206200107932091
3702.95,0.05248099938035011
3705.6,0.05283999815583229
3708.25,0.053210001438856125
3710.9100000000003,0.05358000099658966
3713.5600000000004,0.054051999002695084
3716.23,0.05449099838733673
3718.89,0.0549050010740757
3721.5600000000004,0.05524300038814545
3724.23,0.05547500029206276
3726.9100000000003,0.05586500093340874
3729.59,0.05632400140166283
3732.2799999999997,0.056696001440286636
3734.9700000000003,0.05697000026702881
3737.66,0.05736900120973587
3740.36,0.057787999510765076
3743.06,0.058228999376297
3745.76,0.05857200175523758
3748.4700000000003,0.05885300040245056
3751.1800000000003,0.05921199917793274
3753.8999999999996,0.05958300083875656
3756.62,0.05993599817156792
3759.3399999999997,0.06039100140333176
3762.07,0.060750000178813934
3764.8,0.06101299822330475
3767.54,0.06133899837732315
3770.28,0.06166199967265129
3773.02,0.062008000910282135
3775.77,0.0623599998652935
3778.52,0.06268300116062164
3781.28,0.06299900263547897
3784.04,0.06329099833965302
3786.7999999999997,0.06366200000047684
3789.5699999999997,0.06402900069952011
3792.3399999999997,0.06447199732065201
3795.12,0.06486599892377853
3797.8999999999996,0.06514599919319153
3800.69,0.06548000127077103
3803.47,0.06594700366258621
3806.27,0.0664760023355484
3809.06,0.06695699691772461
3811.8599999999997,0.06740199774503708
3814.67,0.06789900362491608
3817.48,0.06844300031661987
3820.29,0.06911099702119827
3823.1099999999997,0.06982000172138214
3825.93,0.07049600034952164
3828.7599999999998,0.07115799933671951
3831.5899999999997,0.07182399928569794
3834.42,0.07245700061321259
3837.26,0.0731159970164299
3840.1,0.07378499954938889
3842.9500000000003,0.07442499697208405
3845.8,0.0750729963183403
3848.65,0.07581300288438797
3851.51,0.0765020027756691
3854.38,0.07705499976873398
3857.24,0.07760199904441833
3860.1200000000003,0.0782879963517189
3862.99,0.07884799689054489
3865.8700000000003,0.07938399910926819
3868.7599999999998,0.07996100187301636
3871.6499999999996,0.08055300265550613
3874.54,0.08110400289297104
3877.44,0.08167099952697754
3880.3399999999997,0.08217199891805649
3883.25,0.08272100239992142
3886.16,0.08328399807214737
3889.0699999999997,0.08371400088071823
3891.99,0.08412399888038635
3894.92,0.08461099863052368
3897.85,0.08514399826526642
3900.78,0.0856190025806427
3903.72,0.08600500226020813
3906.66,0.08646400272846222
3909.6000000000004,0.08682800084352493
3912.55,0.08719199895858765
3915.5099999999998,0.08758000284433365
3918.4700000000003,0.08799699693918228
3921.43,0.08838000148534775
3924.4,0.08877699822187424
3927.3799999999997,0.08921600133180618
3930.35,0.08960399776697159
3933.3300000000004,0.089819997549057
3936.3199999999997,0.0900849997997284
3939.31,0.09037499874830246
3942.31,0.09064699709415436
3945.31,0.09096100181341171
3948.3100000000004,0.09129899740219116
3951.32,0.09158399701118469
3954.34,0.09181299805641174
3957.35,0.09206199645996094
3960.3799999999997,0.0923750028014183
3963.4100000000003,0.09268400073051453
3966.44,0.09302599728107452
3969.48,0.09325099736452103
3972.52,0.09356000274419785
3975.5600000000004,0.09384500235319138
3978.61,0.09413400292396545
3981.6699999999996,0.0944179967045784
3984.73,0.09470800310373306
3987.8,0.09499599784612656
3990.8700000000003,0.09528599679470062
3993.9399999999996,0.09563799947500229
3997.02,0.09603399783372879
4000.1,0.09631899744272232
4003.19,0.09654100239276886
4006.29,0.09686999768018723
4009.39,0.09723500162363052
4012.49,0.09754300117492676
4015.6,0.0978659987449646
4018.7099999999996,0.09806299954652786
4021.8299999999995,0.09825599938631058
4024.9499999999994,0.09854800254106522
4028.08,0.09886100143194199
4031.2099999999996,0.09910199791193008
4034.35,0.09933499991893768
4037.4900000000002,0.09951599687337875
4040.64,0.0996130034327507
4043.7900000000004,0.09971699863672256
4046.94,0.09982100129127502
4050.11,0.09984099864959717
4053.2700000000004,0.09980099648237228
4056.44,0.09972299635410309
4059.62,0.09962599724531174
4062.8,0.09945899993181229
4065.9900000000002,0.0993409976363182
4069.1800000000003,0.0991860032081604
4072.38,0.0989459976553917
4075.5800000000004,0.09868399798870087
4078.78,0.09847400337457657
4082.0,0.0981609970331192
4085.21,0.09768299758434296
4088.43,0.09727100282907486
4091.66,0.0969569981098175
4094.8900000000003,0.09642200171947479
4098.13,0.09574999660253525
4101.37,0.09510599821805954
4104.62,0.0944330021739006
4107.87,0.09369199723005295
4111.13,0.09290199726819992
4114.39,0.09208499640226364
4117.66,0.09142400324344635
4120.93,0.09088499844074249
4124.21,0.09046799689531326
4127.5,0.09010600298643112
4130.79,0.08978399634361267
4134.08,0.08959600329399109
4137.38,0.08945199847221375
4140.679999999999,0.089137002825737
4143.99,0.08880099654197693
4147.31,0.0883840024471283
4150.629999999999,0.08797799795866013
4153.95,0.08740899711847305
4157.29,0.08669699728488922
4160.62,0.08584500104188919
4163.96,0.08499400317668915
4167.3099999999995,0.08421099931001663
4170.66,0.08352600038051605
4174.0199999999995,0.08268799632787704
4177.39,0.08179999887943268
4180.75,0.08076400309801102
4184.13,0.07964599877595901
4187.509999999999,0.07860399782657623
4190.889999999999,0.07759200036525726
4194.28,0.07659199833869934
4197.68,0.07566499710083008
4201.08,0.07485400140285492
4204.49,0.0741259977221489
4207.900000000001,0.07342299818992615
4211.32,0.0726659968495369
4214.74,0.07185299694538116
4218.17,0.07108599692583084
4221.61,0.07031899690628052
4225.05,0.06955000013113022
4228.5,0.06888099759817123
4231.950000000001,0.06838300079107285
4235.400000000001,0.06804600358009338
4238.870000000001,0.0679280012845993
4242.34,0.06793899834156036
4245.8099999999995,0.06811799854040146
4249.29,0.06849700212478638
4252.78,0.06903599947690964
4256.2699999999995,0.06960900127887726
4259.7699999999995,0.0701960027217865
4263.27,0.07069200277328491
4266.78,0.07114700227975845
4270.29,0.07149799913167953
4273.81,0.07179699838161469
4277.34,0.0720750018954277
4280.87,0.07236000150442123
4284.41,0.07271099835634232
4287.950000000001,0.07303900271654129
4291.5,0.07331100106239319
4295.06,0.0736910030245781
4298.62,0.07397200167179108
4302.1900000000005,0.0741259977221489
4305.76,0.074194997549057
4309.34,0.0741100013256073
4312.92,0.07379599660634995
4316.5199999999995,0.07336200028657913
4320.11,0.0729689970612526
4323.719999999999,0.07274200022220612
4327.320000000001,0.0724409967660904
4330.94,0.07205799967050552
4334.5599999999995,0.0717020034790039
4338.19,0.07147199660539627
4341.820000000001,0.0712369978427887
4345.46,0.07096099853515625
4349.11,0.07073099911212921
4352.76,0.07043399661779404
4356.42,0.06987600028514862
4360.08,0.06915400177240372
4363.75,0.06835900247097015
4367.429999999999,0.06747599691152573
4371.11,0.06645400077104568
4374.799999999999,0.06542199850082397
4378.49,0.06435699760913849
4382.19,0.06330399960279465
4385.900000000001,0.06226800009608269
4389.610000000001,0.061257001012563705
4393.33,0.06023399904370308
4397.0599999999995,0.059300001710653305
4400.79,0.058476001024246216
4404.530000000001,0.057732000946998596
4408.280000000001,0.057142000645399094
4412.03,0.05676800012588501
4415.79,0.05649600178003311
4419.55,0.056313998997211456
4423.320000000001,0.05621400102972984
4427.1,0.056237999349832535
4430.88,0.0562870018184185
4434.68,0.056366998702287674
4438.469999999999,0.056492000818252563
4442.280000000001,0.056657999753952026
4446.08,0.05674000084400177
4449.900000000001,0.056720998138189316
4453.719999999999,0.05661499872803688
4457.55,0.05640999972820282
4461.389999999999,0.056028999388217926
4465.2300000000005,0.05551199987530708
4469.08,0.054999999701976776
4472.9400000000005,0.054545000195503235
4476.8,0.05410299822688103
4480.67,0.05372900143265724
4484.549999999999,0.05340899899601936
4488.43,0.05308400094509125
4492.320000000001,0.052762001752853394
4496.21,0.052420999854803085
4500.12,0.05206499993801117
4504.030000000001,0.051718998700380325
4507.94,0.051187001168727875
4511.87,0.05065299943089485
4515.799999999999,0.05009999871253967
4519.7300000000005,0.0494379997253418
4523.679999999999,0.04868900030851364
4527.63,0.04806400090456009
4531.589999999999,0.047630999237298965
4535.55,0.04730299860239029
4539.52,0.04709799960255623
4543.5,0.04701099917292595
4547.49,0.04695799946784973
4551.48,0.04694199934601784
4555.4800000000005,0.04699299857020378
4559.490000000001,0.04705600067973137
4563.5,0.047054000198841095
4567.52,0.047026000916957855
4571.55,0.04696999862790108
4575.580000000001,0.0469370000064373
4579.63,0.046886999160051346
4583.67,0.046891000121831894
4587.73,0.04698900133371353
4591.79,0.047203000634908676
4595.86,0.04749000072479248
4599.9400000000005,0.04787199944257736
4604.03,0.04823699966073036
4608.120000000001,0.04850199818611145
4612.219999999999,0.04858599975705147
4616.33,0.04843100160360336
4620.4400000000005,0.047993000596761703
4624.5599999999995,0.04731699824333191
4628.69,0.04646399989724159
4632.83,0.045593999326229095
4636.97,0.044794999063014984
4641.12,0.04412199929356575
4645.28,0.04352499917149544
4649.45,0.04297100007534027
4653.62,0.042465999722480774
4657.8,0.042110998183488846
4661.990000000001,0.04179299995303154
4666.1900000000005,0.04144899919629097
4670.39,0.04114200174808502
4674.599999999999,0.04103599861264229
4678.82,0.041120998561382294
4683.049999999999,0.041430000215768814
4687.280000000001,0.041944000869989395
4691.5199999999995,0.04267600178718567
4695.77,0.043574001640081406
4700.03,0.044555000960826874
4704.3,0.0454769991338253
4708.57,0.04631799831986427
4712.85,0.047161001712083817
4717.139999999999,0.04792499914765358
4721.429999999999,0.04848499968647957
4725.74,0.04890099912881851
4730.05,0.04923199862241745
4734.37,0.049456000328063965
4738.7,0.04955799877643585
4743.03,0.049612998962402344
4747.38,0.049564000219106674
4751.7300000000005,0.049497999250888824
4756.09,0.04941900074481964
4760.45,0.049254998564720154
4764.83,0.04909700155258179
4769.21,0.04894400015473366
4773.6,0.04870700091123581
4778.0,0.04842999950051308
4782.41,0.04814799875020981
4786.83,0.047843001782894135
4791.25,0.0474030002951622
4795.68,0.04695799946784973
4800.13,0.04654200002551079
4804.57,0.046160999685525894
4809.03,0.04576899856328964
4813.5,0.04548799991607666
4817.97,0.04537799954414368
4822.45,0.045534998178482056
4826.94,0.04583900049328804
4831.44,0.04626600071787834
4835.950000000001,0.04670700058341026
4840.46,0.04715299978852272
4844.99,0.047642000019550323
4849.52,0.04814400151371956
4854.0599999999995,0.04855100065469742
4858.61,0.04896499961614609
4863.17,0.04935099929571152
4867.73,0.04975999891757965
4872.3099999999995,0.05017799884080887
4876.89,0.05056000128388405
4881.48,0.05090299993753433
4886.08,0.05134600028395653
4890.6900000000005,0.051784999668598175
4895.31,0.052195001393556595
4899.94,0.0525749996304512
4904.57,0.053022999316453934
4909.22,0.05350799858570099
4913.87,0.053954001516103745
4918.53,0.05434799939393997
4923.21,0.05477900058031082
4927.88,0.05521700158715248
4932.57,0.05558200180530548
4937.2699999999995,0.055932000279426575
4941.9800000000005,0.05638299882411957
4946.6900000000005,0.05688999965786934
4951.42,0.0574290007352829
4956.15,0.05795599892735481
4960.9,0.05858999863266945
4965.650000000001,0.05918300151824951
4970.41,0.0598439984023571
4975.18,0.060607001185417175
4979.96,0.06141500174999237
4984.75,0.06222900003194809
4989.54,0.06313899904489517
4994.349999999999,0.064069002866745
4999.17,0.06506399810314178
5003.99,0.06609799712896347
5008.83,0.0672060027718544
5013.67,0.0682469978928566
5018.5199999999995,0.0692330002784729
5023.39,0.07017099857330322
5028.26,0.07115700095891953
5033.14,0.0720129981637001
5038.03,0.07274200022220612
5042.93,0.07345899939537048
5047.84,0.07420399785041809
5052.76,0.07479199767112732
5057.69,0.07527299970388412
5062.63,0.07565999776124954
5067.580000000001,0.07609400153160095
5072.54,0.07646699994802475
5077.51,0.07680200040340424
5082.49,0.07705800235271454
5087.469999999999,0.0772790014743805
5092.469999999999,0.07748699933290482
5097.48,0.07769200205802917
5102.5,0.07786700129508972
5107.52,0.07803899794816971
5112.56,0.07809299975633621
5117.61,0.07811400294303894
5122.66,0.07817500084638596
5127.73,0.07824499905109406
5132.81,0.07820399850606918
5137.889999999999,0.07814499735832214
5142.99,0.07814700156450272
5148.1,0.07818300276994705
5153.22,0.07806599885225296
5158.34,0.07799199968576431
5163.48,0.07794900238513947
5168.63,0.0778689980506897
5173.79,0.07782500237226486
5178.96,0.07767699658870697
5184.13,0.07747100293636322
5189.320000000001,0.077333003282547
5194.5199999999995,0.07710099965333939
5199.73,0.07683199644088745
5204.96,0.07656800001859665
5210.19,0.07627999782562256
5215.429999999999,0.07603699713945389
5220.679999999999,0.07566700130701065
5225.94,0.07530699670314789
5231.22,0.07500100135803223
5236.5,0.074692003428936
5241.79,0.07448799908161163
5247.099999999999,0.07417000085115433
5252.42,0.07386600226163864
5257.74,0.07358500361442566
5263.080000000001,0.07337299734354019
5268.43,0.07310400158166885
5273.79,0.07282599806785583
5279.16,0.0725959986448288
5284.54,0.0724169984459877
5289.93,0.07222899794578552
5295.34,0.07201500236988068
5300.75,0.07168000191450119
5306.18,0.07138700038194656
5311.61,0.07104499638080597
5317.0599999999995,0.07067699730396271
5322.5199999999995,0.07023400068283081
5327.99,0.0697920024394989
5333.47,0.0692949965596199
5338.96,0.06875500082969666
5344.47,0.06818599998950958
5349.9800000000005,0.06756199896335602
5355.51,0.06671299785375595
5361.049999999999,0.06592400372028351
5366.6,0.06522200256586075
5372.16,0.06442800164222717
5377.73,0.06354700028896332
5383.320000000001,0.06266000121831894
5388.91,0.06161300092935562
5394.52,0.06060200184583664
5400.14,0.05963699892163277
5405.77,0.05857500061392784
5411.41,0.05746699869632721
5417.07,0.056425001472234726
5422.74,0.05539099872112274
5428.410000000001,0.0541750006377697
5434.1,0.05307399854063988
5439.8099999999995,0.05228399857878685
5445.52,0.051538001745939255
5451.25,0.050850000232458115
5456.98,0.050266001373529434
5462.73,0.04987400025129318
5468.5,0.0495310015976429
5474.2699999999995,0.04932200163602829
5480.0599999999995,0.04927000030875206
5485.86,0.049194999039173126
5491.67,0.049219999462366104
5497.49,0.04937800019979477
5503.33,0.049424998462200165
5509.179999999999,0.04944700002670288
5515.04,0.04950200021266937
5520.91,0.04951300099492073
5526.799999999999,0.04939800128340721
5532.69,0.04935599863529205
5538.610000000001,0.0492589995265007
5544.53,0.04906399920582771
5550.469999999999,0.048764001578092575
5556.41,0.04847000166773796
5562.38,0.04814999923110008
5568.349999999999,0.04785099998116493
5574.34,0.04745300114154816
5580.339999999999,0.04697699844837189
5586.35,0.04625999927520752
5592.38,0.04573199898004532
5598.42,0.04538000002503395
5604.47,0.04489300027489662
5610.54,0.04429100081324577
5616.61,0.04382200166583061
5622.71,0.043205998837947845
5628.8099999999995,0.04258099943399429
5634.929999999999,0.04194999858736992
5641.06,0.04135499894618988
5647.21,0.04061700031161308
5653.360000000001,0.03987099975347519
5659.54,0.03931400179862976
5665.72,0.038589999079704285
5671.92,0.037939999252557755
5678.13,0.03724300116300583
5684.36,0.036354001611471176
5690.599999999999,0.03560199961066246
5696.85,0.03468000143766403
5703.12,0.033743999898433685
5709.4,0.03302900120615959
5715.6900000000005,0.0321119986474514
5722.0,0.031199000775814056
5728.33,0.03041199967265129
5734.66,0.029658999294042587
5741.01,0.02896999940276146
5747.38,0.028328999876976013
5753.76,0.027758000418543816
5760.150000000001,0.027187999337911606
5766.56,0.02678699977695942
5772.98,0.02626500092446804
5779.410000000001,0.02589000016450882
5785.86,0.02578599937260151
5792.33,0.025715000927448273
5798.8099999999995,0.025654999539256096
5805.3,0.025598999112844467
5811.81,0.02560099959373474
5818.33,0.02570899948477745
5824.87,0.025862999260425568
5831.419999999999,0.025955000892281532
5837.99,0.02621999941766262
5844.57,0.02652600035071373
5851.17,0.026871999725699425
5857.78,0.027256999164819717
5864.410000000001,0.02760699950158596
5871.05,0.02789199911057949
5877.7,0.028237000107765198
5884.38,0.02861499972641468
5891.06,0.02884100005030632
5897.76,0.029267000034451485
5904.4800000000005,0.029569000005722046
5911.21,0.029815999791026115
5917.96,0.03022100031375885
5924.7300000000005,0.03050599992275238
5931.5,0.03067299909889698
5938.3,0.03082199953496456
5945.11,0.030757000669836998
5951.93,0.03079400025308132
5958.78,0.030997000634670258
5965.63,0.031050000339746475
5972.51,0.03111499920487404
5979.39,0.031001999974250793
5986.3,0.031001999974250793
5993.22,0.030866000801324844
6000.16,0.03058299981057644
6007.11,0.03047199919819832
6014.08,0.030331000685691833
6021.06,0.02986600063741207
6028.06,0.02929599955677986
6035.08,0.028804000467061996
6042.12,0.028401000425219536
6049.17,0.028320999816060066
6056.2300000000005,0.028263000771403313
6063.32,0.028382999822497368
6070.42,0.028875000774860382
6077.530000000001,0.029265999794006348
6084.67,0.02950200065970421
6091.820000000001,0.0297279991209507
6098.9800000000005,0.02996399998664856
6106.17,0.030016999691724777
6113.37,0.02993600070476532
6120.58,0.02958899922668934
6127.82,0.029170000925660133
6135.07,0.028873000293970108
6142.34,0.028460999950766563
6149.63,0.027898000553250313
6156.93,0.027468999847769737
6164.25,0.027298999950289726
6171.59,0.027307000011205673
6178.950000000001,0.027659999206662178
6186.320000000001,0.028224000707268715
6193.71,0.028877999633550644
6201.120000000001,0.02968600019812584
6208.54,0.030632000416517258
6215.99,0.0315219983458519
6223.45,0.03224499896168709
6230.93,0.03276599943637848
6238.43,0.03317800164222717
6245.95,0.03338100016117096
6253.48,0.03341199830174446
6261.03,0.03332500159740448
6268.6,0.03313799947500229
6276.19,0.032864999026060104
6283.8,0.032554998993873596
6291.43,0.03214799985289574
6299.070000000001,0.03168899938464165
6306.73,0.031163999810814857
6314.42,0.030660999938845634
6322.12,0.030131999403238297
6329.84,0.02961999922990799
6337.570000000001,0.02915100008249283
6345.33,0.028780000284314156
6353.11,0.028248000890016556
6360.9,0.02779100090265274
6368.719999999999,0.027490999549627304
6376.55,0.027109000831842422
6384.400000000001,0.02670300006866455
6392.2699999999995,0.026465000584721565
6400.17,0.02609900012612343
6408.08,0.02580999955534935
6416.01,0.025381000712513924
6423.96,0.024617999792099
6431.93,0.024227000772953033
6439.92,0.023910999298095703
6447.93,0.023427000269293785
6455.96,0.023034999147057533
6464.01,0.022607000544667244
6472.08,0.02223600074648857
6480.17,0.02185700088739395
6488.28,0.021587999537587166
6496.41,0.021307000890374184
6504.5599999999995,0.020921999588608742
6512.7300000000005,0.020690999925136566
6520.92,0.02072099968791008
6529.14,0.020639000460505486
6537.37,0.020563000813126564
6545.63,0.020576000213623047
6553.9,0.020672999322414398
6562.2,0.020834999158978462
6570.509999999999,0.021021999418735504
6578.85,0.021201999858021736
6587.21,0.021508999168872833
6595.589999999999,0.021935999393463135
6603.99,0.022283000871539116
6612.42,0.022593999281525612
6620.860000000001,0.02294900082051754
6629.330000000001,0.02334499917924404
6637.82,0.023775000125169754
6646.33,0.024166999384760857
6654.860000000001,0.0246799997985363
6663.41,0.025321999564766884
6671.99,0.0258799996227026
6680.589999999999,0.02635600045323372
6689.21,0.02676899917423725
6697.849999999999,0.027180999517440796
6706.509999999999,0.027688000351190567
6715.200000000001,0.02805599942803383
6723.91,0.028302999213337898
6732.64,0.028694000095129013
6741.4,0.029133999720215797
6750.18,0.02948799915611744
6758.9800000000005,0.029851000756025314
6767.8,0.030222000554203987
6776.65,0.030540000647306442
6785.52,0.03078800067305565
6794.41,0.030930999666452408
6803.33,0.03103400021791458
6812.2699999999995,0.031332001090049744
6821.23,0.03170499950647354
6830.219999999999,0.03197700157761574
6839.23,0.03217799961566925
6848.26,0.03253500163555145
6857.32,0.03296000137925148
6866.4,0.03332500159740448
6875.51,0.03347700089216232
6884.64,0.03390499949455261
6893.799999999999,0.03448899835348129
6902.9800000000005,0.03501199930906296
6912.18,0.03553599864244461
6921.41,0.03588400036096573
6930.66,0.03627900034189224
6939.94,0.03659600019454956
6949.24,0.03675200045108795
6958.57,0.03684300184249878
6967.92,0.03664800152182579
6977.299999999999,0.03634599968791008
6986.7,0.03635900095105171
6996.13,0.0361349992454052
7005.59,0.03579999879002571
7015.07,0.03549300134181976
7024.57,0.035238999873399734
7034.099999999999,0.03485500067472458
7043.66,0.03450300171971321
7053.25,0.03396899998188019
7062.85,0.033282000571489334
7072.49,0.03288400173187256
7082.150000000001,0.03242500126361847
7091.84,0.031909000128507614
7101.549999999999,0.03143500164151192
7111.3,0.030988000333309174
7121.0599999999995,0.03055799938738346
7130.860000000001,0.030087999999523163
7140.679999999999,0.029790999367833138
7150.53,0.02952899970114231
7160.41,0.029164999723434448
7170.3099999999995,0.02886899933218956
7180.240000000001,0.0284620001912117
7190.2,0.02806599996984005
7200.1900000000005,0.027712000533938408
7210.200000000001,0.027338000014424324
7220.240000000001,0.026863999664783478
7230.31,0.026464000344276428
7240.41,0.02601799927651882
7250.54,0.02551399916410446
7260.6900000000005,0.025072000920772552
7270.88,0.02453099936246872
7281.09,0.023941999301314354
7291.33,0.023358000442385674
7301.599999999999,0.022843999788165092
7311.9,0.022274000570178032
7322.219999999999,0.021571999415755272
7332.58,0.02085999958217144
7342.97,0.020068999379873276
7353.379999999999,0.019176000729203224
7363.83,0.018365999683737755
7374.3,0.017673000693321228
7384.8099999999995,0.016933999955654144
7395.34,0.01612200029194355
7405.910000000001,0.0153609998524189
7416.5,0.01471799984574318
7427.13,0.014108000323176384
7437.78,0.013472000136971474
7448.47,0.01284400001168251
7459.1900000000005,0.012285999953746796
7469.9400000000005,0.01168300025165081
7480.71,0.01107800006866455
7491.52,0.010502999648451805
7502.37,0.009982000105082989
7513.24,0.00947600044310093
7524.14,0.00894199963659048
7535.08,0.008434000425040722
7546.05,0.007980000227689743
7557.05,0.007499999832361937
7568.08,0.00698600010946393
7579.150000000001,0.006521999835968018
7590.24,0.00612299982458353
7601.37,0.005770000163465738
7612.53,0.005512000061571598
7623.7300000000005,0.005344000179320574
7634.96,0.005200999788939953
7646.219999999999,0.005144000053405762
7657.51,0.005166000220924616
7668.84,0.005311999935656786
7680.2,0.005634999834001064
7691.59,0.006041999906301498
7703.02,0.006719999946653843
7714.49,0.007540000136941671
7725.98,0.008511999621987343
7737.5199999999995,0.00976100005209446
7749.08,0.011276000179350376
7760.679999999999,0.012916999869048595
7772.32,0.01472499966621399
7783.99,0.01670599915087223
7795.69,0.018851999193429947
7807.43,0.02113400027155876
7819.21,0.023553000763058662
7831.0199999999995,0.026257000863552094
7842.87,0.029315000399947166
7854.75,0.03277900069952011
7866.67,0.03668300062417984
7878.62,0.04112999886274338
7890.62,0.04619299992918968
7902.64,0.051867999136447906
7914.71,0.05791100114583969
7926.8099999999995,0.06406000256538391
7938.95,0.07014299929141998
7951.13,0.07575999945402145
7963.339999999999,0.08031699806451797
7975.59,0.0837709978222847
7987.879999999999,0.08633200079202652
8000.209999999999,0.0881040021777153
8012.570000000001,0.08919399976730347
8024.98,0.08985000103712082
8037.419999999999,0.09011299908161163
8049.899999999999,0.09021700173616409
8062.419999999999,0.09016600251197815
8074.9800000000005,0.09014900028705597
8087.57,0.09015499800443649
8100.210000000001,0.0902549996972084
8112.89,0.09022799879312515
8125.6,0.09019599854946136
8138.360000000001,0.09011299908161163
8151.160000000001,0.09003400057554245
8163.99,0.08999499678611755
8176.869999999999,0.09021700173616409
8189.79,0.09059199690818787
8202.75,0.09111099690198898
8215.75,0.09167499840259552
8228.79,0.09247300028800964
8241.87,0.09341900050640106
8254.99,0.0945110023021698
8268.16,0.09582799673080444
8281.37,0.09743300080299377
8294.62,0.09928900003433228
8307.91,0.10135100036859512
8321.24,0.10346200317144394
8334.619999999999,0.10568299889564514
8348.039999999999,0.10784900188446045
8361.51,0.11000099778175354
8375.019999999999,0.11178500205278397
8388.57,0.11335299909114838
8402.16,0.11461800336837769
8415.800000000001,0.11565099656581879
8429.49,0.1164809986948967
8443.22,0.11732500046491623
8456.99,0.11809399724006653
8470.81,0.11874400079250336
8484.67,0.11883900314569473
8498.58,0.11801700294017792
8512.539999999999,0.11591599881649017
8526.54,0.11297199875116348
8540.58,0.10977499932050705
8554.68,0.1067190021276474
8568.82,0.10375799983739853
8583.0,0.10107199847698212
8597.24,0.09854599833488464
8611.52,0.09618400037288666
8625.85,0.09399200230836868
8640.230000000001,0.09208100289106369
8654.65,0.09031400084495544
8669.119999999999,0.08870799839496613
8683.640000000001,0.08719100058078766
8698.21,0.08578000217676163
8712.83,0.08443699777126312
8727.5,0.0832189992070198
8742.22,0.082055002450943
8756.99,0.0808660015463829
8771.800000000001,0.07961100339889526
8786.67,0.07824999839067459
8801.589999999998,0.07680699974298477
8816.560000000001,0.0753059983253479
8831.58,0.07358899712562561
8846.65,0.07167299836874008
8861.77,0.06958399713039398
8876.939999999999,0.06739600002765656
8892.17,0.0648680031299591
8907.45,0.06209399923682213
8922.779999999999,0.05922099947929382
8938.16,0.05627899989485741
8953.6,0.05337800085544586
8969.09,0.050526998937129974
8984.640000000001,0.047825999557971954
9000.23,0.04552000015974045
9015.890000000001,0.04354799911379814
9031.59,0.04175899922847748
9047.359999999999,0.04022200033068657
9063.17,0.03886700049042702
9079.050000000001,0.03756900131702423
9094.97,0.03654000163078308
9110.960000000001,0.03565099835395813
9127.0,0.03485200181603432
9143.1,0.034196000546216965
9159.25,0.03365100175142288
9175.46,0.03306899964809418
9191.73,0.032540999352931976
9208.06,0.03201799839735031
9224.439999999999,0.03153400123119354
9240.880000000001,0.03112800046801567
9257.38,0.030758000910282135
9273.94,0.030338000506162643
9290.56,0.029922999441623688
9307.24,0.02955400012433529
9323.980000000001,0.029170000925660133
9340.78,0.02865700051188469
9357.64,0.028130000457167625
9374.57,0.02778499945998192
9391.550000000001,0.027434999123215675
9408.59,0.026883000507950783
9425.7,0.02631000056862831
9442.869999999999,0.02573299966752529
9460.1,0.02506900019943714
9477.4,0.024315999820828438
9494.75,0.023428000509738922
9512.17,0.022399000823497772
9529.66,0.021595999598503113
9547.21,0.02176699973642826
9564.83,0.0230880007147789
9582.5,0.024629000574350357
9600.25,0.025241000577807426
9618.06,0.02519799955189228
9635.94,0.024922000244259834
9653.88,0.024600999429821968
9671.89,0.024382999166846275
9689.970000000001,0.02437100000679493
9708.119999999999,0.024317000061273575
9726.33,0.0241519995033741
9744.619999999999,0.023982999846339226
9762.97,0.023792000487446785
9781.39,0.023724999278783798
9799.88,0.0237830001860857
9818.44,0.023812999948859215
9837.070000000002,0.023732999339699745
9855.77,0.023708000779151917
9874.539999999999,0.02366800047457218
9893.39,0.023585999384522438
9912.3,0.02352299913764
9931.29,0.023569000884890556
9950.36,0.02369000017642975
9969.49,0.023775000125169754
9988.699999999999,0.023823000490665436
10007.98,0.02383599989116192
10027.34,0.023886999115347862
10046.77,0.023948000743985176
10066.28,0.023964999243617058
10085.869999999999,0.023900000378489494
10105.53,0.023938000202178955
10125.26,0.023933999240398407
10145.08,0.023770999163389206
10164.970000000001,0.023567000404000282
10184.939999999999,0.023513000458478928
10204.99,0.02341499924659729
10225.12,0.023374000564217567
10245.33,0.023284999653697014
10265.61,0.023169999942183495
10285.98,0.023090999573469162
10306.43,0.023005999624729156
10326.96,0.022936999797821045
10347.57,0.022850999608635902
10368.27,0.022898999974131584
10389.05,0.02311599999666214
10409.91,0.023336000740528107
10430.859999999999,0.023446999490261078
10451.88,0.023713000118732452
10473.0,0.02416599914431572
10494.199999999999,0.02459299936890602
10515.49,0.024972999468445778
10536.86,0.025481000542640686
10558.32,0.026038000360131264
10579.869999999999,0.02676600031554699
10601.5,0.027685999870300293
10623.23,0.02873300015926361
10645.039999999999,0.030004000291228294
10666.94,0.03155900165438652
10688.94,0.03312100097537041
10711.02,0.0346979983150959
10733.2,0.036421000957489014
10755.470000000001,0.03818200156092644
10777.83,0.03990999981760979
10800.28,0.04159799963235855
10822.83,0.04309700056910515
10845.470000000001,0.04444599896669388
10868.21,0.045614998787641525
10891.04,0.04662799835205078
10913.970000000001,0.04754500091075897
10936.99,0.04836300015449524
10960.119999999999,0.049038998782634735
10983.34,0.04966900125145912
11006.66,0.050002001225948334
11030.07,0.05012299865484238
11053.59,0.050331000238657
11077.21,0.05039199814200401
11100.93,0.05033800005912781
11124.75,0.050294000655412674
11148.68,0.050071001052856445
11172.710000000001,0.049897998571395874
11196.84,0.04982699826359749
11221.07,0.04969299957156181
11245.41,0.04938200116157532
11269.859999999999,0.04912000149488449
11294.41,0.048719000071287155
11319.07,0.048315998166799545
11343.84,0.04792900010943413
11368.72,0.04736499860882759
11393.7,0.04672800004482269
11418.8,0.04616300016641617
11444.01,0.04554799944162369
11469.33,0.04479200020432472
11494.76,0.044068001210689545
11520.300000000001,0.0433650016784668
11545.96,0.042504001408815384
11571.730000000001,0.04159199818968773
11597.619999999999,0.04075400158762932
11623.62,0.040017999708652496
11649.74,0.03928599879145622
11675.98,0.03861600160598755
11702.34,0.037928998470306396
11728.81,0.03719700127840042
11755.41,0.036642998456954956
11782.130000000001,0.03618299961090088
11808.960000000001,0.03560100123286247
11835.92,0.03510800004005432
11863.009999999998,0.034692998975515366
11890.22,0.03438799828290939
11917.550000000001,0.0340920016169548
11945.01,0.03383399918675423
11972.6,0.03370700031518936
12000.310000000001,0.033764999359846115
12028.16,0.033705998212099075
12056.13,0.033587001264095306
12084.23,0.03339000046253204
12112.460000000001,0.03325299918651581
12140.83,0.03319999948143959
12169.33,0.033073000609874725
12197.960000000001,0.03288799896836281
12226.73,0.03263099864125252
12255.64,0.03233199939131737
12284.68,0.032099999487400055
12313.86,0.031821999698877335
12343.18,0.03164900094270706
12372.640000000001,0.03149599954485893
12402.240000000002,0.031216999515891075
12431.98,0.03097200021147728
12461.86,0.030747000128030777
12491.89,0.030549999326467514
12522.07,0.030469000339508057
12552.38,0.030327999964356422
12582.85,0.03015900030732155
12613.47,0.029983999207615852
12644.23,0.02980799973011017
12675.15,0.02956400066614151
12706.210000000001,0.029292000457644463
12737.43,0.02901799976825714
12768.81,0.02885100059211254
12800.33,0.028738999739289284
12832.02,0.028574999421834946
12863.86,0.02837900072336197
12895.86,0.028158999979496002
12928.02,0.02786399982869625
12960.34,0.027636000886559486
12992.82,0.027403000742197037
13025.460000000001,0.02713399939239025
13058.27,0.026859000325202942
13091.25,0.026506999507546425
13124.39,0.026184000074863434
13157.7,0.02596299909055233
13191.179999999998,0.02575399912893772
13224.83,0.02553500048816204
13258.660000000002,0.025418000295758247
13292.65,0.025265000760555267
13326.83,0.024945000186562538
13361.17,0.024474000558257103
13395.699999999999,0.024052999913692474
13430.400000000001,0.02381500042974949
13465.289999999999,0.023614000529050827
13500.349999999999,0.023274000734090805
13535.6,0.023017000406980515
13571.03,0.022703999653458595
13606.65,0.02232999913394451
13642.46,0.021934999153017998
13678.46,0.0215659998357296
13714.64,0.02131599932909012
13751.02,0.021177999675273895
13787.59,0.020860999822616577
13824.36,0.020424000918865204
13861.32,0.02011900022625923
13898.49,0.019863000139594078
13935.85,0.019454000517725945
13973.41,0.019021999090909958
14011.17,0.018650999292731285
14049.15,0.018303999677300453
14087.32,0.018053999170660973
14125.71,0.01795700006186962
14164.300000000001,0.01795000024139881
14203.11,0.01750900037586689
14242.13,0.01708799973130226
14281.359999999999,0.0169220007956028
14320.81,0.016676999628543854
14360.49,0.016248000785708427
14400.380000000001,0.015975000336766243
14440.49,0.015831999480724335
14480.82,0.01565999910235405
14521.39,0.01566700078547001
14562.18,0.015809999778866768
14603.199999999999,0.01663300022482872
14644.45,0.01835699938237667
14685.93,0.020899999886751175
14727.66,0.02395699918270111
14769.619999999999,0.026933999732136726
14811.81,0.02894500084221363
14854.25,0.02968199923634529
14896.94,0.02984599955379963
14939.87,0.029682999476790428
14983.050000000001,0.029371000826358795
15026.48,0.029293999075889587
15070.16,0.029565000906586647
15114.1,0.029895000159740448
15158.289999999999,0.03046399913728237
15202.74,0.03104499913752079
15247.460000000001,0.03152899816632271
15292.43,0.03200000151991844
15337.68,0.03288700059056282
15383.19,0.03375900164246559
15428.97,0.03519799932837486
15475.03,0.03784399852156639
15521.359999999999,0.041120998561382294
15567.970000000001,0.04391999915242195
15614.869999999999,0.04535499960184097
15662.039999999999,0.04549499973654747
15709.5,0.04508800059556961
15757.25,0.04459799826145172
15805.289999999999,0.044397998601198196
15853.619999999999,0.04415300115942955
15902.26,0.04376399889588356
15951.19,0.04349600151181221
16000.419999999998,0.04415600001811981
16049.949999999999,0.04671400040388107
16099.799999999997,0.051180001348257065
16149.95,0.05613800138235092
16200.420000000002,0.05956700071692467
16251.208999999999,0.06116500124335289
16302.311,0.061694998294115067
16353.741,0.06203800067305565
16405.491,0.06202099844813347
16457.569,0.06186800077557564
16509.979000000003,0.06185699999332428
16562.731,0.06178300082683563
16615.82,0.061739999800920486
16669.240999999998,0.06150899827480316
16723.021,0.06134999915957451
16777.14,0.06112699955701828
16831.61,0.06076199933886528
16886.431,0.060419000685214996
16941.62,0.060180000960826874
16997.16,0.05970099940896034
17053.08,0.05896500125527382
17109.36,0.05833100154995918
17166.01,0.05766899883747101
17223.04,0.05686099827289581
17280.451,0.05595200136303902
17338.239999999998,0.05497799813747406
17396.429,0.054427001625299454
17455.0,0.05385199934244156
17513.969,0.05282999947667122
17573.339,0.051913999021053314
17633.109999999997,0.051210999488830566
17693.290999999997,0.05020900070667267
17753.889,0.049063000828027725
17814.899,0.048266999423503876
17876.328999999998,0.047492001205682755
17938.181,0.04643400013446808
18000.468999999997,0.04542800039052963
18063.19,0.044286999851465225
18126.35,0.0431240014731884
18189.951,0.04217899963259697
18254.0,0.0414000004529953
18318.501,0.04071500152349472
18383.459,0.03988499939441681
18448.879,0.03873699903488159
18514.771,0.03818900138139725
18581.129,0.03762799873948097
18647.97,0.036956001073122025
18715.29,0.0363520011305809
18783.100000000002,0.035576000809669495
18851.4,0.034981999546289444
18920.2,0.03479599952697754
18989.51,0.03449400141835213
19059.32,0.034070998430252075
19129.65,0.03376999869942665
19200.5,0.03342999890446663
19271.878999999997,0.03307399898767471
19343.789999999997,0.03264399990439415
19416.240999999998,0.03220000118017197
19489.229000000003,0.031207000836730003
19562.771,0.03108000010251999
19636.880999999998,0.031235000118613243
19711.54,0.031044000759720802
19786.779,0.031036000698804855
19862.590999999997,0.03080100007355213
19938.98,0.030368000268936157
20015.961,0.03005100041627884
20093.55,0.03048199974000454
20171.73,0.030400000512599945
20250.530000000002,0.02957100048661232
20329.941000000003,0.029072999954223633
20409.981,0.028403999283909798
20490.649999999998,0.028145000338554382
20571.96,0.028219999745488167
20653.918999999998,0.027873000130057335
20736.54,0.027185000479221344
20819.82,0.0263420008122921
20903.77,0.02621999941766262
20988.399999999998,0.026172000914812088
21073.720999999998,0.02533400058746338
21159.731,0.024421000853180885
21246.46,0.024230999872088432
21333.891,0.023948999121785164
21422.041,0.02372400090098381
21510.929,0.02359900064766407
21600.559,0.023128999397158623
21690.941,0.02298000082373619
21782.08,0.022583000361919403
21873.989,0.02236899919807911
21966.668999999998,0.021947000175714493
22060.15,0.020809000357985497
22154.421,0.02035900019109249
22249.510000000002,0.020409999415278435
22345.409,0.020907999947667122
22442.141,0.020486000925302505
22539.721,0.019990000873804092
22638.14,0.01960200071334839
22737.431,0.02001900039613247
22837.601,0.02094399929046631
22938.649999999998,0.020918000489473343
23040.600000000002,0.021118000149726868
23143.459,0.021953999996185303
23247.24,0.022523999214172363
23351.959000000003,0.02230899967253208
23457.63,0.021776000037789345
23564.251,0.02201800048351288
23671.85,0.02233799919486046
23780.439000000002,0.022988000884652138
23890.02,0.024560000747442245
24000.629,0.0259380005300045
24112.261,0.026613999158143997
24224.93,0.026520999148488045
24338.659,0.02580299973487854
24453.47,0.02608500048518181
24569.361,0.027799999341368675
24686.359,0.02870599925518036
24804.469999999998,0.027487000450491905
24923.731,0.027535999193787575
25044.129999999997,0.02734600007534027
25165.71,0.02564300037920475
25288.46,0.026839999482035637
25412.43,0.0265749990940094
25537.609,0.02742999978363514
25664.04,0.02818400040268898
25791.719,0.029028000310063362
25920.679,0.030567999929189682
